Date,StockCode,Actual_Demand,Predicted_Demand,Model
2011-11-10,84077,245,144.0,Naive (Last Value)
2011-11-11,84077,250,144.0,Naive (Last Value)
2011-11-12,84077,0,144.0,Naive (Last Value)
2011-11-13,84077,144,144.0,Naive (Last Value)
2011-11-14,84077,340,144.0,Naive (Last Value)
2011-11-15,84077,101,144.0,Naive (Last Value)
2011-11-16,84077,293,144.0,Naive (Last Value)
2011-11-17,84077,192,144.0,Naive (Last Value)
2011-11-18,84077,148,144.0,Naive (Last Value)
2011-11-19,84077,0,144.0,Naive (Last Value)
2011-11-20,84077,96,144.0,Naive (Last Value)
2011-11-21,84077,348,144.0,Naive (Last Value)
2011-11-22,84077,97,144.0,Naive (Last Value)
2011-11-23,84077,257,144.0,Naive (Last Value)
2011-11-24,84077,19,144.0,Naive (Last Value)
2011-11-25,84077,98,144.0,Naive (Last Value)
2011-11-26,84077,0,144.0,Naive (Last Value)
2011-11-27,84077,96,144.0,Naive (Last Value)
2011-11-28,84077,58,144.0,Naive (Last Value)
2011-11-29,84077,96,144.0,Naive (Last Value)
2011-11-30,84077,241,144.0,Naive (Last Value)
2011-12-01,84077,198,144.0,Naive (Last Value)
2011-12-02,84077,96,144.0,Naive (Last Value)
2011-12-03,84077,0,144.0,Naive (Last Value)
2011-12-04,84077,0,144.0,Naive (Last Value)
2011-12-05,84077,205,144.0,Naive (Last Value)
2011-12-06,84077,243,144.0,Naive (Last Value)
2011-12-07,84077,240,144.0,Naive (Last Value)
2011-12-08,84077,336,144.0,Naive (Last Value)
2011-12-09,84077,49,144.0,Naive (Last Value)
2011-11-10,84077,245,164.57142857142858,Moving Average (7D)
2011-11-11,84077,250,164.57142857142858,Moving Average (7D)
2011-11-12,84077,0,164.57142857142858,Moving Average (7D)
2011-11-13,84077,144,164.57142857142858,Moving Average (7D)
2011-11-14,84077,340,164.57142857142858,Moving Average (7D)
2011-11-15,84077,101,164.57142857142858,Moving Average (7D)
2011-11-16,84077,293,164.57142857142858,Moving Average (7D)
2011-11-17,84077,192,164.57142857142858,Moving Average (7D)
2011-11-18,84077,148,164.57142857142858,Moving Average (7D)
2011-11-19,84077,0,164.57142857142858,Moving Average (7D)
2011-11-20,84077,96,164.57142857142858,Moving Average (7D)
2011-11-21,84077,348,164.57142857142858,Moving Average (7D)
2011-11-22,84077,97,164.57142857142858,Moving Average (7D)
2011-11-23,84077,257,164.57142857142858,Moving Average (7D)
2011-11-24,84077,19,164.57142857142858,Moving Average (7D)
2011-11-25,84077,98,164.57142857142858,Moving Average (7D)
2011-11-26,84077,0,164.57142857142858,Moving Average (7D)
2011-11-27,84077,96,164.57142857142858,Moving Average (7D)
2011-11-28,84077,58,164.57142857142858,Moving Average (7D)
2011-11-29,84077,96,164.57142857142858,Moving Average (7D)
2011-11-30,84077,241,164.57142857142858,Moving Average (7D)
2011-12-01,84077,198,164.57142857142858,Moving Average (7D)
2011-12-02,84077,96,164.57142857142858,Moving Average (7D)
2011-12-03,84077,0,164.57142857142858,Moving Average (7D)
2011-12-04,84077,0,164.57142857142858,Moving Average (7D)
2011-12-05,84077,205,164.57142857142858,Moving Average (7D)
2011-12-06,84077,243,164.57142857142858,Moving Average (7D)
2011-12-07,84077,240,164.57142857142858,Moving Average (7D)
2011-12-08,84077,336,164.57142857142858,Moving Average (7D)
2011-12-09,84077,49,164.57142857142858,Moving Average (7D)
2011-11-10,84077,245,457.0,Moving Average (14D)
2011-11-11,84077,250,457.0,Moving Average (14D)
2011-11-12,84077,0,457.0,Moving Average (14D)
2011-11-13,84077,144,457.0,Moving Average (14D)
2011-11-14,84077,340,457.0,Moving Average (14D)
2011-11-15,84077,101,457.0,Moving Average (14D)
2011-11-16,84077,293,457.0,Moving Average (14D)
2011-11-17,84077,192,457.0,Moving Average (14D)
2011-11-18,84077,148,457.0,Moving Average (14D)
2011-11-19,84077,0,457.0,Moving Average (14D)
2011-11-20,84077,96,457.0,Moving Average (14D)
2011-11-21,84077,348,457.0,Moving Average (14D)
2011-11-22,84077,97,457.0,Moving Average (14D)
2011-11-23,84077,257,457.0,Moving Average (14D)
2011-11-24,84077,19,457.0,Moving Average (14D)
2011-11-25,84077,98,457.0,Moving Average (14D)
2011-11-26,84077,0,457.0,Moving Average (14D)
2011-11-27,84077,96,457.0,Moving Average (14D)
2011-11-28,84077,58,457.0,Moving Average (14D)
2011-11-29,84077,96,457.0,Moving Average (14D)
2011-11-30,84077,241,457.0,Moving Average (14D)
2011-12-01,84077,198,457.0,Moving Average (14D)
2011-12-02,84077,96,457.0,Moving Average (14D)
2011-12-03,84077,0,457.0,Moving Average (14D)
2011-12-04,84077,0,457.0,Moving Average (14D)
2011-12-05,84077,205,457.0,Moving Average (14D)
2011-12-06,84077,243,457.0,Moving Average (14D)
2011-12-07,84077,240,457.0,Moving Average (14D)
2011-12-08,84077,336,457.0,Moving Average (14D)
2011-12-09,84077,49,457.0,Moving Average (14D)
2011-11-10,84077,245,289.0357142857143,Moving Average (28D)
2011-11-11,84077,250,289.0357142857143,Moving Average (28D)
2011-11-12,84077,0,289.0357142857143,Moving Average (28D)
2011-11-13,84077,144,289.0357142857143,Moving Average (28D)
2011-11-14,84077,340,289.0357142857143,Moving Average (28D)
2011-11-15,84077,101,289.0357142857143,Moving Average (28D)
2011-11-16,84077,293,289.0357142857143,Moving Average (28D)
2011-11-17,84077,192,289.0357142857143,Moving Average (28D)
2011-11-18,84077,148,289.0357142857143,Moving Average (28D)
2011-11-19,84077,0,289.0357142857143,Moving Average (28D)
2011-11-20,84077,96,289.0357142857143,Moving Average (28D)
2011-11-21,84077,348,289.0357142857143,Moving Average (28D)
2011-11-22,84077,97,289.0357142857143,Moving Average (28D)
2011-11-23,84077,257,289.0357142857143,Moving Average (28D)
2011-11-24,84077,19,289.0357142857143,Moving Average (28D)
2011-11-25,84077,98,289.0357142857143,Moving Average (28D)
2011-11-26,84077,0,289.0357142857143,Moving Average (28D)
2011-11-27,84077,96,289.0357142857143,Moving Average (28D)
2011-11-28,84077,58,289.0357142857143,Moving Average (28D)
2011-11-29,84077,96,289.0357142857143,Moving Average (28D)
2011-11-30,84077,241,289.0357142857143,Moving Average (28D)
2011-12-01,84077,198,289.0357142857143,Moving Average (28D)
2011-12-02,84077,96,289.0357142857143,Moving Average (28D)
2011-12-03,84077,0,289.0357142857143,Moving Average (28D)
2011-12-04,84077,0,289.0357142857143,Moving Average (28D)
2011-12-05,84077,205,289.0357142857143,Moving Average (28D)
2011-12-06,84077,243,289.0357142857143,Moving Average (28D)
2011-12-07,84077,240,289.0357142857143,Moving Average (28D)
2011-12-08,84077,336,289.0357142857143,Moving Average (28D)
2011-12-09,84077,49,289.0357142857143,Moving Average (28D)
2011-11-10,84077,245,633.4998468253847,LightGBM
2011-11-11,84077,250,359.95884399594604,LightGBM
2011-11-12,84077,0,152.52293446394467,LightGBM
2011-11-13,84077,144,249.82817881145456,LightGBM
2011-11-14,84077,340,340.16228467544937,LightGBM
2011-11-15,84077,101,639.1999116379774,LightGBM
2011-11-16,84077,293,551.1236563352041,LightGBM
2011-11-17,84077,192,556.6634168140606,LightGBM
2011-11-18,84077,148,493.806181315195,LightGBM
2011-11-19,84077,0,152.52293446394467,LightGBM
2011-11-20,84077,96,239.9574385522003,LightGBM
2011-11-21,84077,348,435.97588774113956,LightGBM
2011-11-22,84077,97,646.6095981120828,LightGBM
2011-11-23,84077,257,429.80061909234536,LightGBM
2011-11-24,84077,19,471.26903246805267,LightGBM
2011-11-25,84077,98,814.9932276326854,LightGBM
2011-11-26,84077,0,565.1366489216636,LightGBM
2011-11-27,84077,96,448.9067563705496,LightGBM
2011-11-28,84077,58,730.097850171963,LightGBM
2011-11-29,84077,96,898.9235440731861,LightGBM
2011-11-30,84077,241,720.0239434679944,LightGBM
2011-12-01,84077,198,745.7344034205706,LightGBM
2011-12-02,84077,96,551.9736205282547,LightGBM
2011-12-03,84077,0,300.21239043349266,LightGBM
2011-12-04,84077,0,402.55178402972564,LightGBM
2011-12-05,84077,205,738.9004490425896,LightGBM
2011-12-06,84077,243,742.5260774520772,LightGBM
2011-12-07,84077,240,794.4671641547103,LightGBM
2011-12-08,84077,336,853.8562930612878,LightGBM
2011-12-09,84077,49,633.3299884882308,LightGBM
2011-11-10,84077,245,479.52259715979903,Prophet
2011-11-11,84077,250,343.559827756528,Prophet
2011-11-12,84077,0,170.32589947997596,Prophet
2011-11-13,84077,144,229.5744973453024,Prophet
2011-11-14,84077,340,301.6960694714914,Prophet
2011-11-15,84077,101,326.948877197134,Prophet
2011-11-16,84077,293,280.8525108459448,Prophet
2011-11-17,84077,192,403.0776100074868,Prophet
2011-11-18,84077,148,265.2695619024425,Prophet
2011-11-19,84077,0,91.46529550645663,Prophet
2011-11-20,84077,96,151.38844530674407,Prophet
2011-11-21,84077,348,225.37111660603765,Prophet
2011-11-22,84077,97,253.58625464594024,Prophet
2011-11-23,84077,257,211.44315122498546,Prophet
2011-11-24,84077,19,338.4797839692487,Prophet
2011-11-25,84077,98,206.189701695619,Prophet
2011-11-26,84077,0,38.44249838371198,Prophet
2011-11-27,84077,96,104.78306124502447,Prophet
2011-11-28,84077,58,185.35772537469458,Prophet
2011-11-29,84077,96,220.1512292203827,Prophet
2011-11-30,84077,241,184.38689066300086,Prophet
2011-12-01,84077,198,317.42358200297247,Prophet
2011-12-02,84077,96,190.58710044748815,Prophet
2011-12-03,84077,0,27.594862809987617,Prophet
2011-12-04,84077,0,97.85900209463664,Prophet
2011-12-05,84077,205,181.41589943390989,Prophet
2011-12-06,84077,243,218.16595803418298,Prophet
2011-12-07,84077,240,183.27596506024025,Prophet
2011-12-08,84077,336,316.0775616247242,Prophet
2011-12-09,84077,49,187.8993766484441,Prophet
2011-11-10,85099B,1074,725.0,Naive (Last Value)
2011-11-11,85099B,48,725.0,Naive (Last Value)
2011-11-12,85099B,0,725.0,Naive (Last Value)
2011-11-13,85099B,47,725.0,Naive (Last Value)
2011-11-14,85099B,660,725.0,Naive (Last Value)
2011-11-15,85099B,380,725.0,Naive (Last Value)
2011-11-16,85099B,316,725.0,Naive (Last Value)
2011-11-17,85099B,97,725.0,Naive (Last Value)
2011-11-18,85099B,62,725.0,Naive (Last Value)
2011-11-19,85099B,0,725.0,Naive (Last Value)
2011-11-20,85099B,87,725.0,Naive (Last Value)
2011-11-21,85099B,147,725.0,Naive (Last Value)
2011-11-22,85099B,132,725.0,Naive (Last Value)
2011-11-23,85099B,146,725.0,Naive (Last Value)
2011-11-24,85099B,245,725.0,Naive (Last Value)
2011-11-25,85099B,55,725.0,Naive (Last Value)
2011-11-26,85099B,0,725.0,Naive (Last Value)
2011-11-27,85099B,28,725.0,Naive (Last Value)
2011-11-28,85099B,42,725.0,Naive (Last Value)
2011-11-29,85099B,165,725.0,Naive (Last Value)
2011-11-30,85099B,189,725.0,Naive (Last Value)
2011-12-01,85099B,149,725.0,Naive (Last Value)
2011-12-02,85099B,493,725.0,Naive (Last Value)
2011-12-03,85099B,0,725.0,Naive (Last Value)
2011-12-04,85099B,12,725.0,Naive (Last Value)
2011-12-05,85099B,66,725.0,Naive (Last Value)
2011-12-06,85099B,175,725.0,Naive (Last Value)
2011-12-07,85099B,89,725.0,Naive (Last Value)
2011-12-08,85099B,106,725.0,Naive (Last Value)
2011-12-09,85099B,15,725.0,Naive (Last Value)
2011-11-10,85099B,1074,237.14285714285714,Moving Average (7D)
2011-11-11,85099B,48,237.14285714285714,Moving Average (7D)
2011-11-12,85099B,0,237.14285714285714,Moving Average (7D)
2011-11-13,85099B,47,237.14285714285714,Moving Average (7D)
2011-11-14,85099B,660,237.14285714285714,Moving Average (7D)
2011-11-15,85099B,380,237.14285714285714,Moving Average (7D)
2011-11-16,85099B,316,237.14285714285714,Moving Average (7D)
2011-11-17,85099B,97,237.14285714285714,Moving Average (7D)
2011-11-18,85099B,62,237.14285714285714,Moving Average (7D)
2011-11-19,85099B,0,237.14285714285714,Moving Average (7D)
2011-11-20,85099B,87,237.14285714285714,Moving Average (7D)
2011-11-21,85099B,147,237.14285714285714,Moving Average (7D)
2011-11-22,85099B,132,237.14285714285714,Moving Average (7D)
2011-11-23,85099B,146,237.14285714285714,Moving Average (7D)
2011-11-24,85099B,245,237.14285714285714,Moving Average (7D)
2011-11-25,85099B,55,237.14285714285714,Moving Average (7D)
2011-11-26,85099B,0,237.14285714285714,Moving Average (7D)
2011-11-27,85099B,28,237.14285714285714,Moving Average (7D)
2011-11-28,85099B,42,237.14285714285714,Moving Average (7D)
2011-11-29,85099B,165,237.14285714285714,Moving Average (7D)
2011-11-30,85099B,189,237.14285714285714,Moving Average (7D)
2011-12-01,85099B,149,237.14285714285714,Moving Average (7D)
2011-12-02,85099B,493,237.14285714285714,Moving Average (7D)
2011-12-03,85099B,0,237.14285714285714,Moving Average (7D)
2011-12-04,85099B,12,237.14285714285714,Moving Average (7D)
2011-12-05,85099B,66,237.14285714285714,Moving Average (7D)
2011-12-06,85099B,175,237.14285714285714,Moving Average (7D)
2011-12-07,85099B,89,237.14285714285714,Moving Average (7D)
2011-12-08,85099B,106,237.14285714285714,Moving Average (7D)
2011-12-09,85099B,15,237.14285714285714,Moving Average (7D)
2011-11-10,85099B,1074,156.92857142857142,Moving Average (14D)
2011-11-11,85099B,48,156.92857142857142,Moving Average (14D)
2011-11-12,85099B,0,156.92857142857142,Moving Average (14D)
2011-11-13,85099B,47,156.92857142857142,Moving Average (14D)
2011-11-14,85099B,660,156.92857142857142,Moving Average (14D)
2011-11-15,85099B,380,156.92857142857142,Moving Average (14D)
2011-11-16,85099B,316,156.92857142857142,Moving Average (14D)
2011-11-17,85099B,97,156.92857142857142,Moving Average (14D)
2011-11-18,85099B,62,156.92857142857142,Moving Average (14D)
2011-11-19,85099B,0,156.92857142857142,Moving Average (14D)
2011-11-20,85099B,87,156.92857142857142,Moving Average (14D)
2011-11-21,85099B,147,156.92857142857142,Moving Average (14D)
2011-11-22,85099B,132,156.92857142857142,Moving Average (14D)
2011-11-23,85099B,146,156.92857142857142,Moving Average (14D)
2011-11-24,85099B,245,156.92857142857142,Moving Average (14D)
2011-11-25,85099B,55,156.92857142857142,Moving Average (14D)
2011-11-26,85099B,0,156.92857142857142,Moving Average (14D)
2011-11-27,85099B,28,156.92857142857142,Moving Average (14D)
2011-11-28,85099B,42,156.92857142857142,Moving Average (14D)
2011-11-29,85099B,165,156.92857142857142,Moving Average (14D)
2011-11-30,85099B,189,156.92857142857142,Moving Average (14D)
2011-12-01,85099B,149,156.92857142857142,Moving Average (14D)
2011-12-02,85099B,493,156.92857142857142,Moving Average (14D)
2011-12-03,85099B,0,156.92857142857142,Moving Average (14D)
2011-12-04,85099B,12,156.92857142857142,Moving Average (14D)
2011-12-05,85099B,66,156.92857142857142,Moving Average (14D)
2011-12-06,85099B,175,156.92857142857142,Moving Average (14D)
2011-12-07,85099B,89,156.92857142857142,Moving Average (14D)
2011-12-08,85099B,106,156.92857142857142,Moving Average (14D)
2011-12-09,85099B,15,156.92857142857142,Moving Average (14D)
2011-11-10,85099B,1074,149.17857142857142,Moving Average (28D)
2011-11-11,85099B,48,149.17857142857142,Moving Average (28D)
2011-11-12,85099B,0,149.17857142857142,Moving Average (28D)
2011-11-13,85099B,47,149.17857142857142,Moving Average (28D)
2011-11-14,85099B,660,149.17857142857142,Moving Average (28D)
2011-11-15,85099B,380,149.17857142857142,Moving Average (28D)
2011-11-16,85099B,316,149.17857142857142,Moving Average (28D)
2011-11-17,85099B,97,149.17857142857142,Moving Average (28D)
2011-11-18,85099B,62,149.17857142857142,Moving Average (28D)
2011-11-19,85099B,0,149.17857142857142,Moving Average (28D)
2011-11-20,85099B,87,149.17857142857142,Moving Average (28D)
2011-11-21,85099B,147,149.17857142857142,Moving Average (28D)
2011-11-22,85099B,132,149.17857142857142,Moving Average (28D)
2011-11-23,85099B,146,149.17857142857142,Moving Average (28D)
2011-11-24,85099B,245,149.17857142857142,Moving Average (28D)
2011-11-25,85099B,55,149.17857142857142,Moving Average (28D)
2011-11-26,85099B,0,149.17857142857142,Moving Average (28D)
2011-11-27,85099B,28,149.17857142857142,Moving Average (28D)
2011-11-28,85099B,42,149.17857142857142,Moving Average (28D)
2011-11-29,85099B,165,149.17857142857142,Moving Average (28D)
2011-11-30,85099B,189,149.17857142857142,Moving Average (28D)
2011-12-01,85099B,149,149.17857142857142,Moving Average (28D)
2011-12-02,85099B,493,149.17857142857142,Moving Average (28D)
2011-12-03,85099B,0,149.17857142857142,Moving Average (28D)
2011-12-04,85099B,12,149.17857142857142,Moving Average (28D)
2011-12-05,85099B,66,149.17857142857142,Moving Average (28D)
2011-12-06,85099B,175,149.17857142857142,Moving Average (28D)
2011-12-07,85099B,89,149.17857142857142,Moving Average (28D)
2011-12-08,85099B,106,149.17857142857142,Moving Average (28D)
2011-12-09,85099B,15,149.17857142857142,Moving Average (28D)
2011-11-10,85099B,1074,214.56983178478848,LightGBM
2011-11-11,85099B,48,174.25649898764897,LightGBM
2011-11-12,85099B,0,10.158780867757258,LightGBM
2011-11-13,85099B,47,65.81609469867423,LightGBM
2011-11-14,85099B,660,155.22757124679774,LightGBM
2011-11-15,85099B,380,363.31673537410404,LightGBM
2011-11-16,85099B,316,404.4420955181162,LightGBM
2011-11-17,85099B,97,392.8441014264225,LightGBM
2011-11-18,85099B,62,148.73305168445495,LightGBM
2011-11-19,85099B,0,16.7685610409304,LightGBM
2011-11-20,85099B,87,60.17808458548111,LightGBM
2011-11-21,85099B,147,177.3744105926753,LightGBM
2011-11-22,85099B,132,267.79154164672536,LightGBM
2011-11-23,85099B,146,264.51322492275017,LightGBM
2011-11-24,85099B,245,256.27525530435025,LightGBM
2011-11-25,85099B,55,188.62432162586833,LightGBM
2011-11-26,85099B,0,39.43198383260999,LightGBM
2011-11-27,85099B,28,99.17663292729259,LightGBM
2011-11-28,85099B,42,275.82936393379333,LightGBM
2011-11-29,85099B,165,626.1841611797,LightGBM
2011-11-30,85099B,189,309.52445089685244,LightGBM
2011-12-01,85099B,149,310.9128029130382,LightGBM
2011-12-02,85099B,493,181.99604417094383,LightGBM
2011-12-03,85099B,0,37.2064038022534,LightGBM
2011-12-04,85099B,12,55.49165810382362,LightGBM
2011-12-05,85099B,66,274.42912074679856,LightGBM
2011-12-06,85099B,175,223.04360948526386,LightGBM
2011-12-07,85099B,89,217.65034825029315,LightGBM
2011-12-08,85099B,106,214.89645379401708,LightGBM
2011-12-09,85099B,15,165.3056860626432,LightGBM
2011-11-10,85099B,1074,263.9520828014225,Prophet
2011-11-11,85099B,48,219.93962365707267,Prophet
2011-11-12,85099B,0,81.26636853184127,Prophet
2011-11-13,85099B,47,144.63289796034425,Prophet
2011-11-14,85099B,660,257.3386422964448,Prophet
2011-11-15,85099B,380,294.9881461598441,Prophet
2011-11-16,85099B,316,277.96587510074596,Prophet
2011-11-17,85099B,97,315.2144451801104,Prophet
2011-11-18,85099B,62,267.0225221426326,Prophet
2011-11-19,85099B,0,123.49942788773497,Prophet
2011-11-20,85099B,87,181.41515822925243,Prophet
2011-11-21,85099B,147,288.1458084075064,Prophet
2011-11-22,85099B,132,319.37856901037674,Prophet
2011-11-23,85099B,146,295.58522211957177,Prophet
2011-11-24,85099B,245,325.79904037080416,Prophet
2011-11-25,85099B,55,270.40135632138765,Prophet
2011-11-26,85099B,0,119.59485898209587,Prophet
2011-11-27,85099B,28,170.2423388515653,Prophet
2011-11-28,85099B,42,269.8108933145438,Prophet
2011-11-29,85099B,165,294.0757683996869,Prophet
2011-11-30,85099B,189,263.5927780157822,Prophet
2011-12-01,85099B,149,287.4742126283338,Prophet
2011-12-02,85099B,493,226.17451214236348,Prophet
2011-12-03,85099B,0,69.96276545140991,Prophet
2011-12-04,85099B,12,115.76076200574778,Prophet
2011-12-05,85099B,66,211.08660987910037,Prophet
2011-12-06,85099B,175,231.75809778071948,Prophet
2011-12-07,85099B,89,198.36474259277566,Prophet
2011-12-08,85099B,106,220.04343409264823,Prophet
2011-12-09,85099B,15,157.26395071441974,Prophet
2011-11-10,21212,78,4.0,Naive (Last Value)
2011-11-11,21212,50,4.0,Naive (Last Value)
2011-11-12,21212,0,4.0,Naive (Last Value)
2011-11-13,21212,87,4.0,Naive (Last Value)
2011-11-14,21212,164,4.0,Naive (Last Value)
2011-11-15,21212,62,4.0,Naive (Last Value)
2011-11-16,21212,88,4.0,Naive (Last Value)
2011-11-17,21212,84,4.0,Naive (Last Value)
2011-11-18,21212,109,4.0,Naive (Last Value)
2011-11-19,21212,0,4.0,Naive (Last Value)
2011-11-20,21212,81,4.0,Naive (Last Value)
2011-11-21,21212,100,4.0,Naive (Last Value)
2011-11-22,21212,99,4.0,Naive (Last Value)
2011-11-23,21212,81,4.0,Naive (Last Value)
2011-11-24,21212,1,4.0,Naive (Last Value)
2011-11-25,21212,45,4.0,Naive (Last Value)
2011-11-26,21212,0,4.0,Naive (Last Value)
2011-11-27,21212,15,4.0,Naive (Last Value)
2011-11-28,21212,60,4.0,Naive (Last Value)
2011-11-29,21212,52,4.0,Naive (Last Value)
2011-11-30,21212,241,4.0,Naive (Last Value)
2011-12-01,21212,29,4.0,Naive (Last Value)
2011-12-02,21212,116,4.0,Naive (Last Value)
2011-12-03,21212,0,4.0,Naive (Last Value)
2011-12-04,21212,48,4.0,Naive (Last Value)
2011-12-05,21212,42,4.0,Naive (Last Value)
2011-12-06,21212,90,4.0,Naive (Last Value)
2011-12-07,21212,74,4.0,Naive (Last Value)
2011-12-08,21212,51,4.0,Naive (Last Value)
2011-12-09,21212,9,4.0,Naive (Last Value)
2011-11-10,21212,78,125.28571428571429,Moving Average (7D)
2011-11-11,21212,50,125.28571428571429,Moving Average (7D)
2011-11-12,21212,0,125.28571428571429,Moving Average (7D)
2011-11-13,21212,87,125.28571428571429,Moving Average (7D)
2011-11-14,21212,164,125.28571428571429,Moving Average (7D)
2011-11-15,21212,62,125.28571428571429,Moving Average (7D)
2011-11-16,21212,88,125.28571428571429,Moving Average (7D)
2011-11-17,21212,84,125.28571428571429,Moving Average (7D)
2011-11-18,21212,109,125.28571428571429,Moving Average (7D)
2011-11-19,21212,0,125.28571428571429,Moving Average (7D)
2011-11-20,21212,81,125.28571428571429,Moving Average (7D)
2011-11-21,21212,100,125.28571428571429,Moving Average (7D)
2011-11-22,21212,99,125.28571428571429,Moving Average (7D)
2011-11-23,21212,81,125.28571428571429,Moving Average (7D)
2011-11-24,21212,1,125.28571428571429,Moving Average (7D)
2011-11-25,21212,45,125.28571428571429,Moving Average (7D)
2011-11-26,21212,0,125.28571428571429,Moving Average (7D)
2011-11-27,21212,15,125.28571428571429,Moving Average (7D)
2011-11-28,21212,60,125.28571428571429,Moving Average (7D)
2011-11-29,21212,52,125.28571428571429,Moving Average (7D)
2011-11-30,21212,241,125.28571428571429,Moving Average (7D)
2011-12-01,21212,29,125.28571428571429,Moving Average (7D)
2011-12-02,21212,116,125.28571428571429,Moving Average (7D)
2011-12-03,21212,0,125.28571428571429,Moving Average (7D)
2011-12-04,21212,48,125.28571428571429,Moving Average (7D)
2011-12-05,21212,42,125.28571428571429,Moving Average (7D)
2011-12-06,21212,90,125.28571428571429,Moving Average (7D)
2011-12-07,21212,74,125.28571428571429,Moving Average (7D)
2011-12-08,21212,51,125.28571428571429,Moving Average (7D)
2011-12-09,21212,9,125.28571428571429,Moving Average (7D)
2011-11-10,21212,78,112.42857142857143,Moving Average (14D)
2011-11-11,21212,50,112.42857142857143,Moving Average (14D)
2011-11-12,21212,0,112.42857142857143,Moving Average (14D)
2011-11-13,21212,87,112.42857142857143,Moving Average (14D)
2011-11-14,21212,164,112.42857142857143,Moving Average (14D)
2011-11-15,21212,62,112.42857142857143,Moving Average (14D)
2011-11-16,21212,88,112.42857142857143,Moving Average (14D)
2011-11-17,21212,84,112.42857142857143,Moving Average (14D)
2011-11-18,21212,109,112.42857142857143,Moving Average (14D)
2011-11-19,21212,0,112.42857142857143,Moving Average (14D)
2011-11-20,21212,81,112.42857142857143,Moving Average (14D)
2011-11-21,21212,100,112.42857142857143,Moving Average (14D)
2011-11-22,21212,99,112.42857142857143,Moving Average (14D)
2011-11-23,21212,81,112.42857142857143,Moving Average (14D)
2011-11-24,21212,1,112.42857142857143,Moving Average (14D)
2011-11-25,21212,45,112.42857142857143,Moving Average (14D)
2011-11-26,21212,0,112.42857142857143,Moving Average (14D)
2011-11-27,21212,15,112.42857142857143,Moving Average (14D)
2011-11-28,21212,60,112.42857142857143,Moving Average (14D)
2011-11-29,21212,52,112.42857142857143,Moving Average (14D)
2011-11-30,21212,241,112.42857142857143,Moving Average (14D)
2011-12-01,21212,29,112.42857142857143,Moving Average (14D)
2011-12-02,21212,116,112.42857142857143,Moving Average (14D)
2011-12-03,21212,0,112.42857142857143,Moving Average (14D)
2011-12-04,21212,48,112.42857142857143,Moving Average (14D)
2011-12-05,21212,42,112.42857142857143,Moving Average (14D)
2011-12-06,21212,90,112.42857142857143,Moving Average (14D)
2011-12-07,21212,74,112.42857142857143,Moving Average (14D)
2011-12-08,21212,51,112.42857142857143,Moving Average (14D)
2011-12-09,21212,9,112.42857142857143,Moving Average (14D)
2011-11-10,21212,78,87.5,Moving Average (28D)
2011-11-11,21212,50,87.5,Moving Average (28D)
2011-11-12,21212,0,87.5,Moving Average (28D)
2011-11-13,21212,87,87.5,Moving Average (28D)
2011-11-14,21212,164,87.5,Moving Average (28D)
2011-11-15,21212,62,87.5,Moving Average (28D)
2011-11-16,21212,88,87.5,Moving Average (28D)
2011-11-17,21212,84,87.5,Moving Average (28D)
2011-11-18,21212,109,87.5,Moving Average (28D)
2011-11-19,21212,0,87.5,Moving Average (28D)
2011-11-20,21212,81,87.5,Moving Average (28D)
2011-11-21,21212,100,87.5,Moving Average (28D)
2011-11-22,21212,99,87.5,Moving Average (28D)
2011-11-23,21212,81,87.5,Moving Average (28D)
2011-11-24,21212,1,87.5,Moving Average (28D)
2011-11-25,21212,45,87.5,Moving Average (28D)
2011-11-26,21212,0,87.5,Moving Average (28D)
2011-11-27,21212,15,87.5,Moving Average (28D)
2011-11-28,21212,60,87.5,Moving Average (28D)
2011-11-29,21212,52,87.5,Moving Average (28D)
2011-11-30,21212,241,87.5,Moving Average (28D)
2011-12-01,21212,29,87.5,Moving Average (28D)
2011-12-02,21212,116,87.5,Moving Average (28D)
2011-12-03,21212,0,87.5,Moving Average (28D)
2011-12-04,21212,48,87.5,Moving Average (28D)
2011-12-05,21212,42,87.5,Moving Average (28D)
2011-12-06,21212,90,87.5,Moving Average (28D)
2011-12-07,21212,74,87.5,Moving Average (28D)
2011-12-08,21212,51,87.5,Moving Average (28D)
2011-12-09,21212,9,87.5,Moving Average (28D)
2011-11-10,21212,78,95.49406800416182,LightGBM
2011-11-11,21212,50,57.00488510185466,LightGBM
2011-11-12,21212,0,12.569599547558866,LightGBM
2011-11-13,21212,87,62.44108932867611,LightGBM
2011-11-14,21212,164,70.99040906371485,LightGBM
2011-11-15,21212,62,64.489785624669,LightGBM
2011-11-16,21212,88,262.7968142168373,LightGBM
2011-11-17,21212,84,143.98607309702942,LightGBM
2011-11-18,21212,109,315.52598730101977,LightGBM
2011-11-19,21212,0,26.89452516946788,LightGBM
2011-11-20,21212,81,137.65720982096704,LightGBM
2011-11-21,21212,100,115.57393159038979,LightGBM
2011-11-22,21212,99,133.906936350552,LightGBM
2011-11-23,21212,81,128.7474113817755,LightGBM
2011-11-24,21212,1,138.17758568913462,LightGBM
2011-11-25,21212,45,117.9199339539088,LightGBM
2011-11-26,21212,0,38.41797718606449,LightGBM
2011-11-27,21212,15,119.16826673466143,LightGBM
2011-11-28,21212,60,116.75536751044159,LightGBM
2011-11-29,21212,52,153.2607247764221,LightGBM
2011-11-30,21212,241,140.0815005396318,LightGBM
2011-12-01,21212,29,137.93512798564035,LightGBM
2011-12-02,21212,116,100.32063399321363,LightGBM
2011-12-03,21212,0,60.373290319604585,LightGBM
2011-12-04,21212,48,96.28429637177258,LightGBM
2011-12-05,21212,42,137.77049950095275,LightGBM
2011-12-06,21212,90,193.6577210821999,LightGBM
2011-12-07,21212,74,457.9851003116277,LightGBM
2011-12-08,21212,51,171.98053935914837,LightGBM
2011-12-09,21212,9,256.65464778381926,LightGBM
2011-11-10,21212,78,145.23720401861567,Prophet
2011-11-11,21212,50,109.03299671829949,Prophet
2011-11-12,21212,0,0.0,Prophet
2011-11-13,21212,87,65.60108039356993,Prophet
2011-11-14,21212,164,119.69554808674712,Prophet
2011-11-15,21212,62,171.2970431848458,Prophet
2011-11-16,21212,88,166.1605932245055,Prophet
2011-11-17,21212,84,157.98660962112262,Prophet
2011-11-18,21212,109,122.44589324562472,Prophet
2011-11-19,21212,0,0.0,Prophet
2011-11-20,21212,81,80.71264359996673,Prophet
2011-11-21,21212,100,135.78402188962244,Prophet
2011-11-22,21212,99,188.39099075261268,Prophet
2011-11-23,21212,81,184.23464640181757,Prophet
2011-11-24,21212,1,176.9540752951916,Prophet
2011-11-25,21212,45,142.1532885574686,Prophet
2011-11-26,21212,0,7.856408263155686,Prophet
2011-11-27,21212,15,101.15832105015575,Prophet
2011-11-28,21212,60,156.08780446065572,Prophet
2011-11-29,21212,52,208.12398803291956,Prophet
2011-11-30,21212,241,202.90961504947603,Prophet
2011-12-01,21212,29,194.0345928055906,Prophet
2011-12-02,21212,116,157.06516680605608,Prophet
2011-12-03,21212,0,20.00108388845775,Prophet
2011-12-04,21212,48,109.92789203668397,Prophet
2011-12-05,21212,42,160.88132317586604,Prophet
2011-12-06,21212,90,208.36457232420446,Prophet
2011-12-07,21212,74,198.06190236248926,Prophet
2011-12-08,21212,51,183.62203890471076,Prophet
2011-12-09,21212,9,140.686681390331,Prophet
2011-11-10,85123A,71,113.0,Naive (Last Value)
2011-11-11,85123A,134,113.0,Naive (Last Value)
2011-11-12,85123A,0,113.0,Naive (Last Value)
2011-11-13,85123A,67,113.0,Naive (Last Value)
2011-11-14,85123A,380,113.0,Naive (Last Value)
2011-11-15,85123A,457,113.0,Naive (Last Value)
2011-11-16,85123A,160,113.0,Naive (Last Value)
2011-11-17,85123A,102,113.0,Naive (Last Value)
2011-11-18,85123A,125,113.0,Naive (Last Value)
2011-11-19,85123A,0,113.0,Naive (Last Value)
2011-11-20,85123A,102,113.0,Naive (Last Value)
2011-11-21,85123A,36,113.0,Naive (Last Value)
2011-11-22,85123A,253,113.0,Naive (Last Value)
2011-11-23,85123A,250,113.0,Naive (Last Value)
2011-11-24,85123A,131,113.0,Naive (Last Value)
2011-11-25,85123A,225,113.0,Naive (Last Value)
2011-11-26,85123A,0,113.0,Naive (Last Value)
2011-11-27,85123A,8,113.0,Naive (Last Value)
2011-11-28,85123A,133,113.0,Naive (Last Value)
2011-11-29,85123A,116,113.0,Naive (Last Value)
2011-11-30,85123A,315,113.0,Naive (Last Value)
2011-12-01,85123A,41,113.0,Naive (Last Value)
2011-12-02,85123A,117,113.0,Naive (Last Value)
2011-12-03,85123A,0,113.0,Naive (Last Value)
2011-12-04,85123A,8,113.0,Naive (Last Value)
2011-12-05,85123A,313,113.0,Naive (Last Value)
2011-12-06,85123A,39,113.0,Naive (Last Value)
2011-12-07,85123A,202,113.0,Naive (Last Value)
2011-12-08,85123A,115,113.0,Naive (Last Value)
2011-12-09,85123A,4,113.0,Naive (Last Value)
2011-11-10,85123A,71,251.14285714285714,Moving Average (7D)
2011-11-11,85123A,134,251.14285714285714,Moving Average (7D)
2011-11-12,85123A,0,251.14285714285714,Moving Average (7D)
2011-11-13,85123A,67,251.14285714285714,Moving Average (7D)
2011-11-14,85123A,380,251.14285714285714,Moving Average (7D)
2011-11-15,85123A,457,251.14285714285714,Moving Average (7D)
2011-11-16,85123A,160,251.14285714285714,Moving Average (7D)
2011-11-17,85123A,102,251.14285714285714,Moving Average (7D)
2011-11-18,85123A,125,251.14285714285714,Moving Average (7D)
2011-11-19,85123A,0,251.14285714285714,Moving Average (7D)
2011-11-20,85123A,102,251.14285714285714,Moving Average (7D)
2011-11-21,85123A,36,251.14285714285714,Moving Average (7D)
2011-11-22,85123A,253,251.14285714285714,Moving Average (7D)
2011-11-23,85123A,250,251.14285714285714,Moving Average (7D)
2011-11-24,85123A,131,251.14285714285714,Moving Average (7D)
2011-11-25,85123A,225,251.14285714285714,Moving Average (7D)
2011-11-26,85123A,0,251.14285714285714,Moving Average (7D)
2011-11-27,85123A,8,251.14285714285714,Moving Average (7D)
2011-11-28,85123A,133,251.14285714285714,Moving Average (7D)
2011-11-29,85123A,116,251.14285714285714,Moving Average (7D)
2011-11-30,85123A,315,251.14285714285714,Moving Average (7D)
2011-12-01,85123A,41,251.14285714285714,Moving Average (7D)
2011-12-02,85123A,117,251.14285714285714,Moving Average (7D)
2011-12-03,85123A,0,251.14285714285714,Moving Average (7D)
2011-12-04,85123A,8,251.14285714285714,Moving Average (7D)
2011-12-05,85123A,313,251.14285714285714,Moving Average (7D)
2011-12-06,85123A,39,251.14285714285714,Moving Average (7D)
2011-12-07,85123A,202,251.14285714285714,Moving Average (7D)
2011-12-08,85123A,115,251.14285714285714,Moving Average (7D)
2011-12-09,85123A,4,251.14285714285714,Moving Average (7D)
2011-11-10,85123A,71,168.71428571428572,Moving Average (14D)
2011-11-11,85123A,134,168.71428571428572,Moving Average (14D)
2011-11-12,85123A,0,168.71428571428572,Moving Average (14D)
2011-11-13,85123A,67,168.71428571428572,Moving Average (14D)
2011-11-14,85123A,380,168.71428571428572,Moving Average (14D)
2011-11-15,85123A,457,168.71428571428572,Moving Average (14D)
2011-11-16,85123A,160,168.71428571428572,Moving Average (14D)
2011-11-17,85123A,102,168.71428571428572,Moving Average (14D)
2011-11-18,85123A,125,168.71428571428572,Moving Average (14D)
2011-11-19,85123A,0,168.71428571428572,Moving Average (14D)
2011-11-20,85123A,102,168.71428571428572,Moving Average (14D)
2011-11-21,85123A,36,168.71428571428572,Moving Average (14D)
2011-11-22,85123A,253,168.71428571428572,Moving Average (14D)
2011-11-23,85123A,250,168.71428571428572,Moving Average (14D)
2011-11-24,85123A,131,168.71428571428572,Moving Average (14D)
2011-11-25,85123A,225,168.71428571428572,Moving Average (14D)
2011-11-26,85123A,0,168.71428571428572,Moving Average (14D)
2011-11-27,85123A,8,168.71428571428572,Moving Average (14D)
2011-11-28,85123A,133,168.71428571428572,Moving Average (14D)
2011-11-29,85123A,116,168.71428571428572,Moving Average (14D)
2011-11-30,85123A,315,168.71428571428572,Moving Average (14D)
2011-12-01,85123A,41,168.71428571428572,Moving Average (14D)
2011-12-02,85123A,117,168.71428571428572,Moving Average (14D)
2011-12-03,85123A,0,168.71428571428572,Moving Average (14D)
2011-12-04,85123A,8,168.71428571428572,Moving Average (14D)
2011-12-05,85123A,313,168.71428571428572,Moving Average (14D)
2011-12-06,85123A,39,168.71428571428572,Moving Average (14D)
2011-12-07,85123A,202,168.71428571428572,Moving Average (14D)
2011-12-08,85123A,115,168.71428571428572,Moving Average (14D)
2011-12-09,85123A,4,168.71428571428572,Moving Average (14D)
2011-11-10,85123A,71,114.03571428571429,Moving Average (28D)
2011-11-11,85123A,134,114.03571428571429,Moving Average (28D)
2011-11-12,85123A,0,114.03571428571429,Moving Average (28D)
2011-11-13,85123A,67,114.03571428571429,Moving Average (28D)
2011-11-14,85123A,380,114.03571428571429,Moving Average (28D)
2011-11-15,85123A,457,114.03571428571429,Moving Average (28D)
2011-11-16,85123A,160,114.03571428571429,Moving Average (28D)
2011-11-17,85123A,102,114.03571428571429,Moving Average (28D)
2011-11-18,85123A,125,114.03571428571429,Moving Average (28D)
2011-11-19,85123A,0,114.03571428571429,Moving Average (28D)
2011-11-20,85123A,102,114.03571428571429,Moving Average (28D)
2011-11-21,85123A,36,114.03571428571429,Moving Average (28D)
2011-11-22,85123A,253,114.03571428571429,Moving Average (28D)
2011-11-23,85123A,250,114.03571428571429,Moving Average (28D)
2011-11-24,85123A,131,114.03571428571429,Moving Average (28D)
2011-11-25,85123A,225,114.03571428571429,Moving Average (28D)
2011-11-26,85123A,0,114.03571428571429,Moving Average (28D)
2011-11-27,85123A,8,114.03571428571429,Moving Average (28D)
2011-11-28,85123A,133,114.03571428571429,Moving Average (28D)
2011-11-29,85123A,116,114.03571428571429,Moving Average (28D)
2011-11-30,85123A,315,114.03571428571429,Moving Average (28D)
2011-12-01,85123A,41,114.03571428571429,Moving Average (28D)
2011-12-02,85123A,117,114.03571428571429,Moving Average (28D)
2011-12-03,85123A,0,114.03571428571429,Moving Average (28D)
2011-12-04,85123A,8,114.03571428571429,Moving Average (28D)
2011-12-05,85123A,313,114.03571428571429,Moving Average (28D)
2011-12-06,85123A,39,114.03571428571429,Moving Average (28D)
2011-12-07,85123A,202,114.03571428571429,Moving Average (28D)
2011-12-08,85123A,115,114.03571428571429,Moving Average (28D)
2011-12-09,85123A,4,114.03571428571429,Moving Average (28D)
2011-11-10,85123A,71,161.0850515550797,LightGBM
2011-11-11,85123A,134,111.38220676075251,LightGBM
2011-11-12,85123A,0,0.0,LightGBM
2011-11-13,85123A,67,125.80836144684159,LightGBM
2011-11-14,85123A,380,143.52733222409822,LightGBM
2011-11-15,85123A,457,129.885157789661,LightGBM
2011-11-16,85123A,160,172.11656816464654,LightGBM
2011-11-17,85123A,102,194.61458406569162,LightGBM
2011-11-18,85123A,125,236.29137193390807,LightGBM
2011-11-19,85123A,0,1.0828534261537888,LightGBM
2011-11-20,85123A,102,153.6456795571745,LightGBM
2011-11-21,85123A,36,327.22238217379305,LightGBM
2011-11-22,85123A,253,320.4293193759941,LightGBM
2011-11-23,85123A,250,375.23416187440904,LightGBM
2011-11-24,85123A,131,485.211831248368,LightGBM
2011-11-25,85123A,225,239.15965014452084,LightGBM
2011-11-26,85123A,0,18.477212431228295,LightGBM
2011-11-27,85123A,8,162.6996549118755,LightGBM
2011-11-28,85123A,133,330.4838562432552,LightGBM
2011-11-29,85123A,116,358.99631010357325,LightGBM
2011-11-30,85123A,315,377.28045054011153,LightGBM
2011-12-01,85123A,41,364.95338597682917,LightGBM
2011-12-02,85123A,117,217.3354738239497,LightGBM
2011-12-03,85123A,0,18.369068727578444,LightGBM
2011-12-04,85123A,8,144.66820560217485,LightGBM
2011-12-05,85123A,313,294.9414876093306,LightGBM
2011-12-06,85123A,39,361.86619929322933,LightGBM
2011-12-07,85123A,202,335.28234251961055,LightGBM
2011-12-08,85123A,115,336.60079545093384,LightGBM
2011-12-09,85123A,4,308.67656023526695,LightGBM
2011-11-10,85123A,71,198.9136014167149,Prophet
2011-11-11,85123A,134,115.76460998857141,Prophet
2011-11-12,85123A,0,4.524947318209215,Prophet
2011-11-13,85123A,67,105.4446045783676,Prophet
2011-11-14,85123A,380,166.60985356359612,Prophet
2011-11-15,85123A,457,211.31835974113534,Prophet
2011-11-16,85123A,160,157.36036688761058,Prophet
2011-11-17,85123A,102,218.3074867349193,Prophet
2011-11-18,85123A,125,141.8411241604621,Prophet
2011-11-19,85123A,0,37.30247638307761,Prophet
2011-11-20,85123A,102,144.71037521798115,Prophet
2011-11-21,85123A,36,211.91771311108644,Prophet
2011-11-22,85123A,253,261.993269636804,Prophet
2011-11-23,85123A,250,212.5096035895442,Prophet
2011-11-24,85123A,131,276.83835463865546,Prophet
2011-11-25,85123A,225,202.48479916349748,Prophet
2011-11-26,85123A,0,98.64342161559156,Prophet
2011-11-27,85123A,8,205.22060720860594,Prophet
2011-11-28,85123A,133,269.9950519705079,Prophet
2011-11-29,85123A,116,316.00258489976545,Prophet
2011-11-30,85123A,315,260.8259717738031,Prophet
2011-12-01,85123A,41,317.8909781947394,Prophet
2011-12-02,85123A,117,234.80050137279602,Prophet
2011-12-03,85123A,0,120.88852934358835,Prophet
2011-12-04,85123A,8,216.24006351522374,Prophet
2011-12-05,85123A,313,268.84766280000025,Prophet
2011-12-06,85123A,39,301.9913969078093,Prophet
2011-12-07,85123A,202,233.52289938650503,Prophet
2011-12-08,85123A,115,277.15494408035295,Prophet
2011-12-09,85123A,4,180.78852173370524,Prophet
2011-11-10,22197,339,1079.0,Naive (Last Value)
2011-11-11,22197,184,1079.0,Naive (Last Value)
2011-11-12,22197,0,1079.0,Naive (Last Value)
2011-11-13,22197,114,1079.0,Naive (Last Value)
2011-11-14,22197,1767,1079.0,Naive (Last Value)
2011-11-15,22197,221,1079.0,Naive (Last Value)
2011-11-16,22197,352,1079.0,Naive (Last Value)
2011-11-17,22197,135,1079.0,Naive (Last Value)
2011-11-18,22197,449,1079.0,Naive (Last Value)
2011-11-19,22197,0,1079.0,Naive (Last Value)
2011-11-20,22197,218,1079.0,Naive (Last Value)
2011-11-21,22197,349,1079.0,Naive (Last Value)
2011-11-22,22197,1162,1079.0,Naive (Last Value)
2011-11-23,22197,497,1079.0,Naive (Last Value)
2011-11-24,22197,558,1079.0,Naive (Last Value)
2011-11-25,22197,342,1079.0,Naive (Last Value)
2011-11-26,22197,0,1079.0,Naive (Last Value)
2011-11-27,22197,47,1079.0,Naive (Last Value)
2011-11-28,22197,244,1079.0,Naive (Last Value)
2011-11-29,22197,796,1079.0,Naive (Last Value)
2011-11-30,22197,470,1079.0,Naive (Last Value)
2011-12-01,22197,279,1079.0,Naive (Last Value)
2011-12-02,22197,1369,1079.0,Naive (Last Value)
2011-12-03,22197,0,1079.0,Naive (Last Value)
2011-12-04,22197,113,1079.0,Naive (Last Value)
2011-12-05,22197,410,1079.0,Naive (Last Value)
2011-12-06,22197,337,1079.0,Naive (Last Value)
2011-12-07,22197,368,1079.0,Naive (Last Value)
2011-12-08,22197,3111,1079.0,Naive (Last Value)
2011-12-09,22197,230,1079.0,Naive (Last Value)
2011-11-10,22197,339,535.7142857142857,Moving Average (7D)
2011-11-11,22197,184,535.7142857142857,Moving Average (7D)
2011-11-12,22197,0,535.7142857142857,Moving Average (7D)
2011-11-13,22197,114,535.7142857142857,Moving Average (7D)
2011-11-14,22197,1767,535.7142857142857,Moving Average (7D)
2011-11-15,22197,221,535.7142857142857,Moving Average (7D)
2011-11-16,22197,352,535.7142857142857,Moving Average (7D)
2011-11-17,22197,135,535.7142857142857,Moving Average (7D)
2011-11-18,22197,449,535.7142857142857,Moving Average (7D)
2011-11-19,22197,0,535.7142857142857,Moving Average (7D)
2011-11-20,22197,218,535.7142857142857,Moving Average (7D)
2011-11-21,22197,349,535.7142857142857,Moving Average (7D)
2011-11-22,22197,1162,535.7142857142857,Moving Average (7D)
2011-11-23,22197,497,535.7142857142857,Moving Average (7D)
2011-11-24,22197,558,535.7142857142857,Moving Average (7D)
2011-11-25,22197,342,535.7142857142857,Moving Average (7D)
2011-11-26,22197,0,535.7142857142857,Moving Average (7D)
2011-11-27,22197,47,535.7142857142857,Moving Average (7D)
2011-11-28,22197,244,535.7142857142857,Moving Average (7D)
2011-11-29,22197,796,535.7142857142857,Moving Average (7D)
2011-11-30,22197,470,535.7142857142857,Moving Average (7D)
2011-12-01,22197,279,535.7142857142857,Moving Average (7D)
2011-12-02,22197,1369,535.7142857142857,Moving Average (7D)
2011-12-03,22197,0,535.7142857142857,Moving Average (7D)
2011-12-04,22197,113,535.7142857142857,Moving Average (7D)
2011-12-05,22197,410,535.7142857142857,Moving Average (7D)
2011-12-06,22197,337,535.7142857142857,Moving Average (7D)
2011-12-07,22197,368,535.7142857142857,Moving Average (7D)
2011-12-08,22197,3111,535.7142857142857,Moving Average (7D)
2011-12-09,22197,230,535.7142857142857,Moving Average (7D)
2011-11-10,22197,339,475.92857142857144,Moving Average (14D)
2011-11-11,22197,184,475.92857142857144,Moving Average (14D)
2011-11-12,22197,0,475.92857142857144,Moving Average (14D)
2011-11-13,22197,114,475.92857142857144,Moving Average (14D)
2011-11-14,22197,1767,475.92857142857144,Moving Average (14D)
2011-11-15,22197,221,475.92857142857144,Moving Average (14D)
2011-11-16,22197,352,475.92857142857144,Moving Average (14D)
2011-11-17,22197,135,475.92857142857144,Moving Average (14D)
2011-11-18,22197,449,475.92857142857144,Moving Average (14D)
2011-11-19,22197,0,475.92857142857144,Moving Average (14D)
2011-11-20,22197,218,475.92857142857144,Moving Average (14D)
2011-11-21,22197,349,475.92857142857144,Moving Average (14D)
2011-11-22,22197,1162,475.92857142857144,Moving Average (14D)
2011-11-23,22197,497,475.92857142857144,Moving Average (14D)
2011-11-24,22197,558,475.92857142857144,Moving Average (14D)
2011-11-25,22197,342,475.92857142857144,Moving Average (14D)
2011-11-26,22197,0,475.92857142857144,Moving Average (14D)
2011-11-27,22197,47,475.92857142857144,Moving Average (14D)
2011-11-28,22197,244,475.92857142857144,Moving Average (14D)
2011-11-29,22197,796,475.92857142857144,Moving Average (14D)
2011-11-30,22197,470,475.92857142857144,Moving Average (14D)
2011-12-01,22197,279,475.92857142857144,Moving Average (14D)
2011-12-02,22197,1369,475.92857142857144,Moving Average (14D)
2011-12-03,22197,0,475.92857142857144,Moving Average (14D)
2011-12-04,22197,113,475.92857142857144,Moving Average (14D)
2011-12-05,22197,410,475.92857142857144,Moving Average (14D)
2011-12-06,22197,337,475.92857142857144,Moving Average (14D)
2011-12-07,22197,368,475.92857142857144,Moving Average (14D)
2011-12-08,22197,3111,475.92857142857144,Moving Average (14D)
2011-12-09,22197,230,475.92857142857144,Moving Average (14D)
2011-11-10,22197,339,312.2857142857143,Moving Average (28D)
2011-11-11,22197,184,312.2857142857143,Moving Average (28D)
2011-11-12,22197,0,312.2857142857143,Moving Average (28D)
2011-11-13,22197,114,312.2857142857143,Moving Average (28D)
2011-11-14,22197,1767,312.2857142857143,Moving Average (28D)
2011-11-15,22197,221,312.2857142857143,Moving Average (28D)
2011-11-16,22197,352,312.2857142857143,Moving Average (28D)
2011-11-17,22197,135,312.2857142857143,Moving Average (28D)
2011-11-18,22197,449,312.2857142857143,Moving Average (28D)
2011-11-19,22197,0,312.2857142857143,Moving Average (28D)
2011-11-20,22197,218,312.2857142857143,Moving Average (28D)
2011-11-21,22197,349,312.2857142857143,Moving Average (28D)
2011-11-22,22197,1162,312.2857142857143,Moving Average (28D)
2011-11-23,22197,497,312.2857142857143,Moving Average (28D)
2011-11-24,22197,558,312.2857142857143,Moving Average (28D)
2011-11-25,22197,342,312.2857142857143,Moving Average (28D)
2011-11-26,22197,0,312.2857142857143,Moving Average (28D)
2011-11-27,22197,47,312.2857142857143,Moving Average (28D)
2011-11-28,22197,244,312.2857142857143,Moving Average (28D)
2011-11-29,22197,796,312.2857142857143,Moving Average (28D)
2011-11-30,22197,470,312.2857142857143,Moving Average (28D)
2011-12-01,22197,279,312.2857142857143,Moving Average (28D)
2011-12-02,22197,1369,312.2857142857143,Moving Average (28D)
2011-12-03,22197,0,312.2857142857143,Moving Average (28D)
2011-12-04,22197,113,312.2857142857143,Moving Average (28D)
2011-12-05,22197,410,312.2857142857143,Moving Average (28D)
2011-12-06,22197,337,312.2857142857143,Moving Average (28D)
2011-12-07,22197,368,312.2857142857143,Moving Average (28D)
2011-12-08,22197,3111,312.2857142857143,Moving Average (28D)
2011-12-09,22197,230,312.2857142857143,Moving Average (28D)
2011-11-10,22197,339,270.54312975469827,LightGBM
2011-11-11,22197,184,729.4717200354056,LightGBM
2011-11-12,22197,0,165.90200815099448,LightGBM
2011-11-13,22197,114,293.0621085125281,LightGBM
2011-11-14,22197,1767,506.1939925843602,LightGBM
2011-11-15,22197,221,671.6871747230756,LightGBM
2011-11-16,22197,352,350.9359201706282,LightGBM
2011-11-17,22197,135,407.0227486266744,LightGBM
2011-11-18,22197,449,439.74900735114403,LightGBM
2011-11-19,22197,0,241.3659489841277,LightGBM
2011-11-20,22197,218,341.44596085989576,LightGBM
2011-11-21,22197,349,956.8775933175058,LightGBM
2011-11-22,22197,1162,413.2921249807164,LightGBM
2011-11-23,22197,497,313.7517125698175,LightGBM
2011-11-24,22197,558,368.38187113364125,LightGBM
2011-11-25,22197,342,421.104388721986,LightGBM
2011-11-26,22197,0,414.7372560950244,LightGBM
2011-11-27,22197,47,335.4602593632115,LightGBM
2011-11-28,22197,244,640.6467374947773,LightGBM
2011-11-29,22197,796,952.6119871672587,LightGBM
2011-11-30,22197,470,804.2367997472428,LightGBM
2011-12-01,22197,279,318.324222085655,LightGBM
2011-12-02,22197,1369,435.6437198248972,LightGBM
2011-12-03,22197,0,538.4251604092358,LightGBM
2011-12-04,22197,113,521.0097345545694,LightGBM
2011-12-05,22197,410,506.7886451312586,LightGBM
2011-12-06,22197,337,559.455055430833,LightGBM
2011-12-07,22197,368,737.774756406885,LightGBM
2011-12-08,22197,3111,694.9059606501626,LightGBM
2011-12-09,22197,230,797.3476698519689,LightGBM
2011-11-10,22197,339,494.4994984193871,Prophet
2011-11-11,22197,184,592.1342675896731,Prophet
2011-11-12,22197,0,369.98273575387856,Prophet
2011-11-13,22197,114,403.67983251124554,Prophet
2011-11-14,22197,1767,469.5173323848553,Prophet
2011-11-15,22197,221,436.59822252410845,Prophet
2011-11-16,22197,352,486.9763803007301,Prophet
2011-11-17,22197,135,435.26933208463015,Prophet
2011-11-18,22197,449,521.2877702575589,Prophet
2011-11-19,22197,0,288.7974473878752,Prophet
2011-11-20,22197,218,313.54387803162746,Prophet
2011-11-21,22197,349,371.899164702361,Prophet
2011-11-22,22197,1162,333.015631277362,Prophet
2011-11-23,22197,497,378.9654867086308,Prophet
2011-11-24,22197,558,324.35427409999124,Prophet
2011-11-25,22197,342,408.9517490309378,Prophet
2011-11-26,22197,0,176.45575705387878,Prophet
2011-11-27,22197,47,202.51947752118127,Prophet
2011-11-28,22197,244,263.4012745069149,Prophet
2011-11-29,22197,796,228.1217519680332,Prophet
2011-11-30,22197,470,278.6071419701796,Prophet
2011-12-01,22197,279,229.30668153549598,Prophet
2011-12-02,22197,1369,319.8275197643501,Prophet
2011-12-03,22197,0,93.70262280408328,Prophet
2011-12-04,22197,113,126.42194400313488,Prophet
2011-12-05,22197,410,194.08600525433428,Prophet
2011-12-06,22197,337,165.56639930763492,Prophet
2011-12-07,22197,368,222.65226401306032,Prophet
2011-12-08,22197,3111,179.67031754266517,Prophet
2011-12-09,22197,230,276.1219425347168,Prophet
2011-11-10,84879,200,1312.0,Naive (Last Value)
2011-11-11,84879,92,1312.0,Naive (Last Value)
2011-11-12,84879,0,1312.0,Naive (Last Value)
2011-11-13,84879,56,1312.0,Naive (Last Value)
2011-11-14,84879,303,1312.0,Naive (Last Value)
2011-11-15,84879,107,1312.0,Naive (Last Value)
2011-11-16,84879,289,1312.0,Naive (Last Value)
2011-11-17,84879,94,1312.0,Naive (Last Value)
2011-11-18,84879,368,1312.0,Naive (Last Value)
2011-11-19,84879,0,1312.0,Naive (Last Value)
2011-11-20,84879,149,1312.0,Naive (Last Value)
2011-11-21,84879,179,1312.0,Naive (Last Value)
2011-11-22,84879,132,1312.0,Naive (Last Value)
2011-11-23,84879,80,1312.0,Naive (Last Value)
2011-11-24,84879,355,1312.0,Naive (Last Value)
2011-11-25,84879,272,1312.0,Naive (Last Value)
2011-11-26,84879,0,1312.0,Naive (Last Value)
2011-11-27,84879,8,1312.0,Naive (Last Value)
2011-11-28,84879,56,1312.0,Naive (Last Value)
2011-11-29,84879,127,1312.0,Naive (Last Value)
2011-11-30,84879,112,1312.0,Naive (Last Value)
2011-12-01,84879,88,1312.0,Naive (Last Value)
2011-12-02,84879,504,1312.0,Naive (Last Value)
2011-12-03,84879,0,1312.0,Naive (Last Value)
2011-12-04,84879,66,1312.0,Naive (Last Value)
2011-12-05,84879,133,1312.0,Naive (Last Value)
2011-12-06,84879,240,1312.0,Naive (Last Value)
2011-12-07,84879,256,1312.0,Naive (Last Value)
2011-12-08,84879,11,1312.0,Naive (Last Value)
2011-12-09,84879,32,1312.0,Naive (Last Value)
2011-11-10,84879,200,259.7142857142857,Moving Average (7D)
2011-11-11,84879,92,259.7142857142857,Moving Average (7D)
2011-11-12,84879,0,259.7142857142857,Moving Average (7D)
2011-11-13,84879,56,259.7142857142857,Moving Average (7D)
2011-11-14,84879,303,259.7142857142857,Moving Average (7D)
2011-11-15,84879,107,259.7142857142857,Moving Average (7D)
2011-11-16,84879,289,259.7142857142857,Moving Average (7D)
2011-11-17,84879,94,259.7142857142857,Moving Average (7D)
2011-11-18,84879,368,259.7142857142857,Moving Average (7D)
2011-11-19,84879,0,259.7142857142857,Moving Average (7D)
2011-11-20,84879,149,259.7142857142857,Moving Average (7D)
2011-11-21,84879,179,259.7142857142857,Moving Average (7D)
2011-11-22,84879,132,259.7142857142857,Moving Average (7D)
2011-11-23,84879,80,259.7142857142857,Moving Average (7D)
2011-11-24,84879,355,259.7142857142857,Moving Average (7D)
2011-11-25,84879,272,259.7142857142857,Moving Average (7D)
2011-11-26,84879,0,259.7142857142857,Moving Average (7D)
2011-11-27,84879,8,259.7142857142857,Moving Average (7D)
2011-11-28,84879,56,259.7142857142857,Moving Average (7D)
2011-11-29,84879,127,259.7142857142857,Moving Average (7D)
2011-11-30,84879,112,259.7142857142857,Moving Average (7D)
2011-12-01,84879,88,259.7142857142857,Moving Average (7D)
2011-12-02,84879,504,259.7142857142857,Moving Average (7D)
2011-12-03,84879,0,259.7142857142857,Moving Average (7D)
2011-12-04,84879,66,259.7142857142857,Moving Average (7D)
2011-12-05,84879,133,259.7142857142857,Moving Average (7D)
2011-12-06,84879,240,259.7142857142857,Moving Average (7D)
2011-12-07,84879,256,259.7142857142857,Moving Average (7D)
2011-12-08,84879,11,259.7142857142857,Moving Average (7D)
2011-12-09,84879,32,259.7142857142857,Moving Average (7D)
2011-11-10,84879,200,193.78571428571428,Moving Average (14D)
2011-11-11,84879,92,193.78571428571428,Moving Average (14D)
2011-11-12,84879,0,193.78571428571428,Moving Average (14D)
2011-11-13,84879,56,193.78571428571428,Moving Average (14D)
2011-11-14,84879,303,193.78571428571428,Moving Average (14D)
2011-11-15,84879,107,193.78571428571428,Moving Average (14D)
2011-11-16,84879,289,193.78571428571428,Moving Average (14D)
2011-11-17,84879,94,193.78571428571428,Moving Average (14D)
2011-11-18,84879,368,193.78571428571428,Moving Average (14D)
2011-11-19,84879,0,193.78571428571428,Moving Average (14D)
2011-11-20,84879,149,193.78571428571428,Moving Average (14D)
2011-11-21,84879,179,193.78571428571428,Moving Average (14D)
2011-11-22,84879,132,193.78571428571428,Moving Average (14D)
2011-11-23,84879,80,193.78571428571428,Moving Average (14D)
2011-11-24,84879,355,193.78571428571428,Moving Average (14D)
2011-11-25,84879,272,193.78571428571428,Moving Average (14D)
2011-11-26,84879,0,193.78571428571428,Moving Average (14D)
2011-11-27,84879,8,193.78571428571428,Moving Average (14D)
2011-11-28,84879,56,193.78571428571428,Moving Average (14D)
2011-11-29,84879,127,193.78571428571428,Moving Average (14D)
2011-11-30,84879,112,193.78571428571428,Moving Average (14D)
2011-12-01,84879,88,193.78571428571428,Moving Average (14D)
2011-12-02,84879,504,193.78571428571428,Moving Average (14D)
2011-12-03,84879,0,193.78571428571428,Moving Average (14D)
2011-12-04,84879,66,193.78571428571428,Moving Average (14D)
2011-12-05,84879,133,193.78571428571428,Moving Average (14D)
2011-12-06,84879,240,193.78571428571428,Moving Average (14D)
2011-12-07,84879,256,193.78571428571428,Moving Average (14D)
2011-12-08,84879,11,193.78571428571428,Moving Average (14D)
2011-12-09,84879,32,193.78571428571428,Moving Average (14D)
2011-11-10,84879,200,150.25,Moving Average (28D)
2011-11-11,84879,92,150.25,Moving Average (28D)
2011-11-12,84879,0,150.25,Moving Average (28D)
2011-11-13,84879,56,150.25,Moving Average (28D)
2011-11-14,84879,303,150.25,Moving Average (28D)
2011-11-15,84879,107,150.25,Moving Average (28D)
2011-11-16,84879,289,150.25,Moving Average (28D)
2011-11-17,84879,94,150.25,Moving Average (28D)
2011-11-18,84879,368,150.25,Moving Average (28D)
2011-11-19,84879,0,150.25,Moving Average (28D)
2011-11-20,84879,149,150.25,Moving Average (28D)
2011-11-21,84879,179,150.25,Moving Average (28D)
2011-11-22,84879,132,150.25,Moving Average (28D)
2011-11-23,84879,80,150.25,Moving Average (28D)
2011-11-24,84879,355,150.25,Moving Average (28D)
2011-11-25,84879,272,150.25,Moving Average (28D)
2011-11-26,84879,0,150.25,Moving Average (28D)
2011-11-27,84879,8,150.25,Moving Average (28D)
2011-11-28,84879,56,150.25,Moving Average (28D)
2011-11-29,84879,127,150.25,Moving Average (28D)
2011-11-30,84879,112,150.25,Moving Average (28D)
2011-12-01,84879,88,150.25,Moving Average (28D)
2011-12-02,84879,504,150.25,Moving Average (28D)
2011-12-03,84879,0,150.25,Moving Average (28D)
2011-12-04,84879,66,150.25,Moving Average (28D)
2011-12-05,84879,133,150.25,Moving Average (28D)
2011-12-06,84879,240,150.25,Moving Average (28D)
2011-12-07,84879,256,150.25,Moving Average (28D)
2011-12-08,84879,11,150.25,Moving Average (28D)
2011-12-09,84879,32,150.25,Moving Average (28D)
2011-11-10,84879,200,557.4978521540739,LightGBM
2011-11-11,84879,92,163.03898764125123,LightGBM
2011-11-12,84879,0,0.0,LightGBM
2011-11-13,84879,56,150.62381494601402,LightGBM
2011-11-14,84879,303,170.03249158962436,LightGBM
2011-11-15,84879,107,144.19494072331557,LightGBM
2011-11-16,84879,289,496.73665085754885,LightGBM
2011-11-17,84879,94,113.02666193056895,LightGBM
2011-11-18,84879,368,148.2487802397181,LightGBM
2011-11-19,84879,0,15.064384650440859,LightGBM
2011-11-20,84879,149,197.2877666531656,LightGBM
2011-11-21,84879,179,241.80208655221443,LightGBM
2011-11-22,84879,132,328.8795025326646,LightGBM
2011-11-23,84879,80,172.4354602966579,LightGBM
2011-11-24,84879,355,355.3216791010046,LightGBM
2011-11-25,84879,272,144.50138557219708,LightGBM
2011-11-26,84879,0,11.143889778439188,LightGBM
2011-11-27,84879,8,167.7409127634961,LightGBM
2011-11-28,84879,56,110.83240979898073,LightGBM
2011-11-29,84879,127,129.85152236489182,LightGBM
2011-11-30,84879,112,405.4934330453651,LightGBM
2011-12-01,84879,88,267.5019019053725,LightGBM
2011-12-02,84879,504,180.33809318263903,LightGBM
2011-12-03,84879,0,5.627355273707137,LightGBM
2011-12-04,84879,66,159.83555854508393,LightGBM
2011-12-05,84879,133,207.06236144401572,LightGBM
2011-12-06,84879,240,174.40567266463745,LightGBM
2011-12-07,84879,256,382.42634514666895,LightGBM
2011-12-08,84879,11,428.94989638977086,LightGBM
2011-12-09,84879,32,148.85650502479308,LightGBM
2011-11-10,84879,200,450.5437220978811,Prophet
2011-11-11,84879,92,344.28633754567227,Prophet
2011-11-12,84879,0,249.89017901315225,Prophet
2011-11-13,84879,56,322.2354285918941,Prophet
2011-11-14,84879,303,357.21929092294874,Prophet
2011-11-15,84879,107,402.0554767369904,Prophet
2011-11-16,84879,289,378.2520240651305,Prophet
2011-11-17,84879,94,464.08805531820235,Prophet
2011-11-18,84879,368,346.2549235845099,Prophet
2011-11-19,84879,0,240.2842508378685,Prophet
2011-11-20,84879,149,301.23227037368247,Prophet
2011-11-21,84879,179,325.1666630410789,Prophet
2011-11-22,84879,132,359.4624137162408,Prophet
2011-11-23,84879,80,325.77623841643555,Prophet
2011-11-24,84879,355,402.5202651980303,Prophet
2011-11-25,84879,272,276.5004990583522,Prophet
2011-11-26,84879,0,163.34264021086761,Prophet
2011-11-27,84879,8,218.17472269928712,Prophet
2011-11-28,84879,56,237.11280402659375,Prophet
2011-11-29,84879,127,267.55625863994806,Prophet
2011-11-30,84879,112,231.1622366312713,Prophet
2011-12-01,84879,88,306.3199659769788,Prophet
2011-12-02,84879,504,179.79040804706523,Prophet
2011-12-03,84879,0,67.13380014745971,Prophet
2011-12-04,84879,66,123.39450229114502,Prophet
2011-12-05,84879,133,144.58931629756262,Prophet
2011-12-06,84879,240,178.00575641521525,Prophet
2011-12-07,84879,256,145.1797501068503,Prophet
2011-12-08,84879,11,224.3733578395287,Prophet
2011-12-09,84879,32,102.21792782722413,Prophet
2011-11-10,17003,36,9.0,Naive (Last Value)
2011-11-11,17003,0,9.0,Naive (Last Value)
2011-11-12,17003,0,9.0,Naive (Last Value)
2011-11-13,17003,64,9.0,Naive (Last Value)
2011-11-14,17003,190,9.0,Naive (Last Value)
2011-11-15,17003,0,9.0,Naive (Last Value)
2011-11-16,17003,87,9.0,Naive (Last Value)
2011-11-17,17003,0,9.0,Naive (Last Value)
2011-11-18,17003,2,9.0,Naive (Last Value)
2011-11-19,17003,0,9.0,Naive (Last Value)
2011-11-20,17003,36,9.0,Naive (Last Value)
2011-11-21,17003,108,9.0,Naive (Last Value)
2011-11-22,17003,130,9.0,Naive (Last Value)
2011-11-23,17003,4,9.0,Naive (Last Value)
2011-11-24,17003,51,9.0,Naive (Last Value)
2011-11-25,17003,37,9.0,Naive (Last Value)
2011-11-26,17003,0,9.0,Naive (Last Value)
2011-11-27,17003,144,9.0,Naive (Last Value)
2011-11-28,17003,0,9.0,Naive (Last Value)
2011-11-29,17003,38,9.0,Naive (Last Value)
2011-11-30,17003,72,9.0,Naive (Last Value)
2011-12-01,17003,14,9.0,Naive (Last Value)
2011-12-02,17003,1,9.0,Naive (Last Value)
2011-12-03,17003,0,9.0,Naive (Last Value)
2011-12-04,17003,5,9.0,Naive (Last Value)
2011-12-05,17003,17,9.0,Naive (Last Value)
2011-12-06,17003,114,9.0,Naive (Last Value)
2011-12-07,17003,70,9.0,Naive (Last Value)
2011-12-08,17003,76,9.0,Naive (Last Value)
2011-12-09,17003,0,9.0,Naive (Last Value)
2011-11-10,17003,36,10.285714285714286,Moving Average (7D)
2011-11-11,17003,0,10.285714285714286,Moving Average (7D)
2011-11-12,17003,0,10.285714285714286,Moving Average (7D)
2011-11-13,17003,64,10.285714285714286,Moving Average (7D)
2011-11-14,17003,190,10.285714285714286,Moving Average (7D)
2011-11-15,17003,0,10.285714285714286,Moving Average (7D)
2011-11-16,17003,87,10.285714285714286,Moving Average (7D)
2011-11-17,17003,0,10.285714285714286,Moving Average (7D)
2011-11-18,17003,2,10.285714285714286,Moving Average (7D)
2011-11-19,17003,0,10.285714285714286,Moving Average (7D)
2011-11-20,17003,36,10.285714285714286,Moving Average (7D)
2011-11-21,17003,108,10.285714285714286,Moving Average (7D)
2011-11-22,17003,130,10.285714285714286,Moving Average (7D)
2011-11-23,17003,4,10.285714285714286,Moving Average (7D)
2011-11-24,17003,51,10.285714285714286,Moving Average (7D)
2011-11-25,17003,37,10.285714285714286,Moving Average (7D)
2011-11-26,17003,0,10.285714285714286,Moving Average (7D)
2011-11-27,17003,144,10.285714285714286,Moving Average (7D)
2011-11-28,17003,0,10.285714285714286,Moving Average (7D)
2011-11-29,17003,38,10.285714285714286,Moving Average (7D)
2011-11-30,17003,72,10.285714285714286,Moving Average (7D)
2011-12-01,17003,14,10.285714285714286,Moving Average (7D)
2011-12-02,17003,1,10.285714285714286,Moving Average (7D)
2011-12-03,17003,0,10.285714285714286,Moving Average (7D)
2011-12-04,17003,5,10.285714285714286,Moving Average (7D)
2011-12-05,17003,17,10.285714285714286,Moving Average (7D)
2011-12-06,17003,114,10.285714285714286,Moving Average (7D)
2011-12-07,17003,70,10.285714285714286,Moving Average (7D)
2011-12-08,17003,76,10.285714285714286,Moving Average (7D)
2011-12-09,17003,0,10.285714285714286,Moving Average (7D)
2011-11-10,17003,36,124.21428571428571,Moving Average (14D)
2011-11-11,17003,0,124.21428571428571,Moving Average (14D)
2011-11-12,17003,0,124.21428571428571,Moving Average (14D)
2011-11-13,17003,64,124.21428571428571,Moving Average (14D)
2011-11-14,17003,190,124.21428571428571,Moving Average (14D)
2011-11-15,17003,0,124.21428571428571,Moving Average (14D)
2011-11-16,17003,87,124.21428571428571,Moving Average (14D)
2011-11-17,17003,0,124.21428571428571,Moving Average (14D)
2011-11-18,17003,2,124.21428571428571,Moving Average (14D)
2011-11-19,17003,0,124.21428571428571,Moving Average (14D)
2011-11-20,17003,36,124.21428571428571,Moving Average (14D)
2011-11-21,17003,108,124.21428571428571,Moving Average (14D)
2011-11-22,17003,130,124.21428571428571,Moving Average (14D)
2011-11-23,17003,4,124.21428571428571,Moving Average (14D)
2011-11-24,17003,51,124.21428571428571,Moving Average (14D)
2011-11-25,17003,37,124.21428571428571,Moving Average (14D)
2011-11-26,17003,0,124.21428571428571,Moving Average (14D)
2011-11-27,17003,144,124.21428571428571,Moving Average (14D)
2011-11-28,17003,0,124.21428571428571,Moving Average (14D)
2011-11-29,17003,38,124.21428571428571,Moving Average (14D)
2011-11-30,17003,72,124.21428571428571,Moving Average (14D)
2011-12-01,17003,14,124.21428571428571,Moving Average (14D)
2011-12-02,17003,1,124.21428571428571,Moving Average (14D)
2011-12-03,17003,0,124.21428571428571,Moving Average (14D)
2011-12-04,17003,5,124.21428571428571,Moving Average (14D)
2011-12-05,17003,17,124.21428571428571,Moving Average (14D)
2011-12-06,17003,114,124.21428571428571,Moving Average (14D)
2011-12-07,17003,70,124.21428571428571,Moving Average (14D)
2011-12-08,17003,76,124.21428571428571,Moving Average (14D)
2011-12-09,17003,0,124.21428571428571,Moving Average (14D)
2011-11-10,17003,36,72.60714285714286,Moving Average (28D)
2011-11-11,17003,0,72.60714285714286,Moving Average (28D)
2011-11-12,17003,0,72.60714285714286,Moving Average (28D)
2011-11-13,17003,64,72.60714285714286,Moving Average (28D)
2011-11-14,17003,190,72.60714285714286,Moving Average (28D)
2011-11-15,17003,0,72.60714285714286,Moving Average (28D)
2011-11-16,17003,87,72.60714285714286,Moving Average (28D)
2011-11-17,17003,0,72.60714285714286,Moving Average (28D)
2011-11-18,17003,2,72.60714285714286,Moving Average (28D)
2011-11-19,17003,0,72.60714285714286,Moving Average (28D)
2011-11-20,17003,36,72.60714285714286,Moving Average (28D)
2011-11-21,17003,108,72.60714285714286,Moving Average (28D)
2011-11-22,17003,130,72.60714285714286,Moving Average (28D)
2011-11-23,17003,4,72.60714285714286,Moving Average (28D)
2011-11-24,17003,51,72.60714285714286,Moving Average (28D)
2011-11-25,17003,37,72.60714285714286,Moving Average (28D)
2011-11-26,17003,0,72.60714285714286,Moving Average (28D)
2011-11-27,17003,144,72.60714285714286,Moving Average (28D)
2011-11-28,17003,0,72.60714285714286,Moving Average (28D)
2011-11-29,17003,38,72.60714285714286,Moving Average (28D)
2011-11-30,17003,72,72.60714285714286,Moving Average (28D)
2011-12-01,17003,14,72.60714285714286,Moving Average (28D)
2011-12-02,17003,1,72.60714285714286,Moving Average (28D)
2011-12-03,17003,0,72.60714285714286,Moving Average (28D)
2011-12-04,17003,5,72.60714285714286,Moving Average (28D)
2011-12-05,17003,17,72.60714285714286,Moving Average (28D)
2011-12-06,17003,114,72.60714285714286,Moving Average (28D)
2011-12-07,17003,70,72.60714285714286,Moving Average (28D)
2011-12-08,17003,76,72.60714285714286,Moving Average (28D)
2011-12-09,17003,0,72.60714285714286,Moving Average (28D)
2011-11-10,17003,36,0.0,LightGBM
2011-11-11,17003,0,231.81222170009258,LightGBM
2011-11-12,17003,0,1.5477709060531804,LightGBM
2011-11-13,17003,64,47.94137147772898,LightGBM
2011-11-14,17003,190,664.6834377107544,LightGBM
2011-11-15,17003,0,52.343468398090636,LightGBM
2011-11-16,17003,87,87.25159312941533,LightGBM
2011-11-17,17003,0,0.0,LightGBM
2011-11-18,17003,2,173.82124440971523,LightGBM
2011-11-19,17003,0,7.066321065311762,LightGBM
2011-11-20,17003,36,76.83667166439936,LightGBM
2011-11-21,17003,108,94.88675015104377,LightGBM
2011-11-22,17003,130,142.92392197954803,LightGBM
2011-11-23,17003,4,193.4876095061083,LightGBM
2011-11-24,17003,51,82.03277174926998,LightGBM
2011-11-25,17003,37,157.97811969843312,LightGBM
2011-11-26,17003,0,86.4918451784946,LightGBM
2011-11-27,17003,144,292.04140601869506,LightGBM
2011-11-28,17003,0,316.3434298702225,LightGBM
2011-11-29,17003,38,147.65460665380152,LightGBM
2011-11-30,17003,72,322.6683982465587,LightGBM
2011-12-01,17003,14,761.6961134173195,LightGBM
2011-12-02,17003,1,886.3166654673284,LightGBM
2011-12-03,17003,0,21.398272530159264,LightGBM
2011-12-04,17003,5,32.92847305161395,LightGBM
2011-12-05,17003,17,167.78923342970313,LightGBM
2011-12-06,17003,114,156.0556765834307,LightGBM
2011-12-07,17003,70,322.37034430018986,LightGBM
2011-12-08,17003,76,216.4428837025005,LightGBM
2011-12-09,17003,0,0.0,LightGBM
2011-11-10,17003,36,208.3728714395239,Prophet
2011-11-11,17003,0,280.63338808330536,Prophet
2011-11-12,17003,0,82.92787343349497,Prophet
2011-11-13,17003,64,135.5612502401521,Prophet
2011-11-14,17003,190,137.9234184076753,Prophet
2011-11-15,17003,0,145.72778867115545,Prophet
2011-11-16,17003,87,227.31740709402487,Prophet
2011-11-17,17003,0,179.74014280821947,Prophet
2011-11-18,17003,2,235.98423232419566,Prophet
2011-11-19,17003,0,22.416469015102486,Prophet
2011-11-20,17003,36,59.70415567860177,Prophet
2011-11-21,17003,108,47.586046758559,Prophet
2011-11-22,17003,130,42.10159666220806,Prophet
2011-11-23,17003,4,111.88851096938714,Prophet
2011-11-24,17003,51,54.250308324772156,Prophet
2011-11-25,17003,37,102.38539240331028,Prophet
2011-11-26,17003,0,0.0,Prophet
2011-11-27,17003,144,0.0,Prophet
2011-11-28,17003,0,0.0,Prophet
2011-11-29,17003,38,0.0,Prophet
2011-11-30,17003,72,0.0,Prophet
2011-12-01,17003,14,0.0,Prophet
2011-12-02,17003,1,0.0,Prophet
2011-12-03,17003,0,0.0,Prophet
2011-12-04,17003,5,0.0,Prophet
2011-12-05,17003,17,0.0,Prophet
2011-12-06,17003,114,0.0,Prophet
2011-12-07,17003,70,0.0,Prophet
2011-12-08,17003,76,0.0,Prophet
2011-12-09,17003,0,0.0,Prophet
2011-11-10,21977,146,25.0,Naive (Last Value)
2011-11-11,21977,40,25.0,Naive (Last Value)
2011-11-12,21977,0,25.0,Naive (Last Value)
2011-11-13,21977,62,25.0,Naive (Last Value)
2011-11-14,21977,6,25.0,Naive (Last Value)
2011-11-15,21977,53,25.0,Naive (Last Value)
2011-11-16,21977,243,25.0,Naive (Last Value)
2011-11-17,21977,6,25.0,Naive (Last Value)
2011-11-18,21977,97,25.0,Naive (Last Value)
2011-11-19,21977,0,25.0,Naive (Last Value)
2011-11-20,21977,10,25.0,Naive (Last Value)
2011-11-21,21977,221,25.0,Naive (Last Value)
2011-11-22,21977,49,25.0,Naive (Last Value)
2011-11-23,21977,77,25.0,Naive (Last Value)
2011-11-24,21977,29,25.0,Naive (Last Value)
2011-11-25,21977,5,25.0,Naive (Last Value)
2011-11-26,21977,0,25.0,Naive (Last Value)
2011-11-27,21977,11,25.0,Naive (Last Value)
2011-11-28,21977,29,25.0,Naive (Last Value)
2011-11-29,21977,58,25.0,Naive (Last Value)
2011-11-30,21977,124,25.0,Naive (Last Value)
2011-12-01,21977,13,25.0,Naive (Last Value)
2011-12-02,21977,6,25.0,Naive (Last Value)
2011-12-03,21977,0,25.0,Naive (Last Value)
2011-12-04,21977,9,25.0,Naive (Last Value)
2011-12-05,21977,56,25.0,Naive (Last Value)
2011-12-06,21977,26,25.0,Naive (Last Value)
2011-12-07,21977,55,25.0,Naive (Last Value)
2011-12-08,21977,66,25.0,Naive (Last Value)
2011-12-09,21977,3,25.0,Naive (Last Value)
2011-11-10,21977,146,18.714285714285715,Moving Average (7D)
2011-11-11,21977,40,18.714285714285715,Moving Average (7D)
2011-11-12,21977,0,18.714285714285715,Moving Average (7D)
2011-11-13,21977,62,18.714285714285715,Moving Average (7D)
2011-11-14,21977,6,18.714285714285715,Moving Average (7D)
2011-11-15,21977,53,18.714285714285715,Moving Average (7D)
2011-11-16,21977,243,18.714285714285715,Moving Average (7D)
2011-11-17,21977,6,18.714285714285715,Moving Average (7D)
2011-11-18,21977,97,18.714285714285715,Moving Average (7D)
2011-11-19,21977,0,18.714285714285715,Moving Average (7D)
2011-11-20,21977,10,18.714285714285715,Moving Average (7D)
2011-11-21,21977,221,18.714285714285715,Moving Average (7D)
2011-11-22,21977,49,18.714285714285715,Moving Average (7D)
2011-11-23,21977,77,18.714285714285715,Moving Average (7D)
2011-11-24,21977,29,18.714285714285715,Moving Average (7D)
2011-11-25,21977,5,18.714285714285715,Moving Average (7D)
2011-11-26,21977,0,18.714285714285715,Moving Average (7D)
2011-11-27,21977,11,18.714285714285715,Moving Average (7D)
2011-11-28,21977,29,18.714285714285715,Moving Average (7D)
2011-11-29,21977,58,18.714285714285715,Moving Average (7D)
2011-11-30,21977,124,18.714285714285715,Moving Average (7D)
2011-12-01,21977,13,18.714285714285715,Moving Average (7D)
2011-12-02,21977,6,18.714285714285715,Moving Average (7D)
2011-12-03,21977,0,18.714285714285715,Moving Average (7D)
2011-12-04,21977,9,18.714285714285715,Moving Average (7D)
2011-12-05,21977,56,18.714285714285715,Moving Average (7D)
2011-12-06,21977,26,18.714285714285715,Moving Average (7D)
2011-12-07,21977,55,18.714285714285715,Moving Average (7D)
2011-12-08,21977,66,18.714285714285715,Moving Average (7D)
2011-12-09,21977,3,18.714285714285715,Moving Average (7D)
2011-11-10,21977,146,19.642857142857142,Moving Average (14D)
2011-11-11,21977,40,19.642857142857142,Moving Average (14D)
2011-11-12,21977,0,19.642857142857142,Moving Average (14D)
2011-11-13,21977,62,19.642857142857142,Moving Average (14D)
2011-11-14,21977,6,19.642857142857142,Moving Average (14D)
2011-11-15,21977,53,19.642857142857142,Moving Average (14D)
2011-11-16,21977,243,19.642857142857142,Moving Average (14D)
2011-11-17,21977,6,19.642857142857142,Moving Average (14D)
2011-11-18,21977,97,19.642857142857142,Moving Average (14D)
2011-11-19,21977,0,19.642857142857142,Moving Average (14D)
2011-11-20,21977,10,19.642857142857142,Moving Average (14D)
2011-11-21,21977,221,19.642857142857142,Moving Average (14D)
2011-11-22,21977,49,19.642857142857142,Moving Average (14D)
2011-11-23,21977,77,19.642857142857142,Moving Average (14D)
2011-11-24,21977,29,19.642857142857142,Moving Average (14D)
2011-11-25,21977,5,19.642857142857142,Moving Average (14D)
2011-11-26,21977,0,19.642857142857142,Moving Average (14D)
2011-11-27,21977,11,19.642857142857142,Moving Average (14D)
2011-11-28,21977,29,19.642857142857142,Moving Average (14D)
2011-11-29,21977,58,19.642857142857142,Moving Average (14D)
2011-11-30,21977,124,19.642857142857142,Moving Average (14D)
2011-12-01,21977,13,19.642857142857142,Moving Average (14D)
2011-12-02,21977,6,19.642857142857142,Moving Average (14D)
2011-12-03,21977,0,19.642857142857142,Moving Average (14D)
2011-12-04,21977,9,19.642857142857142,Moving Average (14D)
2011-12-05,21977,56,19.642857142857142,Moving Average (14D)
2011-12-06,21977,26,19.642857142857142,Moving Average (14D)
2011-12-07,21977,55,19.642857142857142,Moving Average (14D)
2011-12-08,21977,66,19.642857142857142,Moving Average (14D)
2011-12-09,21977,3,19.642857142857142,Moving Average (14D)
2011-11-10,21977,146,21.857142857142858,Moving Average (28D)
2011-11-11,21977,40,21.857142857142858,Moving Average (28D)
2011-11-12,21977,0,21.857142857142858,Moving Average (28D)
2011-11-13,21977,62,21.857142857142858,Moving Average (28D)
2011-11-14,21977,6,21.857142857142858,Moving Average (28D)
2011-11-15,21977,53,21.857142857142858,Moving Average (28D)
2011-11-16,21977,243,21.857142857142858,Moving Average (28D)
2011-11-17,21977,6,21.857142857142858,Moving Average (28D)
2011-11-18,21977,97,21.857142857142858,Moving Average (28D)
2011-11-19,21977,0,21.857142857142858,Moving Average (28D)
2011-11-20,21977,10,21.857142857142858,Moving Average (28D)
2011-11-21,21977,221,21.857142857142858,Moving Average (28D)
2011-11-22,21977,49,21.857142857142858,Moving Average (28D)
2011-11-23,21977,77,21.857142857142858,Moving Average (28D)
2011-11-24,21977,29,21.857142857142858,Moving Average (28D)
2011-11-25,21977,5,21.857142857142858,Moving Average (28D)
2011-11-26,21977,0,21.857142857142858,Moving Average (28D)
2011-11-27,21977,11,21.857142857142858,Moving Average (28D)
2011-11-28,21977,29,21.857142857142858,Moving Average (28D)
2011-11-29,21977,58,21.857142857142858,Moving Average (28D)
2011-11-30,21977,124,21.857142857142858,Moving Average (28D)
2011-12-01,21977,13,21.857142857142858,Moving Average (28D)
2011-12-02,21977,6,21.857142857142858,Moving Average (28D)
2011-12-03,21977,0,21.857142857142858,Moving Average (28D)
2011-12-04,21977,9,21.857142857142858,Moving Average (28D)
2011-12-05,21977,56,21.857142857142858,Moving Average (28D)
2011-12-06,21977,26,21.857142857142858,Moving Average (28D)
2011-12-07,21977,55,21.857142857142858,Moving Average (28D)
2011-12-08,21977,66,21.857142857142858,Moving Average (28D)
2011-12-09,21977,3,21.857142857142858,Moving Average (28D)
2011-11-10,21977,146,29.156275369876425,LightGBM
2011-11-11,21977,40,6.428202177590692,LightGBM
2011-11-12,21977,0,0.0,LightGBM
2011-11-13,21977,62,9.492108643024487,LightGBM
2011-11-14,21977,6,6.27852783080235,LightGBM
2011-11-15,21977,53,8.53533274587182,LightGBM
2011-11-16,21977,243,32.60529127295385,LightGBM
2011-11-17,21977,6,92.07905540280727,LightGBM
2011-11-18,21977,97,124.24175068944758,LightGBM
2011-11-19,21977,0,0.0,LightGBM
2011-11-20,21977,10,5.929119956616267,LightGBM
2011-11-21,21977,221,87.90051674485309,LightGBM
2011-11-22,21977,49,101.61915027220532,LightGBM
2011-11-23,21977,77,402.1324552772592,LightGBM
2011-11-24,21977,29,333.8709563497407,LightGBM
2011-11-25,21977,5,40.089888718616145,LightGBM
2011-11-26,21977,0,14.389625714785856,LightGBM
2011-11-27,21977,11,58.07769234275903,LightGBM
2011-11-28,21977,29,120.51785373181377,LightGBM
2011-11-29,21977,58,69.25934495355622,LightGBM
2011-11-30,21977,124,65.22911730427374,LightGBM
2011-12-01,21977,13,166.52759132995774,LightGBM
2011-12-02,21977,6,53.199916698800536,LightGBM
2011-12-03,21977,0,79.02029808014227,LightGBM
2011-12-04,21977,9,43.929767457082335,LightGBM
2011-12-05,21977,56,176.94404950178168,LightGBM
2011-12-06,21977,26,61.083725553330694,LightGBM
2011-12-07,21977,55,168.4709928820555,LightGBM
2011-12-08,21977,66,92.24688024446378,LightGBM
2011-12-09,21977,3,70.0391756238258,LightGBM
2011-11-10,21977,146,71.0162657500942,Prophet
2011-11-11,21977,40,40.87239070486906,Prophet
2011-11-12,21977,0,0.0,Prophet
2011-11-13,21977,62,24.97367876213088,Prophet
2011-11-14,21977,6,94.63860438194541,Prophet
2011-11-15,21977,53,113.73203732226429,Prophet
2011-11-16,21977,243,109.03319689222755,Prophet
2011-11-17,21977,6,95.69427199969437,Prophet
2011-11-18,21977,97,64.53924376159279,Prophet
2011-11-19,21977,0,2.047128328668556,Prophet
2011-11-20,21977,10,45.186330222143766,Prophet
2011-11-21,21977,221,112.47323529788642,Prophet
2011-11-22,21977,49,128.81312426276745,Prophet
2011-11-23,21977,77,121.03878587382755,Prophet
2011-11-24,21977,29,104.36227702622851,Prophet
2011-11-25,21977,5,69.67231719543003,Prophet
2011-11-26,21977,0,3.515994711774347,Prophet
2011-11-27,21977,11,42.93151528855048,Prophet
2011-11-28,21977,29,106.5051637806361,Prophet
2011-11-29,21977,58,119.21060253673977,Prophet
2011-11-30,21977,124,107.94592733510487,Prophet
2011-12-01,21977,13,87.98396821298456,Prophet
2011-12-02,21977,6,50.268359912228,Prophet
2011-12-03,21977,0,0.0,Prophet
2011-12-04,21977,9,18.43930319612808,Prophet
2011-12-05,21977,56,80.02149725357165,Prophet
2011-12-06,21977,26,91.13634822924041,Prophet
2011-12-07,21977,55,78.69449856471797,Prophet
2011-12-08,21977,66,57.971857118078766,Prophet
2011-12-09,21977,3,19.905912572905912,Prophet
2011-11-10,84991,51,73.0,Naive (Last Value)
2011-11-11,84991,10,73.0,Naive (Last Value)
2011-11-12,84991,0,73.0,Naive (Last Value)
2011-11-13,84991,36,73.0,Naive (Last Value)
2011-11-14,84991,31,73.0,Naive (Last Value)
2011-11-15,84991,225,73.0,Naive (Last Value)
2011-11-16,84991,247,73.0,Naive (Last Value)
2011-11-17,84991,10,73.0,Naive (Last Value)
2011-11-18,84991,26,73.0,Naive (Last Value)
2011-11-19,84991,0,73.0,Naive (Last Value)
2011-11-20,84991,8,73.0,Naive (Last Value)
2011-11-21,84991,183,73.0,Naive (Last Value)
2011-11-22,84991,50,73.0,Naive (Last Value)
2011-11-23,84991,101,73.0,Naive (Last Value)
2011-11-24,84991,14,73.0,Naive (Last Value)
2011-11-25,84991,0,73.0,Naive (Last Value)
2011-11-26,84991,0,73.0,Naive (Last Value)
2011-11-27,84991,9,73.0,Naive (Last Value)
2011-11-28,84991,1,73.0,Naive (Last Value)
2011-11-29,84991,37,73.0,Naive (Last Value)
2011-11-30,84991,50,73.0,Naive (Last Value)
2011-12-01,84991,0,73.0,Naive (Last Value)
2011-12-02,84991,27,73.0,Naive (Last Value)
2011-12-03,84991,0,73.0,Naive (Last Value)
2011-12-04,84991,21,73.0,Naive (Last Value)
2011-12-05,84991,33,73.0,Naive (Last Value)
2011-12-06,84991,3,73.0,Naive (Last Value)
2011-12-07,84991,31,73.0,Naive (Last Value)
2011-12-08,84991,20,73.0,Naive (Last Value)
2011-12-09,84991,1,73.0,Naive (Last Value)
2011-11-10,84991,51,44.0,Moving Average (7D)
2011-11-11,84991,10,44.0,Moving Average (7D)
2011-11-12,84991,0,44.0,Moving Average (7D)
2011-11-13,84991,36,44.0,Moving Average (7D)
2011-11-14,84991,31,44.0,Moving Average (7D)
2011-11-15,84991,225,44.0,Moving Average (7D)
2011-11-16,84991,247,44.0,Moving Average (7D)
2011-11-17,84991,10,44.0,Moving Average (7D)
2011-11-18,84991,26,44.0,Moving Average (7D)
2011-11-19,84991,0,44.0,Moving Average (7D)
2011-11-20,84991,8,44.0,Moving Average (7D)
2011-11-21,84991,183,44.0,Moving Average (7D)
2011-11-22,84991,50,44.0,Moving Average (7D)
2011-11-23,84991,101,44.0,Moving Average (7D)
2011-11-24,84991,14,44.0,Moving Average (7D)
2011-11-25,84991,0,44.0,Moving Average (7D)
2011-11-26,84991,0,44.0,Moving Average (7D)
2011-11-27,84991,9,44.0,Moving Average (7D)
2011-11-28,84991,1,44.0,Moving Average (7D)
2011-11-29,84991,37,44.0,Moving Average (7D)
2011-11-30,84991,50,44.0,Moving Average (7D)
2011-12-01,84991,0,44.0,Moving Average (7D)
2011-12-02,84991,27,44.0,Moving Average (7D)
2011-12-03,84991,0,44.0,Moving Average (7D)
2011-12-04,84991,21,44.0,Moving Average (7D)
2011-12-05,84991,33,44.0,Moving Average (7D)
2011-12-06,84991,3,44.0,Moving Average (7D)
2011-12-07,84991,31,44.0,Moving Average (7D)
2011-12-08,84991,20,44.0,Moving Average (7D)
2011-12-09,84991,1,44.0,Moving Average (7D)
2011-11-10,84991,51,53.214285714285715,Moving Average (14D)
2011-11-11,84991,10,53.214285714285715,Moving Average (14D)
2011-11-12,84991,0,53.214285714285715,Moving Average (14D)
2011-11-13,84991,36,53.214285714285715,Moving Average (14D)
2011-11-14,84991,31,53.214285714285715,Moving Average (14D)
2011-11-15,84991,225,53.214285714285715,Moving Average (14D)
2011-11-16,84991,247,53.214285714285715,Moving Average (14D)
2011-11-17,84991,10,53.214285714285715,Moving Average (14D)
2011-11-18,84991,26,53.214285714285715,Moving Average (14D)
2011-11-19,84991,0,53.214285714285715,Moving Average (14D)
2011-11-20,84991,8,53.214285714285715,Moving Average (14D)
2011-11-21,84991,183,53.214285714285715,Moving Average (14D)
2011-11-22,84991,50,53.214285714285715,Moving Average (14D)
2011-11-23,84991,101,53.214285714285715,Moving Average (14D)
2011-11-24,84991,14,53.214285714285715,Moving Average (14D)
2011-11-25,84991,0,53.214285714285715,Moving Average (14D)
2011-11-26,84991,0,53.214285714285715,Moving Average (14D)
2011-11-27,84991,9,53.214285714285715,Moving Average (14D)
2011-11-28,84991,1,53.214285714285715,Moving Average (14D)
2011-11-29,84991,37,53.214285714285715,Moving Average (14D)
2011-11-30,84991,50,53.214285714285715,Moving Average (14D)
2011-12-01,84991,0,53.214285714285715,Moving Average (14D)
2011-12-02,84991,27,53.214285714285715,Moving Average (14D)
2011-12-03,84991,0,53.214285714285715,Moving Average (14D)
2011-12-04,84991,21,53.214285714285715,Moving Average (14D)
2011-12-05,84991,33,53.214285714285715,Moving Average (14D)
2011-12-06,84991,3,53.214285714285715,Moving Average (14D)
2011-12-07,84991,31,53.214285714285715,Moving Average (14D)
2011-12-08,84991,20,53.214285714285715,Moving Average (14D)
2011-12-09,84991,1,53.214285714285715,Moving Average (14D)
2011-11-10,84991,51,58.285714285714285,Moving Average (28D)
2011-11-11,84991,10,58.285714285714285,Moving Average (28D)
2011-11-12,84991,0,58.285714285714285,Moving Average (28D)
2011-11-13,84991,36,58.285714285714285,Moving Average (28D)
2011-11-14,84991,31,58.285714285714285,Moving Average (28D)
2011-11-15,84991,225,58.285714285714285,Moving Average (28D)
2011-11-16,84991,247,58.285714285714285,Moving Average (28D)
2011-11-17,84991,10,58.285714285714285,Moving Average (28D)
2011-11-18,84991,26,58.285714285714285,Moving Average (28D)
2011-11-19,84991,0,58.285714285714285,Moving Average (28D)
2011-11-20,84991,8,58.285714285714285,Moving Average (28D)
2011-11-21,84991,183,58.285714285714285,Moving Average (28D)
2011-11-22,84991,50,58.285714285714285,Moving Average (28D)
2011-11-23,84991,101,58.285714285714285,Moving Average (28D)
2011-11-24,84991,14,58.285714285714285,Moving Average (28D)
2011-11-25,84991,0,58.285714285714285,Moving Average (28D)
2011-11-26,84991,0,58.285714285714285,Moving Average (28D)
2011-11-27,84991,9,58.285714285714285,Moving Average (28D)
2011-11-28,84991,1,58.285714285714285,Moving Average (28D)
2011-11-29,84991,37,58.285714285714285,Moving Average (28D)
2011-11-30,84991,50,58.285714285714285,Moving Average (28D)
2011-12-01,84991,0,58.285714285714285,Moving Average (28D)
2011-12-02,84991,27,58.285714285714285,Moving Average (28D)
2011-12-03,84991,0,58.285714285714285,Moving Average (28D)
2011-12-04,84991,21,58.285714285714285,Moving Average (28D)
2011-12-05,84991,33,58.285714285714285,Moving Average (28D)
2011-12-06,84991,3,58.285714285714285,Moving Average (28D)
2011-12-07,84991,31,58.285714285714285,Moving Average (28D)
2011-12-08,84991,20,58.285714285714285,Moving Average (28D)
2011-12-09,84991,1,58.285714285714285,Moving Average (28D)
2011-11-10,84991,51,134.3167529568208,LightGBM
2011-11-11,84991,10,64.87136093231638,LightGBM
2011-11-12,84991,0,12.935142684059574,LightGBM
2011-11-13,84991,36,107.4155843511352,LightGBM
2011-11-14,84991,31,83.19965370170172,LightGBM
2011-11-15,84991,225,230.74136678587982,LightGBM
2011-11-16,84991,247,77.30265080551796,LightGBM
2011-11-17,84991,10,77.31851567842992,LightGBM
2011-11-18,84991,26,172.36355151224043,LightGBM
2011-11-19,84991,0,22.307184507448827,LightGBM
2011-11-20,84991,8,166.88079879077205,LightGBM
2011-11-21,84991,183,102.18849938068212,LightGBM
2011-11-22,84991,50,158.07281320683455,LightGBM
2011-11-23,84991,101,154.9072333393989,LightGBM
2011-11-24,84991,14,105.1709699705131,LightGBM
2011-11-25,84991,0,70.44157859872752,LightGBM
2011-11-26,84991,0,46.555433311231475,LightGBM
2011-11-27,84991,9,85.59154578428046,LightGBM
2011-11-28,84991,1,87.1950709724246,LightGBM
2011-11-29,84991,37,144.85353387727395,LightGBM
2011-11-30,84991,50,97.33830168537992,LightGBM
2011-12-01,84991,0,70.21736270038006,LightGBM
2011-12-02,84991,27,76.90564434818934,LightGBM
2011-12-03,84991,0,57.65795966555514,LightGBM
2011-12-04,84991,21,72.00118716490717,LightGBM
2011-12-05,84991,33,110.82988584023575,LightGBM
2011-12-06,84991,3,119.74747653244377,LightGBM
2011-12-07,84991,31,107.12560145921728,LightGBM
2011-12-08,84991,20,103.57914504272254,LightGBM
2011-12-09,84991,1,72.36492909810981,LightGBM
2011-11-10,84991,51,42.266612784543085,Prophet
2011-11-11,84991,10,16.725530313200082,Prophet
2011-11-12,84991,0,0.0,Prophet
2011-11-13,84991,36,1.628146313204109,Prophet
2011-11-14,84991,31,14.29859189098086,Prophet
2011-11-15,84991,225,47.976645332615306,Prophet
2011-11-16,84991,247,56.16884777909192,Prophet
2011-11-17,84991,10,29.402623811202986,Prophet
2011-11-18,84991,26,5.555531919202231,Prophet
2011-11-19,84991,0,0.0,Prophet
2011-11-20,84991,8,0.0,Prophet
2011-11-21,84991,183,8.199848080000923,Prophet
2011-11-22,84991,50,43.42341051770553,Prophet
2011-11-23,84991,101,53.02287711711427,Prophet
2011-11-24,84991,14,27.491050746316468,Prophet
2011-11-25,84991,0,4.675241281570408,Prophet
2011-11-26,84991,0,0.0,Prophet
2011-11-27,84991,9,0.0,Prophet
2011-11-28,84991,1,8.971222129286248,Prophet
2011-11-29,84991,37,44.21973827811933,Prophet
2011-11-30,84991,50,53.574739243102286,Prophet
2011-12-01,84991,0,27.534750123163956,Prophet
2011-12-02,84991,27,3.959131129809837,Prophet
2011-12-03,84991,0,0.0,Prophet
2011-12-04,84991,21,0.0,Prophet
2011-12-05,84991,33,4.674379925624045,Prophet
2011-12-06,84991,3,38.39098405507136,Prophet
2011-12-07,84991,31,46.10333933885369,Prophet
2011-12-08,84991,20,18.349865686567046,Prophet
2011-12-09,84991,1,0.0,Prophet
2011-11-10,15036,12,48.0,Naive (Last Value)
2011-11-11,15036,14,48.0,Naive (Last Value)
2011-11-12,15036,0,48.0,Naive (Last Value)
2011-11-13,15036,24,48.0,Naive (Last Value)
2011-11-14,15036,0,48.0,Naive (Last Value)
2011-11-15,15036,30,48.0,Naive (Last Value)
2011-11-16,15036,61,48.0,Naive (Last Value)
2011-11-17,15036,1,48.0,Naive (Last Value)
2011-11-18,15036,12,48.0,Naive (Last Value)
2011-11-19,15036,0,48.0,Naive (Last Value)
2011-11-20,15036,0,48.0,Naive (Last Value)
2011-11-21,15036,24,48.0,Naive (Last Value)
2011-11-22,15036,2,48.0,Naive (Last Value)
2011-11-23,15036,84,48.0,Naive (Last Value)
2011-11-24,15036,113,48.0,Naive (Last Value)
2011-11-25,15036,14,48.0,Naive (Last Value)
2011-11-26,15036,0,48.0,Naive (Last Value)
2011-11-27,15036,0,48.0,Naive (Last Value)
2011-11-28,15036,84,48.0,Naive (Last Value)
2011-11-29,15036,2,48.0,Naive (Last Value)
2011-11-30,15036,2,48.0,Naive (Last Value)
2011-12-01,15036,1,48.0,Naive (Last Value)
2011-12-02,15036,54,48.0,Naive (Last Value)
2011-12-03,15036,0,48.0,Naive (Last Value)
2011-12-04,15036,0,48.0,Naive (Last Value)
2011-12-05,15036,5,48.0,Naive (Last Value)
2011-12-06,15036,0,48.0,Naive (Last Value)
2011-12-07,15036,0,48.0,Naive (Last Value)
2011-12-08,15036,8,48.0,Naive (Last Value)
2011-12-09,15036,1,48.0,Naive (Last Value)
2011-11-10,15036,12,8.857142857142858,Moving Average (7D)
2011-11-11,15036,14,8.857142857142858,Moving Average (7D)
2011-11-12,15036,0,8.857142857142858,Moving Average (7D)
2011-11-13,15036,24,8.857142857142858,Moving Average (7D)
2011-11-14,15036,0,8.857142857142858,Moving Average (7D)
2011-11-15,15036,30,8.857142857142858,Moving Average (7D)
2011-11-16,15036,61,8.857142857142858,Moving Average (7D)
2011-11-17,15036,1,8.857142857142858,Moving Average (7D)
2011-11-18,15036,12,8.857142857142858,Moving Average (7D)
2011-11-19,15036,0,8.857142857142858,Moving Average (7D)
2011-11-20,15036,0,8.857142857142858,Moving Average (7D)
2011-11-21,15036,24,8.857142857142858,Moving Average (7D)
2011-11-22,15036,2,8.857142857142858,Moving Average (7D)
2011-11-23,15036,84,8.857142857142858,Moving Average (7D)
2011-11-24,15036,113,8.857142857142858,Moving Average (7D)
2011-11-25,15036,14,8.857142857142858,Moving Average (7D)
2011-11-26,15036,0,8.857142857142858,Moving Average (7D)
2011-11-27,15036,0,8.857142857142858,Moving Average (7D)
2011-11-28,15036,84,8.857142857142858,Moving Average (7D)
2011-11-29,15036,2,8.857142857142858,Moving Average (7D)
2011-11-30,15036,2,8.857142857142858,Moving Average (7D)
2011-12-01,15036,1,8.857142857142858,Moving Average (7D)
2011-12-02,15036,54,8.857142857142858,Moving Average (7D)
2011-12-03,15036,0,8.857142857142858,Moving Average (7D)
2011-12-04,15036,0,8.857142857142858,Moving Average (7D)
2011-12-05,15036,5,8.857142857142858,Moving Average (7D)
2011-12-06,15036,0,8.857142857142858,Moving Average (7D)
2011-12-07,15036,0,8.857142857142858,Moving Average (7D)
2011-12-08,15036,8,8.857142857142858,Moving Average (7D)
2011-12-09,15036,1,8.857142857142858,Moving Average (7D)
2011-11-10,15036,12,15.142857142857142,Moving Average (14D)
2011-11-11,15036,14,15.142857142857142,Moving Average (14D)
2011-11-12,15036,0,15.142857142857142,Moving Average (14D)
2011-11-13,15036,24,15.142857142857142,Moving Average (14D)
2011-11-14,15036,0,15.142857142857142,Moving Average (14D)
2011-11-15,15036,30,15.142857142857142,Moving Average (14D)
2011-11-16,15036,61,15.142857142857142,Moving Average (14D)
2011-11-17,15036,1,15.142857142857142,Moving Average (14D)
2011-11-18,15036,12,15.142857142857142,Moving Average (14D)
2011-11-19,15036,0,15.142857142857142,Moving Average (14D)
2011-11-20,15036,0,15.142857142857142,Moving Average (14D)
2011-11-21,15036,24,15.142857142857142,Moving Average (14D)
2011-11-22,15036,2,15.142857142857142,Moving Average (14D)
2011-11-23,15036,84,15.142857142857142,Moving Average (14D)
2011-11-24,15036,113,15.142857142857142,Moving Average (14D)
2011-11-25,15036,14,15.142857142857142,Moving Average (14D)
2011-11-26,15036,0,15.142857142857142,Moving Average (14D)
2011-11-27,15036,0,15.142857142857142,Moving Average (14D)
2011-11-28,15036,84,15.142857142857142,Moving Average (14D)
2011-11-29,15036,2,15.142857142857142,Moving Average (14D)
2011-11-30,15036,2,15.142857142857142,Moving Average (14D)
2011-12-01,15036,1,15.142857142857142,Moving Average (14D)
2011-12-02,15036,54,15.142857142857142,Moving Average (14D)
2011-12-03,15036,0,15.142857142857142,Moving Average (14D)
2011-12-04,15036,0,15.142857142857142,Moving Average (14D)
2011-12-05,15036,5,15.142857142857142,Moving Average (14D)
2011-12-06,15036,0,15.142857142857142,Moving Average (14D)
2011-12-07,15036,0,15.142857142857142,Moving Average (14D)
2011-12-08,15036,8,15.142857142857142,Moving Average (14D)
2011-12-09,15036,1,15.142857142857142,Moving Average (14D)
2011-11-10,15036,12,19.464285714285715,Moving Average (28D)
2011-11-11,15036,14,19.464285714285715,Moving Average (28D)
2011-11-12,15036,0,19.464285714285715,Moving Average (28D)
2011-11-13,15036,24,19.464285714285715,Moving Average (28D)
2011-11-14,15036,0,19.464285714285715,Moving Average (28D)
2011-11-15,15036,30,19.464285714285715,Moving Average (28D)
2011-11-16,15036,61,19.464285714285715,Moving Average (28D)
2011-11-17,15036,1,19.464285714285715,Moving Average (28D)
2011-11-18,15036,12,19.464285714285715,Moving Average (28D)
2011-11-19,15036,0,19.464285714285715,Moving Average (28D)
2011-11-20,15036,0,19.464285714285715,Moving Average (28D)
2011-11-21,15036,24,19.464285714285715,Moving Average (28D)
2011-11-22,15036,2,19.464285714285715,Moving Average (28D)
2011-11-23,15036,84,19.464285714285715,Moving Average (28D)
2011-11-24,15036,113,19.464285714285715,Moving Average (28D)
2011-11-25,15036,14,19.464285714285715,Moving Average (28D)
2011-11-26,15036,0,19.464285714285715,Moving Average (28D)
2011-11-27,15036,0,19.464285714285715,Moving Average (28D)
2011-11-28,15036,84,19.464285714285715,Moving Average (28D)
2011-11-29,15036,2,19.464285714285715,Moving Average (28D)
2011-11-30,15036,2,19.464285714285715,Moving Average (28D)
2011-12-01,15036,1,19.464285714285715,Moving Average (28D)
2011-12-02,15036,54,19.464285714285715,Moving Average (28D)
2011-12-03,15036,0,19.464285714285715,Moving Average (28D)
2011-12-04,15036,0,19.464285714285715,Moving Average (28D)
2011-12-05,15036,5,19.464285714285715,Moving Average (28D)
2011-12-06,15036,0,19.464285714285715,Moving Average (28D)
2011-12-07,15036,0,19.464285714285715,Moving Average (28D)
2011-12-08,15036,8,19.464285714285715,Moving Average (28D)
2011-12-09,15036,1,19.464285714285715,Moving Average (28D)
2011-11-10,15036,12,18.376879560261546,LightGBM
2011-11-11,15036,14,19.92839839340062,LightGBM
2011-11-12,15036,0,5.345910471429527,LightGBM
2011-11-13,15036,24,5.629208571247001,LightGBM
2011-11-14,15036,0,22.120984172790816,LightGBM
2011-11-15,15036,30,131.6680658332922,LightGBM
2011-11-16,15036,61,54.49772376889548,LightGBM
2011-11-17,15036,1,46.73114170408487,LightGBM
2011-11-18,15036,12,34.64639897431095,LightGBM
2011-11-19,15036,0,3.6441030878258167,LightGBM
2011-11-20,15036,0,8.674597380018483,LightGBM
2011-11-21,15036,24,34.65238725241521,LightGBM
2011-11-22,15036,2,72.85508862374103,LightGBM
2011-11-23,15036,84,67.96100783937591,LightGBM
2011-11-24,15036,113,71.01840287367199,LightGBM
2011-11-25,15036,14,63.38149903638905,LightGBM
2011-11-26,15036,0,35.40013031194843,LightGBM
2011-11-27,15036,0,11.634140717404748,LightGBM
2011-11-28,15036,84,96.81267194486405,LightGBM
2011-11-29,15036,2,126.09608261029172,LightGBM
2011-11-30,15036,2,169.59833787354654,LightGBM
2011-12-01,15036,1,56.491270946616545,LightGBM
2011-12-02,15036,54,82.5572357532982,LightGBM
2011-12-03,15036,0,33.15993463807389,LightGBM
2011-12-04,15036,0,53.82918816273542,LightGBM
2011-12-05,15036,5,36.984600262661345,LightGBM
2011-12-06,15036,0,74.78621736870211,LightGBM
2011-12-07,15036,0,67.62057110839908,LightGBM
2011-12-08,15036,8,139.06375296992093,LightGBM
2011-12-09,15036,1,88.2547640324455,LightGBM
2011-11-10,15036,12,92.5060687121014,Prophet
2011-11-11,15036,14,46.113542706895615,Prophet
2011-11-12,15036,0,0.0,Prophet
2011-11-13,15036,24,15.721408057248091,Prophet
2011-11-14,15036,0,58.647227128005426,Prophet
2011-11-15,15036,30,67.25017103390411,Prophet
2011-11-16,15036,61,84.50497639627329,Prophet
2011-11-17,15036,1,104.31855101015461,Prophet
2011-11-18,15036,12,59.30067989514756,Prophet
2011-11-19,15036,0,0.0,Prophet
2011-11-20,15036,0,30.36652090155595,Prophet
2011-11-21,15036,24,73.3322418642787,Prophet
2011-11-22,15036,2,81.50619201483873,Prophet
2011-11-23,15036,84,97.870783767392,Prophet
2011-11-24,15036,113,116.35219735083072,Prophet
2011-11-25,15036,14,69.59053342074174,Prophet
2011-11-26,15036,0,6.390704858033054,Prophet
2011-11-27,15036,0,36.10510446671001,Prophet
2011-11-28,15036,84,76.37041908367982,Prophet
2011-11-29,15036,2,81.64363503752396,Prophet
2011-11-30,15036,2,94.97548326493546,Prophet
2011-12-01,15036,1,110.36329608843019,Prophet
2011-12-02,15036,54,60.519323514762384,Prophet
2011-12-03,15036,0,0.0,Prophet
2011-12-04,15036,0,21.185686895496772,Prophet
2011-12-05,15036,5,58.81799039906418,Prophet
2011-12-06,15036,0,61.73194284164843,Prophet
2011-12-07,15036,0,73.02913979068778,Prophet
2011-12-08,15036,8,86.74916038578226,Prophet
2011-12-09,15036,1,35.63691037359361,Prophet
2011-11-10,22492,1188,74.0,Naive (Last Value)
2011-11-11,22492,74,74.0,Naive (Last Value)
2011-11-12,22492,0,74.0,Naive (Last Value)
2011-11-13,22492,0,74.0,Naive (Last Value)
2011-11-14,22492,421,74.0,Naive (Last Value)
2011-11-15,22492,2,74.0,Naive (Last Value)
2011-11-16,22492,36,74.0,Naive (Last Value)
2011-11-17,22492,108,74.0,Naive (Last Value)
2011-11-18,22492,76,74.0,Naive (Last Value)
2011-11-19,22492,0,74.0,Naive (Last Value)
2011-11-20,22492,36,74.0,Naive (Last Value)
2011-11-21,22492,111,74.0,Naive (Last Value)
2011-11-22,22492,38,74.0,Naive (Last Value)
2011-11-23,22492,144,74.0,Naive (Last Value)
2011-11-24,22492,72,74.0,Naive (Last Value)
2011-11-25,22492,37,74.0,Naive (Last Value)
2011-11-26,22492,0,74.0,Naive (Last Value)
2011-11-27,22492,0,74.0,Naive (Last Value)
2011-11-28,22492,37,74.0,Naive (Last Value)
2011-11-29,22492,77,74.0,Naive (Last Value)
2011-11-30,22492,115,74.0,Naive (Last Value)
2011-12-01,22492,36,74.0,Naive (Last Value)
2011-12-02,22492,36,74.0,Naive (Last Value)
2011-12-03,22492,0,74.0,Naive (Last Value)
2011-12-04,22492,0,74.0,Naive (Last Value)
2011-12-05,22492,4,74.0,Naive (Last Value)
2011-12-06,22492,36,74.0,Naive (Last Value)
2011-12-07,22492,108,74.0,Naive (Last Value)
2011-12-08,22492,72,74.0,Naive (Last Value)
2011-12-09,22492,0,74.0,Naive (Last Value)
2011-11-10,22492,1188,77.14285714285714,Moving Average (7D)
2011-11-11,22492,74,77.14285714285714,Moving Average (7D)
2011-11-12,22492,0,77.14285714285714,Moving Average (7D)
2011-11-13,22492,0,77.14285714285714,Moving Average (7D)
2011-11-14,22492,421,77.14285714285714,Moving Average (7D)
2011-11-15,22492,2,77.14285714285714,Moving Average (7D)
2011-11-16,22492,36,77.14285714285714,Moving Average (7D)
2011-11-17,22492,108,77.14285714285714,Moving Average (7D)
2011-11-18,22492,76,77.14285714285714,Moving Average (7D)
2011-11-19,22492,0,77.14285714285714,Moving Average (7D)
2011-11-20,22492,36,77.14285714285714,Moving Average (7D)
2011-11-21,22492,111,77.14285714285714,Moving Average (7D)
2011-11-22,22492,38,77.14285714285714,Moving Average (7D)
2011-11-23,22492,144,77.14285714285714,Moving Average (7D)
2011-11-24,22492,72,77.14285714285714,Moving Average (7D)
2011-11-25,22492,37,77.14285714285714,Moving Average (7D)
2011-11-26,22492,0,77.14285714285714,Moving Average (7D)
2011-11-27,22492,0,77.14285714285714,Moving Average (7D)
2011-11-28,22492,37,77.14285714285714,Moving Average (7D)
2011-11-29,22492,77,77.14285714285714,Moving Average (7D)
2011-11-30,22492,115,77.14285714285714,Moving Average (7D)
2011-12-01,22492,36,77.14285714285714,Moving Average (7D)
2011-12-02,22492,36,77.14285714285714,Moving Average (7D)
2011-12-03,22492,0,77.14285714285714,Moving Average (7D)
2011-12-04,22492,0,77.14285714285714,Moving Average (7D)
2011-12-05,22492,4,77.14285714285714,Moving Average (7D)
2011-12-06,22492,36,77.14285714285714,Moving Average (7D)
2011-12-07,22492,108,77.14285714285714,Moving Average (7D)
2011-12-08,22492,72,77.14285714285714,Moving Average (7D)
2011-12-09,22492,0,77.14285714285714,Moving Average (7D)
2011-11-10,22492,1188,77.42857142857143,Moving Average (14D)
2011-11-11,22492,74,77.42857142857143,Moving Average (14D)
2011-11-12,22492,0,77.42857142857143,Moving Average (14D)
2011-11-13,22492,0,77.42857142857143,Moving Average (14D)
2011-11-14,22492,421,77.42857142857143,Moving Average (14D)
2011-11-15,22492,2,77.42857142857143,Moving Average (14D)
2011-11-16,22492,36,77.42857142857143,Moving Average (14D)
2011-11-17,22492,108,77.42857142857143,Moving Average (14D)
2011-11-18,22492,76,77.42857142857143,Moving Average (14D)
2011-11-19,22492,0,77.42857142857143,Moving Average (14D)
2011-11-20,22492,36,77.42857142857143,Moving Average (14D)
2011-11-21,22492,111,77.42857142857143,Moving Average (14D)
2011-11-22,22492,38,77.42857142857143,Moving Average (14D)
2011-11-23,22492,144,77.42857142857143,Moving Average (14D)
2011-11-24,22492,72,77.42857142857143,Moving Average (14D)
2011-11-25,22492,37,77.42857142857143,Moving Average (14D)
2011-11-26,22492,0,77.42857142857143,Moving Average (14D)
2011-11-27,22492,0,77.42857142857143,Moving Average (14D)
2011-11-28,22492,37,77.42857142857143,Moving Average (14D)
2011-11-29,22492,77,77.42857142857143,Moving Average (14D)
2011-11-30,22492,115,77.42857142857143,Moving Average (14D)
2011-12-01,22492,36,77.42857142857143,Moving Average (14D)
2011-12-02,22492,36,77.42857142857143,Moving Average (14D)
2011-12-03,22492,0,77.42857142857143,Moving Average (14D)
2011-12-04,22492,0,77.42857142857143,Moving Average (14D)
2011-12-05,22492,4,77.42857142857143,Moving Average (14D)
2011-12-06,22492,36,77.42857142857143,Moving Average (14D)
2011-12-07,22492,108,77.42857142857143,Moving Average (14D)
2011-12-08,22492,72,77.42857142857143,Moving Average (14D)
2011-12-09,22492,0,77.42857142857143,Moving Average (14D)
2011-11-10,22492,1188,104.35714285714286,Moving Average (28D)
2011-11-11,22492,74,104.35714285714286,Moving Average (28D)
2011-11-12,22492,0,104.35714285714286,Moving Average (28D)
2011-11-13,22492,0,104.35714285714286,Moving Average (28D)
2011-11-14,22492,421,104.35714285714286,Moving Average (28D)
2011-11-15,22492,2,104.35714285714286,Moving Average (28D)
2011-11-16,22492,36,104.35714285714286,Moving Average (28D)
2011-11-17,22492,108,104.35714285714286,Moving Average (28D)
2011-11-18,22492,76,104.35714285714286,Moving Average (28D)
2011-11-19,22492,0,104.35714285714286,Moving Average (28D)
2011-11-20,22492,36,104.35714285714286,Moving Average (28D)
2011-11-21,22492,111,104.35714285714286,Moving Average (28D)
2011-11-22,22492,38,104.35714285714286,Moving Average (28D)
2011-11-23,22492,144,104.35714285714286,Moving Average (28D)
2011-11-24,22492,72,104.35714285714286,Moving Average (28D)
2011-11-25,22492,37,104.35714285714286,Moving Average (28D)
2011-11-26,22492,0,104.35714285714286,Moving Average (28D)
2011-11-27,22492,0,104.35714285714286,Moving Average (28D)
2011-11-28,22492,37,104.35714285714286,Moving Average (28D)
2011-11-29,22492,77,104.35714285714286,Moving Average (28D)
2011-11-30,22492,115,104.35714285714286,Moving Average (28D)
2011-12-01,22492,36,104.35714285714286,Moving Average (28D)
2011-12-02,22492,36,104.35714285714286,Moving Average (28D)
2011-12-03,22492,0,104.35714285714286,Moving Average (28D)
2011-12-04,22492,0,104.35714285714286,Moving Average (28D)
2011-12-05,22492,4,104.35714285714286,Moving Average (28D)
2011-12-06,22492,36,104.35714285714286,Moving Average (28D)
2011-12-07,22492,108,104.35714285714286,Moving Average (28D)
2011-12-08,22492,72,104.35714285714286,Moving Average (28D)
2011-12-09,22492,0,104.35714285714286,Moving Average (28D)
2011-11-10,22492,1188,272.210154629521,LightGBM
2011-11-11,22492,74,137.05738977425818,LightGBM
2011-11-12,22492,0,8.85016913636106,LightGBM
2011-11-13,22492,0,120.35884146912201,LightGBM
2011-11-14,22492,421,158.35117200345442,LightGBM
2011-11-15,22492,2,174.57597286951741,LightGBM
2011-11-16,22492,36,135.46226529017704,LightGBM
2011-11-17,22492,108,190.1113079329518,LightGBM
2011-11-18,22492,76,216.02066251076508,LightGBM
2011-11-19,22492,0,15.50948224533744,LightGBM
2011-11-20,22492,36,130.73979358714834,LightGBM
2011-11-21,22492,111,173.78614777978564,LightGBM
2011-11-22,22492,38,154.27901550985385,LightGBM
2011-11-23,22492,144,182.57526651044222,LightGBM
2011-11-24,22492,72,182.33610827100824,LightGBM
2011-11-25,22492,37,198.822728269534,LightGBM
2011-11-26,22492,0,152.15846317179356,LightGBM
2011-11-27,22492,0,193.7670549820268,LightGBM
2011-11-28,22492,37,197.11943198092183,LightGBM
2011-11-29,22492,77,187.53646423411993,LightGBM
2011-11-30,22492,115,165.25305527789104,LightGBM
2011-12-01,22492,36,239.33772965103455,LightGBM
2011-12-02,22492,36,219.21894908600424,LightGBM
2011-12-03,22492,0,176.23717881296642,LightGBM
2011-12-04,22492,0,236.8400115363974,LightGBM
2011-12-05,22492,4,326.4607128086917,LightGBM
2011-12-06,22492,36,148.19981418722614,LightGBM
2011-12-07,22492,108,220.23752711930064,LightGBM
2011-12-08,22492,72,307.70851510871785,LightGBM
2011-12-09,22492,0,291.89128418665194,LightGBM
2011-11-10,22492,1188,121.09171300362163,Prophet
2011-11-11,22492,74,66.85164908773145,Prophet
2011-11-12,22492,0,9.31387950610197,Prophet
2011-11-13,22492,0,38.70550427695206,Prophet
2011-11-14,22492,421,107.08592119469702,Prophet
2011-11-15,22492,2,76.88233550323616,Prophet
2011-11-16,22492,36,71.53778244233149,Prophet
2011-11-17,22492,108,133.43764146983162,Prophet
2011-11-18,22492,76,80.50463969943442,Prophet
2011-11-19,22492,0,24.039273149428638,Prophet
2011-11-20,22492,36,54.2593466126023,Prophet
2011-11-21,22492,111,123.21853624940762,Prophet
2011-11-22,22492,38,93.34171959999327,Prophet
2011-11-23,22492,144,88.07277874518303,Prophet
2011-11-24,22492,72,149.80086653538584,Prophet
2011-11-25,22492,37,96.45514432116146,Prophet
2011-11-26,22492,0,39.34493008116979,Prophet
2011-11-27,22492,0,68.69896712416887,Prophet
2011-11-28,22492,37,136.58372561587626,Prophet
2011-11-29,22492,77,105.43848830844252,Prophet
2011-11-30,22492,115,98.72293126299215,Prophet
2011-12-01,22492,36,158.84319279974352,Prophet
2011-12-02,22492,36,103.7464406538484,Prophet
2011-12-03,22492,0,44.76087602715074,Prophet
2011-12-04,22492,0,72.13488286821885,Prophet
2011-12-05,22492,4,137.95523128605942,Prophet
2011-12-06,22492,36,104.68208186903092,Prophet
2011-12-07,22492,108,95.79649606876698,Prophet
2011-12-08,22492,72,153.72643954278902,Prophet
2011-12-09,22492,0,96.44128170203001,Prophet
2011-11-10,84755,52,0.0,Naive (Last Value)
2011-11-11,84755,168,0.0,Naive (Last Value)
2011-11-12,84755,0,0.0,Naive (Last Value)
2011-11-13,84755,32,0.0,Naive (Last Value)
2011-11-14,84755,72,0.0,Naive (Last Value)
2011-11-15,84755,16,0.0,Naive (Last Value)
2011-11-16,84755,20,0.0,Naive (Last Value)
2011-11-17,84755,16,0.0,Naive (Last Value)
2011-11-18,84755,16,0.0,Naive (Last Value)
2011-11-19,84755,0,0.0,Naive (Last Value)
2011-11-20,84755,4,0.0,Naive (Last Value)
2011-11-21,84755,0,0.0,Naive (Last Value)
2011-11-22,84755,40,0.0,Naive (Last Value)
2011-11-23,84755,256,0.0,Naive (Last Value)
2011-11-24,84755,48,0.0,Naive (Last Value)
2011-11-25,84755,4,0.0,Naive (Last Value)
2011-11-26,84755,0,0.0,Naive (Last Value)
2011-11-27,84755,0,0.0,Naive (Last Value)
2011-11-28,84755,16,0.0,Naive (Last Value)
2011-11-29,84755,0,0.0,Naive (Last Value)
2011-11-30,84755,4,0.0,Naive (Last Value)
2011-12-01,84755,20,0.0,Naive (Last Value)
2011-12-02,84755,0,0.0,Naive (Last Value)
2011-12-03,84755,0,0.0,Naive (Last Value)
2011-12-04,84755,0,0.0,Naive (Last Value)
2011-12-05,84755,72,0.0,Naive (Last Value)
2011-12-06,84755,16,0.0,Naive (Last Value)
2011-12-07,84755,16,0.0,Naive (Last Value)
2011-12-08,84755,36,0.0,Naive (Last Value)
2011-12-09,84755,4,0.0,Naive (Last Value)
2011-11-10,84755,52,16.0,Moving Average (7D)
2011-11-11,84755,168,16.0,Moving Average (7D)
2011-11-12,84755,0,16.0,Moving Average (7D)
2011-11-13,84755,32,16.0,Moving Average (7D)
2011-11-14,84755,72,16.0,Moving Average (7D)
2011-11-15,84755,16,16.0,Moving Average (7D)
2011-11-16,84755,20,16.0,Moving Average (7D)
2011-11-17,84755,16,16.0,Moving Average (7D)
2011-11-18,84755,16,16.0,Moving Average (7D)
2011-11-19,84755,0,16.0,Moving Average (7D)
2011-11-20,84755,4,16.0,Moving Average (7D)
2011-11-21,84755,0,16.0,Moving Average (7D)
2011-11-22,84755,40,16.0,Moving Average (7D)
2011-11-23,84755,256,16.0,Moving Average (7D)
2011-11-24,84755,48,16.0,Moving Average (7D)
2011-11-25,84755,4,16.0,Moving Average (7D)
2011-11-26,84755,0,16.0,Moving Average (7D)
2011-11-27,84755,0,16.0,Moving Average (7D)
2011-11-28,84755,16,16.0,Moving Average (7D)
2011-11-29,84755,0,16.0,Moving Average (7D)
2011-11-30,84755,4,16.0,Moving Average (7D)
2011-12-01,84755,20,16.0,Moving Average (7D)
2011-12-02,84755,0,16.0,Moving Average (7D)
2011-12-03,84755,0,16.0,Moving Average (7D)
2011-12-04,84755,0,16.0,Moving Average (7D)
2011-12-05,84755,72,16.0,Moving Average (7D)
2011-12-06,84755,16,16.0,Moving Average (7D)
2011-12-07,84755,16,16.0,Moving Average (7D)
2011-12-08,84755,36,16.0,Moving Average (7D)
2011-12-09,84755,4,16.0,Moving Average (7D)
2011-11-10,84755,52,14.0,Moving Average (14D)
2011-11-11,84755,168,14.0,Moving Average (14D)
2011-11-12,84755,0,14.0,Moving Average (14D)
2011-11-13,84755,32,14.0,Moving Average (14D)
2011-11-14,84755,72,14.0,Moving Average (14D)
2011-11-15,84755,16,14.0,Moving Average (14D)
2011-11-16,84755,20,14.0,Moving Average (14D)
2011-11-17,84755,16,14.0,Moving Average (14D)
2011-11-18,84755,16,14.0,Moving Average (14D)
2011-11-19,84755,0,14.0,Moving Average (14D)
2011-11-20,84755,4,14.0,Moving Average (14D)
2011-11-21,84755,0,14.0,Moving Average (14D)
2011-11-22,84755,40,14.0,Moving Average (14D)
2011-11-23,84755,256,14.0,Moving Average (14D)
2011-11-24,84755,48,14.0,Moving Average (14D)
2011-11-25,84755,4,14.0,Moving Average (14D)
2011-11-26,84755,0,14.0,Moving Average (14D)
2011-11-27,84755,0,14.0,Moving Average (14D)
2011-11-28,84755,16,14.0,Moving Average (14D)
2011-11-29,84755,0,14.0,Moving Average (14D)
2011-11-30,84755,4,14.0,Moving Average (14D)
2011-12-01,84755,20,14.0,Moving Average (14D)
2011-12-02,84755,0,14.0,Moving Average (14D)
2011-12-03,84755,0,14.0,Moving Average (14D)
2011-12-04,84755,0,14.0,Moving Average (14D)
2011-12-05,84755,72,14.0,Moving Average (14D)
2011-12-06,84755,16,14.0,Moving Average (14D)
2011-12-07,84755,16,14.0,Moving Average (14D)
2011-12-08,84755,36,14.0,Moving Average (14D)
2011-12-09,84755,4,14.0,Moving Average (14D)
2011-11-10,84755,52,18.0,Moving Average (28D)
2011-11-11,84755,168,18.0,Moving Average (28D)
2011-11-12,84755,0,18.0,Moving Average (28D)
2011-11-13,84755,32,18.0,Moving Average (28D)
2011-11-14,84755,72,18.0,Moving Average (28D)
2011-11-15,84755,16,18.0,Moving Average (28D)
2011-11-16,84755,20,18.0,Moving Average (28D)
2011-11-17,84755,16,18.0,Moving Average (28D)
2011-11-18,84755,16,18.0,Moving Average (28D)
2011-11-19,84755,0,18.0,Moving Average (28D)
2011-11-20,84755,4,18.0,Moving Average (28D)
2011-11-21,84755,0,18.0,Moving Average (28D)
2011-11-22,84755,40,18.0,Moving Average (28D)
2011-11-23,84755,256,18.0,Moving Average (28D)
2011-11-24,84755,48,18.0,Moving Average (28D)
2011-11-25,84755,4,18.0,Moving Average (28D)
2011-11-26,84755,0,18.0,Moving Average (28D)
2011-11-27,84755,0,18.0,Moving Average (28D)
2011-11-28,84755,16,18.0,Moving Average (28D)
2011-11-29,84755,0,18.0,Moving Average (28D)
2011-11-30,84755,4,18.0,Moving Average (28D)
2011-12-01,84755,20,18.0,Moving Average (28D)
2011-12-02,84755,0,18.0,Moving Average (28D)
2011-12-03,84755,0,18.0,Moving Average (28D)
2011-12-04,84755,0,18.0,Moving Average (28D)
2011-12-05,84755,72,18.0,Moving Average (28D)
2011-12-06,84755,16,18.0,Moving Average (28D)
2011-12-07,84755,16,18.0,Moving Average (28D)
2011-12-08,84755,36,18.0,Moving Average (28D)
2011-12-09,84755,4,18.0,Moving Average (28D)
2011-11-10,84755,52,34.90276810992403,LightGBM
2011-11-11,84755,168,20.134970655431623,LightGBM
2011-11-12,84755,0,8.297190080532905,LightGBM
2011-11-13,84755,32,19.165317882381906,LightGBM
2011-11-14,84755,72,21.61331636140303,LightGBM
2011-11-15,84755,16,29.901220254931562,LightGBM
2011-11-16,84755,20,43.54843958652377,LightGBM
2011-11-17,84755,16,44.494912188536325,LightGBM
2011-11-18,84755,16,21.412241200940738,LightGBM
2011-11-19,84755,0,8.297190080532905,LightGBM
2011-11-20,84755,4,18.414073862772845,LightGBM
2011-11-21,84755,0,23.871549563550943,LightGBM
2011-11-22,84755,40,38.37216690767573,LightGBM
2011-11-23,84755,256,29.039006702734966,LightGBM
2011-11-24,84755,48,41.1423316053206,LightGBM
2011-11-25,84755,4,20.778149943923136,LightGBM
2011-11-26,84755,0,8.324811348985321,LightGBM
2011-11-27,84755,0,18.414073862772845,LightGBM
2011-11-28,84755,16,28.55759545330065,LightGBM
2011-11-29,84755,0,41.1423316053206,LightGBM
2011-11-30,84755,4,44.134278904030374,LightGBM
2011-12-01,84755,20,38.211294133281704,LightGBM
2011-12-02,84755,0,18.618963116037754,LightGBM
2011-12-03,84755,0,8.958902606002923,LightGBM
2011-12-04,84755,0,17.8862523334072,LightGBM
2011-12-05,84755,72,24.43085206186369,LightGBM
2011-12-06,84755,16,36.01431086598355,LightGBM
2011-12-07,84755,16,38.211294133281704,LightGBM
2011-12-08,84755,36,41.7764228623382,LightGBM
2011-12-09,84755,4,18.618963116037754,LightGBM
2011-11-10,84755,52,54.44895607837262,Prophet
2011-11-11,84755,168,0.0,Prophet
2011-11-12,84755,0,0.0,Prophet
2011-11-13,84755,32,0.0,Prophet
2011-11-14,84755,72,10.84212254891008,Prophet
2011-11-15,84755,16,13.880139413845445,Prophet
2011-11-16,84755,20,7.881093839442279,Prophet
2011-11-17,84755,16,51.05732662895572,Prophet
2011-11-18,84755,16,0.0,Prophet
2011-11-19,84755,0,0.0,Prophet
2011-11-20,84755,4,0.0,Prophet
2011-11-21,84755,0,11.070547492721833,Prophet
2011-11-22,84755,40,14.995238848727883,Prophet
2011-11-23,84755,256,9.802245423596325,Prophet
2011-11-24,84755,48,53.668613579337304,Prophet
2011-11-25,84755,4,0.0,Prophet
2011-11-26,84755,0,0.0,Prophet
2011-11-27,84755,0,0.0,Prophet
2011-11-28,84755,16,14.696072404512726,Prophet
2011-11-29,84755,0,18.335161781744095,Prophet
2011-11-30,84755,4,12.622156386968264,Prophet
2011-12-01,84755,20,55.73741206317971,Prophet
2011-12-02,84755,0,0.0,Prophet
2011-12-03,84755,0,0.0,Prophet
2011-12-04,84755,0,0.0,Prophet
2011-12-05,84755,72,11.778069795544305,Prophet
2011-12-06,84755,16,13.81778873284497,Prophet
2011-12-07,84755,16,6.442005716822283,Prophet
2011-12-08,84755,36,47.877420684677844,Prophet
2011-12-09,84755,4,0.0,Prophet
2011-11-10,20725,93,161.0,Naive (Last Value)
2011-11-11,20725,88,161.0,Naive (Last Value)
2011-11-12,20725,0,161.0,Naive (Last Value)
2011-11-13,20725,23,161.0,Naive (Last Value)
2011-11-14,20725,155,161.0,Naive (Last Value)
2011-11-15,20725,232,161.0,Naive (Last Value)
2011-11-16,20725,66,161.0,Naive (Last Value)
2011-11-17,20725,71,161.0,Naive (Last Value)
2011-11-18,20725,76,161.0,Naive (Last Value)
2011-11-19,20725,0,161.0,Naive (Last Value)
2011-11-20,20725,49,161.0,Naive (Last Value)
2011-11-21,20725,37,161.0,Naive (Last Value)
2011-11-22,20725,47,161.0,Naive (Last Value)
2011-11-23,20725,37,161.0,Naive (Last Value)
2011-11-24,20725,44,161.0,Naive (Last Value)
2011-11-25,20725,93,161.0,Naive (Last Value)
2011-11-26,20725,0,161.0,Naive (Last Value)
2011-11-27,20725,18,161.0,Naive (Last Value)
2011-11-28,20725,58,161.0,Naive (Last Value)
2011-11-29,20725,49,161.0,Naive (Last Value)
2011-11-30,20725,91,161.0,Naive (Last Value)
2011-12-01,20725,51,161.0,Naive (Last Value)
2011-12-02,20725,72,161.0,Naive (Last Value)
2011-12-03,20725,0,161.0,Naive (Last Value)
2011-12-04,20725,10,161.0,Naive (Last Value)
2011-12-05,20725,50,161.0,Naive (Last Value)
2011-12-06,20725,85,161.0,Naive (Last Value)
2011-12-07,20725,35,161.0,Naive (Last Value)
2011-12-08,20725,52,161.0,Naive (Last Value)
2011-12-09,20725,42,161.0,Naive (Last Value)
2011-11-10,20725,93,77.42857142857143,Moving Average (7D)
2011-11-11,20725,88,77.42857142857143,Moving Average (7D)
2011-11-12,20725,0,77.42857142857143,Moving Average (7D)
2011-11-13,20725,23,77.42857142857143,Moving Average (7D)
2011-11-14,20725,155,77.42857142857143,Moving Average (7D)
2011-11-15,20725,232,77.42857142857143,Moving Average (7D)
2011-11-16,20725,66,77.42857142857143,Moving Average (7D)
2011-11-17,20725,71,77.42857142857143,Moving Average (7D)
2011-11-18,20725,76,77.42857142857143,Moving Average (7D)
2011-11-19,20725,0,77.42857142857143,Moving Average (7D)
2011-11-20,20725,49,77.42857142857143,Moving Average (7D)
2011-11-21,20725,37,77.42857142857143,Moving Average (7D)
2011-11-22,20725,47,77.42857142857143,Moving Average (7D)
2011-11-23,20725,37,77.42857142857143,Moving Average (7D)
2011-11-24,20725,44,77.42857142857143,Moving Average (7D)
2011-11-25,20725,93,77.42857142857143,Moving Average (7D)
2011-11-26,20725,0,77.42857142857143,Moving Average (7D)
2011-11-27,20725,18,77.42857142857143,Moving Average (7D)
2011-11-28,20725,58,77.42857142857143,Moving Average (7D)
2011-11-29,20725,49,77.42857142857143,Moving Average (7D)
2011-11-30,20725,91,77.42857142857143,Moving Average (7D)
2011-12-01,20725,51,77.42857142857143,Moving Average (7D)
2011-12-02,20725,72,77.42857142857143,Moving Average (7D)
2011-12-03,20725,0,77.42857142857143,Moving Average (7D)
2011-12-04,20725,10,77.42857142857143,Moving Average (7D)
2011-12-05,20725,50,77.42857142857143,Moving Average (7D)
2011-12-06,20725,85,77.42857142857143,Moving Average (7D)
2011-12-07,20725,35,77.42857142857143,Moving Average (7D)
2011-12-08,20725,52,77.42857142857143,Moving Average (7D)
2011-12-09,20725,42,77.42857142857143,Moving Average (7D)
2011-11-10,20725,93,63.714285714285715,Moving Average (14D)
2011-11-11,20725,88,63.714285714285715,Moving Average (14D)
2011-11-12,20725,0,63.714285714285715,Moving Average (14D)
2011-11-13,20725,23,63.714285714285715,Moving Average (14D)
2011-11-14,20725,155,63.714285714285715,Moving Average (14D)
2011-11-15,20725,232,63.714285714285715,Moving Average (14D)
2011-11-16,20725,66,63.714285714285715,Moving Average (14D)
2011-11-17,20725,71,63.714285714285715,Moving Average (14D)
2011-11-18,20725,76,63.714285714285715,Moving Average (14D)
2011-11-19,20725,0,63.714285714285715,Moving Average (14D)
2011-11-20,20725,49,63.714285714285715,Moving Average (14D)
2011-11-21,20725,37,63.714285714285715,Moving Average (14D)
2011-11-22,20725,47,63.714285714285715,Moving Average (14D)
2011-11-23,20725,37,63.714285714285715,Moving Average (14D)
2011-11-24,20725,44,63.714285714285715,Moving Average (14D)
2011-11-25,20725,93,63.714285714285715,Moving Average (14D)
2011-11-26,20725,0,63.714285714285715,Moving Average (14D)
2011-11-27,20725,18,63.714285714285715,Moving Average (14D)
2011-11-28,20725,58,63.714285714285715,Moving Average (14D)
2011-11-29,20725,49,63.714285714285715,Moving Average (14D)
2011-11-30,20725,91,63.714285714285715,Moving Average (14D)
2011-12-01,20725,51,63.714285714285715,Moving Average (14D)
2011-12-02,20725,72,63.714285714285715,Moving Average (14D)
2011-12-03,20725,0,63.714285714285715,Moving Average (14D)
2011-12-04,20725,10,63.714285714285715,Moving Average (14D)
2011-12-05,20725,50,63.714285714285715,Moving Average (14D)
2011-12-06,20725,85,63.714285714285715,Moving Average (14D)
2011-12-07,20725,35,63.714285714285715,Moving Average (14D)
2011-12-08,20725,52,63.714285714285715,Moving Average (14D)
2011-12-09,20725,42,63.714285714285715,Moving Average (14D)
2011-11-10,20725,93,53.785714285714285,Moving Average (28D)
2011-11-11,20725,88,53.785714285714285,Moving Average (28D)
2011-11-12,20725,0,53.785714285714285,Moving Average (28D)
2011-11-13,20725,23,53.785714285714285,Moving Average (28D)
2011-11-14,20725,155,53.785714285714285,Moving Average (28D)
2011-11-15,20725,232,53.785714285714285,Moving Average (28D)
2011-11-16,20725,66,53.785714285714285,Moving Average (28D)
2011-11-17,20725,71,53.785714285714285,Moving Average (28D)
2011-11-18,20725,76,53.785714285714285,Moving Average (28D)
2011-11-19,20725,0,53.785714285714285,Moving Average (28D)
2011-11-20,20725,49,53.785714285714285,Moving Average (28D)
2011-11-21,20725,37,53.785714285714285,Moving Average (28D)
2011-11-22,20725,47,53.785714285714285,Moving Average (28D)
2011-11-23,20725,37,53.785714285714285,Moving Average (28D)
2011-11-24,20725,44,53.785714285714285,Moving Average (28D)
2011-11-25,20725,93,53.785714285714285,Moving Average (28D)
2011-11-26,20725,0,53.785714285714285,Moving Average (28D)
2011-11-27,20725,18,53.785714285714285,Moving Average (28D)
2011-11-28,20725,58,53.785714285714285,Moving Average (28D)
2011-11-29,20725,49,53.785714285714285,Moving Average (28D)
2011-11-30,20725,91,53.785714285714285,Moving Average (28D)
2011-12-01,20725,51,53.785714285714285,Moving Average (28D)
2011-12-02,20725,72,53.785714285714285,Moving Average (28D)
2011-12-03,20725,0,53.785714285714285,Moving Average (28D)
2011-12-04,20725,10,53.785714285714285,Moving Average (28D)
2011-12-05,20725,50,53.785714285714285,Moving Average (28D)
2011-12-06,20725,85,53.785714285714285,Moving Average (28D)
2011-12-07,20725,35,53.785714285714285,Moving Average (28D)
2011-12-08,20725,52,53.785714285714285,Moving Average (28D)
2011-12-09,20725,42,53.785714285714285,Moving Average (28D)
2011-11-10,20725,93,89.65534249091252,LightGBM
2011-11-11,20725,88,49.804888027593535,LightGBM
2011-11-12,20725,0,5.246480341348719,LightGBM
2011-11-13,20725,23,39.04944621963984,LightGBM
2011-11-14,20725,155,53.28306261488654,LightGBM
2011-11-15,20725,232,66.46998579750881,LightGBM
2011-11-16,20725,66,65.3931807163104,LightGBM
2011-11-17,20725,71,92.95358420681593,LightGBM
2011-11-18,20725,76,58.85717074313201,LightGBM
2011-11-19,20725,0,8.317479050951992,LightGBM
2011-11-20,20725,49,45.031009148409055,LightGBM
2011-11-21,20725,37,89.2230384399956,LightGBM
2011-11-22,20725,47,164.82554535375368,LightGBM
2011-11-23,20725,37,75.33796770168051,LightGBM
2011-11-24,20725,44,95.28009582142107,LightGBM
2011-11-25,20725,93,73.5480284072377,LightGBM
2011-11-26,20725,0,14.461458117520769,LightGBM
2011-11-27,20725,18,53.10656743250116,LightGBM
2011-11-28,20725,58,72.70213218624365,LightGBM
2011-11-29,20725,49,89.87097828261388,LightGBM
2011-11-30,20725,91,98.67324891491121,LightGBM
2011-12-01,20725,51,96.47679132734977,LightGBM
2011-12-02,20725,72,68.09751957648362,LightGBM
2011-12-03,20725,0,24.93609008648761,LightGBM
2011-12-04,20725,10,55.86191261916959,LightGBM
2011-12-05,20725,50,66.92774271072308,LightGBM
2011-12-06,20725,85,109.08381606245975,LightGBM
2011-12-07,20725,35,99.4502583008161,LightGBM
2011-12-08,20725,52,103.64286487067521,LightGBM
2011-12-09,20725,42,59.9570069567172,LightGBM
2011-11-10,20725,93,88.2532207227953,Prophet
2011-11-11,20725,88,70.23677395730333,Prophet
2011-11-12,20725,0,7.105039698944459,Prophet
2011-11-13,20725,23,42.655172864405394,Prophet
2011-11-14,20725,155,68.43187719825667,Prophet
2011-11-15,20725,232,83.85396494155,Prophet
2011-11-16,20725,66,73.54226494610324,Prophet
2011-11-17,20725,71,85.66429182900751,Prophet
2011-11-18,20725,76,66.98470963873159,Prophet
2011-11-19,20725,0,3.288037806242791,Prophet
2011-11-20,20725,49,38.364832327558396,Prophet
2011-11-21,20725,37,63.74965990904701,Prophet
2011-11-22,20725,47,78.8481457259445,Prophet
2011-11-23,20725,37,68.26547035186807,Prophet
2011-11-24,20725,44,80.15170983177737,Prophet
2011-11-25,20725,93,61.25303116621353,Prophet
2011-11-26,20725,0,0.0,Prophet
2011-11-27,20725,18,32.17038373490277,Prophet
2011-11-28,20725,58,57.27621865650079,Prophet
2011-11-29,20725,49,72.04327048769176,Prophet
2011-11-30,20725,91,61.06436647622539,Prophet
2011-12-01,20725,51,72.48049490323754,Prophet
2011-12-02,20725,72,53.03248966762285,Prophet
2011-12-03,20725,0,0.0,Prophet
2011-12-04,20725,10,22.61306823222423,Prophet
2011-12-05,20725,50,46.942215053855136,Prophet
2011-12-06,20725,85,60.874922282235474,Prophet
2011-12-07,20725,35,49.02022436011271,Prophet
2011-12-08,20725,52,59.53916762191396,Prophet
2011-12-09,20725,42,39.19600980009726,Prophet
2011-11-10,21213,1,25.0,Naive (Last Value)
2011-11-11,21213,47,25.0,Naive (Last Value)
2011-11-12,21213,0,25.0,Naive (Last Value)
2011-11-13,21213,14,25.0,Naive (Last Value)
2011-11-14,21213,27,25.0,Naive (Last Value)
2011-11-15,21213,10,25.0,Naive (Last Value)
2011-11-16,21213,15,25.0,Naive (Last Value)
2011-11-17,21213,50,25.0,Naive (Last Value)
2011-11-18,21213,32,25.0,Naive (Last Value)
2011-11-19,21213,0,25.0,Naive (Last Value)
2011-11-20,21213,29,25.0,Naive (Last Value)
2011-11-21,21213,26,25.0,Naive (Last Value)
2011-11-22,21213,6,25.0,Naive (Last Value)
2011-11-23,21213,28,25.0,Naive (Last Value)
2011-11-24,21213,0,25.0,Naive (Last Value)
2011-11-25,21213,0,25.0,Naive (Last Value)
2011-11-26,21213,0,25.0,Naive (Last Value)
2011-11-27,21213,4,25.0,Naive (Last Value)
2011-11-28,21213,26,25.0,Naive (Last Value)
2011-11-29,21213,27,25.0,Naive (Last Value)
2011-11-30,21213,121,25.0,Naive (Last Value)
2011-12-01,21213,24,25.0,Naive (Last Value)
2011-12-02,21213,6,25.0,Naive (Last Value)
2011-12-03,21213,0,25.0,Naive (Last Value)
2011-12-04,21213,6,25.0,Naive (Last Value)
2011-12-05,21213,50,25.0,Naive (Last Value)
2011-12-06,21213,3,25.0,Naive (Last Value)
2011-12-07,21213,48,25.0,Naive (Last Value)
2011-12-08,21213,3,25.0,Naive (Last Value)
2011-12-09,21213,2,25.0,Naive (Last Value)
2011-11-10,21213,1,31.714285714285715,Moving Average (7D)
2011-11-11,21213,47,31.714285714285715,Moving Average (7D)
2011-11-12,21213,0,31.714285714285715,Moving Average (7D)
2011-11-13,21213,14,31.714285714285715,Moving Average (7D)
2011-11-14,21213,27,31.714285714285715,Moving Average (7D)
2011-11-15,21213,10,31.714285714285715,Moving Average (7D)
2011-11-16,21213,15,31.714285714285715,Moving Average (7D)
2011-11-17,21213,50,31.714285714285715,Moving Average (7D)
2011-11-18,21213,32,31.714285714285715,Moving Average (7D)
2011-11-19,21213,0,31.714285714285715,Moving Average (7D)
2011-11-20,21213,29,31.714285714285715,Moving Average (7D)
2011-11-21,21213,26,31.714285714285715,Moving Average (7D)
2011-11-22,21213,6,31.714285714285715,Moving Average (7D)
2011-11-23,21213,28,31.714285714285715,Moving Average (7D)
2011-11-24,21213,0,31.714285714285715,Moving Average (7D)
2011-11-25,21213,0,31.714285714285715,Moving Average (7D)
2011-11-26,21213,0,31.714285714285715,Moving Average (7D)
2011-11-27,21213,4,31.714285714285715,Moving Average (7D)
2011-11-28,21213,26,31.714285714285715,Moving Average (7D)
2011-11-29,21213,27,31.714285714285715,Moving Average (7D)
2011-11-30,21213,121,31.714285714285715,Moving Average (7D)
2011-12-01,21213,24,31.714285714285715,Moving Average (7D)
2011-12-02,21213,6,31.714285714285715,Moving Average (7D)
2011-12-03,21213,0,31.714285714285715,Moving Average (7D)
2011-12-04,21213,6,31.714285714285715,Moving Average (7D)
2011-12-05,21213,50,31.714285714285715,Moving Average (7D)
2011-12-06,21213,3,31.714285714285715,Moving Average (7D)
2011-12-07,21213,48,31.714285714285715,Moving Average (7D)
2011-12-08,21213,3,31.714285714285715,Moving Average (7D)
2011-12-09,21213,2,31.714285714285715,Moving Average (7D)
2011-11-10,21213,1,52.214285714285715,Moving Average (14D)
2011-11-11,21213,47,52.214285714285715,Moving Average (14D)
2011-11-12,21213,0,52.214285714285715,Moving Average (14D)
2011-11-13,21213,14,52.214285714285715,Moving Average (14D)
2011-11-14,21213,27,52.214285714285715,Moving Average (14D)
2011-11-15,21213,10,52.214285714285715,Moving Average (14D)
2011-11-16,21213,15,52.214285714285715,Moving Average (14D)
2011-11-17,21213,50,52.214285714285715,Moving Average (14D)
2011-11-18,21213,32,52.214285714285715,Moving Average (14D)
2011-11-19,21213,0,52.214285714285715,Moving Average (14D)
2011-11-20,21213,29,52.214285714285715,Moving Average (14D)
2011-11-21,21213,26,52.214285714285715,Moving Average (14D)
2011-11-22,21213,6,52.214285714285715,Moving Average (14D)
2011-11-23,21213,28,52.214285714285715,Moving Average (14D)
2011-11-24,21213,0,52.214285714285715,Moving Average (14D)
2011-11-25,21213,0,52.214285714285715,Moving Average (14D)
2011-11-26,21213,0,52.214285714285715,Moving Average (14D)
2011-11-27,21213,4,52.214285714285715,Moving Average (14D)
2011-11-28,21213,26,52.214285714285715,Moving Average (14D)
2011-11-29,21213,27,52.214285714285715,Moving Average (14D)
2011-11-30,21213,121,52.214285714285715,Moving Average (14D)
2011-12-01,21213,24,52.214285714285715,Moving Average (14D)
2011-12-02,21213,6,52.214285714285715,Moving Average (14D)
2011-12-03,21213,0,52.214285714285715,Moving Average (14D)
2011-12-04,21213,6,52.214285714285715,Moving Average (14D)
2011-12-05,21213,50,52.214285714285715,Moving Average (14D)
2011-12-06,21213,3,52.214285714285715,Moving Average (14D)
2011-12-07,21213,48,52.214285714285715,Moving Average (14D)
2011-12-08,21213,3,52.214285714285715,Moving Average (14D)
2011-12-09,21213,2,52.214285714285715,Moving Average (14D)
2011-11-10,21213,1,45.857142857142854,Moving Average (28D)
2011-11-11,21213,47,45.857142857142854,Moving Average (28D)
2011-11-12,21213,0,45.857142857142854,Moving Average (28D)
2011-11-13,21213,14,45.857142857142854,Moving Average (28D)
2011-11-14,21213,27,45.857142857142854,Moving Average (28D)
2011-11-15,21213,10,45.857142857142854,Moving Average (28D)
2011-11-16,21213,15,45.857142857142854,Moving Average (28D)
2011-11-17,21213,50,45.857142857142854,Moving Average (28D)
2011-11-18,21213,32,45.857142857142854,Moving Average (28D)
2011-11-19,21213,0,45.857142857142854,Moving Average (28D)
2011-11-20,21213,29,45.857142857142854,Moving Average (28D)
2011-11-21,21213,26,45.857142857142854,Moving Average (28D)
2011-11-22,21213,6,45.857142857142854,Moving Average (28D)
2011-11-23,21213,28,45.857142857142854,Moving Average (28D)
2011-11-24,21213,0,45.857142857142854,Moving Average (28D)
2011-11-25,21213,0,45.857142857142854,Moving Average (28D)
2011-11-26,21213,0,45.857142857142854,Moving Average (28D)
2011-11-27,21213,4,45.857142857142854,Moving Average (28D)
2011-11-28,21213,26,45.857142857142854,Moving Average (28D)
2011-11-29,21213,27,45.857142857142854,Moving Average (28D)
2011-11-30,21213,121,45.857142857142854,Moving Average (28D)
2011-12-01,21213,24,45.857142857142854,Moving Average (28D)
2011-12-02,21213,6,45.857142857142854,Moving Average (28D)
2011-12-03,21213,0,45.857142857142854,Moving Average (28D)
2011-12-04,21213,6,45.857142857142854,Moving Average (28D)
2011-12-05,21213,50,45.857142857142854,Moving Average (28D)
2011-12-06,21213,3,45.857142857142854,Moving Average (28D)
2011-12-07,21213,48,45.857142857142854,Moving Average (28D)
2011-12-08,21213,3,45.857142857142854,Moving Average (28D)
2011-12-09,21213,2,45.857142857142854,Moving Average (28D)
2011-11-10,21213,1,54.370608292957684,LightGBM
2011-11-11,21213,47,55.817856381263645,LightGBM
2011-11-12,21213,0,3.3756920863193973,LightGBM
2011-11-13,21213,14,94.37734041110357,LightGBM
2011-11-14,21213,27,57.85994379504469,LightGBM
2011-11-15,21213,10,30.40454626071893,LightGBM
2011-11-16,21213,15,36.66557660607965,LightGBM
2011-11-17,21213,50,65.19257824505361,LightGBM
2011-11-18,21213,32,64.02473537421433,LightGBM
2011-11-19,21213,0,34.75676412984298,LightGBM
2011-11-20,21213,29,88.85482762829248,LightGBM
2011-11-21,21213,26,108.54860854487566,LightGBM
2011-11-22,21213,6,24.27703217004645,LightGBM
2011-11-23,21213,28,46.61309589397664,LightGBM
2011-11-24,21213,0,51.4165839605784,LightGBM
2011-11-25,21213,0,51.32421397661481,LightGBM
2011-11-26,21213,0,35.78203496891351,LightGBM
2011-11-27,21213,4,57.90839633811122,LightGBM
2011-11-28,21213,26,63.68901764996731,LightGBM
2011-11-29,21213,27,110.12311538888258,LightGBM
2011-11-30,21213,121,124.75266944095985,LightGBM
2011-12-01,21213,24,30.558798400289376,LightGBM
2011-12-02,21213,6,31.109059719170688,LightGBM
2011-12-03,21213,0,58.106883561236295,LightGBM
2011-12-04,21213,6,30.36447118938699,LightGBM
2011-12-05,21213,50,51.76506096637347,LightGBM
2011-12-06,21213,3,139.03724478333626,LightGBM
2011-12-07,21213,48,46.52793489132846,LightGBM
2011-12-08,21213,3,33.611106986788904,LightGBM
2011-12-09,21213,2,33.51873700282531,LightGBM
2011-11-10,21213,1,48.40407038078685,Prophet
2011-11-11,21213,47,46.08050823765396,Prophet
2011-11-12,21213,0,0.0,Prophet
2011-11-13,21213,14,34.12897397435758,Prophet
2011-11-14,21213,27,50.91592013839205,Prophet
2011-11-15,21213,10,74.16770152784842,Prophet
2011-11-16,21213,15,53.199857789790656,Prophet
2011-11-17,21213,50,38.29648505204611,Prophet
2011-11-18,21213,32,35.47655298143097,Prophet
2011-11-19,21213,0,0.0,Prophet
2011-11-20,21213,29,22.7701669553076,Prophet
2011-11-21,21213,26,39.32359332688269,Prophet
2011-11-22,21213,6,62.45107407676821,Prophet
2011-11-23,21213,28,41.475037152720475,Prophet
2011-11-24,21213,0,26.68364163417509,Prophet
2011-11-25,21213,0,24.096867178686445,Prophet
2011-11-26,21213,0,0.0,Prophet
2011-11-27,21213,4,12.208300397137235,Prophet
2011-11-28,21213,26,29.332229446013905,Prophet
2011-11-29,21213,27,53.12322195708454,Prophet
2011-11-30,21213,121,32.88897965032438,Prophet
2011-12-01,21213,24,18.900333669511113,Prophet
2011-12-02,21213,6,17.157724503058702,Prophet
2011-12-03,21213,0,0.0,Prophet
2011-12-04,21213,6,6.995398607685363,Prophet
2011-12-05,21213,50,24.95580437209451,Prophet
2011-12-06,21213,3,49.53470941335991,Prophet
2011-12-07,21213,48,30.01737764167071,Prophet
2011-12-08,21213,3,16.65351914025542,Prophet
2011-12-09,21213,2,15.424411984421198,Prophet
2011-11-10,22178,186,4.0,Naive (Last Value)
2011-11-11,22178,34,4.0,Naive (Last Value)
2011-11-12,22178,0,4.0,Naive (Last Value)
2011-11-13,22178,6,4.0,Naive (Last Value)
2011-11-14,22178,49,4.0,Naive (Last Value)
2011-11-15,22178,39,4.0,Naive (Last Value)
2011-11-16,22178,97,4.0,Naive (Last Value)
2011-11-17,22178,214,4.0,Naive (Last Value)
2011-11-18,22178,2,4.0,Naive (Last Value)
2011-11-19,22178,0,4.0,Naive (Last Value)
2011-11-20,22178,48,4.0,Naive (Last Value)
2011-11-21,22178,209,4.0,Naive (Last Value)
2011-11-22,22178,32,4.0,Naive (Last Value)
2011-11-23,22178,11,4.0,Naive (Last Value)
2011-11-24,22178,78,4.0,Naive (Last Value)
2011-11-25,22178,12,4.0,Naive (Last Value)
2011-11-26,22178,0,4.0,Naive (Last Value)
2011-11-27,22178,30,4.0,Naive (Last Value)
2011-11-28,22178,247,4.0,Naive (Last Value)
2011-11-29,22178,80,4.0,Naive (Last Value)
2011-11-30,22178,88,4.0,Naive (Last Value)
2011-12-01,22178,158,4.0,Naive (Last Value)
2011-12-02,22178,26,4.0,Naive (Last Value)
2011-12-03,22178,0,4.0,Naive (Last Value)
2011-12-04,22178,150,4.0,Naive (Last Value)
2011-12-05,22178,377,4.0,Naive (Last Value)
2011-12-06,22178,74,4.0,Naive (Last Value)
2011-12-07,22178,78,4.0,Naive (Last Value)
2011-12-08,22178,109,4.0,Naive (Last Value)
2011-12-09,22178,18,4.0,Naive (Last Value)
2011-11-10,22178,186,28.428571428571427,Moving Average (7D)
2011-11-11,22178,34,28.428571428571427,Moving Average (7D)
2011-11-12,22178,0,28.428571428571427,Moving Average (7D)
2011-11-13,22178,6,28.428571428571427,Moving Average (7D)
2011-11-14,22178,49,28.428571428571427,Moving Average (7D)
2011-11-15,22178,39,28.428571428571427,Moving Average (7D)
2011-11-16,22178,97,28.428571428571427,Moving Average (7D)
2011-11-17,22178,214,28.428571428571427,Moving Average (7D)
2011-11-18,22178,2,28.428571428571427,Moving Average (7D)
2011-11-19,22178,0,28.428571428571427,Moving Average (7D)
2011-11-20,22178,48,28.428571428571427,Moving Average (7D)
2011-11-21,22178,209,28.428571428571427,Moving Average (7D)
2011-11-22,22178,32,28.428571428571427,Moving Average (7D)
2011-11-23,22178,11,28.428571428571427,Moving Average (7D)
2011-11-24,22178,78,28.428571428571427,Moving Average (7D)
2011-11-25,22178,12,28.428571428571427,Moving Average (7D)
2011-11-26,22178,0,28.428571428571427,Moving Average (7D)
2011-11-27,22178,30,28.428571428571427,Moving Average (7D)
2011-11-28,22178,247,28.428571428571427,Moving Average (7D)
2011-11-29,22178,80,28.428571428571427,Moving Average (7D)
2011-11-30,22178,88,28.428571428571427,Moving Average (7D)
2011-12-01,22178,158,28.428571428571427,Moving Average (7D)
2011-12-02,22178,26,28.428571428571427,Moving Average (7D)
2011-12-03,22178,0,28.428571428571427,Moving Average (7D)
2011-12-04,22178,150,28.428571428571427,Moving Average (7D)
2011-12-05,22178,377,28.428571428571427,Moving Average (7D)
2011-12-06,22178,74,28.428571428571427,Moving Average (7D)
2011-12-07,22178,78,28.428571428571427,Moving Average (7D)
2011-12-08,22178,109,28.428571428571427,Moving Average (7D)
2011-12-09,22178,18,28.428571428571427,Moving Average (7D)
2011-11-10,22178,186,45.07142857142857,Moving Average (14D)
2011-11-11,22178,34,45.07142857142857,Moving Average (14D)
2011-11-12,22178,0,45.07142857142857,Moving Average (14D)
2011-11-13,22178,6,45.07142857142857,Moving Average (14D)
2011-11-14,22178,49,45.07142857142857,Moving Average (14D)
2011-11-15,22178,39,45.07142857142857,Moving Average (14D)
2011-11-16,22178,97,45.07142857142857,Moving Average (14D)
2011-11-17,22178,214,45.07142857142857,Moving Average (14D)
2011-11-18,22178,2,45.07142857142857,Moving Average (14D)
2011-11-19,22178,0,45.07142857142857,Moving Average (14D)
2011-11-20,22178,48,45.07142857142857,Moving Average (14D)
2011-11-21,22178,209,45.07142857142857,Moving Average (14D)
2011-11-22,22178,32,45.07142857142857,Moving Average (14D)
2011-11-23,22178,11,45.07142857142857,Moving Average (14D)
2011-11-24,22178,78,45.07142857142857,Moving Average (14D)
2011-11-25,22178,12,45.07142857142857,Moving Average (14D)
2011-11-26,22178,0,45.07142857142857,Moving Average (14D)
2011-11-27,22178,30,45.07142857142857,Moving Average (14D)
2011-11-28,22178,247,45.07142857142857,Moving Average (14D)
2011-11-29,22178,80,45.07142857142857,Moving Average (14D)
2011-11-30,22178,88,45.07142857142857,Moving Average (14D)
2011-12-01,22178,158,45.07142857142857,Moving Average (14D)
2011-12-02,22178,26,45.07142857142857,Moving Average (14D)
2011-12-03,22178,0,45.07142857142857,Moving Average (14D)
2011-12-04,22178,150,45.07142857142857,Moving Average (14D)
2011-12-05,22178,377,45.07142857142857,Moving Average (14D)
2011-12-06,22178,74,45.07142857142857,Moving Average (14D)
2011-12-07,22178,78,45.07142857142857,Moving Average (14D)
2011-12-08,22178,109,45.07142857142857,Moving Average (14D)
2011-12-09,22178,18,45.07142857142857,Moving Average (14D)
2011-11-10,22178,186,73.92857142857143,Moving Average (28D)
2011-11-11,22178,34,73.92857142857143,Moving Average (28D)
2011-11-12,22178,0,73.92857142857143,Moving Average (28D)
2011-11-13,22178,6,73.92857142857143,Moving Average (28D)
2011-11-14,22178,49,73.92857142857143,Moving Average (28D)
2011-11-15,22178,39,73.92857142857143,Moving Average (28D)
2011-11-16,22178,97,73.92857142857143,Moving Average (28D)
2011-11-17,22178,214,73.92857142857143,Moving Average (28D)
2011-11-18,22178,2,73.92857142857143,Moving Average (28D)
2011-11-19,22178,0,73.92857142857143,Moving Average (28D)
2011-11-20,22178,48,73.92857142857143,Moving Average (28D)
2011-11-21,22178,209,73.92857142857143,Moving Average (28D)
2011-11-22,22178,32,73.92857142857143,Moving Average (28D)
2011-11-23,22178,11,73.92857142857143,Moving Average (28D)
2011-11-24,22178,78,73.92857142857143,Moving Average (28D)
2011-11-25,22178,12,73.92857142857143,Moving Average (28D)
2011-11-26,22178,0,73.92857142857143,Moving Average (28D)
2011-11-27,22178,30,73.92857142857143,Moving Average (28D)
2011-11-28,22178,247,73.92857142857143,Moving Average (28D)
2011-11-29,22178,80,73.92857142857143,Moving Average (28D)
2011-11-30,22178,88,73.92857142857143,Moving Average (28D)
2011-12-01,22178,158,73.92857142857143,Moving Average (28D)
2011-12-02,22178,26,73.92857142857143,Moving Average (28D)
2011-12-03,22178,0,73.92857142857143,Moving Average (28D)
2011-12-04,22178,150,73.92857142857143,Moving Average (28D)
2011-12-05,22178,377,73.92857142857143,Moving Average (28D)
2011-12-06,22178,74,73.92857142857143,Moving Average (28D)
2011-12-07,22178,78,73.92857142857143,Moving Average (28D)
2011-12-08,22178,109,73.92857142857143,Moving Average (28D)
2011-12-09,22178,18,73.92857142857143,Moving Average (28D)
2011-11-10,22178,186,65.4902234048999,LightGBM
2011-11-11,22178,34,58.20093981880565,LightGBM
2011-11-12,22178,0,27.598513778062994,LightGBM
2011-11-13,22178,6,78.4866348451215,LightGBM
2011-11-14,22178,49,79.31379819972528,LightGBM
2011-11-15,22178,39,65.6833156595087,LightGBM
2011-11-16,22178,97,247.30088685262595,LightGBM
2011-11-17,22178,214,50.930770729343216,LightGBM
2011-11-18,22178,2,79.2967302337071,LightGBM
2011-11-19,22178,0,24.003291573728795,LightGBM
2011-11-20,22178,48,70.52660751120528,LightGBM
2011-11-21,22178,209,140.976246142672,LightGBM
2011-11-22,22178,32,48.09270250908759,LightGBM
2011-11-23,22178,11,122.9406321114427,LightGBM
2011-11-24,22178,78,91.16021917826548,LightGBM
2011-11-25,22178,12,101.22955777298655,LightGBM
2011-11-26,22178,0,22.951021701222057,LightGBM
2011-11-27,22178,30,69.61188183068965,LightGBM
2011-11-28,22178,247,90.88553936802766,LightGBM
2011-11-29,22178,80,130.7676618567825,LightGBM
2011-11-30,22178,88,147.2707239023865,LightGBM
2011-12-01,22178,158,131.99942987370903,LightGBM
2011-12-02,22178,26,143.71411432665684,LightGBM
2011-12-03,22178,0,23.30813486424548,LightGBM
2011-12-04,22178,150,92.70091540668739,LightGBM
2011-12-05,22178,377,122.63186173427282,LightGBM
2011-12-06,22178,74,134.84284876741546,LightGBM
2011-12-07,22178,78,158.9437703892222,LightGBM
2011-12-08,22178,109,171.25222749003544,LightGBM
2011-12-09,22178,18,112.8353701935989,LightGBM
2011-11-10,22178,186,164.07345665825284,Prophet
2011-11-11,22178,34,143.40714041937738,Prophet
2011-11-12,22178,0,94.50029466926993,Prophet
2011-11-13,22178,6,135.0783829051938,Prophet
2011-11-14,22178,49,172.80683774212406,Prophet
2011-11-15,22178,39,166.96903897610622,Prophet
2011-11-16,22178,97,168.34159755340335,Prophet
2011-11-17,22178,214,173.50664503450344,Prophet
2011-11-18,22178,2,149.57832295160128,Prophet
2011-11-19,22178,0,97.41853358775577,Prophet
2011-11-20,22178,48,134.8031313283307,Prophet
2011-11-21,22178,209,169.4437014891633,Prophet
2011-11-22,22178,32,160.664629518358,Prophet
2011-11-23,22178,11,159.27765369879393,Prophet
2011-11-24,22178,78,161.89361579183105,Prophet
2011-11-25,22178,12,135.64861301534972,Prophet
2011-11-26,22178,0,81.41961587251508,Prophet
2011-11-27,22178,30,116.99072798766753,Prophet
2011-11-28,22178,247,150.07522607403564,Prophet
2011-11-29,22178,80,139.9930687203077,Prophet
2011-11-30,22178,88,137.5460480112461,Prophet
2011-12-01,22178,158,139.3302750418598,Prophet
2011-12-02,22178,26,112.46317585260897,Prophet
2011-12-03,22178,0,57.80003279758107,Prophet
2011-12-04,22178,150,93.10121629101666,Prophet
2011-12-05,22178,377,126.0552130956238,Prophet
2011-12-06,22178,74,115.95710810879778,Prophet
2011-12-07,22178,78,113.58466310187382,Prophet
2011-12-08,22178,109,115.51165499996361,Prophet
2011-12-09,22178,18,88.83562466570103,Prophet
2011-11-10,22386,18,254.0,Naive (Last Value)
2011-11-11,22386,114,254.0,Naive (Last Value)
2011-11-12,22386,0,254.0,Naive (Last Value)
2011-11-13,22386,24,254.0,Naive (Last Value)
2011-11-14,22386,321,254.0,Naive (Last Value)
2011-11-15,22386,22,254.0,Naive (Last Value)
2011-11-16,22386,76,254.0,Naive (Last Value)
2011-11-17,22386,31,254.0,Naive (Last Value)
2011-11-18,22386,31,254.0,Naive (Last Value)
2011-11-19,22386,0,254.0,Naive (Last Value)
2011-11-20,22386,40,254.0,Naive (Last Value)
2011-11-21,22386,25,254.0,Naive (Last Value)
2011-11-22,22386,2,254.0,Naive (Last Value)
2011-11-23,22386,29,254.0,Naive (Last Value)
2011-11-24,22386,33,254.0,Naive (Last Value)
2011-11-25,22386,142,254.0,Naive (Last Value)
2011-11-26,22386,0,254.0,Naive (Last Value)
2011-11-27,22386,22,254.0,Naive (Last Value)
2011-11-28,22386,11,254.0,Naive (Last Value)
2011-11-29,22386,33,254.0,Naive (Last Value)
2011-11-30,22386,35,254.0,Naive (Last Value)
2011-12-01,22386,11,254.0,Naive (Last Value)
2011-12-02,22386,341,254.0,Naive (Last Value)
2011-12-03,22386,0,254.0,Naive (Last Value)
2011-12-04,22386,5,254.0,Naive (Last Value)
2011-12-05,22386,28,254.0,Naive (Last Value)
2011-12-06,22386,23,254.0,Naive (Last Value)
2011-12-07,22386,33,254.0,Naive (Last Value)
2011-12-08,22386,7,254.0,Naive (Last Value)
2011-12-09,22386,11,254.0,Naive (Last Value)
2011-11-10,22386,18,68.28571428571429,Moving Average (7D)
2011-11-11,22386,114,68.28571428571429,Moving Average (7D)
2011-11-12,22386,0,68.28571428571429,Moving Average (7D)
2011-11-13,22386,24,68.28571428571429,Moving Average (7D)
2011-11-14,22386,321,68.28571428571429,Moving Average (7D)
2011-11-15,22386,22,68.28571428571429,Moving Average (7D)
2011-11-16,22386,76,68.28571428571429,Moving Average (7D)
2011-11-17,22386,31,68.28571428571429,Moving Average (7D)
2011-11-18,22386,31,68.28571428571429,Moving Average (7D)
2011-11-19,22386,0,68.28571428571429,Moving Average (7D)
2011-11-20,22386,40,68.28571428571429,Moving Average (7D)
2011-11-21,22386,25,68.28571428571429,Moving Average (7D)
2011-11-22,22386,2,68.28571428571429,Moving Average (7D)
2011-11-23,22386,29,68.28571428571429,Moving Average (7D)
2011-11-24,22386,33,68.28571428571429,Moving Average (7D)
2011-11-25,22386,142,68.28571428571429,Moving Average (7D)
2011-11-26,22386,0,68.28571428571429,Moving Average (7D)
2011-11-27,22386,22,68.28571428571429,Moving Average (7D)
2011-11-28,22386,11,68.28571428571429,Moving Average (7D)
2011-11-29,22386,33,68.28571428571429,Moving Average (7D)
2011-11-30,22386,35,68.28571428571429,Moving Average (7D)
2011-12-01,22386,11,68.28571428571429,Moving Average (7D)
2011-12-02,22386,341,68.28571428571429,Moving Average (7D)
2011-12-03,22386,0,68.28571428571429,Moving Average (7D)
2011-12-04,22386,5,68.28571428571429,Moving Average (7D)
2011-12-05,22386,28,68.28571428571429,Moving Average (7D)
2011-12-06,22386,23,68.28571428571429,Moving Average (7D)
2011-12-07,22386,33,68.28571428571429,Moving Average (7D)
2011-12-08,22386,7,68.28571428571429,Moving Average (7D)
2011-12-09,22386,11,68.28571428571429,Moving Average (7D)
2011-11-10,22386,18,77.57142857142857,Moving Average (14D)
2011-11-11,22386,114,77.57142857142857,Moving Average (14D)
2011-11-12,22386,0,77.57142857142857,Moving Average (14D)
2011-11-13,22386,24,77.57142857142857,Moving Average (14D)
2011-11-14,22386,321,77.57142857142857,Moving Average (14D)
2011-11-15,22386,22,77.57142857142857,Moving Average (14D)
2011-11-16,22386,76,77.57142857142857,Moving Average (14D)
2011-11-17,22386,31,77.57142857142857,Moving Average (14D)
2011-11-18,22386,31,77.57142857142857,Moving Average (14D)
2011-11-19,22386,0,77.57142857142857,Moving Average (14D)
2011-11-20,22386,40,77.57142857142857,Moving Average (14D)
2011-11-21,22386,25,77.57142857142857,Moving Average (14D)
2011-11-22,22386,2,77.57142857142857,Moving Average (14D)
2011-11-23,22386,29,77.57142857142857,Moving Average (14D)
2011-11-24,22386,33,77.57142857142857,Moving Average (14D)
2011-11-25,22386,142,77.57142857142857,Moving Average (14D)
2011-11-26,22386,0,77.57142857142857,Moving Average (14D)
2011-11-27,22386,22,77.57142857142857,Moving Average (14D)
2011-11-28,22386,11,77.57142857142857,Moving Average (14D)
2011-11-29,22386,33,77.57142857142857,Moving Average (14D)
2011-11-30,22386,35,77.57142857142857,Moving Average (14D)
2011-12-01,22386,11,77.57142857142857,Moving Average (14D)
2011-12-02,22386,341,77.57142857142857,Moving Average (14D)
2011-12-03,22386,0,77.57142857142857,Moving Average (14D)
2011-12-04,22386,5,77.57142857142857,Moving Average (14D)
2011-12-05,22386,28,77.57142857142857,Moving Average (14D)
2011-12-06,22386,23,77.57142857142857,Moving Average (14D)
2011-12-07,22386,33,77.57142857142857,Moving Average (14D)
2011-12-08,22386,7,77.57142857142857,Moving Average (14D)
2011-12-09,22386,11,77.57142857142857,Moving Average (14D)
2011-11-10,22386,18,64.64285714285714,Moving Average (28D)
2011-11-11,22386,114,64.64285714285714,Moving Average (28D)
2011-11-12,22386,0,64.64285714285714,Moving Average (28D)
2011-11-13,22386,24,64.64285714285714,Moving Average (28D)
2011-11-14,22386,321,64.64285714285714,Moving Average (28D)
2011-11-15,22386,22,64.64285714285714,Moving Average (28D)
2011-11-16,22386,76,64.64285714285714,Moving Average (28D)
2011-11-17,22386,31,64.64285714285714,Moving Average (28D)
2011-11-18,22386,31,64.64285714285714,Moving Average (28D)
2011-11-19,22386,0,64.64285714285714,Moving Average (28D)
2011-11-20,22386,40,64.64285714285714,Moving Average (28D)
2011-11-21,22386,25,64.64285714285714,Moving Average (28D)
2011-11-22,22386,2,64.64285714285714,Moving Average (28D)
2011-11-23,22386,29,64.64285714285714,Moving Average (28D)
2011-11-24,22386,33,64.64285714285714,Moving Average (28D)
2011-11-25,22386,142,64.64285714285714,Moving Average (28D)
2011-11-26,22386,0,64.64285714285714,Moving Average (28D)
2011-11-27,22386,22,64.64285714285714,Moving Average (28D)
2011-11-28,22386,11,64.64285714285714,Moving Average (28D)
2011-11-29,22386,33,64.64285714285714,Moving Average (28D)
2011-11-30,22386,35,64.64285714285714,Moving Average (28D)
2011-12-01,22386,11,64.64285714285714,Moving Average (28D)
2011-12-02,22386,341,64.64285714285714,Moving Average (28D)
2011-12-03,22386,0,64.64285714285714,Moving Average (28D)
2011-12-04,22386,5,64.64285714285714,Moving Average (28D)
2011-12-05,22386,28,64.64285714285714,Moving Average (28D)
2011-12-06,22386,23,64.64285714285714,Moving Average (28D)
2011-12-07,22386,33,64.64285714285714,Moving Average (28D)
2011-12-08,22386,7,64.64285714285714,Moving Average (28D)
2011-12-09,22386,11,64.64285714285714,Moving Average (28D)
2011-11-10,22386,18,111.27767220443151,LightGBM
2011-11-11,22386,114,149.6775693489232,LightGBM
2011-11-12,22386,0,28.32582544295894,LightGBM
2011-11-13,22386,24,37.285288207820145,LightGBM
2011-11-14,22386,321,122.25703585948476,LightGBM
2011-11-15,22386,22,161.15151350237196,LightGBM
2011-11-16,22386,76,250.90107790251443,LightGBM
2011-11-17,22386,31,181.26357830886914,LightGBM
2011-11-18,22386,31,172.09210205597032,LightGBM
2011-11-19,22386,0,49.52724608665946,LightGBM
2011-11-20,22386,40,44.58526532897969,LightGBM
2011-11-21,22386,25,110.31506865124778,LightGBM
2011-11-22,22386,2,191.2732438563143,LightGBM
2011-11-23,22386,29,240.68491675736885,LightGBM
2011-11-24,22386,33,190.141854756771,LightGBM
2011-11-25,22386,142,94.63899856764708,LightGBM
2011-11-26,22386,0,61.56265971781245,LightGBM
2011-11-27,22386,22,71.50127952840101,LightGBM
2011-11-28,22386,11,124.55023898021129,LightGBM
2011-11-29,22386,33,184.13293581608488,LightGBM
2011-11-30,22386,35,137.414662074485,LightGBM
2011-12-01,22386,11,225.91406101205374,LightGBM
2011-12-02,22386,341,193.5535327054562,LightGBM
2011-12-03,22386,0,77.48324914156487,LightGBM
2011-12-04,22386,5,80.37652792254622,LightGBM
2011-12-05,22386,28,150.19679103188662,LightGBM
2011-12-06,22386,23,186.74853371276583,LightGBM
2011-12-07,22386,33,164.5046071587459,LightGBM
2011-12-08,22386,7,185.1146897532187,LightGBM
2011-12-09,22386,11,122.7098463481852,LightGBM
2011-11-10,22386,18,124.89885809611843,Prophet
2011-11-11,22386,114,102.63658022811143,Prophet
2011-11-12,22386,0,39.04852371848423,Prophet
2011-11-13,22386,24,67.08307911585159,Prophet
2011-11-14,22386,321,108.69253127273483,Prophet
2011-11-15,22386,22,110.60654735202901,Prophet
2011-11-16,22386,76,111.74840411357795,Prophet
2011-11-17,22386,31,137.70567159146324,Prophet
2011-11-18,22386,31,111.9878205180307,Prophet
2011-11-19,22386,0,44.68650708683185,Prophet
2011-11-20,22386,40,68.82039221113055,Prophet
2011-11-21,22386,25,106.41493946529819,Prophet
2011-11-22,22386,2,104.27443337052955,Prophet
2011-11-23,22386,29,101.39673040772186,Prophet
2011-11-24,22386,33,123.44248983395605,Prophet
2011-11-25,22386,142,93.9913805339676,Prophet
2011-11-26,22386,0,23.201044716196378,Prophet
2011-11-27,22386,22,44.15070064816429,Prophet
2011-11-28,22386,11,78.91985102041562,Prophet
2011-11-29,22386,33,74.35935796403476,Prophet
2011-11-30,22386,35,69.5054131289251,Prophet
2011-12-01,22386,11,90.04816232505982,Prophet
2011-12-02,22386,341,59.58748964194609,Prophet
2011-12-03,22386,0,0.0,Prophet
2011-12-04,22386,5,9.2413103169036,Prophet
2011-12-05,22386,28,44.50743227167155,Prophet
2011-12-06,22386,23,40.92363617208734,Prophet
2011-12-07,22386,33,37.500179818270425,Prophet
2011-12-08,22386,7,59.89332992732156,Prophet
2011-12-09,22386,11,31.661938468174498,Prophet
2011-11-10,22616,64,0.0,Naive (Last Value)
2011-11-11,22616,1,0.0,Naive (Last Value)
2011-11-12,22616,0,0.0,Naive (Last Value)
2011-11-13,22616,48,0.0,Naive (Last Value)
2011-11-14,22616,214,0.0,Naive (Last Value)
2011-11-15,22616,888,0.0,Naive (Last Value)
2011-11-16,22616,78,0.0,Naive (Last Value)
2011-11-17,22616,155,0.0,Naive (Last Value)
2011-11-18,22616,12,0.0,Naive (Last Value)
2011-11-19,22616,0,0.0,Naive (Last Value)
2011-11-20,22616,2,0.0,Naive (Last Value)
2011-11-21,22616,13,0.0,Naive (Last Value)
2011-11-22,22616,5,0.0,Naive (Last Value)
2011-11-23,22616,48,0.0,Naive (Last Value)
2011-11-24,22616,0,0.0,Naive (Last Value)
2011-11-25,22616,32,0.0,Naive (Last Value)
2011-11-26,22616,0,0.0,Naive (Last Value)
2011-11-27,22616,2,0.0,Naive (Last Value)
2011-11-28,22616,88,0.0,Naive (Last Value)
2011-11-29,22616,439,0.0,Naive (Last Value)
2011-11-30,22616,51,0.0,Naive (Last Value)
2011-12-01,22616,22,0.0,Naive (Last Value)
2011-12-02,22616,36,0.0,Naive (Last Value)
2011-12-03,22616,0,0.0,Naive (Last Value)
2011-12-04,22616,0,0.0,Naive (Last Value)
2011-12-05,22616,507,0.0,Naive (Last Value)
2011-12-06,22616,3,0.0,Naive (Last Value)
2011-12-07,22616,51,0.0,Naive (Last Value)
2011-12-08,22616,3,0.0,Naive (Last Value)
2011-12-09,22616,1,0.0,Naive (Last Value)
2011-11-10,22616,64,107.71428571428571,Moving Average (7D)
2011-11-11,22616,1,107.71428571428571,Moving Average (7D)
2011-11-12,22616,0,107.71428571428571,Moving Average (7D)
2011-11-13,22616,48,107.71428571428571,Moving Average (7D)
2011-11-14,22616,214,107.71428571428571,Moving Average (7D)
2011-11-15,22616,888,107.71428571428571,Moving Average (7D)
2011-11-16,22616,78,107.71428571428571,Moving Average (7D)
2011-11-17,22616,155,107.71428571428571,Moving Average (7D)
2011-11-18,22616,12,107.71428571428571,Moving Average (7D)
2011-11-19,22616,0,107.71428571428571,Moving Average (7D)
2011-11-20,22616,2,107.71428571428571,Moving Average (7D)
2011-11-21,22616,13,107.71428571428571,Moving Average (7D)
2011-11-22,22616,5,107.71428571428571,Moving Average (7D)
2011-11-23,22616,48,107.71428571428571,Moving Average (7D)
2011-11-24,22616,0,107.71428571428571,Moving Average (7D)
2011-11-25,22616,32,107.71428571428571,Moving Average (7D)
2011-11-26,22616,0,107.71428571428571,Moving Average (7D)
2011-11-27,22616,2,107.71428571428571,Moving Average (7D)
2011-11-28,22616,88,107.71428571428571,Moving Average (7D)
2011-11-29,22616,439,107.71428571428571,Moving Average (7D)
2011-11-30,22616,51,107.71428571428571,Moving Average (7D)
2011-12-01,22616,22,107.71428571428571,Moving Average (7D)
2011-12-02,22616,36,107.71428571428571,Moving Average (7D)
2011-12-03,22616,0,107.71428571428571,Moving Average (7D)
2011-12-04,22616,0,107.71428571428571,Moving Average (7D)
2011-12-05,22616,507,107.71428571428571,Moving Average (7D)
2011-12-06,22616,3,107.71428571428571,Moving Average (7D)
2011-12-07,22616,51,107.71428571428571,Moving Average (7D)
2011-12-08,22616,3,107.71428571428571,Moving Average (7D)
2011-12-09,22616,1,107.71428571428571,Moving Average (7D)
2011-11-10,22616,64,75.85714285714286,Moving Average (14D)
2011-11-11,22616,1,75.85714285714286,Moving Average (14D)
2011-11-12,22616,0,75.85714285714286,Moving Average (14D)
2011-11-13,22616,48,75.85714285714286,Moving Average (14D)
2011-11-14,22616,214,75.85714285714286,Moving Average (14D)
2011-11-15,22616,888,75.85714285714286,Moving Average (14D)
2011-11-16,22616,78,75.85714285714286,Moving Average (14D)
2011-11-17,22616,155,75.85714285714286,Moving Average (14D)
2011-11-18,22616,12,75.85714285714286,Moving Average (14D)
2011-11-19,22616,0,75.85714285714286,Moving Average (14D)
2011-11-20,22616,2,75.85714285714286,Moving Average (14D)
2011-11-21,22616,13,75.85714285714286,Moving Average (14D)
2011-11-22,22616,5,75.85714285714286,Moving Average (14D)
2011-11-23,22616,48,75.85714285714286,Moving Average (14D)
2011-11-24,22616,0,75.85714285714286,Moving Average (14D)
2011-11-25,22616,32,75.85714285714286,Moving Average (14D)
2011-11-26,22616,0,75.85714285714286,Moving Average (14D)
2011-11-27,22616,2,75.85714285714286,Moving Average (14D)
2011-11-28,22616,88,75.85714285714286,Moving Average (14D)
2011-11-29,22616,439,75.85714285714286,Moving Average (14D)
2011-11-30,22616,51,75.85714285714286,Moving Average (14D)
2011-12-01,22616,22,75.85714285714286,Moving Average (14D)
2011-12-02,22616,36,75.85714285714286,Moving Average (14D)
2011-12-03,22616,0,75.85714285714286,Moving Average (14D)
2011-12-04,22616,0,75.85714285714286,Moving Average (14D)
2011-12-05,22616,507,75.85714285714286,Moving Average (14D)
2011-12-06,22616,3,75.85714285714286,Moving Average (14D)
2011-12-07,22616,51,75.85714285714286,Moving Average (14D)
2011-12-08,22616,3,75.85714285714286,Moving Average (14D)
2011-12-09,22616,1,75.85714285714286,Moving Average (14D)
2011-11-10,22616,64,65.28571428571429,Moving Average (28D)
2011-11-11,22616,1,65.28571428571429,Moving Average (28D)
2011-11-12,22616,0,65.28571428571429,Moving Average (28D)
2011-11-13,22616,48,65.28571428571429,Moving Average (28D)
2011-11-14,22616,214,65.28571428571429,Moving Average (28D)
2011-11-15,22616,888,65.28571428571429,Moving Average (28D)
2011-11-16,22616,78,65.28571428571429,Moving Average (28D)
2011-11-17,22616,155,65.28571428571429,Moving Average (28D)
2011-11-18,22616,12,65.28571428571429,Moving Average (28D)
2011-11-19,22616,0,65.28571428571429,Moving Average (28D)
2011-11-20,22616,2,65.28571428571429,Moving Average (28D)
2011-11-21,22616,13,65.28571428571429,Moving Average (28D)
2011-11-22,22616,5,65.28571428571429,Moving Average (28D)
2011-11-23,22616,48,65.28571428571429,Moving Average (28D)
2011-11-24,22616,0,65.28571428571429,Moving Average (28D)
2011-11-25,22616,32,65.28571428571429,Moving Average (28D)
2011-11-26,22616,0,65.28571428571429,Moving Average (28D)
2011-11-27,22616,2,65.28571428571429,Moving Average (28D)
2011-11-28,22616,88,65.28571428571429,Moving Average (28D)
2011-11-29,22616,439,65.28571428571429,Moving Average (28D)
2011-11-30,22616,51,65.28571428571429,Moving Average (28D)
2011-12-01,22616,22,65.28571428571429,Moving Average (28D)
2011-12-02,22616,36,65.28571428571429,Moving Average (28D)
2011-12-03,22616,0,65.28571428571429,Moving Average (28D)
2011-12-04,22616,0,65.28571428571429,Moving Average (28D)
2011-12-05,22616,507,65.28571428571429,Moving Average (28D)
2011-12-06,22616,3,65.28571428571429,Moving Average (28D)
2011-12-07,22616,51,65.28571428571429,Moving Average (28D)
2011-12-08,22616,3,65.28571428571429,Moving Average (28D)
2011-12-09,22616,1,65.28571428571429,Moving Average (28D)
2011-11-10,22616,64,208.02353070684524,LightGBM
2011-11-11,22616,1,164.4441576908104,LightGBM
2011-11-12,22616,0,25.612403274822217,LightGBM
2011-11-13,22616,48,50.114927872131084,LightGBM
2011-11-14,22616,214,77.74705754276098,LightGBM
2011-11-15,22616,888,123.93496841930556,LightGBM
2011-11-16,22616,78,163.1641966275278,LightGBM
2011-11-17,22616,155,148.05160259873836,LightGBM
2011-11-18,22616,12,129.22873079655278,LightGBM
2011-11-19,22616,0,8.060652293605353,LightGBM
2011-11-20,22616,2,33.228103162338776,LightGBM
2011-11-21,22616,13,69.91868315933388,LightGBM
2011-11-22,22616,5,79.88675408453233,LightGBM
2011-11-23,22616,48,114.92573519290457,LightGBM
2011-11-24,22616,0,174.93923375982942,LightGBM
2011-11-25,22616,32,99.45303196384424,LightGBM
2011-11-26,22616,0,31.71973110013644,LightGBM
2011-11-27,22616,2,53.29906686128145,LightGBM
2011-11-28,22616,88,89.55747350220105,LightGBM
2011-11-29,22616,439,171.47573238648155,LightGBM
2011-11-30,22616,51,156.25630951088615,LightGBM
2011-12-01,22616,22,339.77869273881487,LightGBM
2011-12-02,22616,36,126.06581256370731,LightGBM
2011-12-03,22616,0,0.0,LightGBM
2011-12-04,22616,0,117.53289484500019,LightGBM
2011-12-05,22616,507,95.31514390335576,LightGBM
2011-12-06,22616,3,179.3013179852144,LightGBM
2011-12-07,22616,51,183.08741047148675,LightGBM
2011-12-08,22616,3,241.1241750297686,LightGBM
2011-12-09,22616,1,96.4755222496623,LightGBM
2011-11-10,22616,64,255.11108386068952,Prophet
2011-11-11,22616,1,211.39897848817935,Prophet
2011-11-12,22616,0,160.0065086248187,Prophet
2011-11-13,22616,48,196.87317871024993,Prophet
2011-11-14,22616,214,201.76429354622968,Prophet
2011-11-15,22616,888,236.05260531803322,Prophet
2011-11-16,22616,78,195.9208560967444,Prophet
2011-11-17,22616,155,245.4892882185909,Prophet
2011-11-18,22616,12,191.0274220767197,Prophet
2011-11-19,22616,0,129.30872275114726,Prophet
2011-11-20,22616,2,156.4817398292156,Prophet
2011-11-21,22616,13,152.5063453958304,Prophet
2011-11-22,22616,5,178.93068610846467,Prophet
2011-11-23,22616,48,132.0895059081429,Prophet
2011-11-24,22616,0,176.22802119927917,Prophet
2011-11-25,22616,32,117.71074214476275,Prophet
2011-11-26,22616,0,53.373937743137574,Prophet
2011-11-27,22616,2,79.39538536230569,Prophet
2011-11-28,22616,88,75.73006461100125,Prophet
2011-11-29,22616,439,103.88742400773117,Prophet
2011-11-30,22616,51,60.13086688948325,Prophet
2011-12-01,22616,22,108.60360592613642,Prophet
2011-12-02,22616,36,55.54022597264456,Prophet
2011-12-03,22616,0,0.0,Prophet
2011-12-04,22616,0,30.85356050839456,Prophet
2011-12-05,22616,507,34.997318632520226,Prophet
2011-12-06,22616,3,71.36140728828198,Prophet
2011-12-07,22616,51,36.001398457990604,Prophet
2011-12-08,22616,3,92.85196995796,Prophet
2011-12-09,22616,1,47.943671327918764,Prophet
2011-11-10,21232,57,0.0,Naive (Last Value)
2011-11-11,21232,19,0.0,Naive (Last Value)
2011-11-12,21232,0,0.0,Naive (Last Value)
2011-11-13,21232,30,0.0,Naive (Last Value)
2011-11-14,21232,84,0.0,Naive (Last Value)
2011-11-15,21232,577,0.0,Naive (Last Value)
2011-11-16,21232,14,0.0,Naive (Last Value)
2011-11-17,21232,66,0.0,Naive (Last Value)
2011-11-18,21232,2,0.0,Naive (Last Value)
2011-11-19,21232,0,0.0,Naive (Last Value)
2011-11-20,21232,25,0.0,Naive (Last Value)
2011-11-21,21232,75,0.0,Naive (Last Value)
2011-11-22,21232,7,0.0,Naive (Last Value)
2011-11-23,21232,94,0.0,Naive (Last Value)
2011-11-24,21232,2,0.0,Naive (Last Value)
2011-11-25,21232,46,0.0,Naive (Last Value)
2011-11-26,21232,0,0.0,Naive (Last Value)
2011-11-27,21232,1,0.0,Naive (Last Value)
2011-11-28,21232,37,0.0,Naive (Last Value)
2011-11-29,21232,64,0.0,Naive (Last Value)
2011-11-30,21232,56,0.0,Naive (Last Value)
2011-12-01,21232,251,0.0,Naive (Last Value)
2011-12-02,21232,31,0.0,Naive (Last Value)
2011-12-03,21232,0,0.0,Naive (Last Value)
2011-12-04,21232,24,0.0,Naive (Last Value)
2011-12-05,21232,75,0.0,Naive (Last Value)
2011-12-06,21232,3,0.0,Naive (Last Value)
2011-12-07,21232,142,0.0,Naive (Last Value)
2011-12-08,21232,30,0.0,Naive (Last Value)
2011-12-09,21232,14,0.0,Naive (Last Value)
2011-11-10,21232,57,27.714285714285715,Moving Average (7D)
2011-11-11,21232,19,27.714285714285715,Moving Average (7D)
2011-11-12,21232,0,27.714285714285715,Moving Average (7D)
2011-11-13,21232,30,27.714285714285715,Moving Average (7D)
2011-11-14,21232,84,27.714285714285715,Moving Average (7D)
2011-11-15,21232,577,27.714285714285715,Moving Average (7D)
2011-11-16,21232,14,27.714285714285715,Moving Average (7D)
2011-11-17,21232,66,27.714285714285715,Moving Average (7D)
2011-11-18,21232,2,27.714285714285715,Moving Average (7D)
2011-11-19,21232,0,27.714285714285715,Moving Average (7D)
2011-11-20,21232,25,27.714285714285715,Moving Average (7D)
2011-11-21,21232,75,27.714285714285715,Moving Average (7D)
2011-11-22,21232,7,27.714285714285715,Moving Average (7D)
2011-11-23,21232,94,27.714285714285715,Moving Average (7D)
2011-11-24,21232,2,27.714285714285715,Moving Average (7D)
2011-11-25,21232,46,27.714285714285715,Moving Average (7D)
2011-11-26,21232,0,27.714285714285715,Moving Average (7D)
2011-11-27,21232,1,27.714285714285715,Moving Average (7D)
2011-11-28,21232,37,27.714285714285715,Moving Average (7D)
2011-11-29,21232,64,27.714285714285715,Moving Average (7D)
2011-11-30,21232,56,27.714285714285715,Moving Average (7D)
2011-12-01,21232,251,27.714285714285715,Moving Average (7D)
2011-12-02,21232,31,27.714285714285715,Moving Average (7D)
2011-12-03,21232,0,27.714285714285715,Moving Average (7D)
2011-12-04,21232,24,27.714285714285715,Moving Average (7D)
2011-12-05,21232,75,27.714285714285715,Moving Average (7D)
2011-12-06,21232,3,27.714285714285715,Moving Average (7D)
2011-12-07,21232,142,27.714285714285715,Moving Average (7D)
2011-12-08,21232,30,27.714285714285715,Moving Average (7D)
2011-12-09,21232,14,27.714285714285715,Moving Average (7D)
2011-11-10,21232,57,23.071428571428573,Moving Average (14D)
2011-11-11,21232,19,23.071428571428573,Moving Average (14D)
2011-11-12,21232,0,23.071428571428573,Moving Average (14D)
2011-11-13,21232,30,23.071428571428573,Moving Average (14D)
2011-11-14,21232,84,23.071428571428573,Moving Average (14D)
2011-11-15,21232,577,23.071428571428573,Moving Average (14D)
2011-11-16,21232,14,23.071428571428573,Moving Average (14D)
2011-11-17,21232,66,23.071428571428573,Moving Average (14D)
2011-11-18,21232,2,23.071428571428573,Moving Average (14D)
2011-11-19,21232,0,23.071428571428573,Moving Average (14D)
2011-11-20,21232,25,23.071428571428573,Moving Average (14D)
2011-11-21,21232,75,23.071428571428573,Moving Average (14D)
2011-11-22,21232,7,23.071428571428573,Moving Average (14D)
2011-11-23,21232,94,23.071428571428573,Moving Average (14D)
2011-11-24,21232,2,23.071428571428573,Moving Average (14D)
2011-11-25,21232,46,23.071428571428573,Moving Average (14D)
2011-11-26,21232,0,23.071428571428573,Moving Average (14D)
2011-11-27,21232,1,23.071428571428573,Moving Average (14D)
2011-11-28,21232,37,23.071428571428573,Moving Average (14D)
2011-11-29,21232,64,23.071428571428573,Moving Average (14D)
2011-11-30,21232,56,23.071428571428573,Moving Average (14D)
2011-12-01,21232,251,23.071428571428573,Moving Average (14D)
2011-12-02,21232,31,23.071428571428573,Moving Average (14D)
2011-12-03,21232,0,23.071428571428573,Moving Average (14D)
2011-12-04,21232,24,23.071428571428573,Moving Average (14D)
2011-12-05,21232,75,23.071428571428573,Moving Average (14D)
2011-12-06,21232,3,23.071428571428573,Moving Average (14D)
2011-12-07,21232,142,23.071428571428573,Moving Average (14D)
2011-12-08,21232,30,23.071428571428573,Moving Average (14D)
2011-12-09,21232,14,23.071428571428573,Moving Average (14D)
2011-11-10,21232,57,35.535714285714285,Moving Average (28D)
2011-11-11,21232,19,35.535714285714285,Moving Average (28D)
2011-11-12,21232,0,35.535714285714285,Moving Average (28D)
2011-11-13,21232,30,35.535714285714285,Moving Average (28D)
2011-11-14,21232,84,35.535714285714285,Moving Average (28D)
2011-11-15,21232,577,35.535714285714285,Moving Average (28D)
2011-11-16,21232,14,35.535714285714285,Moving Average (28D)
2011-11-17,21232,66,35.535714285714285,Moving Average (28D)
2011-11-18,21232,2,35.535714285714285,Moving Average (28D)
2011-11-19,21232,0,35.535714285714285,Moving Average (28D)
2011-11-20,21232,25,35.535714285714285,Moving Average (28D)
2011-11-21,21232,75,35.535714285714285,Moving Average (28D)
2011-11-22,21232,7,35.535714285714285,Moving Average (28D)
2011-11-23,21232,94,35.535714285714285,Moving Average (28D)
2011-11-24,21232,2,35.535714285714285,Moving Average (28D)
2011-11-25,21232,46,35.535714285714285,Moving Average (28D)
2011-11-26,21232,0,35.535714285714285,Moving Average (28D)
2011-11-27,21232,1,35.535714285714285,Moving Average (28D)
2011-11-28,21232,37,35.535714285714285,Moving Average (28D)
2011-11-29,21232,64,35.535714285714285,Moving Average (28D)
2011-11-30,21232,56,35.535714285714285,Moving Average (28D)
2011-12-01,21232,251,35.535714285714285,Moving Average (28D)
2011-12-02,21232,31,35.535714285714285,Moving Average (28D)
2011-12-03,21232,0,35.535714285714285,Moving Average (28D)
2011-12-04,21232,24,35.535714285714285,Moving Average (28D)
2011-12-05,21232,75,35.535714285714285,Moving Average (28D)
2011-12-06,21232,3,35.535714285714285,Moving Average (28D)
2011-12-07,21232,142,35.535714285714285,Moving Average (28D)
2011-12-08,21232,30,35.535714285714285,Moving Average (28D)
2011-12-09,21232,14,35.535714285714285,Moving Average (28D)
2011-11-10,21232,57,32.29451014429287,LightGBM
2011-11-11,21232,19,40.81989862031455,LightGBM
2011-11-12,21232,0,6.23424675079336,LightGBM
2011-11-13,21232,30,24.13020009060332,LightGBM
2011-11-14,21232,84,35.97498008804183,LightGBM
2011-11-15,21232,577,36.06262418446771,LightGBM
2011-11-16,21232,14,29.220431549756707,LightGBM
2011-11-17,21232,66,53.584161840021366,LightGBM
2011-11-18,21232,2,35.21400452748792,LightGBM
2011-11-19,21232,0,13.529741904488144,LightGBM
2011-11-20,21232,25,32.9198057823469,LightGBM
2011-11-21,21232,75,47.985455017811,LightGBM
2011-11-22,21232,7,83.01755248071301,LightGBM
2011-11-23,21232,94,60.15379922849374,LightGBM
2011-11-24,21232,2,60.35594826778516,LightGBM
2011-11-25,21232,46,45.597990772306446,LightGBM
2011-11-26,21232,0,35.077850276927784,LightGBM
2011-11-27,21232,1,36.046536000631704,LightGBM
2011-11-28,21232,37,48.34572725632744,LightGBM
2011-11-29,21232,64,74.80378756260798,LightGBM
2011-11-30,21232,56,118.1160683191828,LightGBM
2011-12-01,21232,251,94.43966400391595,LightGBM
2011-12-02,21232,31,55.48057727759551,LightGBM
2011-12-03,21232,0,21.50837649140842,LightGBM
2011-12-04,21232,24,26.779130290451366,LightGBM
2011-12-05,21232,75,58.99172865556352,LightGBM
2011-12-06,21232,3,88.97025762619165,LightGBM
2011-12-07,21232,142,90.53476748480645,LightGBM
2011-12-08,21232,30,88.94824726581723,LightGBM
2011-12-09,21232,14,57.98666015422801,LightGBM
2011-11-10,21232,57,61.548282110071966,Prophet
2011-11-11,21232,19,41.29927907666298,Prophet
2011-11-12,21232,0,0.0,Prophet
2011-11-13,21232,30,26.951104873157853,Prophet
2011-11-14,21232,84,51.063740710855,Prophet
2011-11-15,21232,577,62.64436154092222,Prophet
2011-11-16,21232,14,65.6764426914504,Prophet
2011-11-17,21232,66,66.30702899258874,Prophet
2011-11-18,21232,2,47.30078801531119,Prophet
2011-11-19,21232,0,0.0,Prophet
2011-11-20,21232,25,35.66999001635923,Prophet
2011-11-21,21232,75,61.16862157935962,Prophet
2011-11-22,21232,7,74.08664904086636,Prophet
2011-11-23,21232,94,78.35367519741676,Prophet
2011-11-24,21232,2,80.061663510567,Prophet
2011-11-25,21232,46,61.92061793922651,Prophet
2011-11-26,21232,0,13.340509998459671,Prophet
2011-11-27,21232,1,51.17706870868946,Prophet
2011-11-28,21232,37,76.60552830007735,Prophet
2011-11-29,21232,64,89.05987420648896,Prophet
2011-11-30,21232,56,92.44149505246638,Prophet
2011-12-01,21232,251,92.82362167407784,Prophet
2011-12-02,21232,31,72.9079688777492,Prophet
2011-12-03,21232,0,22.107363343974036,Prophet
2011-12-04,21232,24,57.29194704762997,Prophet
2011-12-05,21232,75,79.6630324455799,Prophet
2011-12-06,21232,3,88.69213967660858,Prophet
2011-12-07,21232,142,88.32912191400244,Prophet
2011-12-08,21232,30,84.70576725199507,Prophet
2011-12-09,21232,14,60.59130897690146,Prophet
2011-11-10,84568,0,5.0,Naive (Last Value)
2011-11-11,84568,30,5.0,Naive (Last Value)
2011-11-12,84568,0,5.0,Naive (Last Value)
2011-11-13,84568,0,5.0,Naive (Last Value)
2011-11-14,84568,4,5.0,Naive (Last Value)
2011-11-15,84568,4,5.0,Naive (Last Value)
2011-11-16,84568,6,5.0,Naive (Last Value)
2011-11-17,84568,17,5.0,Naive (Last Value)
2011-11-18,84568,0,5.0,Naive (Last Value)
2011-11-19,84568,0,5.0,Naive (Last Value)
2011-11-20,84568,288,5.0,Naive (Last Value)
2011-11-21,84568,15,5.0,Naive (Last Value)
2011-11-22,84568,22,5.0,Naive (Last Value)
2011-11-23,84568,0,5.0,Naive (Last Value)
2011-11-24,84568,317,5.0,Naive (Last Value)
2011-11-25,84568,8,5.0,Naive (Last Value)
2011-11-26,84568,0,5.0,Naive (Last Value)
2011-11-27,84568,0,5.0,Naive (Last Value)
2011-11-28,84568,1,5.0,Naive (Last Value)
2011-11-29,84568,44,5.0,Naive (Last Value)
2011-11-30,84568,288,5.0,Naive (Last Value)
2011-12-01,84568,10,5.0,Naive (Last Value)
2011-12-02,84568,11,5.0,Naive (Last Value)
2011-12-03,84568,0,5.0,Naive (Last Value)
2011-12-04,84568,0,5.0,Naive (Last Value)
2011-12-05,84568,38,5.0,Naive (Last Value)
2011-12-06,84568,0,5.0,Naive (Last Value)
2011-12-07,84568,0,5.0,Naive (Last Value)
2011-12-08,84568,56,5.0,Naive (Last Value)
2011-12-09,84568,31,5.0,Naive (Last Value)
2011-11-10,84568,0,4.571428571428571,Moving Average (7D)
2011-11-11,84568,30,4.571428571428571,Moving Average (7D)
2011-11-12,84568,0,4.571428571428571,Moving Average (7D)
2011-11-13,84568,0,4.571428571428571,Moving Average (7D)
2011-11-14,84568,4,4.571428571428571,Moving Average (7D)
2011-11-15,84568,4,4.571428571428571,Moving Average (7D)
2011-11-16,84568,6,4.571428571428571,Moving Average (7D)
2011-11-17,84568,17,4.571428571428571,Moving Average (7D)
2011-11-18,84568,0,4.571428571428571,Moving Average (7D)
2011-11-19,84568,0,4.571428571428571,Moving Average (7D)
2011-11-20,84568,288,4.571428571428571,Moving Average (7D)
2011-11-21,84568,15,4.571428571428571,Moving Average (7D)
2011-11-22,84568,22,4.571428571428571,Moving Average (7D)
2011-11-23,84568,0,4.571428571428571,Moving Average (7D)
2011-11-24,84568,317,4.571428571428571,Moving Average (7D)
2011-11-25,84568,8,4.571428571428571,Moving Average (7D)
2011-11-26,84568,0,4.571428571428571,Moving Average (7D)
2011-11-27,84568,0,4.571428571428571,Moving Average (7D)
2011-11-28,84568,1,4.571428571428571,Moving Average (7D)
2011-11-29,84568,44,4.571428571428571,Moving Average (7D)
2011-11-30,84568,288,4.571428571428571,Moving Average (7D)
2011-12-01,84568,10,4.571428571428571,Moving Average (7D)
2011-12-02,84568,11,4.571428571428571,Moving Average (7D)
2011-12-03,84568,0,4.571428571428571,Moving Average (7D)
2011-12-04,84568,0,4.571428571428571,Moving Average (7D)
2011-12-05,84568,38,4.571428571428571,Moving Average (7D)
2011-12-06,84568,0,4.571428571428571,Moving Average (7D)
2011-12-07,84568,0,4.571428571428571,Moving Average (7D)
2011-12-08,84568,56,4.571428571428571,Moving Average (7D)
2011-12-09,84568,31,4.571428571428571,Moving Average (7D)
2011-11-10,84568,0,3.0714285714285716,Moving Average (14D)
2011-11-11,84568,30,3.0714285714285716,Moving Average (14D)
2011-11-12,84568,0,3.0714285714285716,Moving Average (14D)
2011-11-13,84568,0,3.0714285714285716,Moving Average (14D)
2011-11-14,84568,4,3.0714285714285716,Moving Average (14D)
2011-11-15,84568,4,3.0714285714285716,Moving Average (14D)
2011-11-16,84568,6,3.0714285714285716,Moving Average (14D)
2011-11-17,84568,17,3.0714285714285716,Moving Average (14D)
2011-11-18,84568,0,3.0714285714285716,Moving Average (14D)
2011-11-19,84568,0,3.0714285714285716,Moving Average (14D)
2011-11-20,84568,288,3.0714285714285716,Moving Average (14D)
2011-11-21,84568,15,3.0714285714285716,Moving Average (14D)
2011-11-22,84568,22,3.0714285714285716,Moving Average (14D)
2011-11-23,84568,0,3.0714285714285716,Moving Average (14D)
2011-11-24,84568,317,3.0714285714285716,Moving Average (14D)
2011-11-25,84568,8,3.0714285714285716,Moving Average (14D)
2011-11-26,84568,0,3.0714285714285716,Moving Average (14D)
2011-11-27,84568,0,3.0714285714285716,Moving Average (14D)
2011-11-28,84568,1,3.0714285714285716,Moving Average (14D)
2011-11-29,84568,44,3.0714285714285716,Moving Average (14D)
2011-11-30,84568,288,3.0714285714285716,Moving Average (14D)
2011-12-01,84568,10,3.0714285714285716,Moving Average (14D)
2011-12-02,84568,11,3.0714285714285716,Moving Average (14D)
2011-12-03,84568,0,3.0714285714285716,Moving Average (14D)
2011-12-04,84568,0,3.0714285714285716,Moving Average (14D)
2011-12-05,84568,38,3.0714285714285716,Moving Average (14D)
2011-12-06,84568,0,3.0714285714285716,Moving Average (14D)
2011-12-07,84568,0,3.0714285714285716,Moving Average (14D)
2011-12-08,84568,56,3.0714285714285716,Moving Average (14D)
2011-12-09,84568,31,3.0714285714285716,Moving Average (14D)
2011-11-10,84568,0,2.392857142857143,Moving Average (28D)
2011-11-11,84568,30,2.392857142857143,Moving Average (28D)
2011-11-12,84568,0,2.392857142857143,Moving Average (28D)
2011-11-13,84568,0,2.392857142857143,Moving Average (28D)
2011-11-14,84568,4,2.392857142857143,Moving Average (28D)
2011-11-15,84568,4,2.392857142857143,Moving Average (28D)
2011-11-16,84568,6,2.392857142857143,Moving Average (28D)
2011-11-17,84568,17,2.392857142857143,Moving Average (28D)
2011-11-18,84568,0,2.392857142857143,Moving Average (28D)
2011-11-19,84568,0,2.392857142857143,Moving Average (28D)
2011-11-20,84568,288,2.392857142857143,Moving Average (28D)
2011-11-21,84568,15,2.392857142857143,Moving Average (28D)
2011-11-22,84568,22,2.392857142857143,Moving Average (28D)
2011-11-23,84568,0,2.392857142857143,Moving Average (28D)
2011-11-24,84568,317,2.392857142857143,Moving Average (28D)
2011-11-25,84568,8,2.392857142857143,Moving Average (28D)
2011-11-26,84568,0,2.392857142857143,Moving Average (28D)
2011-11-27,84568,0,2.392857142857143,Moving Average (28D)
2011-11-28,84568,1,2.392857142857143,Moving Average (28D)
2011-11-29,84568,44,2.392857142857143,Moving Average (28D)
2011-11-30,84568,288,2.392857142857143,Moving Average (28D)
2011-12-01,84568,10,2.392857142857143,Moving Average (28D)
2011-12-02,84568,11,2.392857142857143,Moving Average (28D)
2011-12-03,84568,0,2.392857142857143,Moving Average (28D)
2011-12-04,84568,0,2.392857142857143,Moving Average (28D)
2011-12-05,84568,38,2.392857142857143,Moving Average (28D)
2011-12-06,84568,0,2.392857142857143,Moving Average (28D)
2011-12-07,84568,0,2.392857142857143,Moving Average (28D)
2011-12-08,84568,56,2.392857142857143,Moving Average (28D)
2011-12-09,84568,31,2.392857142857143,Moving Average (28D)
2011-11-10,84568,0,31.496492937681133,LightGBM
2011-11-11,84568,30,34.873417635501085,LightGBM
2011-11-12,84568,0,130.1643772725926,LightGBM
2011-11-13,84568,0,170.50866504605267,LightGBM
2011-11-14,84568,4,175.49785550178933,LightGBM
2011-11-15,84568,4,176.35513295526198,LightGBM
2011-11-16,84568,6,117.51454734689578,LightGBM
2011-11-17,84568,17,288.62046824643846,LightGBM
2011-11-18,84568,0,38.033346812277614,LightGBM
2011-11-19,84568,0,3.980573743200531,LightGBM
2011-11-20,84568,288,19.911120180837017,LightGBM
2011-11-21,84568,15,20.5735940150924,LightGBM
2011-11-22,84568,22,9.276732587770093,LightGBM
2011-11-23,84568,0,10.503494500686687,LightGBM
2011-11-24,84568,317,149.50819824998783,LightGBM
2011-11-25,84568,8,40.1552749497647,LightGBM
2011-11-26,84568,0,0.0,LightGBM
2011-11-27,84568,0,18.683060321418235,LightGBM
2011-11-28,84568,1,206.8481211826444,LightGBM
2011-11-29,84568,44,226.92116163092336,LightGBM
2011-11-30,84568,288,327.9850278710191,LightGBM
2011-12-01,84568,10,220.45156379802916,LightGBM
2011-12-02,84568,11,100.9563350843492,LightGBM
2011-12-03,84568,0,68.70106968560583,LightGBM
2011-12-04,84568,0,78.13718065239846,LightGBM
2011-12-05,84568,38,42.59688873050464,LightGBM
2011-12-06,84568,0,43.34362345194514,LightGBM
2011-12-07,84568,0,113.44516586335844,LightGBM
2011-12-08,84568,56,94.89006072626896,LightGBM
2011-12-09,84568,31,93.3364512322989,LightGBM
2011-11-10,84568,0,42.6675643826141,Prophet
2011-11-11,84568,30,42.45826407479824,Prophet
2011-11-12,84568,0,0.0,Prophet
2011-11-13,84568,0,11.68423225804484,Prophet
2011-11-14,84568,4,0.0,Prophet
2011-11-15,84568,4,1.1231949615467336,Prophet
2011-11-16,84568,6,52.740872063522055,Prophet
2011-11-17,84568,17,75.72137212936184,Prophet
2011-11-18,84568,0,78.79574277862217,Prophet
2011-11-19,84568,0,0.0,Prophet
2011-11-20,84568,288,51.505138963810595,Prophet
2011-11-21,84568,15,30.567409648579872,Prophet
2011-11-22,84568,22,40.10700620462536,Prophet
2011-11-23,84568,0,89.70249323970079,Prophet
2011-11-24,84568,317,109.6503712025515,Prophet
2011-11-25,84568,8,108.75496022719514,Prophet
2011-11-26,84568,0,21.28532901295427,Prophet
2011-11-27,84568,0,71.11007531346857,Prophet
2011-11-28,84568,1,44.03032057903064,Prophet
2011-11-29,84568,44,46.96955988833638,Prophet
2011-11-30,84568,288,89.65735653387324,Prophet
2011-12-01,84568,10,102.54662447280738,Prophet
2011-12-02,84568,11,94.59968948523088,Prophet
2011-12-03,84568,0,0.24139306956149476,Prophet
2011-12-04,84568,0,43.49014205996747,Prophet
2011-12-05,84568,38,10.287359885297935,Prophet
2011-12-06,84568,0,7.684068539172385,Prophet
2011-12-07,84568,0,45.52167085573764,Prophet
2011-12-08,84568,56,54.346746808508264,Prophet
2011-12-09,84568,31,43.19511365166923,Prophet
2011-11-10,85099F,3,246.0,Naive (Last Value)
2011-11-11,85099F,12,246.0,Naive (Last Value)
2011-11-12,85099F,0,246.0,Naive (Last Value)
2011-11-13,85099F,2,246.0,Naive (Last Value)
2011-11-14,85099F,100,246.0,Naive (Last Value)
2011-11-15,85099F,1,246.0,Naive (Last Value)
2011-11-16,85099F,39,246.0,Naive (Last Value)
2011-11-17,85099F,32,246.0,Naive (Last Value)
2011-11-18,85099F,22,246.0,Naive (Last Value)
2011-11-19,85099F,0,246.0,Naive (Last Value)
2011-11-20,85099F,2,246.0,Naive (Last Value)
2011-11-21,85099F,3,246.0,Naive (Last Value)
2011-11-22,85099F,11,246.0,Naive (Last Value)
2011-11-23,85099F,2,246.0,Naive (Last Value)
2011-11-24,85099F,12,246.0,Naive (Last Value)
2011-11-25,85099F,10,246.0,Naive (Last Value)
2011-11-26,85099F,0,246.0,Naive (Last Value)
2011-11-27,85099F,4,246.0,Naive (Last Value)
2011-11-28,85099F,12,246.0,Naive (Last Value)
2011-11-29,85099F,34,246.0,Naive (Last Value)
2011-11-30,85099F,125,246.0,Naive (Last Value)
2011-12-01,85099F,42,246.0,Naive (Last Value)
2011-12-02,85099F,221,246.0,Naive (Last Value)
2011-12-03,85099F,0,246.0,Naive (Last Value)
2011-12-04,85099F,2,246.0,Naive (Last Value)
2011-12-05,85099F,1,246.0,Naive (Last Value)
2011-12-06,85099F,6,246.0,Naive (Last Value)
2011-12-07,85099F,20,246.0,Naive (Last Value)
2011-12-08,85099F,12,246.0,Naive (Last Value)
2011-12-09,85099F,0,246.0,Naive (Last Value)
2011-11-10,85099F,3,46.857142857142854,Moving Average (7D)
2011-11-11,85099F,12,46.857142857142854,Moving Average (7D)
2011-11-12,85099F,0,46.857142857142854,Moving Average (7D)
2011-11-13,85099F,2,46.857142857142854,Moving Average (7D)
2011-11-14,85099F,100,46.857142857142854,Moving Average (7D)
2011-11-15,85099F,1,46.857142857142854,Moving Average (7D)
2011-11-16,85099F,39,46.857142857142854,Moving Average (7D)
2011-11-17,85099F,32,46.857142857142854,Moving Average (7D)
2011-11-18,85099F,22,46.857142857142854,Moving Average (7D)
2011-11-19,85099F,0,46.857142857142854,Moving Average (7D)
2011-11-20,85099F,2,46.857142857142854,Moving Average (7D)
2011-11-21,85099F,3,46.857142857142854,Moving Average (7D)
2011-11-22,85099F,11,46.857142857142854,Moving Average (7D)
2011-11-23,85099F,2,46.857142857142854,Moving Average (7D)
2011-11-24,85099F,12,46.857142857142854,Moving Average (7D)
2011-11-25,85099F,10,46.857142857142854,Moving Average (7D)
2011-11-26,85099F,0,46.857142857142854,Moving Average (7D)
2011-11-27,85099F,4,46.857142857142854,Moving Average (7D)
2011-11-28,85099F,12,46.857142857142854,Moving Average (7D)
2011-11-29,85099F,34,46.857142857142854,Moving Average (7D)
2011-11-30,85099F,125,46.857142857142854,Moving Average (7D)
2011-12-01,85099F,42,46.857142857142854,Moving Average (7D)
2011-12-02,85099F,221,46.857142857142854,Moving Average (7D)
2011-12-03,85099F,0,46.857142857142854,Moving Average (7D)
2011-12-04,85099F,2,46.857142857142854,Moving Average (7D)
2011-12-05,85099F,1,46.857142857142854,Moving Average (7D)
2011-12-06,85099F,6,46.857142857142854,Moving Average (7D)
2011-12-07,85099F,20,46.857142857142854,Moving Average (7D)
2011-12-08,85099F,12,46.857142857142854,Moving Average (7D)
2011-12-09,85099F,0,46.857142857142854,Moving Average (7D)
2011-11-10,85099F,3,36.357142857142854,Moving Average (14D)
2011-11-11,85099F,12,36.357142857142854,Moving Average (14D)
2011-11-12,85099F,0,36.357142857142854,Moving Average (14D)
2011-11-13,85099F,2,36.357142857142854,Moving Average (14D)
2011-11-14,85099F,100,36.357142857142854,Moving Average (14D)
2011-11-15,85099F,1,36.357142857142854,Moving Average (14D)
2011-11-16,85099F,39,36.357142857142854,Moving Average (14D)
2011-11-17,85099F,32,36.357142857142854,Moving Average (14D)
2011-11-18,85099F,22,36.357142857142854,Moving Average (14D)
2011-11-19,85099F,0,36.357142857142854,Moving Average (14D)
2011-11-20,85099F,2,36.357142857142854,Moving Average (14D)
2011-11-21,85099F,3,36.357142857142854,Moving Average (14D)
2011-11-22,85099F,11,36.357142857142854,Moving Average (14D)
2011-11-23,85099F,2,36.357142857142854,Moving Average (14D)
2011-11-24,85099F,12,36.357142857142854,Moving Average (14D)
2011-11-25,85099F,10,36.357142857142854,Moving Average (14D)
2011-11-26,85099F,0,36.357142857142854,Moving Average (14D)
2011-11-27,85099F,4,36.357142857142854,Moving Average (14D)
2011-11-28,85099F,12,36.357142857142854,Moving Average (14D)
2011-11-29,85099F,34,36.357142857142854,Moving Average (14D)
2011-11-30,85099F,125,36.357142857142854,Moving Average (14D)
2011-12-01,85099F,42,36.357142857142854,Moving Average (14D)
2011-12-02,85099F,221,36.357142857142854,Moving Average (14D)
2011-12-03,85099F,0,36.357142857142854,Moving Average (14D)
2011-12-04,85099F,2,36.357142857142854,Moving Average (14D)
2011-12-05,85099F,1,36.357142857142854,Moving Average (14D)
2011-12-06,85099F,6,36.357142857142854,Moving Average (14D)
2011-12-07,85099F,20,36.357142857142854,Moving Average (14D)
2011-12-08,85099F,12,36.357142857142854,Moving Average (14D)
2011-12-09,85099F,0,36.357142857142854,Moving Average (14D)
2011-11-10,85099F,3,35.714285714285715,Moving Average (28D)
2011-11-11,85099F,12,35.714285714285715,Moving Average (28D)
2011-11-12,85099F,0,35.714285714285715,Moving Average (28D)
2011-11-13,85099F,2,35.714285714285715,Moving Average (28D)
2011-11-14,85099F,100,35.714285714285715,Moving Average (28D)
2011-11-15,85099F,1,35.714285714285715,Moving Average (28D)
2011-11-16,85099F,39,35.714285714285715,Moving Average (28D)
2011-11-17,85099F,32,35.714285714285715,Moving Average (28D)
2011-11-18,85099F,22,35.714285714285715,Moving Average (28D)
2011-11-19,85099F,0,35.714285714285715,Moving Average (28D)
2011-11-20,85099F,2,35.714285714285715,Moving Average (28D)
2011-11-21,85099F,3,35.714285714285715,Moving Average (28D)
2011-11-22,85099F,11,35.714285714285715,Moving Average (28D)
2011-11-23,85099F,2,35.714285714285715,Moving Average (28D)
2011-11-24,85099F,12,35.714285714285715,Moving Average (28D)
2011-11-25,85099F,10,35.714285714285715,Moving Average (28D)
2011-11-26,85099F,0,35.714285714285715,Moving Average (28D)
2011-11-27,85099F,4,35.714285714285715,Moving Average (28D)
2011-11-28,85099F,12,35.714285714285715,Moving Average (28D)
2011-11-29,85099F,34,35.714285714285715,Moving Average (28D)
2011-11-30,85099F,125,35.714285714285715,Moving Average (28D)
2011-12-01,85099F,42,35.714285714285715,Moving Average (28D)
2011-12-02,85099F,221,35.714285714285715,Moving Average (28D)
2011-12-03,85099F,0,35.714285714285715,Moving Average (28D)
2011-12-04,85099F,2,35.714285714285715,Moving Average (28D)
2011-12-05,85099F,1,35.714285714285715,Moving Average (28D)
2011-12-06,85099F,6,35.714285714285715,Moving Average (28D)
2011-12-07,85099F,20,35.714285714285715,Moving Average (28D)
2011-12-08,85099F,12,35.714285714285715,Moving Average (28D)
2011-12-09,85099F,0,35.714285714285715,Moving Average (28D)
2011-11-10,85099F,3,71.1754924292064,LightGBM
2011-11-11,85099F,12,108.25086436283561,LightGBM
2011-11-12,85099F,0,5.535982308904782,LightGBM
2011-11-13,85099F,2,25.96182439226876,LightGBM
2011-11-14,85099F,100,120.7138548090439,LightGBM
2011-11-15,85099F,1,190.46127785714557,LightGBM
2011-11-16,85099F,39,73.49577228345119,LightGBM
2011-11-17,85099F,32,99.43872350210299,LightGBM
2011-11-18,85099F,22,44.922220571413575,LightGBM
2011-11-19,85099F,0,31.87402575794002,LightGBM
2011-11-20,85099F,2,99.22772699786488,LightGBM
2011-11-21,85099F,3,106.7471045511596,LightGBM
2011-11-22,85099F,11,77.3394010371411,LightGBM
2011-11-23,85099F,2,126.48329626633452,LightGBM
2011-11-24,85099F,12,105.63507513799057,LightGBM
2011-11-25,85099F,10,132.18661708674423,LightGBM
2011-11-26,85099F,0,53.44484506399501,LightGBM
2011-11-27,85099F,4,110.68334421891241,LightGBM
2011-11-28,85099F,12,139.96970301875672,LightGBM
2011-11-29,85099F,34,120.99988613745998,LightGBM
2011-11-30,85099F,125,117.37523124347938,LightGBM
2011-12-01,85099F,42,108.91717439234733,LightGBM
2011-12-02,85099F,221,201.01655759594234,LightGBM
2011-12-03,85099F,0,112.40933922429092,LightGBM
2011-12-04,85099F,2,129.10140871199704,LightGBM
2011-12-05,85099F,1,228.54525537516167,LightGBM
2011-12-06,85099F,6,179.66509280991173,LightGBM
2011-12-07,85099F,20,203.54749102431555,LightGBM
2011-12-08,85099F,12,153.67371401750867,LightGBM
2011-12-09,85099F,0,191.0165164544763,LightGBM
2011-11-10,85099F,3,102.83214760396615,Prophet
2011-11-11,85099F,12,73.14575095412982,Prophet
2011-11-12,85099F,0,18.17546497889782,Prophet
2011-11-13,85099F,2,46.90529933284061,Prophet
2011-11-14,85099F,100,83.30753644566212,Prophet
2011-11-15,85099F,1,87.37446355409577,Prophet
2011-11-16,85099F,39,85.23565894379662,Prophet
2011-11-17,85099F,32,112.58636633460802,Prophet
2011-11-18,85099F,22,79.97561190369728,Prophet
2011-11-19,85099F,0,21.909373346691517,Prophet
2011-11-20,85099F,2,47.42716198399526,Prophet
2011-11-21,85099F,3,80.55848934054214,Prophet
2011-11-22,85099F,11,81.35348413098718,Prophet
2011-11-23,85099F,2,75.99906668361314,Prophet
2011-11-24,85099F,12,100.24623702257364,Prophet
2011-11-25,85099F,10,64.69715248389379,Prophet
2011-11-26,85099F,0,3.907324314532822,Prophet
2011-11-27,85099F,4,26.96131258695123,Prophet
2011-11-28,85099F,12,57.928407115100306,Prophet
2011-11-29,85099F,34,56.89257418828578,Prophet
2011-11-30,85099F,125,50.06808744269072,Prophet
2011-12-01,85099F,42,73.22640758316564,Prophet
2011-12-02,85099F,221,36.982992424265724,Prophet
2011-12-03,85099F,0,0.0,Prophet
2011-12-04,85099F,2,0.0,Prophet
2011-12-05,85099F,1,30.52236569005351,Prophet
2011-12-06,85099F,6,30.358715845445772,Prophet
2011-12-07,85099F,20,24.760608196384712,Prophet
2011-12-08,85099F,12,49.47207588227351,Prophet
2011-12-09,85099F,0,15.075921156283584,Prophet
2011-11-10,84946,125,206.0,Naive (Last Value)
2011-11-11,84946,167,206.0,Naive (Last Value)
2011-11-12,84946,0,206.0,Naive (Last Value)
2011-11-13,84946,211,206.0,Naive (Last Value)
2011-11-14,84946,314,206.0,Naive (Last Value)
2011-11-15,84946,47,206.0,Naive (Last Value)
2011-11-16,84946,178,206.0,Naive (Last Value)
2011-11-17,84946,37,206.0,Naive (Last Value)
2011-11-18,84946,137,206.0,Naive (Last Value)
2011-11-19,84946,0,206.0,Naive (Last Value)
2011-11-20,84946,96,206.0,Naive (Last Value)
2011-11-21,84946,170,206.0,Naive (Last Value)
2011-11-22,84946,53,206.0,Naive (Last Value)
2011-11-23,84946,149,206.0,Naive (Last Value)
2011-11-24,84946,161,206.0,Naive (Last Value)
2011-11-25,84946,20,206.0,Naive (Last Value)
2011-11-26,84946,0,206.0,Naive (Last Value)
2011-11-27,84946,24,206.0,Naive (Last Value)
2011-11-28,84946,88,206.0,Naive (Last Value)
2011-11-29,84946,85,206.0,Naive (Last Value)
2011-11-30,84946,94,206.0,Naive (Last Value)
2011-12-01,84946,77,206.0,Naive (Last Value)
2011-12-02,84946,105,206.0,Naive (Last Value)
2011-12-03,84946,0,206.0,Naive (Last Value)
2011-12-04,84946,40,206.0,Naive (Last Value)
2011-12-05,84946,165,206.0,Naive (Last Value)
2011-12-06,84946,171,206.0,Naive (Last Value)
2011-12-07,84946,42,206.0,Naive (Last Value)
2011-12-08,84946,50,206.0,Naive (Last Value)
2011-12-09,84946,42,206.0,Naive (Last Value)
2011-11-10,84946,125,116.0,Moving Average (7D)
2011-11-11,84946,167,116.0,Moving Average (7D)
2011-11-12,84946,0,116.0,Moving Average (7D)
2011-11-13,84946,211,116.0,Moving Average (7D)
2011-11-14,84946,314,116.0,Moving Average (7D)
2011-11-15,84946,47,116.0,Moving Average (7D)
2011-11-16,84946,178,116.0,Moving Average (7D)
2011-11-17,84946,37,116.0,Moving Average (7D)
2011-11-18,84946,137,116.0,Moving Average (7D)
2011-11-19,84946,0,116.0,Moving Average (7D)
2011-11-20,84946,96,116.0,Moving Average (7D)
2011-11-21,84946,170,116.0,Moving Average (7D)
2011-11-22,84946,53,116.0,Moving Average (7D)
2011-11-23,84946,149,116.0,Moving Average (7D)
2011-11-24,84946,161,116.0,Moving Average (7D)
2011-11-25,84946,20,116.0,Moving Average (7D)
2011-11-26,84946,0,116.0,Moving Average (7D)
2011-11-27,84946,24,116.0,Moving Average (7D)
2011-11-28,84946,88,116.0,Moving Average (7D)
2011-11-29,84946,85,116.0,Moving Average (7D)
2011-11-30,84946,94,116.0,Moving Average (7D)
2011-12-01,84946,77,116.0,Moving Average (7D)
2011-12-02,84946,105,116.0,Moving Average (7D)
2011-12-03,84946,0,116.0,Moving Average (7D)
2011-12-04,84946,40,116.0,Moving Average (7D)
2011-12-05,84946,165,116.0,Moving Average (7D)
2011-12-06,84946,171,116.0,Moving Average (7D)
2011-12-07,84946,42,116.0,Moving Average (7D)
2011-12-08,84946,50,116.0,Moving Average (7D)
2011-12-09,84946,42,116.0,Moving Average (7D)
2011-11-10,84946,125,110.57142857142857,Moving Average (14D)
2011-11-11,84946,167,110.57142857142857,Moving Average (14D)
2011-11-12,84946,0,110.57142857142857,Moving Average (14D)
2011-11-13,84946,211,110.57142857142857,Moving Average (14D)
2011-11-14,84946,314,110.57142857142857,Moving Average (14D)
2011-11-15,84946,47,110.57142857142857,Moving Average (14D)
2011-11-16,84946,178,110.57142857142857,Moving Average (14D)
2011-11-17,84946,37,110.57142857142857,Moving Average (14D)
2011-11-18,84946,137,110.57142857142857,Moving Average (14D)
2011-11-19,84946,0,110.57142857142857,Moving Average (14D)
2011-11-20,84946,96,110.57142857142857,Moving Average (14D)
2011-11-21,84946,170,110.57142857142857,Moving Average (14D)
2011-11-22,84946,53,110.57142857142857,Moving Average (14D)
2011-11-23,84946,149,110.57142857142857,Moving Average (14D)
2011-11-24,84946,161,110.57142857142857,Moving Average (14D)
2011-11-25,84946,20,110.57142857142857,Moving Average (14D)
2011-11-26,84946,0,110.57142857142857,Moving Average (14D)
2011-11-27,84946,24,110.57142857142857,Moving Average (14D)
2011-11-28,84946,88,110.57142857142857,Moving Average (14D)
2011-11-29,84946,85,110.57142857142857,Moving Average (14D)
2011-11-30,84946,94,110.57142857142857,Moving Average (14D)
2011-12-01,84946,77,110.57142857142857,Moving Average (14D)
2011-12-02,84946,105,110.57142857142857,Moving Average (14D)
2011-12-03,84946,0,110.57142857142857,Moving Average (14D)
2011-12-04,84946,40,110.57142857142857,Moving Average (14D)
2011-12-05,84946,165,110.57142857142857,Moving Average (14D)
2011-12-06,84946,171,110.57142857142857,Moving Average (14D)
2011-12-07,84946,42,110.57142857142857,Moving Average (14D)
2011-12-08,84946,50,110.57142857142857,Moving Average (14D)
2011-12-09,84946,42,110.57142857142857,Moving Average (14D)
2011-11-10,84946,125,76.0,Moving Average (28D)
2011-11-11,84946,167,76.0,Moving Average (28D)
2011-11-12,84946,0,76.0,Moving Average (28D)
2011-11-13,84946,211,76.0,Moving Average (28D)
2011-11-14,84946,314,76.0,Moving Average (28D)
2011-11-15,84946,47,76.0,Moving Average (28D)
2011-11-16,84946,178,76.0,Moving Average (28D)
2011-11-17,84946,37,76.0,Moving Average (28D)
2011-11-18,84946,137,76.0,Moving Average (28D)
2011-11-19,84946,0,76.0,Moving Average (28D)
2011-11-20,84946,96,76.0,Moving Average (28D)
2011-11-21,84946,170,76.0,Moving Average (28D)
2011-11-22,84946,53,76.0,Moving Average (28D)
2011-11-23,84946,149,76.0,Moving Average (28D)
2011-11-24,84946,161,76.0,Moving Average (28D)
2011-11-25,84946,20,76.0,Moving Average (28D)
2011-11-26,84946,0,76.0,Moving Average (28D)
2011-11-27,84946,24,76.0,Moving Average (28D)
2011-11-28,84946,88,76.0,Moving Average (28D)
2011-11-29,84946,85,76.0,Moving Average (28D)
2011-11-30,84946,94,76.0,Moving Average (28D)
2011-12-01,84946,77,76.0,Moving Average (28D)
2011-12-02,84946,105,76.0,Moving Average (28D)
2011-12-03,84946,0,76.0,Moving Average (28D)
2011-12-04,84946,40,76.0,Moving Average (28D)
2011-12-05,84946,165,76.0,Moving Average (28D)
2011-12-06,84946,171,76.0,Moving Average (28D)
2011-12-07,84946,42,76.0,Moving Average (28D)
2011-12-08,84946,50,76.0,Moving Average (28D)
2011-12-09,84946,42,76.0,Moving Average (28D)
2011-11-10,84946,125,170.15150443700614,LightGBM
2011-11-11,84946,167,133.2110212489458,LightGBM
2011-11-12,84946,0,6.865172110798042,LightGBM
2011-11-13,84946,211,83.3901145008995,LightGBM
2011-11-14,84946,314,213.62520360108934,LightGBM
2011-11-15,84946,47,186.1198673068741,LightGBM
2011-11-16,84946,178,164.66840081688204,LightGBM
2011-11-17,84946,37,155.95300737903267,LightGBM
2011-11-18,84946,137,111.54734882613924,LightGBM
2011-11-19,84946,0,6.865172110798042,LightGBM
2011-11-20,84946,96,95.22546426838088,LightGBM
2011-11-21,84946,170,191.63713936535947,LightGBM
2011-11-22,84946,53,141.64281698747538,LightGBM
2011-11-23,84946,149,198.9281427915011,LightGBM
2011-11-24,84946,161,168.4473661291706,LightGBM
2011-11-25,84946,20,136.1358952929459,LightGBM
2011-11-26,84946,0,38.97125638636783,LightGBM
2011-11-27,84946,24,88.7019743326118,LightGBM
2011-11-28,84946,88,201.19066632827304,LightGBM
2011-11-29,84946,85,150.7753358738187,LightGBM
2011-11-30,84946,94,170.97975812943957,LightGBM
2011-12-01,84946,77,144.60730708448395,LightGBM
2011-12-02,84946,105,97.48628155402697,LightGBM
2011-12-03,84946,0,41.92356008760896,LightGBM
2011-12-04,84946,40,86.67117510961096,LightGBM
2011-12-05,84946,165,211.68819143666585,LightGBM
2011-12-06,84946,171,158.95716890022797,LightGBM
2011-12-07,84946,42,155.16891473971305,LightGBM
2011-12-08,84946,50,160.42160289212032,LightGBM
2011-12-09,84946,42,123.59445736747472,LightGBM
2011-11-10,84946,125,162.77277374305095,Prophet
2011-11-11,84946,167,137.82734038414225,Prophet
2011-11-12,84946,0,96.86377288591699,Prophet
2011-11-13,84946,211,129.41610299664546,Prophet
2011-11-14,84946,314,165.59086112948094,Prophet
2011-11-15,84946,47,175.17314952004787,Prophet
2011-11-16,84946,178,161.74519910929007,Prophet
2011-11-17,84946,37,180.35806830433938,Prophet
2011-11-18,84946,137,152.85763845105356,Prophet
2011-11-19,84946,0,109.34380651316079,Prophet
2011-11-20,84946,96,139.377880148899,Prophet
2011-11-21,84946,170,173.08955418561084,Prophet
2011-11-22,84946,53,180.28265394048464,Prophet
2011-11-23,84946,149,164.55351377275875,Prophet
2011-11-24,84946,161,180.9626504647045,Prophet
2011-11-25,84946,20,151.36088318523585,Prophet
2011-11-26,84946,0,105.84879306387766,Prophet
2011-11-27,84946,24,133.98451596988468,Prophet
2011-11-28,84946,88,165.8912321526073,Prophet
2011-11-29,84946,85,171.36351957333093,Prophet
2011-11-30,84946,94,153.98641800895558,Prophet
2011-12-01,84946,77,168.80784017009316,Prophet
2011-12-02,84946,105,137.66545689471127,Prophet
2011-12-03,84946,0,90.64692415155947,Prophet
2011-12-04,84946,40,117.29842030677091,Prophet
2011-12-05,84946,165,147.73283306283633,Prophet
2011-12-06,84946,171,151.73674027031484,Prophet
2011-12-07,84946,42,132.89001133297526,Prophet
2011-12-08,84946,50,146.23864796559195,Prophet
2011-12-09,84946,42,113.62197726133202,Prophet
2011-11-10,21915,8,13.0,Naive (Last Value)
2011-11-11,21915,6,13.0,Naive (Last Value)
2011-11-12,21915,0,13.0,Naive (Last Value)
2011-11-13,21915,0,13.0,Naive (Last Value)
2011-11-14,21915,285,13.0,Naive (Last Value)
2011-11-15,21915,36,13.0,Naive (Last Value)
2011-11-16,21915,22,13.0,Naive (Last Value)
2011-11-17,21915,5,13.0,Naive (Last Value)
2011-11-18,21915,3,13.0,Naive (Last Value)
2011-11-19,21915,0,13.0,Naive (Last Value)
2011-11-20,21915,0,13.0,Naive (Last Value)
2011-11-21,21915,3,13.0,Naive (Last Value)
2011-11-22,21915,1,13.0,Naive (Last Value)
2011-11-23,21915,18,13.0,Naive (Last Value)
2011-11-24,21915,0,13.0,Naive (Last Value)
2011-11-25,21915,0,13.0,Naive (Last Value)
2011-11-26,21915,0,13.0,Naive (Last Value)
2011-11-27,21915,0,13.0,Naive (Last Value)
2011-11-28,21915,0,13.0,Naive (Last Value)
2011-11-29,21915,0,13.0,Naive (Last Value)
2011-11-30,21915,0,13.0,Naive (Last Value)
2011-12-01,21915,0,13.0,Naive (Last Value)
2011-12-02,21915,1120,13.0,Naive (Last Value)
2011-12-03,21915,0,13.0,Naive (Last Value)
2011-12-04,21915,0,13.0,Naive (Last Value)
2011-12-05,21915,0,13.0,Naive (Last Value)
2011-12-06,21915,0,13.0,Naive (Last Value)
2011-12-07,21915,2,13.0,Naive (Last Value)
2011-12-08,21915,0,13.0,Naive (Last Value)
2011-12-09,21915,0,13.0,Naive (Last Value)
2011-11-10,21915,8,419.85714285714283,Moving Average (7D)
2011-11-11,21915,6,419.85714285714283,Moving Average (7D)
2011-11-12,21915,0,419.85714285714283,Moving Average (7D)
2011-11-13,21915,0,419.85714285714283,Moving Average (7D)
2011-11-14,21915,285,419.85714285714283,Moving Average (7D)
2011-11-15,21915,36,419.85714285714283,Moving Average (7D)
2011-11-16,21915,22,419.85714285714283,Moving Average (7D)
2011-11-17,21915,5,419.85714285714283,Moving Average (7D)
2011-11-18,21915,3,419.85714285714283,Moving Average (7D)
2011-11-19,21915,0,419.85714285714283,Moving Average (7D)
2011-11-20,21915,0,419.85714285714283,Moving Average (7D)
2011-11-21,21915,3,419.85714285714283,Moving Average (7D)
2011-11-22,21915,1,419.85714285714283,Moving Average (7D)
2011-11-23,21915,18,419.85714285714283,Moving Average (7D)
2011-11-24,21915,0,419.85714285714283,Moving Average (7D)
2011-11-25,21915,0,419.85714285714283,Moving Average (7D)
2011-11-26,21915,0,419.85714285714283,Moving Average (7D)
2011-11-27,21915,0,419.85714285714283,Moving Average (7D)
2011-11-28,21915,0,419.85714285714283,Moving Average (7D)
2011-11-29,21915,0,419.85714285714283,Moving Average (7D)
2011-11-30,21915,0,419.85714285714283,Moving Average (7D)
2011-12-01,21915,0,419.85714285714283,Moving Average (7D)
2011-12-02,21915,1120,419.85714285714283,Moving Average (7D)
2011-12-03,21915,0,419.85714285714283,Moving Average (7D)
2011-12-04,21915,0,419.85714285714283,Moving Average (7D)
2011-12-05,21915,0,419.85714285714283,Moving Average (7D)
2011-12-06,21915,0,419.85714285714283,Moving Average (7D)
2011-12-07,21915,2,419.85714285714283,Moving Average (7D)
2011-12-08,21915,0,419.85714285714283,Moving Average (7D)
2011-12-09,21915,0,419.85714285714283,Moving Average (7D)
2011-11-10,21915,8,255.14285714285714,Moving Average (14D)
2011-11-11,21915,6,255.14285714285714,Moving Average (14D)
2011-11-12,21915,0,255.14285714285714,Moving Average (14D)
2011-11-13,21915,0,255.14285714285714,Moving Average (14D)
2011-11-14,21915,285,255.14285714285714,Moving Average (14D)
2011-11-15,21915,36,255.14285714285714,Moving Average (14D)
2011-11-16,21915,22,255.14285714285714,Moving Average (14D)
2011-11-17,21915,5,255.14285714285714,Moving Average (14D)
2011-11-18,21915,3,255.14285714285714,Moving Average (14D)
2011-11-19,21915,0,255.14285714285714,Moving Average (14D)
2011-11-20,21915,0,255.14285714285714,Moving Average (14D)
2011-11-21,21915,3,255.14285714285714,Moving Average (14D)
2011-11-22,21915,1,255.14285714285714,Moving Average (14D)
2011-11-23,21915,18,255.14285714285714,Moving Average (14D)
2011-11-24,21915,0,255.14285714285714,Moving Average (14D)
2011-11-25,21915,0,255.14285714285714,Moving Average (14D)
2011-11-26,21915,0,255.14285714285714,Moving Average (14D)
2011-11-27,21915,0,255.14285714285714,Moving Average (14D)
2011-11-28,21915,0,255.14285714285714,Moving Average (14D)
2011-11-29,21915,0,255.14285714285714,Moving Average (14D)
2011-11-30,21915,0,255.14285714285714,Moving Average (14D)
2011-12-01,21915,0,255.14285714285714,Moving Average (14D)
2011-12-02,21915,1120,255.14285714285714,Moving Average (14D)
2011-12-03,21915,0,255.14285714285714,Moving Average (14D)
2011-12-04,21915,0,255.14285714285714,Moving Average (14D)
2011-12-05,21915,0,255.14285714285714,Moving Average (14D)
2011-12-06,21915,0,255.14285714285714,Moving Average (14D)
2011-12-07,21915,2,255.14285714285714,Moving Average (14D)
2011-12-08,21915,0,255.14285714285714,Moving Average (14D)
2011-12-09,21915,0,255.14285714285714,Moving Average (14D)
2011-11-10,21915,8,163.0,Moving Average (28D)
2011-11-11,21915,6,163.0,Moving Average (28D)
2011-11-12,21915,0,163.0,Moving Average (28D)
2011-11-13,21915,0,163.0,Moving Average (28D)
2011-11-14,21915,285,163.0,Moving Average (28D)
2011-11-15,21915,36,163.0,Moving Average (28D)
2011-11-16,21915,22,163.0,Moving Average (28D)
2011-11-17,21915,5,163.0,Moving Average (28D)
2011-11-18,21915,3,163.0,Moving Average (28D)
2011-11-19,21915,0,163.0,Moving Average (28D)
2011-11-20,21915,0,163.0,Moving Average (28D)
2011-11-21,21915,3,163.0,Moving Average (28D)
2011-11-22,21915,1,163.0,Moving Average (28D)
2011-11-23,21915,18,163.0,Moving Average (28D)
2011-11-24,21915,0,163.0,Moving Average (28D)
2011-11-25,21915,0,163.0,Moving Average (28D)
2011-11-26,21915,0,163.0,Moving Average (28D)
2011-11-27,21915,0,163.0,Moving Average (28D)
2011-11-28,21915,0,163.0,Moving Average (28D)
2011-11-29,21915,0,163.0,Moving Average (28D)
2011-11-30,21915,0,163.0,Moving Average (28D)
2011-12-01,21915,0,163.0,Moving Average (28D)
2011-12-02,21915,1120,163.0,Moving Average (28D)
2011-12-03,21915,0,163.0,Moving Average (28D)
2011-12-04,21915,0,163.0,Moving Average (28D)
2011-12-05,21915,0,163.0,Moving Average (28D)
2011-12-06,21915,0,163.0,Moving Average (28D)
2011-12-07,21915,2,163.0,Moving Average (28D)
2011-12-08,21915,0,163.0,Moving Average (28D)
2011-12-09,21915,0,163.0,Moving Average (28D)
2011-11-10,21915,8,112.05867789592908,LightGBM
2011-11-11,21915,6,225.48332670649955,LightGBM
2011-11-12,21915,0,123.7789018756183,LightGBM
2011-11-13,21915,0,215.2458665329932,LightGBM
2011-11-14,21915,285,294.22006381724714,LightGBM
2011-11-15,21915,36,173.13844845448685,LightGBM
2011-11-16,21915,22,192.88646097604493,LightGBM
2011-11-17,21915,5,195.91258843714178,LightGBM
2011-11-18,21915,3,199.57000966626663,LightGBM
2011-11-19,21915,0,135.0671174670477,LightGBM
2011-11-20,21915,0,188.7517561606998,LightGBM
2011-11-21,21915,3,265.21576962428617,LightGBM
2011-11-22,21915,1,279.5017672239044,LightGBM
2011-11-23,21915,18,182.28541818284992,LightGBM
2011-11-24,21915,0,183.40169235353898,LightGBM
2011-11-25,21915,0,170.7633339065879,LightGBM
2011-11-26,21915,0,132.77754679816894,LightGBM
2011-11-27,21915,0,185.16886401824286,LightGBM
2011-11-28,21915,0,290.12820948239323,LightGBM
2011-11-29,21915,0,143.36495084783868,LightGBM
2011-11-30,21915,0,177.0378089879959,LightGBM
2011-12-01,21915,0,775.0612283669324,LightGBM
2011-12-02,21915,1120,631.3243112742649,LightGBM
2011-12-03,21915,0,307.91548107977496,LightGBM
2011-12-04,21915,0,358.64208124745164,LightGBM
2011-12-05,21915,0,209.93526760266047,LightGBM
2011-12-06,21915,0,273.49205229885104,LightGBM
2011-12-07,21915,2,202.8028132978613,LightGBM
2011-12-08,21915,0,215.45374092120733,LightGBM
2011-12-09,21915,0,222.16845210195856,LightGBM
2011-11-10,21915,8,248.98356752978586,Prophet
2011-11-11,21915,6,194.8184315021764,Prophet
2011-11-12,21915,0,129.39818793635243,Prophet
2011-11-13,21915,0,142.64864501919305,Prophet
2011-11-14,21915,285,181.69065427627345,Prophet
2011-11-15,21915,36,183.78299128303885,Prophet
2011-11-16,21915,22,153.38717575247878,Prophet
2011-11-17,21915,5,234.11083877935454,Prophet
2011-11-18,21915,3,175.34387486888707,Prophet
2011-11-19,21915,0,105.73196115104565,Prophet
2011-11-20,21915,0,115.2757288197318,Prophet
2011-11-21,21915,3,151.15678530833617,Prophet
2011-11-22,21915,1,150.67919657027988,Prophet
2011-11-23,21915,18,118.33335977695265,Prophet
2011-11-24,21915,0,197.73889751756187,Prophet
2011-11-25,21915,0,138.28082060231924,Prophet
2011-11-26,21915,0,68.58353729532539,Prophet
2011-11-27,21915,0,78.61097558616679,Prophet
2011-11-28,21915,0,115.49398533604605,Prophet
2011-11-29,21915,0,116.47358571138133,Prophet
2011-11-30,21915,0,85.96693334195524,Prophet
2011-12-01,21915,0,167.51257813639796,Prophet
2011-12-02,21915,1120,110.40918234837702,Prophet
2011-12-03,21915,0,43.19220399155871,Prophet
2011-12-04,21915,0,55.736731535347076,Prophet
2011-12-05,21915,0,95.08755643860378,Prophet
2011-12-06,21915,0,98.40497043322414,Prophet
2011-12-07,21915,2,70.03308855108428,Prophet
2011-12-08,21915,0,153.44719663082648,Prophet
2011-12-09,21915,0,97.89423892835147,Prophet
2011-11-10,22086,138,265.0,Naive (Last Value)
2011-11-11,22086,201,265.0,Naive (Last Value)
2011-11-12,22086,0,265.0,Naive (Last Value)
2011-11-13,22086,153,265.0,Naive (Last Value)
2011-11-14,22086,914,265.0,Naive (Last Value)
2011-11-15,22086,172,265.0,Naive (Last Value)
2011-11-16,22086,255,265.0,Naive (Last Value)
2011-11-17,22086,280,265.0,Naive (Last Value)
2011-11-18,22086,279,265.0,Naive (Last Value)
2011-11-19,22086,0,265.0,Naive (Last Value)
2011-11-20,22086,253,265.0,Naive (Last Value)
2011-11-21,22086,271,265.0,Naive (Last Value)
2011-11-22,22086,456,265.0,Naive (Last Value)
2011-11-23,22086,454,265.0,Naive (Last Value)
2011-11-24,22086,114,265.0,Naive (Last Value)
2011-11-25,22086,296,265.0,Naive (Last Value)
2011-11-26,22086,0,265.0,Naive (Last Value)
2011-11-27,22086,100,265.0,Naive (Last Value)
2011-11-28,22086,328,265.0,Naive (Last Value)
2011-11-29,22086,355,265.0,Naive (Last Value)
2011-11-30,22086,283,265.0,Naive (Last Value)
2011-12-01,22086,304,265.0,Naive (Last Value)
2011-12-02,22086,240,265.0,Naive (Last Value)
2011-12-03,22086,0,265.0,Naive (Last Value)
2011-12-04,22086,52,265.0,Naive (Last Value)
2011-12-05,22086,493,265.0,Naive (Last Value)
2011-12-06,22086,198,265.0,Naive (Last Value)
2011-12-07,22086,306,265.0,Naive (Last Value)
2011-12-08,22086,381,265.0,Naive (Last Value)
2011-12-09,22086,114,265.0,Naive (Last Value)
2011-11-10,22086,138,322.85714285714283,Moving Average (7D)
2011-11-11,22086,201,322.85714285714283,Moving Average (7D)
2011-11-12,22086,0,322.85714285714283,Moving Average (7D)
2011-11-13,22086,153,322.85714285714283,Moving Average (7D)
2011-11-14,22086,914,322.85714285714283,Moving Average (7D)
2011-11-15,22086,172,322.85714285714283,Moving Average (7D)
2011-11-16,22086,255,322.85714285714283,Moving Average (7D)
2011-11-17,22086,280,322.85714285714283,Moving Average (7D)
2011-11-18,22086,279,322.85714285714283,Moving Average (7D)
2011-11-19,22086,0,322.85714285714283,Moving Average (7D)
2011-11-20,22086,253,322.85714285714283,Moving Average (7D)
2011-11-21,22086,271,322.85714285714283,Moving Average (7D)
2011-11-22,22086,456,322.85714285714283,Moving Average (7D)
2011-11-23,22086,454,322.85714285714283,Moving Average (7D)
2011-11-24,22086,114,322.85714285714283,Moving Average (7D)
2011-11-25,22086,296,322.85714285714283,Moving Average (7D)
2011-11-26,22086,0,322.85714285714283,Moving Average (7D)
2011-11-27,22086,100,322.85714285714283,Moving Average (7D)
2011-11-28,22086,328,322.85714285714283,Moving Average (7D)
2011-11-29,22086,355,322.85714285714283,Moving Average (7D)
2011-11-30,22086,283,322.85714285714283,Moving Average (7D)
2011-12-01,22086,304,322.85714285714283,Moving Average (7D)
2011-12-02,22086,240,322.85714285714283,Moving Average (7D)
2011-12-03,22086,0,322.85714285714283,Moving Average (7D)
2011-12-04,22086,52,322.85714285714283,Moving Average (7D)
2011-12-05,22086,493,322.85714285714283,Moving Average (7D)
2011-12-06,22086,198,322.85714285714283,Moving Average (7D)
2011-12-07,22086,306,322.85714285714283,Moving Average (7D)
2011-12-08,22086,381,322.85714285714283,Moving Average (7D)
2011-12-09,22086,114,322.85714285714283,Moving Average (7D)
2011-11-10,22086,138,206.0,Moving Average (14D)
2011-11-11,22086,201,206.0,Moving Average (14D)
2011-11-12,22086,0,206.0,Moving Average (14D)
2011-11-13,22086,153,206.0,Moving Average (14D)
2011-11-14,22086,914,206.0,Moving Average (14D)
2011-11-15,22086,172,206.0,Moving Average (14D)
2011-11-16,22086,255,206.0,Moving Average (14D)
2011-11-17,22086,280,206.0,Moving Average (14D)
2011-11-18,22086,279,206.0,Moving Average (14D)
2011-11-19,22086,0,206.0,Moving Average (14D)
2011-11-20,22086,253,206.0,Moving Average (14D)
2011-11-21,22086,271,206.0,Moving Average (14D)
2011-11-22,22086,456,206.0,Moving Average (14D)
2011-11-23,22086,454,206.0,Moving Average (14D)
2011-11-24,22086,114,206.0,Moving Average (14D)
2011-11-25,22086,296,206.0,Moving Average (14D)
2011-11-26,22086,0,206.0,Moving Average (14D)
2011-11-27,22086,100,206.0,Moving Average (14D)
2011-11-28,22086,328,206.0,Moving Average (14D)
2011-11-29,22086,355,206.0,Moving Average (14D)
2011-11-30,22086,283,206.0,Moving Average (14D)
2011-12-01,22086,304,206.0,Moving Average (14D)
2011-12-02,22086,240,206.0,Moving Average (14D)
2011-12-03,22086,0,206.0,Moving Average (14D)
2011-12-04,22086,52,206.0,Moving Average (14D)
2011-12-05,22086,493,206.0,Moving Average (14D)
2011-12-06,22086,198,206.0,Moving Average (14D)
2011-12-07,22086,306,206.0,Moving Average (14D)
2011-12-08,22086,381,206.0,Moving Average (14D)
2011-12-09,22086,114,206.0,Moving Average (14D)
2011-11-10,22086,138,156.64285714285714,Moving Average (28D)
2011-11-11,22086,201,156.64285714285714,Moving Average (28D)
2011-11-12,22086,0,156.64285714285714,Moving Average (28D)
2011-11-13,22086,153,156.64285714285714,Moving Average (28D)
2011-11-14,22086,914,156.64285714285714,Moving Average (28D)
2011-11-15,22086,172,156.64285714285714,Moving Average (28D)
2011-11-16,22086,255,156.64285714285714,Moving Average (28D)
2011-11-17,22086,280,156.64285714285714,Moving Average (28D)
2011-11-18,22086,279,156.64285714285714,Moving Average (28D)
2011-11-19,22086,0,156.64285714285714,Moving Average (28D)
2011-11-20,22086,253,156.64285714285714,Moving Average (28D)
2011-11-21,22086,271,156.64285714285714,Moving Average (28D)
2011-11-22,22086,456,156.64285714285714,Moving Average (28D)
2011-11-23,22086,454,156.64285714285714,Moving Average (28D)
2011-11-24,22086,114,156.64285714285714,Moving Average (28D)
2011-11-25,22086,296,156.64285714285714,Moving Average (28D)
2011-11-26,22086,0,156.64285714285714,Moving Average (28D)
2011-11-27,22086,100,156.64285714285714,Moving Average (28D)
2011-11-28,22086,328,156.64285714285714,Moving Average (28D)
2011-11-29,22086,355,156.64285714285714,Moving Average (28D)
2011-11-30,22086,283,156.64285714285714,Moving Average (28D)
2011-12-01,22086,304,156.64285714285714,Moving Average (28D)
2011-12-02,22086,240,156.64285714285714,Moving Average (28D)
2011-12-03,22086,0,156.64285714285714,Moving Average (28D)
2011-12-04,22086,52,156.64285714285714,Moving Average (28D)
2011-12-05,22086,493,156.64285714285714,Moving Average (28D)
2011-12-06,22086,198,156.64285714285714,Moving Average (28D)
2011-12-07,22086,306,156.64285714285714,Moving Average (28D)
2011-12-08,22086,381,156.64285714285714,Moving Average (28D)
2011-12-09,22086,114,156.64285714285714,Moving Average (28D)
2011-11-10,22086,138,246.83248412768447,LightGBM
2011-11-11,22086,201,186.97311516138012,LightGBM
2011-11-12,22086,0,28.918041502063474,LightGBM
2011-11-13,22086,153,110.97429780808658,LightGBM
2011-11-14,22086,914,447.93569503850716,LightGBM
2011-11-15,22086,172,139.54701654630523,LightGBM
2011-11-16,22086,255,287.0470755002065,LightGBM
2011-11-17,22086,280,105.30027970320562,LightGBM
2011-11-18,22086,279,244.45700826179072,LightGBM
2011-11-19,22086,0,11.295464549626441,LightGBM
2011-11-20,22086,253,85.03446360294969,LightGBM
2011-11-21,22086,271,327.39000402489796,LightGBM
2011-11-22,22086,456,120.18282920782359,LightGBM
2011-11-23,22086,454,260.0903253883913,LightGBM
2011-11-24,22086,114,171.21802654393315,LightGBM
2011-11-25,22086,296,120.79320720102179,LightGBM
2011-11-26,22086,0,27.277644650994677,LightGBM
2011-11-27,22086,100,107.02939436792848,LightGBM
2011-11-28,22086,328,282.0063192890656,LightGBM
2011-11-29,22086,355,125.25850495392822,LightGBM
2011-11-30,22086,283,254.44884120046387,LightGBM
2011-12-01,22086,304,222.14381822867404,LightGBM
2011-12-02,22086,240,327.8761446220592,LightGBM
2011-12-03,22086,0,215.53849556332585,LightGBM
2011-12-04,22086,52,242.61226646525222,LightGBM
2011-12-05,22086,493,212.44371873761077,LightGBM
2011-12-06,22086,198,174.00753390880618,LightGBM
2011-12-07,22086,306,165.71616039281471,LightGBM
2011-12-08,22086,381,122.55522603861678,LightGBM
2011-12-09,22086,114,193.71315291712145,LightGBM
2011-11-10,22086,138,283.6180450354389,Prophet
2011-11-11,22086,201,280.36710229285444,Prophet
2011-11-12,22086,0,248.71234762186802,Prophet
2011-11-13,22086,153,278.6431372123647,Prophet
2011-11-14,22086,914,324.872040212482,Prophet
2011-11-15,22086,172,315.1536328417619,Prophet
2011-11-16,22086,255,318.82672352330223,Prophet
2011-11-17,22086,280,325.7376672438454,Prophet
2011-11-18,22086,279,315.46598925478196,Prophet
2011-11-19,22086,0,276.4074921281249,Prophet
2011-11-20,22086,253,298.6488871952291,Prophet
2011-11-21,22086,271,337.0020182480947,Prophet
2011-11-22,22086,456,319.3207724994212,Prophet
2011-11-23,22086,454,315.0414848942596,Prophet
2011-11-24,22086,114,314.10453408715915,Prophet
2011-11-25,22086,296,296.1783866795967,Prophet
2011-11-26,22086,0,249.74129572675722,Prophet
2011-11-27,22086,100,264.95472131627787,Prophet
2011-11-28,22086,328,296.6965620762586,Prophet
2011-11-29,22086,355,272.8773073763247,Prophet
2011-11-30,22086,283,262.979924651029,Prophet
2011-12-01,22086,304,256.98118199927114,Prophet
2011-12-02,22086,240,234.57565814286863,Prophet
2011-12-03,22086,0,184.25763517948195,Prophet
2011-12-04,22086,52,196.19492576865815,Prophet
2011-12-05,22086,493,225.26270245560178,Prophet
2011-12-06,22086,198,199.36041349861645,Prophet
2011-12-07,22086,306,187.95257081358886,Prophet
2011-12-08,22086,381,180.99107887836763,Prophet
2011-12-09,22086,114,158.14032382996876,Prophet
2011-11-10,84992,30,24.0,Naive (Last Value)
2011-11-11,84992,10,24.0,Naive (Last Value)
2011-11-12,84992,0,24.0,Naive (Last Value)
2011-11-13,84992,37,24.0,Naive (Last Value)
2011-11-14,84992,57,24.0,Naive (Last Value)
2011-11-15,84992,148,24.0,Naive (Last Value)
2011-11-16,84992,249,24.0,Naive (Last Value)
2011-11-17,84992,5,24.0,Naive (Last Value)
2011-11-18,84992,4,24.0,Naive (Last Value)
2011-11-19,84992,0,24.0,Naive (Last Value)
2011-11-20,84992,9,24.0,Naive (Last Value)
2011-11-21,84992,3,24.0,Naive (Last Value)
2011-11-22,84992,34,24.0,Naive (Last Value)
2011-11-23,84992,32,24.0,Naive (Last Value)
2011-11-24,84992,27,24.0,Naive (Last Value)
2011-11-25,84992,0,24.0,Naive (Last Value)
2011-11-26,84992,0,24.0,Naive (Last Value)
2011-11-27,84992,8,24.0,Naive (Last Value)
2011-11-28,84992,27,24.0,Naive (Last Value)
2011-11-29,84992,27,24.0,Naive (Last Value)
2011-11-30,84992,121,24.0,Naive (Last Value)
2011-12-01,84992,1,24.0,Naive (Last Value)
2011-12-02,84992,29,24.0,Naive (Last Value)
2011-12-03,84992,0,24.0,Naive (Last Value)
2011-12-04,84992,4,24.0,Naive (Last Value)
2011-12-05,84992,57,24.0,Naive (Last Value)
2011-12-06,84992,4,24.0,Naive (Last Value)
2011-12-07,84992,78,24.0,Naive (Last Value)
2011-12-08,84992,35,24.0,Naive (Last Value)
2011-12-09,84992,0,24.0,Naive (Last Value)
2011-11-10,84992,30,12.428571428571429,Moving Average (7D)
2011-11-11,84992,10,12.428571428571429,Moving Average (7D)
2011-11-12,84992,0,12.428571428571429,Moving Average (7D)
2011-11-13,84992,37,12.428571428571429,Moving Average (7D)
2011-11-14,84992,57,12.428571428571429,Moving Average (7D)
2011-11-15,84992,148,12.428571428571429,Moving Average (7D)
2011-11-16,84992,249,12.428571428571429,Moving Average (7D)
2011-11-17,84992,5,12.428571428571429,Moving Average (7D)
2011-11-18,84992,4,12.428571428571429,Moving Average (7D)
2011-11-19,84992,0,12.428571428571429,Moving Average (7D)
2011-11-20,84992,9,12.428571428571429,Moving Average (7D)
2011-11-21,84992,3,12.428571428571429,Moving Average (7D)
2011-11-22,84992,34,12.428571428571429,Moving Average (7D)
2011-11-23,84992,32,12.428571428571429,Moving Average (7D)
2011-11-24,84992,27,12.428571428571429,Moving Average (7D)
2011-11-25,84992,0,12.428571428571429,Moving Average (7D)
2011-11-26,84992,0,12.428571428571429,Moving Average (7D)
2011-11-27,84992,8,12.428571428571429,Moving Average (7D)
2011-11-28,84992,27,12.428571428571429,Moving Average (7D)
2011-11-29,84992,27,12.428571428571429,Moving Average (7D)
2011-11-30,84992,121,12.428571428571429,Moving Average (7D)
2011-12-01,84992,1,12.428571428571429,Moving Average (7D)
2011-12-02,84992,29,12.428571428571429,Moving Average (7D)
2011-12-03,84992,0,12.428571428571429,Moving Average (7D)
2011-12-04,84992,4,12.428571428571429,Moving Average (7D)
2011-12-05,84992,57,12.428571428571429,Moving Average (7D)
2011-12-06,84992,4,12.428571428571429,Moving Average (7D)
2011-12-07,84992,78,12.428571428571429,Moving Average (7D)
2011-12-08,84992,35,12.428571428571429,Moving Average (7D)
2011-12-09,84992,0,12.428571428571429,Moving Average (7D)
2011-11-10,84992,30,28.571428571428573,Moving Average (14D)
2011-11-11,84992,10,28.571428571428573,Moving Average (14D)
2011-11-12,84992,0,28.571428571428573,Moving Average (14D)
2011-11-13,84992,37,28.571428571428573,Moving Average (14D)
2011-11-14,84992,57,28.571428571428573,Moving Average (14D)
2011-11-15,84992,148,28.571428571428573,Moving Average (14D)
2011-11-16,84992,249,28.571428571428573,Moving Average (14D)
2011-11-17,84992,5,28.571428571428573,Moving Average (14D)
2011-11-18,84992,4,28.571428571428573,Moving Average (14D)
2011-11-19,84992,0,28.571428571428573,Moving Average (14D)
2011-11-20,84992,9,28.571428571428573,Moving Average (14D)
2011-11-21,84992,3,28.571428571428573,Moving Average (14D)
2011-11-22,84992,34,28.571428571428573,Moving Average (14D)
2011-11-23,84992,32,28.571428571428573,Moving Average (14D)
2011-11-24,84992,27,28.571428571428573,Moving Average (14D)
2011-11-25,84992,0,28.571428571428573,Moving Average (14D)
2011-11-26,84992,0,28.571428571428573,Moving Average (14D)
2011-11-27,84992,8,28.571428571428573,Moving Average (14D)
2011-11-28,84992,27,28.571428571428573,Moving Average (14D)
2011-11-29,84992,27,28.571428571428573,Moving Average (14D)
2011-11-30,84992,121,28.571428571428573,Moving Average (14D)
2011-12-01,84992,1,28.571428571428573,Moving Average (14D)
2011-12-02,84992,29,28.571428571428573,Moving Average (14D)
2011-12-03,84992,0,28.571428571428573,Moving Average (14D)
2011-12-04,84992,4,28.571428571428573,Moving Average (14D)
2011-12-05,84992,57,28.571428571428573,Moving Average (14D)
2011-12-06,84992,4,28.571428571428573,Moving Average (14D)
2011-12-07,84992,78,28.571428571428573,Moving Average (14D)
2011-12-08,84992,35,28.571428571428573,Moving Average (14D)
2011-12-09,84992,0,28.571428571428573,Moving Average (14D)
2011-11-10,84992,30,25.678571428571427,Moving Average (28D)
2011-11-11,84992,10,25.678571428571427,Moving Average (28D)
2011-11-12,84992,0,25.678571428571427,Moving Average (28D)
2011-11-13,84992,37,25.678571428571427,Moving Average (28D)
2011-11-14,84992,57,25.678571428571427,Moving Average (28D)
2011-11-15,84992,148,25.678571428571427,Moving Average (28D)
2011-11-16,84992,249,25.678571428571427,Moving Average (28D)
2011-11-17,84992,5,25.678571428571427,Moving Average (28D)
2011-11-18,84992,4,25.678571428571427,Moving Average (28D)
2011-11-19,84992,0,25.678571428571427,Moving Average (28D)
2011-11-20,84992,9,25.678571428571427,Moving Average (28D)
2011-11-21,84992,3,25.678571428571427,Moving Average (28D)
2011-11-22,84992,34,25.678571428571427,Moving Average (28D)
2011-11-23,84992,32,25.678571428571427,Moving Average (28D)
2011-11-24,84992,27,25.678571428571427,Moving Average (28D)
2011-11-25,84992,0,25.678571428571427,Moving Average (28D)
2011-11-26,84992,0,25.678571428571427,Moving Average (28D)
2011-11-27,84992,8,25.678571428571427,Moving Average (28D)
2011-11-28,84992,27,25.678571428571427,Moving Average (28D)
2011-11-29,84992,27,25.678571428571427,Moving Average (28D)
2011-11-30,84992,121,25.678571428571427,Moving Average (28D)
2011-12-01,84992,1,25.678571428571427,Moving Average (28D)
2011-12-02,84992,29,25.678571428571427,Moving Average (28D)
2011-12-03,84992,0,25.678571428571427,Moving Average (28D)
2011-12-04,84992,4,25.678571428571427,Moving Average (28D)
2011-12-05,84992,57,25.678571428571427,Moving Average (28D)
2011-12-06,84992,4,25.678571428571427,Moving Average (28D)
2011-12-07,84992,78,25.678571428571427,Moving Average (28D)
2011-12-08,84992,35,25.678571428571427,Moving Average (28D)
2011-12-09,84992,0,25.678571428571427,Moving Average (28D)
2011-11-10,84992,30,24.79167986310682,LightGBM
2011-11-11,84992,10,31.076143277927766,LightGBM
2011-11-12,84992,0,31.944284615380663,LightGBM
2011-11-13,84992,37,43.09576508711158,LightGBM
2011-11-14,84992,57,119.38928712262627,LightGBM
2011-11-15,84992,148,54.16812483085185,LightGBM
2011-11-16,84992,249,153.2179835665425,LightGBM
2011-11-17,84992,5,142.9482462319586,LightGBM
2011-11-18,84992,4,350.2972517500481,LightGBM
2011-11-19,84992,0,58.55529566919503,LightGBM
2011-11-20,84992,9,110.07308401902314,LightGBM
2011-11-21,84992,3,186.0900737984708,LightGBM
2011-11-22,84992,34,107.57073237942495,LightGBM
2011-11-23,84992,32,113.3292183023069,LightGBM
2011-11-24,84992,27,98.72089500242777,LightGBM
2011-11-25,84992,0,124.37974215305408,LightGBM
2011-11-26,84992,0,4.214205601748196,LightGBM
2011-11-27,84992,8,77.97298183053533,LightGBM
2011-11-28,84992,27,141.78649460122867,LightGBM
2011-11-29,84992,27,116.57663083466431,LightGBM
2011-11-30,84992,121,138.87797556720113,LightGBM
2011-12-01,84992,1,30.56378418683955,LightGBM
2011-12-02,84992,29,29.945042903789137,LightGBM
2011-12-03,84992,0,15.252361288825584,LightGBM
2011-12-04,84992,4,19.827385577317116,LightGBM
2011-12-05,84992,57,32.923174096695895,LightGBM
2011-12-06,84992,4,35.15299144984131,LightGBM
2011-12-07,84992,78,41.69958741580655,LightGBM
2011-12-08,84992,35,78.69784611370511,LightGBM
2011-12-09,84992,0,43.43197793026968,LightGBM
2011-11-10,84992,30,85.06067856550405,Prophet
2011-11-11,84992,10,96.52207659159043,Prophet
2011-11-12,84992,0,36.2692982684758,Prophet
2011-11-13,84992,37,67.44621403890977,Prophet
2011-11-14,84992,57,91.22654695488598,Prophet
2011-11-15,84992,148,115.5845360268014,Prophet
2011-11-16,84992,249,106.11689295987746,Prophet
2011-11-17,84992,5,99.94012568803444,Prophet
2011-11-18,84992,4,107.66505762837471,Prophet
2011-11-19,84992,0,43.498062716470685,Prophet
2011-11-20,84992,9,70.65577139204538,Prophet
2011-11-21,84992,3,90.38731345788854,Prophet
2011-11-22,84992,34,110.74321942301157,Prophet
2011-11-23,84992,32,97.39557363797547,Prophet
2011-11-24,84992,27,87.5335397782977,Prophet
2011-11-25,84992,0,91.83613523906776,Prophet
2011-11-26,84992,0,24.57182131690859,Prophet
2011-11-27,84992,8,49.01170902401527,Prophet
2011-11-28,84992,27,66.45048771792119,Prophet
2011-11-29,84992,27,84.9742348022024,Prophet
2011-11-30,84992,121,70.27973077010942,Prophet
2011-12-01,84992,1,59.56942447908428,Prophet
2011-12-02,84992,29,63.52394218109897,Prophet
2011-12-03,84992,0,0.0,Prophet
2011-12-04,84992,4,21.452533937150314,Prophet
2011-12-05,84992,57,39.939106510310175,Prophet
2011-12-06,84992,4,59.90579983001396,Prophet
2011-12-07,84992,78,46.99912819210226,Prophet
2011-12-08,84992,35,38.36412446798019,Prophet
2011-12-09,84992,0,44.618442768358804,Prophet
2011-11-10,71459,60,12.0,Naive (Last Value)
2011-11-11,71459,28,12.0,Naive (Last Value)
2011-11-12,71459,0,12.0,Naive (Last Value)
2011-11-13,71459,0,12.0,Naive (Last Value)
2011-11-14,71459,8,12.0,Naive (Last Value)
2011-11-15,71459,12,12.0,Naive (Last Value)
2011-11-16,71459,24,12.0,Naive (Last Value)
2011-11-17,71459,12,12.0,Naive (Last Value)
2011-11-18,71459,28,12.0,Naive (Last Value)
2011-11-19,71459,0,12.0,Naive (Last Value)
2011-11-20,71459,300,12.0,Naive (Last Value)
2011-11-21,71459,12,12.0,Naive (Last Value)
2011-11-22,71459,4,12.0,Naive (Last Value)
2011-11-23,71459,8,12.0,Naive (Last Value)
2011-11-24,71459,36,12.0,Naive (Last Value)
2011-11-25,71459,0,12.0,Naive (Last Value)
2011-11-26,71459,0,12.0,Naive (Last Value)
2011-11-27,71459,0,12.0,Naive (Last Value)
2011-11-28,71459,12,12.0,Naive (Last Value)
2011-11-29,71459,108,12.0,Naive (Last Value)
2011-11-30,71459,0,12.0,Naive (Last Value)
2011-12-01,71459,4,12.0,Naive (Last Value)
2011-12-02,71459,0,12.0,Naive (Last Value)
2011-12-03,71459,0,12.0,Naive (Last Value)
2011-12-04,71459,0,12.0,Naive (Last Value)
2011-12-05,71459,12,12.0,Naive (Last Value)
2011-12-06,71459,56,12.0,Naive (Last Value)
2011-12-07,71459,12,12.0,Naive (Last Value)
2011-12-08,71459,8,12.0,Naive (Last Value)
2011-12-09,71459,12,12.0,Naive (Last Value)
2011-11-10,71459,60,30.857142857142858,Moving Average (7D)
2011-11-11,71459,28,30.857142857142858,Moving Average (7D)
2011-11-12,71459,0,30.857142857142858,Moving Average (7D)
2011-11-13,71459,0,30.857142857142858,Moving Average (7D)
2011-11-14,71459,8,30.857142857142858,Moving Average (7D)
2011-11-15,71459,12,30.857142857142858,Moving Average (7D)
2011-11-16,71459,24,30.857142857142858,Moving Average (7D)
2011-11-17,71459,12,30.857142857142858,Moving Average (7D)
2011-11-18,71459,28,30.857142857142858,Moving Average (7D)
2011-11-19,71459,0,30.857142857142858,Moving Average (7D)
2011-11-20,71459,300,30.857142857142858,Moving Average (7D)
2011-11-21,71459,12,30.857142857142858,Moving Average (7D)
2011-11-22,71459,4,30.857142857142858,Moving Average (7D)
2011-11-23,71459,8,30.857142857142858,Moving Average (7D)
2011-11-24,71459,36,30.857142857142858,Moving Average (7D)
2011-11-25,71459,0,30.857142857142858,Moving Average (7D)
2011-11-26,71459,0,30.857142857142858,Moving Average (7D)
2011-11-27,71459,0,30.857142857142858,Moving Average (7D)
2011-11-28,71459,12,30.857142857142858,Moving Average (7D)
2011-11-29,71459,108,30.857142857142858,Moving Average (7D)
2011-11-30,71459,0,30.857142857142858,Moving Average (7D)
2011-12-01,71459,4,30.857142857142858,Moving Average (7D)
2011-12-02,71459,0,30.857142857142858,Moving Average (7D)
2011-12-03,71459,0,30.857142857142858,Moving Average (7D)
2011-12-04,71459,0,30.857142857142858,Moving Average (7D)
2011-12-05,71459,12,30.857142857142858,Moving Average (7D)
2011-12-06,71459,56,30.857142857142858,Moving Average (7D)
2011-12-07,71459,12,30.857142857142858,Moving Average (7D)
2011-12-08,71459,8,30.857142857142858,Moving Average (7D)
2011-12-09,71459,12,30.857142857142858,Moving Average (7D)
2011-11-10,71459,60,18.285714285714285,Moving Average (14D)
2011-11-11,71459,28,18.285714285714285,Moving Average (14D)
2011-11-12,71459,0,18.285714285714285,Moving Average (14D)
2011-11-13,71459,0,18.285714285714285,Moving Average (14D)
2011-11-14,71459,8,18.285714285714285,Moving Average (14D)
2011-11-15,71459,12,18.285714285714285,Moving Average (14D)
2011-11-16,71459,24,18.285714285714285,Moving Average (14D)
2011-11-17,71459,12,18.285714285714285,Moving Average (14D)
2011-11-18,71459,28,18.285714285714285,Moving Average (14D)
2011-11-19,71459,0,18.285714285714285,Moving Average (14D)
2011-11-20,71459,300,18.285714285714285,Moving Average (14D)
2011-11-21,71459,12,18.285714285714285,Moving Average (14D)
2011-11-22,71459,4,18.285714285714285,Moving Average (14D)
2011-11-23,71459,8,18.285714285714285,Moving Average (14D)
2011-11-24,71459,36,18.285714285714285,Moving Average (14D)
2011-11-25,71459,0,18.285714285714285,Moving Average (14D)
2011-11-26,71459,0,18.285714285714285,Moving Average (14D)
2011-11-27,71459,0,18.285714285714285,Moving Average (14D)
2011-11-28,71459,12,18.285714285714285,Moving Average (14D)
2011-11-29,71459,108,18.285714285714285,Moving Average (14D)
2011-11-30,71459,0,18.285714285714285,Moving Average (14D)
2011-12-01,71459,4,18.285714285714285,Moving Average (14D)
2011-12-02,71459,0,18.285714285714285,Moving Average (14D)
2011-12-03,71459,0,18.285714285714285,Moving Average (14D)
2011-12-04,71459,0,18.285714285714285,Moving Average (14D)
2011-12-05,71459,12,18.285714285714285,Moving Average (14D)
2011-12-06,71459,56,18.285714285714285,Moving Average (14D)
2011-12-07,71459,12,18.285714285714285,Moving Average (14D)
2011-12-08,71459,8,18.285714285714285,Moving Average (14D)
2011-12-09,71459,12,18.285714285714285,Moving Average (14D)
2011-11-10,71459,60,14.464285714285714,Moving Average (28D)
2011-11-11,71459,28,14.464285714285714,Moving Average (28D)
2011-11-12,71459,0,14.464285714285714,Moving Average (28D)
2011-11-13,71459,0,14.464285714285714,Moving Average (28D)
2011-11-14,71459,8,14.464285714285714,Moving Average (28D)
2011-11-15,71459,12,14.464285714285714,Moving Average (28D)
2011-11-16,71459,24,14.464285714285714,Moving Average (28D)
2011-11-17,71459,12,14.464285714285714,Moving Average (28D)
2011-11-18,71459,28,14.464285714285714,Moving Average (28D)
2011-11-19,71459,0,14.464285714285714,Moving Average (28D)
2011-11-20,71459,300,14.464285714285714,Moving Average (28D)
2011-11-21,71459,12,14.464285714285714,Moving Average (28D)
2011-11-22,71459,4,14.464285714285714,Moving Average (28D)
2011-11-23,71459,8,14.464285714285714,Moving Average (28D)
2011-11-24,71459,36,14.464285714285714,Moving Average (28D)
2011-11-25,71459,0,14.464285714285714,Moving Average (28D)
2011-11-26,71459,0,14.464285714285714,Moving Average (28D)
2011-11-27,71459,0,14.464285714285714,Moving Average (28D)
2011-11-28,71459,12,14.464285714285714,Moving Average (28D)
2011-11-29,71459,108,14.464285714285714,Moving Average (28D)
2011-11-30,71459,0,14.464285714285714,Moving Average (28D)
2011-12-01,71459,4,14.464285714285714,Moving Average (28D)
2011-12-02,71459,0,14.464285714285714,Moving Average (28D)
2011-12-03,71459,0,14.464285714285714,Moving Average (28D)
2011-12-04,71459,0,14.464285714285714,Moving Average (28D)
2011-12-05,71459,12,14.464285714285714,Moving Average (28D)
2011-12-06,71459,56,14.464285714285714,Moving Average (28D)
2011-12-07,71459,12,14.464285714285714,Moving Average (28D)
2011-12-08,71459,8,14.464285714285714,Moving Average (28D)
2011-12-09,71459,12,14.464285714285714,Moving Average (28D)
2011-11-10,71459,60,25.194475073232553,LightGBM
2011-11-11,71459,28,13.780239516388681,LightGBM
2011-11-12,71459,0,6.612148685857937,LightGBM
2011-11-13,71459,0,15.117951006204219,LightGBM
2011-11-14,71459,8,32.32512426755244,LightGBM
2011-11-15,71459,12,31.71840802896225,LightGBM
2011-11-16,71459,24,35.01408474966532,LightGBM
2011-11-17,71459,12,23.458108436867665,LightGBM
2011-11-18,71459,28,13.021091966039428,LightGBM
2011-11-19,71459,0,6.26229778183612,LightGBM
2011-11-20,71459,300,11.146365796567924,LightGBM
2011-11-21,71459,12,34.12281884971355,LightGBM
2011-11-22,71459,4,40.051836518127686,LightGBM
2011-11-23,71459,8,23.04881179054023,LightGBM
2011-11-24,71459,36,36.51370881877665,LightGBM
2011-11-25,71459,0,20.6716615627543,LightGBM
2011-11-26,71459,0,14.417803878531299,LightGBM
2011-11-27,71459,0,26.547340935953464,LightGBM
2011-11-28,71459,12,37.13012654568735,LightGBM
2011-11-29,71459,108,37.133430939141135,LightGBM
2011-11-30,71459,0,37.89084925921525,LightGBM
2011-12-01,71459,4,42.36107116746674,LightGBM
2011-12-02,71459,0,38.986557130287004,LightGBM
2011-12-03,71459,0,21.875889933284853,LightGBM
2011-12-04,71459,0,32.00997105972913,LightGBM
2011-12-05,71459,12,44.755764176583575,LightGBM
2011-12-06,71459,56,52.90495693469577,LightGBM
2011-12-07,71459,12,44.83060750010943,LightGBM
2011-12-08,71459,8,47.41654230678559,LightGBM
2011-12-09,71459,12,46.96823544777172,LightGBM
2011-11-10,71459,60,21.073744858605536,Prophet
2011-11-11,71459,28,0.0,Prophet
2011-11-12,71459,0,0.0,Prophet
2011-11-13,71459,0,0.0,Prophet
2011-11-14,71459,8,0.0,Prophet
2011-11-15,71459,12,20.286927505583364,Prophet
2011-11-16,71459,24,25.793159452033485,Prophet
2011-11-17,71459,12,27.954586462783332,Prophet
2011-11-18,71459,28,7.770944784484648,Prophet
2011-11-19,71459,0,0.0,Prophet
2011-11-20,71459,300,0.0,Prophet
2011-11-21,71459,12,12.238765949001547,Prophet
2011-11-22,71459,4,33.27850256259004,Prophet
2011-11-23,71459,8,38.95434656243992,Prophet
2011-11-24,71459,36,40.863958353059076,Prophet
2011-11-25,71459,0,19.998693319554928,Prophet
2011-11-26,71459,0,0.0,Prophet
2011-11-27,71459,0,7.443871522325551,Prophet
2011-11-28,71459,12,19.941424601470594,Prophet
2011-11-29,71459,108,38.73912288806015,Prophet
2011-11-30,71459,0,41.88084753157141,Prophet
2011-12-01,71459,4,41.02402716812013,Prophet
2011-12-02,71459,0,17.227834284166672,Prophet
2011-12-03,71459,0,0.0,Prophet
2011-12-04,71459,0,0.0,Prophet
2011-12-05,71459,12,8.15288509879721,Prophet
2011-12-06,71459,56,24.137842671924577,Prophet
2011-12-07,71459,12,24.697081246135227,Prophet
2011-12-08,71459,8,21.563459660988357,Prophet
2011-12-09,71459,12,0.0,Prophet
2011-11-10,22952,249,108.0,Naive (Last Value)
2011-11-11,22952,87,108.0,Naive (Last Value)
2011-11-12,22952,0,108.0,Naive (Last Value)
2011-11-13,22952,339,108.0,Naive (Last Value)
2011-11-14,22952,438,108.0,Naive (Last Value)
2011-11-15,22952,62,108.0,Naive (Last Value)
2011-11-16,22952,202,108.0,Naive (Last Value)
2011-11-17,22952,195,108.0,Naive (Last Value)
2011-11-18,22952,143,108.0,Naive (Last Value)
2011-11-19,22952,0,108.0,Naive (Last Value)
2011-11-20,22952,48,108.0,Naive (Last Value)
2011-11-21,22952,78,108.0,Naive (Last Value)
2011-11-22,22952,276,108.0,Naive (Last Value)
2011-11-23,22952,89,108.0,Naive (Last Value)
2011-11-24,22952,40,108.0,Naive (Last Value)
2011-11-25,22952,95,108.0,Naive (Last Value)
2011-11-26,22952,0,108.0,Naive (Last Value)
2011-11-27,22952,34,108.0,Naive (Last Value)
2011-11-28,22952,200,108.0,Naive (Last Value)
2011-11-29,22952,241,108.0,Naive (Last Value)
2011-11-30,22952,393,108.0,Naive (Last Value)
2011-12-01,22952,86,108.0,Naive (Last Value)
2011-12-02,22952,68,108.0,Naive (Last Value)
2011-12-03,22952,0,108.0,Naive (Last Value)
2011-12-04,22952,43,108.0,Naive (Last Value)
2011-12-05,22952,153,108.0,Naive (Last Value)
2011-12-06,22952,149,108.0,Naive (Last Value)
2011-12-07,22952,73,108.0,Naive (Last Value)
2011-12-08,22952,135,108.0,Naive (Last Value)
2011-12-09,22952,43,108.0,Naive (Last Value)
2011-11-10,22952,249,135.71428571428572,Moving Average (7D)
2011-11-11,22952,87,135.71428571428572,Moving Average (7D)
2011-11-12,22952,0,135.71428571428572,Moving Average (7D)
2011-11-13,22952,339,135.71428571428572,Moving Average (7D)
2011-11-14,22952,438,135.71428571428572,Moving Average (7D)
2011-11-15,22952,62,135.71428571428572,Moving Average (7D)
2011-11-16,22952,202,135.71428571428572,Moving Average (7D)
2011-11-17,22952,195,135.71428571428572,Moving Average (7D)
2011-11-18,22952,143,135.71428571428572,Moving Average (7D)
2011-11-19,22952,0,135.71428571428572,Moving Average (7D)
2011-11-20,22952,48,135.71428571428572,Moving Average (7D)
2011-11-21,22952,78,135.71428571428572,Moving Average (7D)
2011-11-22,22952,276,135.71428571428572,Moving Average (7D)
2011-11-23,22952,89,135.71428571428572,Moving Average (7D)
2011-11-24,22952,40,135.71428571428572,Moving Average (7D)
2011-11-25,22952,95,135.71428571428572,Moving Average (7D)
2011-11-26,22952,0,135.71428571428572,Moving Average (7D)
2011-11-27,22952,34,135.71428571428572,Moving Average (7D)
2011-11-28,22952,200,135.71428571428572,Moving Average (7D)
2011-11-29,22952,241,135.71428571428572,Moving Average (7D)
2011-11-30,22952,393,135.71428571428572,Moving Average (7D)
2011-12-01,22952,86,135.71428571428572,Moving Average (7D)
2011-12-02,22952,68,135.71428571428572,Moving Average (7D)
2011-12-03,22952,0,135.71428571428572,Moving Average (7D)
2011-12-04,22952,43,135.71428571428572,Moving Average (7D)
2011-12-05,22952,153,135.71428571428572,Moving Average (7D)
2011-12-06,22952,149,135.71428571428572,Moving Average (7D)
2011-12-07,22952,73,135.71428571428572,Moving Average (7D)
2011-12-08,22952,135,135.71428571428572,Moving Average (7D)
2011-12-09,22952,43,135.71428571428572,Moving Average (7D)
2011-11-10,22952,249,135.57142857142858,Moving Average (14D)
2011-11-11,22952,87,135.57142857142858,Moving Average (14D)
2011-11-12,22952,0,135.57142857142858,Moving Average (14D)
2011-11-13,22952,339,135.57142857142858,Moving Average (14D)
2011-11-14,22952,438,135.57142857142858,Moving Average (14D)
2011-11-15,22952,62,135.57142857142858,Moving Average (14D)
2011-11-16,22952,202,135.57142857142858,Moving Average (14D)
2011-11-17,22952,195,135.57142857142858,Moving Average (14D)
2011-11-18,22952,143,135.57142857142858,Moving Average (14D)
2011-11-19,22952,0,135.57142857142858,Moving Average (14D)
2011-11-20,22952,48,135.57142857142858,Moving Average (14D)
2011-11-21,22952,78,135.57142857142858,Moving Average (14D)
2011-11-22,22952,276,135.57142857142858,Moving Average (14D)
2011-11-23,22952,89,135.57142857142858,Moving Average (14D)
2011-11-24,22952,40,135.57142857142858,Moving Average (14D)
2011-11-25,22952,95,135.57142857142858,Moving Average (14D)
2011-11-26,22952,0,135.57142857142858,Moving Average (14D)
2011-11-27,22952,34,135.57142857142858,Moving Average (14D)
2011-11-28,22952,200,135.57142857142858,Moving Average (14D)
2011-11-29,22952,241,135.57142857142858,Moving Average (14D)
2011-11-30,22952,393,135.57142857142858,Moving Average (14D)
2011-12-01,22952,86,135.57142857142858,Moving Average (14D)
2011-12-02,22952,68,135.57142857142858,Moving Average (14D)
2011-12-03,22952,0,135.57142857142858,Moving Average (14D)
2011-12-04,22952,43,135.57142857142858,Moving Average (14D)
2011-12-05,22952,153,135.57142857142858,Moving Average (14D)
2011-12-06,22952,149,135.57142857142858,Moving Average (14D)
2011-12-07,22952,73,135.57142857142858,Moving Average (14D)
2011-12-08,22952,135,135.57142857142858,Moving Average (14D)
2011-12-09,22952,43,135.57142857142858,Moving Average (14D)
2011-11-10,22952,249,147.67857142857142,Moving Average (28D)
2011-11-11,22952,87,147.67857142857142,Moving Average (28D)
2011-11-12,22952,0,147.67857142857142,Moving Average (28D)
2011-11-13,22952,339,147.67857142857142,Moving Average (28D)
2011-11-14,22952,438,147.67857142857142,Moving Average (28D)
2011-11-15,22952,62,147.67857142857142,Moving Average (28D)
2011-11-16,22952,202,147.67857142857142,Moving Average (28D)
2011-11-17,22952,195,147.67857142857142,Moving Average (28D)
2011-11-18,22952,143,147.67857142857142,Moving Average (28D)
2011-11-19,22952,0,147.67857142857142,Moving Average (28D)
2011-11-20,22952,48,147.67857142857142,Moving Average (28D)
2011-11-21,22952,78,147.67857142857142,Moving Average (28D)
2011-11-22,22952,276,147.67857142857142,Moving Average (28D)
2011-11-23,22952,89,147.67857142857142,Moving Average (28D)
2011-11-24,22952,40,147.67857142857142,Moving Average (28D)
2011-11-25,22952,95,147.67857142857142,Moving Average (28D)
2011-11-26,22952,0,147.67857142857142,Moving Average (28D)
2011-11-27,22952,34,147.67857142857142,Moving Average (28D)
2011-11-28,22952,200,147.67857142857142,Moving Average (28D)
2011-11-29,22952,241,147.67857142857142,Moving Average (28D)
2011-11-30,22952,393,147.67857142857142,Moving Average (28D)
2011-12-01,22952,86,147.67857142857142,Moving Average (28D)
2011-12-02,22952,68,147.67857142857142,Moving Average (28D)
2011-12-03,22952,0,147.67857142857142,Moving Average (28D)
2011-12-04,22952,43,147.67857142857142,Moving Average (28D)
2011-12-05,22952,153,147.67857142857142,Moving Average (28D)
2011-12-06,22952,149,147.67857142857142,Moving Average (28D)
2011-12-07,22952,73,147.67857142857142,Moving Average (28D)
2011-12-08,22952,135,147.67857142857142,Moving Average (28D)
2011-12-09,22952,43,147.67857142857142,Moving Average (28D)
2011-11-10,22952,249,165.5747959349452,LightGBM
2011-11-11,22952,87,183.90188701487995,LightGBM
2011-11-12,22952,0,31.51141914585645,LightGBM
2011-11-13,22952,339,182.37222544850698,LightGBM
2011-11-14,22952,438,190.28679819089703,LightGBM
2011-11-15,22952,62,199.532050462524,LightGBM
2011-11-16,22952,202,224.58941620828807,LightGBM
2011-11-17,22952,195,302.33302523769567,LightGBM
2011-11-18,22952,143,277.0782555672863,LightGBM
2011-11-19,22952,0,75.00461718645373,LightGBM
2011-11-20,22952,48,139.0121237173323,LightGBM
2011-11-21,22952,78,181.96463080811654,LightGBM
2011-11-22,22952,276,155.71676658774112,LightGBM
2011-11-23,22952,89,163.95300332375822,LightGBM
2011-11-24,22952,40,160.1790913377798,LightGBM
2011-11-25,22952,95,174.55266304470618,LightGBM
2011-11-26,22952,0,128.25540356671746,LightGBM
2011-11-27,22952,34,160.5199659861596,LightGBM
2011-11-28,22952,200,155.720279414365,LightGBM
2011-11-29,22952,241,132.95741018244001,LightGBM
2011-11-30,22952,393,140.26396781042425,LightGBM
2011-12-01,22952,86,166.19824381335485,LightGBM
2011-12-02,22952,68,166.19824381335485,LightGBM
2011-12-03,22952,0,130.802755574639,LightGBM
2011-12-04,22952,43,148.0199976970468,LightGBM
2011-12-05,22952,153,189.3578666427391,LightGBM
2011-12-06,22952,149,171.74793484044005,LightGBM
2011-12-07,22952,73,160.14797038860377,LightGBM
2011-12-08,22952,135,159.41585385503345,LightGBM
2011-12-09,22952,43,153.98127480387856,LightGBM
2011-11-10,22952,249,251.09652304267587,Prophet
2011-11-11,22952,87,238.99374610077948,Prophet
2011-11-12,22952,0,188.25790384691214,Prophet
2011-11-13,22952,339,212.04317948207574,Prophet
2011-11-14,22952,438,244.4686632057093,Prophet
2011-11-15,22952,62,222.51700924058468,Prophet
2011-11-16,22952,202,197.1619591033435,Prophet
2011-11-17,22952,195,209.26248402782886,Prophet
2011-11-18,22952,143,189.72178876924386,Prophet
2011-11-19,22952,0,132.17440168407788,Prophet
2011-11-20,22952,48,149.8693053322753,Prophet
2011-11-21,22952,78,177.0046400848385,Prophet
2011-11-22,22952,276,150.62510165698984,Prophet
2011-11-23,22952,89,121.74860191847611,Prophet
2011-11-24,22952,40,131.25995847041884,Prophet
2011-11-25,22952,95,110.06985791150399,Prophet
2011-11-26,22952,0,51.80231056233643,Prophet
2011-11-27,22952,34,69.67853425686219,Prophet
2011-11-28,22952,200,97.85277408086145,Prophet
2011-11-29,22952,241,73.31114516151912,Prophet
2011-11-30,22952,393,47.00002680228471,Prophet
2011-12-01,22952,86,59.72172626264587,Prophet
2011-12-02,22952,68,42.29560506537902,Prophet
2011-12-03,22952,0,0.0,Prophet
2011-12-04,22952,43,10.697629323709535,Prophet
2011-12-05,22952,153,43.69550145339634,Prophet
2011-12-06,22952,149,24.12440833816374,Prophet
2011-12-07,22952,73,2.830424440752946,Prophet
2011-12-08,22952,135,20.520509682077677,Prophet
2011-12-09,22952,43,7.925552230956461,Prophet
2011-11-10,20724,31,223.0,Naive (Last Value)
2011-11-11,20724,111,223.0,Naive (Last Value)
2011-11-12,20724,0,223.0,Naive (Last Value)
2011-11-13,20724,65,223.0,Naive (Last Value)
2011-11-14,20724,42,223.0,Naive (Last Value)
2011-11-15,20724,108,223.0,Naive (Last Value)
2011-11-16,20724,52,223.0,Naive (Last Value)
2011-11-17,20724,62,223.0,Naive (Last Value)
2011-11-18,20724,161,223.0,Naive (Last Value)
2011-11-19,20724,0,223.0,Naive (Last Value)
2011-11-20,20724,30,223.0,Naive (Last Value)
2011-11-21,20724,12,223.0,Naive (Last Value)
2011-11-22,20724,228,223.0,Naive (Last Value)
2011-11-23,20724,213,223.0,Naive (Last Value)
2011-11-24,20724,63,223.0,Naive (Last Value)
2011-11-25,20724,149,223.0,Naive (Last Value)
2011-11-26,20724,0,223.0,Naive (Last Value)
2011-11-27,20724,70,223.0,Naive (Last Value)
2011-11-28,20724,64,223.0,Naive (Last Value)
2011-11-29,20724,124,223.0,Naive (Last Value)
2011-11-30,20724,101,223.0,Naive (Last Value)
2011-12-01,20724,29,223.0,Naive (Last Value)
2011-12-02,20724,109,223.0,Naive (Last Value)
2011-12-03,20724,0,223.0,Naive (Last Value)
2011-12-04,20724,123,223.0,Naive (Last Value)
2011-12-05,20724,37,223.0,Naive (Last Value)
2011-12-06,20724,117,223.0,Naive (Last Value)
2011-12-07,20724,230,223.0,Naive (Last Value)
2011-12-08,20724,133,223.0,Naive (Last Value)
2011-12-09,20724,69,223.0,Naive (Last Value)
2011-11-10,20724,31,67.28571428571429,Moving Average (7D)
2011-11-11,20724,111,67.28571428571429,Moving Average (7D)
2011-11-12,20724,0,67.28571428571429,Moving Average (7D)
2011-11-13,20724,65,67.28571428571429,Moving Average (7D)
2011-11-14,20724,42,67.28571428571429,Moving Average (7D)
2011-11-15,20724,108,67.28571428571429,Moving Average (7D)
2011-11-16,20724,52,67.28571428571429,Moving Average (7D)
2011-11-17,20724,62,67.28571428571429,Moving Average (7D)
2011-11-18,20724,161,67.28571428571429,Moving Average (7D)
2011-11-19,20724,0,67.28571428571429,Moving Average (7D)
2011-11-20,20724,30,67.28571428571429,Moving Average (7D)
2011-11-21,20724,12,67.28571428571429,Moving Average (7D)
2011-11-22,20724,228,67.28571428571429,Moving Average (7D)
2011-11-23,20724,213,67.28571428571429,Moving Average (7D)
2011-11-24,20724,63,67.28571428571429,Moving Average (7D)
2011-11-25,20724,149,67.28571428571429,Moving Average (7D)
2011-11-26,20724,0,67.28571428571429,Moving Average (7D)
2011-11-27,20724,70,67.28571428571429,Moving Average (7D)
2011-11-28,20724,64,67.28571428571429,Moving Average (7D)
2011-11-29,20724,124,67.28571428571429,Moving Average (7D)
2011-11-30,20724,101,67.28571428571429,Moving Average (7D)
2011-12-01,20724,29,67.28571428571429,Moving Average (7D)
2011-12-02,20724,109,67.28571428571429,Moving Average (7D)
2011-12-03,20724,0,67.28571428571429,Moving Average (7D)
2011-12-04,20724,123,67.28571428571429,Moving Average (7D)
2011-12-05,20724,37,67.28571428571429,Moving Average (7D)
2011-12-06,20724,117,67.28571428571429,Moving Average (7D)
2011-12-07,20724,230,67.28571428571429,Moving Average (7D)
2011-12-08,20724,133,67.28571428571429,Moving Average (7D)
2011-12-09,20724,69,67.28571428571429,Moving Average (7D)
2011-11-10,20724,31,52.5,Moving Average (14D)
2011-11-11,20724,111,52.5,Moving Average (14D)
2011-11-12,20724,0,52.5,Moving Average (14D)
2011-11-13,20724,65,52.5,Moving Average (14D)
2011-11-14,20724,42,52.5,Moving Average (14D)
2011-11-15,20724,108,52.5,Moving Average (14D)
2011-11-16,20724,52,52.5,Moving Average (14D)
2011-11-17,20724,62,52.5,Moving Average (14D)
2011-11-18,20724,161,52.5,Moving Average (14D)
2011-11-19,20724,0,52.5,Moving Average (14D)
2011-11-20,20724,30,52.5,Moving Average (14D)
2011-11-21,20724,12,52.5,Moving Average (14D)
2011-11-22,20724,228,52.5,Moving Average (14D)
2011-11-23,20724,213,52.5,Moving Average (14D)
2011-11-24,20724,63,52.5,Moving Average (14D)
2011-11-25,20724,149,52.5,Moving Average (14D)
2011-11-26,20724,0,52.5,Moving Average (14D)
2011-11-27,20724,70,52.5,Moving Average (14D)
2011-11-28,20724,64,52.5,Moving Average (14D)
2011-11-29,20724,124,52.5,Moving Average (14D)
2011-11-30,20724,101,52.5,Moving Average (14D)
2011-12-01,20724,29,52.5,Moving Average (14D)
2011-12-02,20724,109,52.5,Moving Average (14D)
2011-12-03,20724,0,52.5,Moving Average (14D)
2011-12-04,20724,123,52.5,Moving Average (14D)
2011-12-05,20724,37,52.5,Moving Average (14D)
2011-12-06,20724,117,52.5,Moving Average (14D)
2011-12-07,20724,230,52.5,Moving Average (14D)
2011-12-08,20724,133,52.5,Moving Average (14D)
2011-12-09,20724,69,52.5,Moving Average (14D)
2011-11-10,20724,31,57.535714285714285,Moving Average (28D)
2011-11-11,20724,111,57.535714285714285,Moving Average (28D)
2011-11-12,20724,0,57.535714285714285,Moving Average (28D)
2011-11-13,20724,65,57.535714285714285,Moving Average (28D)
2011-11-14,20724,42,57.535714285714285,Moving Average (28D)
2011-11-15,20724,108,57.535714285714285,Moving Average (28D)
2011-11-16,20724,52,57.535714285714285,Moving Average (28D)
2011-11-17,20724,62,57.535714285714285,Moving Average (28D)
2011-11-18,20724,161,57.535714285714285,Moving Average (28D)
2011-11-19,20724,0,57.535714285714285,Moving Average (28D)
2011-11-20,20724,30,57.535714285714285,Moving Average (28D)
2011-11-21,20724,12,57.535714285714285,Moving Average (28D)
2011-11-22,20724,228,57.535714285714285,Moving Average (28D)
2011-11-23,20724,213,57.535714285714285,Moving Average (28D)
2011-11-24,20724,63,57.535714285714285,Moving Average (28D)
2011-11-25,20724,149,57.535714285714285,Moving Average (28D)
2011-11-26,20724,0,57.535714285714285,Moving Average (28D)
2011-11-27,20724,70,57.535714285714285,Moving Average (28D)
2011-11-28,20724,64,57.535714285714285,Moving Average (28D)
2011-11-29,20724,124,57.535714285714285,Moving Average (28D)
2011-11-30,20724,101,57.535714285714285,Moving Average (28D)
2011-12-01,20724,29,57.535714285714285,Moving Average (28D)
2011-12-02,20724,109,57.535714285714285,Moving Average (28D)
2011-12-03,20724,0,57.535714285714285,Moving Average (28D)
2011-12-04,20724,123,57.535714285714285,Moving Average (28D)
2011-12-05,20724,37,57.535714285714285,Moving Average (28D)
2011-12-06,20724,117,57.535714285714285,Moving Average (28D)
2011-12-07,20724,230,57.535714285714285,Moving Average (28D)
2011-12-08,20724,133,57.535714285714285,Moving Average (28D)
2011-12-09,20724,69,57.535714285714285,Moving Average (28D)
2011-11-10,20724,31,59.154960784689145,LightGBM
2011-11-11,20724,111,57.496211017672486,LightGBM
2011-11-12,20724,0,4.061516810314143,LightGBM
2011-11-13,20724,65,26.857638658324667,LightGBM
2011-11-14,20724,42,46.86943894980518,LightGBM
2011-11-15,20724,108,61.255713694041596,LightGBM
2011-11-16,20724,52,64.91337046866973,LightGBM
2011-11-17,20724,62,78.00247502750781,LightGBM
2011-11-18,20724,161,79.33273496953592,LightGBM
2011-11-19,20724,0,7.854280024548266,LightGBM
2011-11-20,20724,30,28.8679551585503,LightGBM
2011-11-21,20724,12,87.43599292561879,LightGBM
2011-11-22,20724,228,81.23801542173923,LightGBM
2011-11-23,20724,213,84.17148446825195,LightGBM
2011-11-24,20724,63,82.1283223197966,LightGBM
2011-11-25,20724,149,89.87174586906336,LightGBM
2011-11-26,20724,0,7.854280024548266,LightGBM
2011-11-27,20724,70,30.50813811556064,LightGBM
2011-11-28,20724,64,59.50306804545467,LightGBM
2011-11-29,20724,124,72.93989733057887,LightGBM
2011-11-30,20724,101,72.31325243222328,LightGBM
2011-12-01,20724,29,54.7984721120535,LightGBM
2011-12-02,20724,109,51.91513049265199,LightGBM
2011-12-03,20724,0,5.966273933112512,LightGBM
2011-12-04,20724,123,30.75647302675757,LightGBM
2011-12-05,20724,37,66.54179556148107,LightGBM
2011-12-06,20724,117,87.35058053365097,LightGBM
2011-12-07,20724,230,95.08570974228182,LightGBM
2011-12-08,20724,133,111.55082428708387,LightGBM
2011-12-09,20724,69,124.87143158878695,LightGBM
2011-11-10,20724,31,62.86132499344275,Prophet
2011-11-11,20724,111,66.72375142149001,Prophet
2011-11-12,20724,0,11.592167149218675,Prophet
2011-11-13,20724,65,39.63367174452445,Prophet
2011-11-14,20724,42,53.24423064778611,Prophet
2011-11-15,20724,108,83.76942414091556,Prophet
2011-11-16,20724,52,64.64056568116862,Prophet
2011-11-17,20724,62,68.26727901904486,Prophet
2011-11-18,20724,161,72.30493420316542,Prophet
2011-11-19,20724,0,17.26746088478355,Prophet
2011-11-20,20724,30,45.308871764309295,Prophet
2011-11-21,20724,12,58.81340057884305,Prophet
2011-11-22,20724,228,89.11666419770864,Prophet
2011-11-23,20724,213,69.64215997509879,Prophet
2011-11-24,20724,63,72.794176283055,Prophet
2011-11-25,20724,149,76.22550589447025,Prophet
2011-11-26,20724,0,20.450471565329266,Prophet
2011-11-27,20724,70,47.626589235939406,Prophet
2011-11-28,20724,64,60.1447676984408,Prophet
2011-11-29,20724,124,89.3504507860709,Prophet
2011-11-30,20724,101,68.68001189987679,Prophet
2011-12-01,20724,29,70.55347968938854,Prophet
2011-12-02,20724,109,72.64198769112186,Prophet
2011-12-03,20724,0,15.480462588573452,Prophet
2011-12-04,20724,123,41.24888388150054,Prophet
2011-12-05,20724,37,52.36202306657498,Prophet
2011-12-06,20724,117,80.19007929101954,Prophet
2011-12-07,20724,230,58.19453357034312,Prophet
2011-12-08,20724,133,58.820313723330685,Prophet
2011-12-09,20724,69,59.76267686606674,Prophet
2011-11-10,21982,28,0.0,Naive (Last Value)
2011-11-11,21982,20,0.0,Naive (Last Value)
2011-11-12,21982,0,0.0,Naive (Last Value)
2011-11-13,21982,13,0.0,Naive (Last Value)
2011-11-14,21982,8,0.0,Naive (Last Value)
2011-11-15,21982,17,0.0,Naive (Last Value)
2011-11-16,21982,15,0.0,Naive (Last Value)
2011-11-17,21982,42,0.0,Naive (Last Value)
2011-11-18,21982,70,0.0,Naive (Last Value)
2011-11-19,21982,0,0.0,Naive (Last Value)
2011-11-20,21982,14,0.0,Naive (Last Value)
2011-11-21,21982,3,0.0,Naive (Last Value)
2011-11-22,21982,3,0.0,Naive (Last Value)
2011-11-23,21982,32,0.0,Naive (Last Value)
2011-11-24,21982,16,0.0,Naive (Last Value)
2011-11-25,21982,41,0.0,Naive (Last Value)
2011-11-26,21982,0,0.0,Naive (Last Value)
2011-11-27,21982,1,0.0,Naive (Last Value)
2011-11-28,21982,9,0.0,Naive (Last Value)
2011-11-29,21982,6,0.0,Naive (Last Value)
2011-11-30,21982,1,0.0,Naive (Last Value)
2011-12-01,21982,6,0.0,Naive (Last Value)
2011-12-02,21982,5,0.0,Naive (Last Value)
2011-12-03,21982,0,0.0,Naive (Last Value)
2011-12-04,21982,0,0.0,Naive (Last Value)
2011-12-05,21982,33,0.0,Naive (Last Value)
2011-12-06,21982,30,0.0,Naive (Last Value)
2011-12-07,21982,0,0.0,Naive (Last Value)
2011-12-08,21982,42,0.0,Naive (Last Value)
2011-12-09,21982,2,0.0,Naive (Last Value)
2011-11-10,21982,28,73.14285714285714,Moving Average (7D)
2011-11-11,21982,20,73.14285714285714,Moving Average (7D)
2011-11-12,21982,0,73.14285714285714,Moving Average (7D)
2011-11-13,21982,13,73.14285714285714,Moving Average (7D)
2011-11-14,21982,8,73.14285714285714,Moving Average (7D)
2011-11-15,21982,17,73.14285714285714,Moving Average (7D)
2011-11-16,21982,15,73.14285714285714,Moving Average (7D)
2011-11-17,21982,42,73.14285714285714,Moving Average (7D)
2011-11-18,21982,70,73.14285714285714,Moving Average (7D)
2011-11-19,21982,0,73.14285714285714,Moving Average (7D)
2011-11-20,21982,14,73.14285714285714,Moving Average (7D)
2011-11-21,21982,3,73.14285714285714,Moving Average (7D)
2011-11-22,21982,3,73.14285714285714,Moving Average (7D)
2011-11-23,21982,32,73.14285714285714,Moving Average (7D)
2011-11-24,21982,16,73.14285714285714,Moving Average (7D)
2011-11-25,21982,41,73.14285714285714,Moving Average (7D)
2011-11-26,21982,0,73.14285714285714,Moving Average (7D)
2011-11-27,21982,1,73.14285714285714,Moving Average (7D)
2011-11-28,21982,9,73.14285714285714,Moving Average (7D)
2011-11-29,21982,6,73.14285714285714,Moving Average (7D)
2011-11-30,21982,1,73.14285714285714,Moving Average (7D)
2011-12-01,21982,6,73.14285714285714,Moving Average (7D)
2011-12-02,21982,5,73.14285714285714,Moving Average (7D)
2011-12-03,21982,0,73.14285714285714,Moving Average (7D)
2011-12-04,21982,0,73.14285714285714,Moving Average (7D)
2011-12-05,21982,33,73.14285714285714,Moving Average (7D)
2011-12-06,21982,30,73.14285714285714,Moving Average (7D)
2011-12-07,21982,0,73.14285714285714,Moving Average (7D)
2011-12-08,21982,42,73.14285714285714,Moving Average (7D)
2011-12-09,21982,2,73.14285714285714,Moving Average (7D)
2011-11-10,21982,28,45.42857142857143,Moving Average (14D)
2011-11-11,21982,20,45.42857142857143,Moving Average (14D)
2011-11-12,21982,0,45.42857142857143,Moving Average (14D)
2011-11-13,21982,13,45.42857142857143,Moving Average (14D)
2011-11-14,21982,8,45.42857142857143,Moving Average (14D)
2011-11-15,21982,17,45.42857142857143,Moving Average (14D)
2011-11-16,21982,15,45.42857142857143,Moving Average (14D)
2011-11-17,21982,42,45.42857142857143,Moving Average (14D)
2011-11-18,21982,70,45.42857142857143,Moving Average (14D)
2011-11-19,21982,0,45.42857142857143,Moving Average (14D)
2011-11-20,21982,14,45.42857142857143,Moving Average (14D)
2011-11-21,21982,3,45.42857142857143,Moving Average (14D)
2011-11-22,21982,3,45.42857142857143,Moving Average (14D)
2011-11-23,21982,32,45.42857142857143,Moving Average (14D)
2011-11-24,21982,16,45.42857142857143,Moving Average (14D)
2011-11-25,21982,41,45.42857142857143,Moving Average (14D)
2011-11-26,21982,0,45.42857142857143,Moving Average (14D)
2011-11-27,21982,1,45.42857142857143,Moving Average (14D)
2011-11-28,21982,9,45.42857142857143,Moving Average (14D)
2011-11-29,21982,6,45.42857142857143,Moving Average (14D)
2011-11-30,21982,1,45.42857142857143,Moving Average (14D)
2011-12-01,21982,6,45.42857142857143,Moving Average (14D)
2011-12-02,21982,5,45.42857142857143,Moving Average (14D)
2011-12-03,21982,0,45.42857142857143,Moving Average (14D)
2011-12-04,21982,0,45.42857142857143,Moving Average (14D)
2011-12-05,21982,33,45.42857142857143,Moving Average (14D)
2011-12-06,21982,30,45.42857142857143,Moving Average (14D)
2011-12-07,21982,0,45.42857142857143,Moving Average (14D)
2011-12-08,21982,42,45.42857142857143,Moving Average (14D)
2011-12-09,21982,2,45.42857142857143,Moving Average (14D)
2011-11-10,21982,28,31.857142857142858,Moving Average (28D)
2011-11-11,21982,20,31.857142857142858,Moving Average (28D)
2011-11-12,21982,0,31.857142857142858,Moving Average (28D)
2011-11-13,21982,13,31.857142857142858,Moving Average (28D)
2011-11-14,21982,8,31.857142857142858,Moving Average (28D)
2011-11-15,21982,17,31.857142857142858,Moving Average (28D)
2011-11-16,21982,15,31.857142857142858,Moving Average (28D)
2011-11-17,21982,42,31.857142857142858,Moving Average (28D)
2011-11-18,21982,70,31.857142857142858,Moving Average (28D)
2011-11-19,21982,0,31.857142857142858,Moving Average (28D)
2011-11-20,21982,14,31.857142857142858,Moving Average (28D)
2011-11-21,21982,3,31.857142857142858,Moving Average (28D)
2011-11-22,21982,3,31.857142857142858,Moving Average (28D)
2011-11-23,21982,32,31.857142857142858,Moving Average (28D)
2011-11-24,21982,16,31.857142857142858,Moving Average (28D)
2011-11-25,21982,41,31.857142857142858,Moving Average (28D)
2011-11-26,21982,0,31.857142857142858,Moving Average (28D)
2011-11-27,21982,1,31.857142857142858,Moving Average (28D)
2011-11-28,21982,9,31.857142857142858,Moving Average (28D)
2011-11-29,21982,6,31.857142857142858,Moving Average (28D)
2011-11-30,21982,1,31.857142857142858,Moving Average (28D)
2011-12-01,21982,6,31.857142857142858,Moving Average (28D)
2011-12-02,21982,5,31.857142857142858,Moving Average (28D)
2011-12-03,21982,0,31.857142857142858,Moving Average (28D)
2011-12-04,21982,0,31.857142857142858,Moving Average (28D)
2011-12-05,21982,33,31.857142857142858,Moving Average (28D)
2011-12-06,21982,30,31.857142857142858,Moving Average (28D)
2011-12-07,21982,0,31.857142857142858,Moving Average (28D)
2011-12-08,21982,42,31.857142857142858,Moving Average (28D)
2011-12-09,21982,2,31.857142857142858,Moving Average (28D)
2011-11-10,21982,28,22.95600699892789,LightGBM
2011-11-11,21982,20,28.165102158582616,LightGBM
2011-11-12,21982,0,17.983510455655566,LightGBM
2011-11-13,21982,13,23.329970184106852,LightGBM
2011-11-14,21982,8,106.47961258189108,LightGBM
2011-11-15,21982,17,53.859958955696854,LightGBM
2011-11-16,21982,15,52.35067321655629,LightGBM
2011-11-17,21982,42,4.266169004181895,LightGBM
2011-11-18,21982,70,60.019873207996895,LightGBM
2011-11-19,21982,0,77.66001331605786,LightGBM
2011-11-20,21982,14,0.0,LightGBM
2011-11-21,21982,3,120.17898215626845,LightGBM
2011-11-22,21982,3,13.78718025418316,LightGBM
2011-11-23,21982,32,43.02940860035157,LightGBM
2011-11-24,21982,16,139.39949289310695,LightGBM
2011-11-25,21982,41,15.83124500860497,LightGBM
2011-11-26,21982,0,13.051145567039406,LightGBM
2011-11-27,21982,1,14.293335227491099,LightGBM
2011-11-28,21982,9,14.164028314640708,LightGBM
2011-11-29,21982,6,23.116567364019094,LightGBM
2011-11-30,21982,1,17.22886840269379,LightGBM
2011-12-01,21982,6,36.82975119132501,LightGBM
2011-12-02,21982,5,54.977776217298675,LightGBM
2011-12-03,21982,0,375.4734637200666,LightGBM
2011-12-04,21982,0,11.485284397251656,LightGBM
2011-12-05,21982,33,20.490908500285755,LightGBM
2011-12-06,21982,30,29.1837192289157,LightGBM
2011-12-07,21982,0,27.62604172268965,LightGBM
2011-12-08,21982,42,35.46092424577118,LightGBM
2011-12-09,21982,2,29.43517294712509,LightGBM
2011-11-10,21982,28,11.965040841302201,Prophet
2011-11-11,21982,20,0.0,Prophet
2011-11-12,21982,0,0.0,Prophet
2011-11-13,21982,13,0.0,Prophet
2011-11-14,21982,8,7.092782063483295,Prophet
2011-11-15,21982,17,157.50103215820198,Prophet
2011-11-16,21982,15,11.035915562198491,Prophet
2011-11-17,21982,42,30.24519264651761,Prophet
2011-11-18,21982,70,3.1042869266605333,Prophet
2011-11-19,21982,0,0.0,Prophet
2011-11-20,21982,14,9.73659423601948,Prophet
2011-11-21,21982,3,28.03143665389826,Prophet
2011-11-22,21982,3,177.2711746739544,Prophet
2011-11-23,21982,32,28.856396297300073,Prophet
2011-11-24,21982,16,45.350160922232384,Prophet
2011-11-25,21982,41,14.766321907838991,Prophet
2011-11-26,21982,0,0.0,Prophet
2011-11-27,21982,1,12.595772934110045,Prophet
2011-11-28,21982,9,25.7147108708454,Prophet
2011-11-29,21982,6,169.4147551098465,Prophet
2011-11-30,21982,1,15.228974301264145,Prophet
2011-12-01,21982,6,25.863253918109244,Prophet
2011-12-02,21982,5,0.0,Prophet
2011-12-03,21982,0,0.0,Prophet
2011-12-04,21982,0,0.0,Prophet
2011-12-05,21982,33,0.0,Prophet
2011-12-06,21982,30,124.51981874001473,Prophet
2011-12-07,21982,0,0.0,Prophet
2011-12-08,21982,42,0.0,Prophet
2011-12-09,21982,2,0.0,Prophet
2011-11-10,22355,122,20.0,Naive (Last Value)
2011-11-11,22355,172,20.0,Naive (Last Value)
2011-11-12,22355,0,20.0,Naive (Last Value)
2011-11-13,22355,29,20.0,Naive (Last Value)
2011-11-14,22355,27,20.0,Naive (Last Value)
2011-11-15,22355,120,20.0,Naive (Last Value)
2011-11-16,22355,11,20.0,Naive (Last Value)
2011-11-17,22355,2,20.0,Naive (Last Value)
2011-11-18,22355,259,20.0,Naive (Last Value)
2011-11-19,22355,0,20.0,Naive (Last Value)
2011-11-20,22355,21,20.0,Naive (Last Value)
2011-11-21,22355,13,20.0,Naive (Last Value)
2011-11-22,22355,305,20.0,Naive (Last Value)
2011-11-23,22355,2,20.0,Naive (Last Value)
2011-11-24,22355,16,20.0,Naive (Last Value)
2011-11-25,22355,261,20.0,Naive (Last Value)
2011-11-26,22355,0,20.0,Naive (Last Value)
2011-11-27,22355,74,20.0,Naive (Last Value)
2011-11-28,22355,45,20.0,Naive (Last Value)
2011-11-29,22355,146,20.0,Naive (Last Value)
2011-11-30,22355,117,20.0,Naive (Last Value)
2011-12-01,22355,34,20.0,Naive (Last Value)
2011-12-02,22355,193,20.0,Naive (Last Value)
2011-12-03,22355,0,20.0,Naive (Last Value)
2011-12-04,22355,177,20.0,Naive (Last Value)
2011-12-05,22355,22,20.0,Naive (Last Value)
2011-12-06,22355,239,20.0,Naive (Last Value)
2011-12-07,22355,130,20.0,Naive (Last Value)
2011-12-08,22355,223,20.0,Naive (Last Value)
2011-12-09,22355,113,20.0,Naive (Last Value)
2011-11-10,22355,122,47.142857142857146,Moving Average (7D)
2011-11-11,22355,172,47.142857142857146,Moving Average (7D)
2011-11-12,22355,0,47.142857142857146,Moving Average (7D)
2011-11-13,22355,29,47.142857142857146,Moving Average (7D)
2011-11-14,22355,27,47.142857142857146,Moving Average (7D)
2011-11-15,22355,120,47.142857142857146,Moving Average (7D)
2011-11-16,22355,11,47.142857142857146,Moving Average (7D)
2011-11-17,22355,2,47.142857142857146,Moving Average (7D)
2011-11-18,22355,259,47.142857142857146,Moving Average (7D)
2011-11-19,22355,0,47.142857142857146,Moving Average (7D)
2011-11-20,22355,21,47.142857142857146,Moving Average (7D)
2011-11-21,22355,13,47.142857142857146,Moving Average (7D)
2011-11-22,22355,305,47.142857142857146,Moving Average (7D)
2011-11-23,22355,2,47.142857142857146,Moving Average (7D)
2011-11-24,22355,16,47.142857142857146,Moving Average (7D)
2011-11-25,22355,261,47.142857142857146,Moving Average (7D)
2011-11-26,22355,0,47.142857142857146,Moving Average (7D)
2011-11-27,22355,74,47.142857142857146,Moving Average (7D)
2011-11-28,22355,45,47.142857142857146,Moving Average (7D)
2011-11-29,22355,146,47.142857142857146,Moving Average (7D)
2011-11-30,22355,117,47.142857142857146,Moving Average (7D)
2011-12-01,22355,34,47.142857142857146,Moving Average (7D)
2011-12-02,22355,193,47.142857142857146,Moving Average (7D)
2011-12-03,22355,0,47.142857142857146,Moving Average (7D)
2011-12-04,22355,177,47.142857142857146,Moving Average (7D)
2011-12-05,22355,22,47.142857142857146,Moving Average (7D)
2011-12-06,22355,239,47.142857142857146,Moving Average (7D)
2011-12-07,22355,130,47.142857142857146,Moving Average (7D)
2011-12-08,22355,223,47.142857142857146,Moving Average (7D)
2011-12-09,22355,113,47.142857142857146,Moving Average (7D)
2011-11-10,22355,122,40.357142857142854,Moving Average (14D)
2011-11-11,22355,172,40.357142857142854,Moving Average (14D)
2011-11-12,22355,0,40.357142857142854,Moving Average (14D)
2011-11-13,22355,29,40.357142857142854,Moving Average (14D)
2011-11-14,22355,27,40.357142857142854,Moving Average (14D)
2011-11-15,22355,120,40.357142857142854,Moving Average (14D)
2011-11-16,22355,11,40.357142857142854,Moving Average (14D)
2011-11-17,22355,2,40.357142857142854,Moving Average (14D)
2011-11-18,22355,259,40.357142857142854,Moving Average (14D)
2011-11-19,22355,0,40.357142857142854,Moving Average (14D)
2011-11-20,22355,21,40.357142857142854,Moving Average (14D)
2011-11-21,22355,13,40.357142857142854,Moving Average (14D)
2011-11-22,22355,305,40.357142857142854,Moving Average (14D)
2011-11-23,22355,2,40.357142857142854,Moving Average (14D)
2011-11-24,22355,16,40.357142857142854,Moving Average (14D)
2011-11-25,22355,261,40.357142857142854,Moving Average (14D)
2011-11-26,22355,0,40.357142857142854,Moving Average (14D)
2011-11-27,22355,74,40.357142857142854,Moving Average (14D)
2011-11-28,22355,45,40.357142857142854,Moving Average (14D)
2011-11-29,22355,146,40.357142857142854,Moving Average (14D)
2011-11-30,22355,117,40.357142857142854,Moving Average (14D)
2011-12-01,22355,34,40.357142857142854,Moving Average (14D)
2011-12-02,22355,193,40.357142857142854,Moving Average (14D)
2011-12-03,22355,0,40.357142857142854,Moving Average (14D)
2011-12-04,22355,177,40.357142857142854,Moving Average (14D)
2011-12-05,22355,22,40.357142857142854,Moving Average (14D)
2011-12-06,22355,239,40.357142857142854,Moving Average (14D)
2011-12-07,22355,130,40.357142857142854,Moving Average (14D)
2011-12-08,22355,223,40.357142857142854,Moving Average (14D)
2011-12-09,22355,113,40.357142857142854,Moving Average (14D)
2011-11-10,22355,122,50.035714285714285,Moving Average (28D)
2011-11-11,22355,172,50.035714285714285,Moving Average (28D)
2011-11-12,22355,0,50.035714285714285,Moving Average (28D)
2011-11-13,22355,29,50.035714285714285,Moving Average (28D)
2011-11-14,22355,27,50.035714285714285,Moving Average (28D)
2011-11-15,22355,120,50.035714285714285,Moving Average (28D)
2011-11-16,22355,11,50.035714285714285,Moving Average (28D)
2011-11-17,22355,2,50.035714285714285,Moving Average (28D)
2011-11-18,22355,259,50.035714285714285,Moving Average (28D)
2011-11-19,22355,0,50.035714285714285,Moving Average (28D)
2011-11-20,22355,21,50.035714285714285,Moving Average (28D)
2011-11-21,22355,13,50.035714285714285,Moving Average (28D)
2011-11-22,22355,305,50.035714285714285,Moving Average (28D)
2011-11-23,22355,2,50.035714285714285,Moving Average (28D)
2011-11-24,22355,16,50.035714285714285,Moving Average (28D)
2011-11-25,22355,261,50.035714285714285,Moving Average (28D)
2011-11-26,22355,0,50.035714285714285,Moving Average (28D)
2011-11-27,22355,74,50.035714285714285,Moving Average (28D)
2011-11-28,22355,45,50.035714285714285,Moving Average (28D)
2011-11-29,22355,146,50.035714285714285,Moving Average (28D)
2011-11-30,22355,117,50.035714285714285,Moving Average (28D)
2011-12-01,22355,34,50.035714285714285,Moving Average (28D)
2011-12-02,22355,193,50.035714285714285,Moving Average (28D)
2011-12-03,22355,0,50.035714285714285,Moving Average (28D)
2011-12-04,22355,177,50.035714285714285,Moving Average (28D)
2011-12-05,22355,22,50.035714285714285,Moving Average (28D)
2011-12-06,22355,239,50.035714285714285,Moving Average (28D)
2011-12-07,22355,130,50.035714285714285,Moving Average (28D)
2011-12-08,22355,223,50.035714285714285,Moving Average (28D)
2011-12-09,22355,113,50.035714285714285,Moving Average (28D)
2011-11-10,22355,122,62.540109043586135,LightGBM
2011-11-11,22355,172,95.14154077868349,LightGBM
2011-11-12,22355,0,5.513380385163849,LightGBM
2011-11-13,22355,29,41.91646642904505,LightGBM
2011-11-14,22355,27,99.27675635465144,LightGBM
2011-11-15,22355,120,131.67282091083226,LightGBM
2011-11-16,22355,11,71.11091236098765,LightGBM
2011-11-17,22355,2,63.95006397106016,LightGBM
2011-11-18,22355,259,94.97036471775898,LightGBM
2011-11-19,22355,0,5.860924452527286,LightGBM
2011-11-20,22355,21,39.46358467698023,LightGBM
2011-11-21,22355,13,68.15526390332788,LightGBM
2011-11-22,22355,305,156.18233081845955,LightGBM
2011-11-23,22355,2,60.58561451584562,LightGBM
2011-11-24,22355,16,121.9909396536417,LightGBM
2011-11-25,22355,261,150.92168900035105,LightGBM
2011-11-26,22355,0,4.422734874317695,LightGBM
2011-11-27,22355,74,52.426901331336296,LightGBM
2011-11-28,22355,45,109.03468340176863,LightGBM
2011-11-29,22355,146,206.75420221226412,LightGBM
2011-11-30,22355,117,118.78333215236405,LightGBM
2011-12-01,22355,34,44.70361717104708,LightGBM
2011-12-02,22355,193,46.87026148293836,LightGBM
2011-12-03,22355,0,6.951074943355154,LightGBM
2011-12-04,22355,177,35.91214551383544,LightGBM
2011-12-05,22355,22,78.25564244491026,LightGBM
2011-12-06,22355,239,172.32176147612105,LightGBM
2011-12-07,22355,130,96.92632079528812,LightGBM
2011-12-08,22355,223,50.54790468047606,LightGBM
2011-12-09,22355,113,118.21625838811991,LightGBM
2011-11-10,22355,122,56.27853653165555,Prophet
2011-11-11,22355,172,79.01587040293931,Prophet
2011-11-12,22355,0,13.746489388667097,Prophet
2011-11-13,22355,29,31.161940964088675,Prophet
2011-11-14,22355,27,53.981609056987544,Prophet
2011-11-15,22355,120,98.38008283866543,Prophet
2011-11-16,22355,11,66.7288647283461,Prophet
2011-11-17,22355,2,67.57549550025486,Prophet
2011-11-18,22355,259,91.26122279363534,Prophet
2011-11-19,22355,0,26.84600885060006,Prophet
2011-11-20,22355,21,44.998660033805365,Prophet
2011-11-21,22355,13,68.41661347603865,Prophet
2011-11-22,22355,305,113.25381160381596,Prophet
2011-11-23,22355,2,81.86291344120357,Prophet
2011-11-24,22355,16,82.77490819109372,Prophet
2011-11-25,22355,261,106.31724485071886,Prophet
2011-11-26,22355,0,41.53926132843264,Prophet
2011-11-27,22355,74,59.10268377595272,Prophet
2011-11-28,22355,45,81.70172050889505,Prophet
2011-11-29,22355,146,125.49117144421747,Prophet
2011-11-30,22355,117,92.82879362761,Prophet
2011-12-01,22355,34,92.25498174260647,Prophet
2011-12-02,22355,193,114.11087271599028,Prophet
2011-12-03,22355,0,47.46365538677181,Prophet
2011-12-04,22355,177,62.996855708438204,Prophet
2011-12-05,22355,22,83.43012395118939,Prophet
2011-12-06,22355,239,124.94694926269452,Prophet
2011-12-07,22355,130,89.9365488689974,Prophet
2011-12-08,22355,223,86.97299968626261,Prophet
2011-12-09,22355,113,106.43273232084798,Prophet
2011-11-10,84347,122,141.0,Naive (Last Value)
2011-11-11,84347,35,141.0,Naive (Last Value)
2011-11-12,84347,0,141.0,Naive (Last Value)
2011-11-13,84347,12,141.0,Naive (Last Value)
2011-11-14,84347,193,141.0,Naive (Last Value)
2011-11-15,84347,77,141.0,Naive (Last Value)
2011-11-16,84347,253,141.0,Naive (Last Value)
2011-11-17,84347,88,141.0,Naive (Last Value)
2011-11-18,84347,72,141.0,Naive (Last Value)
2011-11-19,84347,0,141.0,Naive (Last Value)
2011-11-20,84347,52,141.0,Naive (Last Value)
2011-11-21,84347,43,141.0,Naive (Last Value)
2011-11-22,84347,693,141.0,Naive (Last Value)
2011-11-23,84347,224,141.0,Naive (Last Value)
2011-11-24,84347,96,141.0,Naive (Last Value)
2011-11-25,84347,83,141.0,Naive (Last Value)
2011-11-26,84347,0,141.0,Naive (Last Value)
2011-11-27,84347,31,141.0,Naive (Last Value)
2011-11-28,84347,17,141.0,Naive (Last Value)
2011-11-29,84347,199,141.0,Naive (Last Value)
2011-11-30,84347,131,141.0,Naive (Last Value)
2011-12-01,84347,103,141.0,Naive (Last Value)
2011-12-02,84347,100,141.0,Naive (Last Value)
2011-12-03,84347,0,141.0,Naive (Last Value)
2011-12-04,84347,178,141.0,Naive (Last Value)
2011-12-05,84347,70,141.0,Naive (Last Value)
2011-12-06,84347,202,141.0,Naive (Last Value)
2011-12-07,84347,63,141.0,Naive (Last Value)
2011-12-08,84347,107,141.0,Naive (Last Value)
2011-12-09,84347,68,141.0,Naive (Last Value)
2011-11-10,84347,122,73.57142857142857,Moving Average (7D)
2011-11-11,84347,35,73.57142857142857,Moving Average (7D)
2011-11-12,84347,0,73.57142857142857,Moving Average (7D)
2011-11-13,84347,12,73.57142857142857,Moving Average (7D)
2011-11-14,84347,193,73.57142857142857,Moving Average (7D)
2011-11-15,84347,77,73.57142857142857,Moving Average (7D)
2011-11-16,84347,253,73.57142857142857,Moving Average (7D)
2011-11-17,84347,88,73.57142857142857,Moving Average (7D)
2011-11-18,84347,72,73.57142857142857,Moving Average (7D)
2011-11-19,84347,0,73.57142857142857,Moving Average (7D)
2011-11-20,84347,52,73.57142857142857,Moving Average (7D)
2011-11-21,84347,43,73.57142857142857,Moving Average (7D)
2011-11-22,84347,693,73.57142857142857,Moving Average (7D)
2011-11-23,84347,224,73.57142857142857,Moving Average (7D)
2011-11-24,84347,96,73.57142857142857,Moving Average (7D)
2011-11-25,84347,83,73.57142857142857,Moving Average (7D)
2011-11-26,84347,0,73.57142857142857,Moving Average (7D)
2011-11-27,84347,31,73.57142857142857,Moving Average (7D)
2011-11-28,84347,17,73.57142857142857,Moving Average (7D)
2011-11-29,84347,199,73.57142857142857,Moving Average (7D)
2011-11-30,84347,131,73.57142857142857,Moving Average (7D)
2011-12-01,84347,103,73.57142857142857,Moving Average (7D)
2011-12-02,84347,100,73.57142857142857,Moving Average (7D)
2011-12-03,84347,0,73.57142857142857,Moving Average (7D)
2011-12-04,84347,178,73.57142857142857,Moving Average (7D)
2011-12-05,84347,70,73.57142857142857,Moving Average (7D)
2011-12-06,84347,202,73.57142857142857,Moving Average (7D)
2011-12-07,84347,63,73.57142857142857,Moving Average (7D)
2011-12-08,84347,107,73.57142857142857,Moving Average (7D)
2011-12-09,84347,68,73.57142857142857,Moving Average (7D)
2011-11-10,84347,122,57.57142857142857,Moving Average (14D)
2011-11-11,84347,35,57.57142857142857,Moving Average (14D)
2011-11-12,84347,0,57.57142857142857,Moving Average (14D)
2011-11-13,84347,12,57.57142857142857,Moving Average (14D)
2011-11-14,84347,193,57.57142857142857,Moving Average (14D)
2011-11-15,84347,77,57.57142857142857,Moving Average (14D)
2011-11-16,84347,253,57.57142857142857,Moving Average (14D)
2011-11-17,84347,88,57.57142857142857,Moving Average (14D)
2011-11-18,84347,72,57.57142857142857,Moving Average (14D)
2011-11-19,84347,0,57.57142857142857,Moving Average (14D)
2011-11-20,84347,52,57.57142857142857,Moving Average (14D)
2011-11-21,84347,43,57.57142857142857,Moving Average (14D)
2011-11-22,84347,693,57.57142857142857,Moving Average (14D)
2011-11-23,84347,224,57.57142857142857,Moving Average (14D)
2011-11-24,84347,96,57.57142857142857,Moving Average (14D)
2011-11-25,84347,83,57.57142857142857,Moving Average (14D)
2011-11-26,84347,0,57.57142857142857,Moving Average (14D)
2011-11-27,84347,31,57.57142857142857,Moving Average (14D)
2011-11-28,84347,17,57.57142857142857,Moving Average (14D)
2011-11-29,84347,199,57.57142857142857,Moving Average (14D)
2011-11-30,84347,131,57.57142857142857,Moving Average (14D)
2011-12-01,84347,103,57.57142857142857,Moving Average (14D)
2011-12-02,84347,100,57.57142857142857,Moving Average (14D)
2011-12-03,84347,0,57.57142857142857,Moving Average (14D)
2011-12-04,84347,178,57.57142857142857,Moving Average (14D)
2011-12-05,84347,70,57.57142857142857,Moving Average (14D)
2011-12-06,84347,202,57.57142857142857,Moving Average (14D)
2011-12-07,84347,63,57.57142857142857,Moving Average (14D)
2011-12-08,84347,107,57.57142857142857,Moving Average (14D)
2011-12-09,84347,68,57.57142857142857,Moving Average (14D)
2011-11-10,84347,122,75.25,Moving Average (28D)
2011-11-11,84347,35,75.25,Moving Average (28D)
2011-11-12,84347,0,75.25,Moving Average (28D)
2011-11-13,84347,12,75.25,Moving Average (28D)
2011-11-14,84347,193,75.25,Moving Average (28D)
2011-11-15,84347,77,75.25,Moving Average (28D)
2011-11-16,84347,253,75.25,Moving Average (28D)
2011-11-17,84347,88,75.25,Moving Average (28D)
2011-11-18,84347,72,75.25,Moving Average (28D)
2011-11-19,84347,0,75.25,Moving Average (28D)
2011-11-20,84347,52,75.25,Moving Average (28D)
2011-11-21,84347,43,75.25,Moving Average (28D)
2011-11-22,84347,693,75.25,Moving Average (28D)
2011-11-23,84347,224,75.25,Moving Average (28D)
2011-11-24,84347,96,75.25,Moving Average (28D)
2011-11-25,84347,83,75.25,Moving Average (28D)
2011-11-26,84347,0,75.25,Moving Average (28D)
2011-11-27,84347,31,75.25,Moving Average (28D)
2011-11-28,84347,17,75.25,Moving Average (28D)
2011-11-29,84347,199,75.25,Moving Average (28D)
2011-11-30,84347,131,75.25,Moving Average (28D)
2011-12-01,84347,103,75.25,Moving Average (28D)
2011-12-02,84347,100,75.25,Moving Average (28D)
2011-12-03,84347,0,75.25,Moving Average (28D)
2011-12-04,84347,178,75.25,Moving Average (28D)
2011-12-05,84347,70,75.25,Moving Average (28D)
2011-12-06,84347,202,75.25,Moving Average (28D)
2011-12-07,84347,63,75.25,Moving Average (28D)
2011-12-08,84347,107,75.25,Moving Average (28D)
2011-12-09,84347,68,75.25,Moving Average (28D)
2011-11-10,84347,122,322.4061834275869,LightGBM
2011-11-11,84347,35,0.0,LightGBM
2011-11-12,84347,0,15.919112540464218,LightGBM
2011-11-13,84347,12,161.44157812939352,LightGBM
2011-11-14,84347,193,186.0418628260222,LightGBM
2011-11-15,84347,77,129.95441456307273,LightGBM
2011-11-16,84347,253,29.13649193740536,LightGBM
2011-11-17,84347,88,237.14496886708537,LightGBM
2011-11-18,84347,72,82.40066057224819,LightGBM
2011-11-19,84347,0,2.1099076114127286,LightGBM
2011-11-20,84347,52,43.83296074860057,LightGBM
2011-11-21,84347,43,158.82096061364908,LightGBM
2011-11-22,84347,693,347.220639896098,LightGBM
2011-11-23,84347,224,257.4594589581663,LightGBM
2011-11-24,84347,96,306.0551975105194,LightGBM
2011-11-25,84347,83,176.97829575260286,LightGBM
2011-11-26,84347,0,48.21206634089675,LightGBM
2011-11-27,84347,31,118.02840082351173,LightGBM
2011-11-28,84347,17,0.0,LightGBM
2011-11-29,84347,199,86.54894853899535,LightGBM
2011-11-30,84347,131,74.17908624860391,LightGBM
2011-12-01,84347,103,137.87699547071398,LightGBM
2011-12-02,84347,100,534.1469277731674,LightGBM
2011-12-03,84347,0,2.9533957304512644,LightGBM
2011-12-04,84347,178,106.41348136596953,LightGBM
2011-12-05,84347,70,458.32297340232765,LightGBM
2011-12-06,84347,202,132.4401218868292,LightGBM
2011-12-07,84347,63,212.80421361578635,LightGBM
2011-12-08,84347,107,59.996109740160755,LightGBM
2011-12-09,84347,68,100.87047538869905,LightGBM
2011-11-10,84347,122,362.7508597816147,Prophet
2011-11-11,84347,35,290.1752974502665,Prophet
2011-11-12,84347,0,211.53878106383695,Prophet
2011-11-13,84347,12,204.97569858625414,Prophet
2011-11-14,84347,193,209.76656011889276,Prophet
2011-11-15,84347,77,186.46853491177603,Prophet
2011-11-16,84347,253,180.12852833011135,Prophet
2011-11-17,84347,88,267.29454683137806,Prophet
2011-11-18,84347,72,185.66108951982505,Prophet
2011-11-19,84347,0,99.60873664906279,Prophet
2011-11-20,84347,52,87.3723684329263,Prophet
2011-11-21,84347,43,88.29303328801369,Prophet
2011-11-22,84347,693,62.94737771076594,Prophet
2011-11-23,84347,224,56.360662422596654,Prophet
2011-11-24,84347,96,145.0191104781914,Prophet
2011-11-25,84347,83,66.51729558369601,Prophet
2011-11-26,84347,0,0.0,Prophet
2011-11-27,84347,31,0.0,Prophet
2011-11-28,84347,17,0.0,Prophet
2011-11-29,84347,199,0.0,Prophet
2011-11-30,84347,131,0.0,Prophet
2011-12-01,84347,103,69.60090383039633,Prophet
2011-12-02,84347,100,0.5190935737973703,Prophet
2011-12-03,84347,0,0.0,Prophet
2011-12-04,84347,178,0.0,Prophet
2011-12-05,84347,70,0.0,Prophet
2011-12-06,84347,202,0.0,Prophet
2011-12-07,84347,63,0.0,Prophet
2011-12-08,84347,107,52.07635460988346,Prophet
2011-12-09,84347,68,0.0,Prophet
2011-11-10,21980,0,0.0,Naive (Last Value)
2011-11-11,21980,55,0.0,Naive (Last Value)
2011-11-12,21980,0,0.0,Naive (Last Value)
2011-11-13,21980,12,0.0,Naive (Last Value)
2011-11-14,21980,12,0.0,Naive (Last Value)
2011-11-15,21980,0,0.0,Naive (Last Value)
2011-11-16,21980,43,0.0,Naive (Last Value)
2011-11-17,21980,5,0.0,Naive (Last Value)
2011-11-18,21980,2,0.0,Naive (Last Value)
2011-11-19,21980,0,0.0,Naive (Last Value)
2011-11-20,21980,12,0.0,Naive (Last Value)
2011-11-21,21980,24,0.0,Naive (Last Value)
2011-11-22,21980,24,0.0,Naive (Last Value)
2011-11-23,21980,5,0.0,Naive (Last Value)
2011-11-24,21980,26,0.0,Naive (Last Value)
2011-11-25,21980,0,0.0,Naive (Last Value)
2011-11-26,21980,0,0.0,Naive (Last Value)
2011-11-27,21980,12,0.0,Naive (Last Value)
2011-11-28,21980,1,0.0,Naive (Last Value)
2011-11-29,21980,2,0.0,Naive (Last Value)
2011-11-30,21980,3,0.0,Naive (Last Value)
2011-12-01,21980,24,0.0,Naive (Last Value)
2011-12-02,21980,0,0.0,Naive (Last Value)
2011-12-03,21980,0,0.0,Naive (Last Value)
2011-12-04,21980,0,0.0,Naive (Last Value)
2011-12-05,21980,1,0.0,Naive (Last Value)
2011-12-06,21980,26,0.0,Naive (Last Value)
2011-12-07,21980,12,0.0,Naive (Last Value)
2011-12-08,21980,25,0.0,Naive (Last Value)
2011-12-09,21980,2,0.0,Naive (Last Value)
2011-11-10,21980,0,9.0,Moving Average (7D)
2011-11-11,21980,55,9.0,Moving Average (7D)
2011-11-12,21980,0,9.0,Moving Average (7D)
2011-11-13,21980,12,9.0,Moving Average (7D)
2011-11-14,21980,12,9.0,Moving Average (7D)
2011-11-15,21980,0,9.0,Moving Average (7D)
2011-11-16,21980,43,9.0,Moving Average (7D)
2011-11-17,21980,5,9.0,Moving Average (7D)
2011-11-18,21980,2,9.0,Moving Average (7D)
2011-11-19,21980,0,9.0,Moving Average (7D)
2011-11-20,21980,12,9.0,Moving Average (7D)
2011-11-21,21980,24,9.0,Moving Average (7D)
2011-11-22,21980,24,9.0,Moving Average (7D)
2011-11-23,21980,5,9.0,Moving Average (7D)
2011-11-24,21980,26,9.0,Moving Average (7D)
2011-11-25,21980,0,9.0,Moving Average (7D)
2011-11-26,21980,0,9.0,Moving Average (7D)
2011-11-27,21980,12,9.0,Moving Average (7D)
2011-11-28,21980,1,9.0,Moving Average (7D)
2011-11-29,21980,2,9.0,Moving Average (7D)
2011-11-30,21980,3,9.0,Moving Average (7D)
2011-12-01,21980,24,9.0,Moving Average (7D)
2011-12-02,21980,0,9.0,Moving Average (7D)
2011-12-03,21980,0,9.0,Moving Average (7D)
2011-12-04,21980,0,9.0,Moving Average (7D)
2011-12-05,21980,1,9.0,Moving Average (7D)
2011-12-06,21980,26,9.0,Moving Average (7D)
2011-12-07,21980,12,9.0,Moving Average (7D)
2011-12-08,21980,25,9.0,Moving Average (7D)
2011-12-09,21980,2,9.0,Moving Average (7D)
2011-11-10,21980,0,10.785714285714286,Moving Average (14D)
2011-11-11,21980,55,10.785714285714286,Moving Average (14D)
2011-11-12,21980,0,10.785714285714286,Moving Average (14D)
2011-11-13,21980,12,10.785714285714286,Moving Average (14D)
2011-11-14,21980,12,10.785714285714286,Moving Average (14D)
2011-11-15,21980,0,10.785714285714286,Moving Average (14D)
2011-11-16,21980,43,10.785714285714286,Moving Average (14D)
2011-11-17,21980,5,10.785714285714286,Moving Average (14D)
2011-11-18,21980,2,10.785714285714286,Moving Average (14D)
2011-11-19,21980,0,10.785714285714286,Moving Average (14D)
2011-11-20,21980,12,10.785714285714286,Moving Average (14D)
2011-11-21,21980,24,10.785714285714286,Moving Average (14D)
2011-11-22,21980,24,10.785714285714286,Moving Average (14D)
2011-11-23,21980,5,10.785714285714286,Moving Average (14D)
2011-11-24,21980,26,10.785714285714286,Moving Average (14D)
2011-11-25,21980,0,10.785714285714286,Moving Average (14D)
2011-11-26,21980,0,10.785714285714286,Moving Average (14D)
2011-11-27,21980,12,10.785714285714286,Moving Average (14D)
2011-11-28,21980,1,10.785714285714286,Moving Average (14D)
2011-11-29,21980,2,10.785714285714286,Moving Average (14D)
2011-11-30,21980,3,10.785714285714286,Moving Average (14D)
2011-12-01,21980,24,10.785714285714286,Moving Average (14D)
2011-12-02,21980,0,10.785714285714286,Moving Average (14D)
2011-12-03,21980,0,10.785714285714286,Moving Average (14D)
2011-12-04,21980,0,10.785714285714286,Moving Average (14D)
2011-12-05,21980,1,10.785714285714286,Moving Average (14D)
2011-12-06,21980,26,10.785714285714286,Moving Average (14D)
2011-12-07,21980,12,10.785714285714286,Moving Average (14D)
2011-12-08,21980,25,10.785714285714286,Moving Average (14D)
2011-12-09,21980,2,10.785714285714286,Moving Average (14D)
2011-11-10,21980,0,14.035714285714286,Moving Average (28D)
2011-11-11,21980,55,14.035714285714286,Moving Average (28D)
2011-11-12,21980,0,14.035714285714286,Moving Average (28D)
2011-11-13,21980,12,14.035714285714286,Moving Average (28D)
2011-11-14,21980,12,14.035714285714286,Moving Average (28D)
2011-11-15,21980,0,14.035714285714286,Moving Average (28D)
2011-11-16,21980,43,14.035714285714286,Moving Average (28D)
2011-11-17,21980,5,14.035714285714286,Moving Average (28D)
2011-11-18,21980,2,14.035714285714286,Moving Average (28D)
2011-11-19,21980,0,14.035714285714286,Moving Average (28D)
2011-11-20,21980,12,14.035714285714286,Moving Average (28D)
2011-11-21,21980,24,14.035714285714286,Moving Average (28D)
2011-11-22,21980,24,14.035714285714286,Moving Average (28D)
2011-11-23,21980,5,14.035714285714286,Moving Average (28D)
2011-11-24,21980,26,14.035714285714286,Moving Average (28D)
2011-11-25,21980,0,14.035714285714286,Moving Average (28D)
2011-11-26,21980,0,14.035714285714286,Moving Average (28D)
2011-11-27,21980,12,14.035714285714286,Moving Average (28D)
2011-11-28,21980,1,14.035714285714286,Moving Average (28D)
2011-11-29,21980,2,14.035714285714286,Moving Average (28D)
2011-11-30,21980,3,14.035714285714286,Moving Average (28D)
2011-12-01,21980,24,14.035714285714286,Moving Average (28D)
2011-12-02,21980,0,14.035714285714286,Moving Average (28D)
2011-12-03,21980,0,14.035714285714286,Moving Average (28D)
2011-12-04,21980,0,14.035714285714286,Moving Average (28D)
2011-12-05,21980,1,14.035714285714286,Moving Average (28D)
2011-12-06,21980,26,14.035714285714286,Moving Average (28D)
2011-12-07,21980,12,14.035714285714286,Moving Average (28D)
2011-12-08,21980,25,14.035714285714286,Moving Average (28D)
2011-12-09,21980,2,14.035714285714286,Moving Average (28D)
2011-11-10,21980,0,20.403027801988316,LightGBM
2011-11-11,21980,55,17.044690904666684,LightGBM
2011-11-12,21980,0,10.148818691788524,LightGBM
2011-11-13,21980,12,17.447131658462578,LightGBM
2011-11-14,21980,12,38.91623851274369,LightGBM
2011-11-15,21980,0,26.081004684058893,LightGBM
2011-11-16,21980,43,20.96605789954517,LightGBM
2011-11-17,21980,5,19.50862402250865,LightGBM
2011-11-18,21980,2,17.044690904666684,LightGBM
2011-11-19,21980,0,9.968899518275332,LightGBM
2011-11-20,21980,12,19.811403089975386,LightGBM
2011-11-21,21980,24,19.813346962835503,LightGBM
2011-11-22,21980,24,23.761392579076315,LightGBM
2011-11-23,21980,5,23.403324838035687,LightGBM
2011-11-24,21980,26,26.211242461760833,LightGBM
2011-11-25,21980,0,23.747309343918864,LightGBM
2011-11-26,21980,0,16.313450216486892,LightGBM
2011-11-27,21980,12,32.37499004260469,LightGBM
2011-11-28,21980,1,25.82885398278382,LightGBM
2011-11-29,21980,2,29.93627988780724,LightGBM
2011-11-30,21980,3,28.491652879393214,LightGBM
2011-12-01,21980,24,26.96122349537898,LightGBM
2011-12-02,21980,0,25.403050878584544,LightGBM
2011-12-03,21980,0,16.313450216486892,LightGBM
2011-12-04,21980,0,25.447423891339817,LightGBM
2011-12-05,21980,1,27.970732978123458,LightGBM
2011-12-06,21980,26,29.71276841468648,LightGBM
2011-12-07,21980,12,29.35470067364585,LightGBM
2011-12-08,21980,25,28.405850503793005,LightGBM
2011-12-09,21980,2,26.26609867283718,LightGBM
2011-11-10,21980,0,37.4010433414315,Prophet
2011-11-11,21980,55,0.0,Prophet
2011-11-12,21980,0,0.0,Prophet
2011-11-13,21980,12,0.0,Prophet
2011-11-14,21980,12,16.048373427937573,Prophet
2011-11-15,21980,0,125.34441201145631,Prophet
2011-11-16,21980,43,39.497795582596154,Prophet
2011-11-17,21980,5,99.4268433041144,Prophet
2011-11-18,21980,2,56.73279380602981,Prophet
2011-11-19,21980,0,45.89731951586064,Prophet
2011-11-20,21980,12,76.2192316696727,Prophet
2011-11-21,21980,24,100.86214379738573,Prophet
2011-11-22,21980,24,212.35538996282756,Prophet
2011-11-23,21980,5,127.01247613014851,Prophet
2011-11-24,21980,26,185.66895727491075,Prophet
2011-11-25,21980,0,139.8856732494353,Prophet
2011-11-26,21980,0,124.14828930193875,Prophet
2011-11-27,21980,12,147.80485015825644,Prophet
2011-11-28,21980,1,164.11307410048119,Prophet
2011-11-29,21980,2,265.7396760198391,Prophet
2011-11-30,21980,3,169.1760251712272,Prophet
2011-12-01,21980,24,215.4720918693544,Prophet
2011-12-02,21980,0,156.43471059305486,Prophet
2011-12-03,21980,0,126.82123037227646,Prophet
2011-12-04,21980,0,136.27041356019444,Prophet
2011-12-05,21980,1,138.342484781792,Prophet
2011-12-06,21980,26,226.01081277290646,Prophet
2011-12-07,21980,12,116.06973759210206,Prophet
2011-12-08,21980,25,149.86071145269239,Prophet
2011-12-09,21980,2,79.4629958810196,Prophet
2011-11-10,21975,2,24.0,Naive (Last Value)
2011-11-11,21975,41,24.0,Naive (Last Value)
2011-11-12,21975,0,24.0,Naive (Last Value)
2011-11-13,21975,17,24.0,Naive (Last Value)
2011-11-14,21975,6,24.0,Naive (Last Value)
2011-11-15,21975,27,24.0,Naive (Last Value)
2011-11-16,21975,9,24.0,Naive (Last Value)
2011-11-17,21975,1,24.0,Naive (Last Value)
2011-11-18,21975,51,24.0,Naive (Last Value)
2011-11-19,21975,0,24.0,Naive (Last Value)
2011-11-20,21975,79,24.0,Naive (Last Value)
2011-11-21,21975,145,24.0,Naive (Last Value)
2011-11-22,21975,50,24.0,Naive (Last Value)
2011-11-23,21975,32,24.0,Naive (Last Value)
2011-11-24,21975,2,24.0,Naive (Last Value)
2011-11-25,21975,0,24.0,Naive (Last Value)
2011-11-26,21975,0,24.0,Naive (Last Value)
2011-11-27,21975,8,24.0,Naive (Last Value)
2011-11-28,21975,7,24.0,Naive (Last Value)
2011-11-29,21975,58,24.0,Naive (Last Value)
2011-11-30,21975,1,24.0,Naive (Last Value)
2011-12-01,21975,4,24.0,Naive (Last Value)
2011-12-02,21975,2,24.0,Naive (Last Value)
2011-12-03,21975,0,24.0,Naive (Last Value)
2011-12-04,21975,28,24.0,Naive (Last Value)
2011-12-05,21975,12,24.0,Naive (Last Value)
2011-12-06,21975,0,24.0,Naive (Last Value)
2011-12-07,21975,54,24.0,Naive (Last Value)
2011-12-08,21975,6,24.0,Naive (Last Value)
2011-12-09,21975,0,24.0,Naive (Last Value)
2011-11-10,21975,2,27.285714285714285,Moving Average (7D)
2011-11-11,21975,41,27.285714285714285,Moving Average (7D)
2011-11-12,21975,0,27.285714285714285,Moving Average (7D)
2011-11-13,21975,17,27.285714285714285,Moving Average (7D)
2011-11-14,21975,6,27.285714285714285,Moving Average (7D)
2011-11-15,21975,27,27.285714285714285,Moving Average (7D)
2011-11-16,21975,9,27.285714285714285,Moving Average (7D)
2011-11-17,21975,1,27.285714285714285,Moving Average (7D)
2011-11-18,21975,51,27.285714285714285,Moving Average (7D)
2011-11-19,21975,0,27.285714285714285,Moving Average (7D)
2011-11-20,21975,79,27.285714285714285,Moving Average (7D)
2011-11-21,21975,145,27.285714285714285,Moving Average (7D)
2011-11-22,21975,50,27.285714285714285,Moving Average (7D)
2011-11-23,21975,32,27.285714285714285,Moving Average (7D)
2011-11-24,21975,2,27.285714285714285,Moving Average (7D)
2011-11-25,21975,0,27.285714285714285,Moving Average (7D)
2011-11-26,21975,0,27.285714285714285,Moving Average (7D)
2011-11-27,21975,8,27.285714285714285,Moving Average (7D)
2011-11-28,21975,7,27.285714285714285,Moving Average (7D)
2011-11-29,21975,58,27.285714285714285,Moving Average (7D)
2011-11-30,21975,1,27.285714285714285,Moving Average (7D)
2011-12-01,21975,4,27.285714285714285,Moving Average (7D)
2011-12-02,21975,2,27.285714285714285,Moving Average (7D)
2011-12-03,21975,0,27.285714285714285,Moving Average (7D)
2011-12-04,21975,28,27.285714285714285,Moving Average (7D)
2011-12-05,21975,12,27.285714285714285,Moving Average (7D)
2011-12-06,21975,0,27.285714285714285,Moving Average (7D)
2011-12-07,21975,54,27.285714285714285,Moving Average (7D)
2011-12-08,21975,6,27.285714285714285,Moving Average (7D)
2011-12-09,21975,0,27.285714285714285,Moving Average (7D)
2011-11-10,21975,2,18.571428571428573,Moving Average (14D)
2011-11-11,21975,41,18.571428571428573,Moving Average (14D)
2011-11-12,21975,0,18.571428571428573,Moving Average (14D)
2011-11-13,21975,17,18.571428571428573,Moving Average (14D)
2011-11-14,21975,6,18.571428571428573,Moving Average (14D)
2011-11-15,21975,27,18.571428571428573,Moving Average (14D)
2011-11-16,21975,9,18.571428571428573,Moving Average (14D)
2011-11-17,21975,1,18.571428571428573,Moving Average (14D)
2011-11-18,21975,51,18.571428571428573,Moving Average (14D)
2011-11-19,21975,0,18.571428571428573,Moving Average (14D)
2011-11-20,21975,79,18.571428571428573,Moving Average (14D)
2011-11-21,21975,145,18.571428571428573,Moving Average (14D)
2011-11-22,21975,50,18.571428571428573,Moving Average (14D)
2011-11-23,21975,32,18.571428571428573,Moving Average (14D)
2011-11-24,21975,2,18.571428571428573,Moving Average (14D)
2011-11-25,21975,0,18.571428571428573,Moving Average (14D)
2011-11-26,21975,0,18.571428571428573,Moving Average (14D)
2011-11-27,21975,8,18.571428571428573,Moving Average (14D)
2011-11-28,21975,7,18.571428571428573,Moving Average (14D)
2011-11-29,21975,58,18.571428571428573,Moving Average (14D)
2011-11-30,21975,1,18.571428571428573,Moving Average (14D)
2011-12-01,21975,4,18.571428571428573,Moving Average (14D)
2011-12-02,21975,2,18.571428571428573,Moving Average (14D)
2011-12-03,21975,0,18.571428571428573,Moving Average (14D)
2011-12-04,21975,28,18.571428571428573,Moving Average (14D)
2011-12-05,21975,12,18.571428571428573,Moving Average (14D)
2011-12-06,21975,0,18.571428571428573,Moving Average (14D)
2011-12-07,21975,54,18.571428571428573,Moving Average (14D)
2011-12-08,21975,6,18.571428571428573,Moving Average (14D)
2011-12-09,21975,0,18.571428571428573,Moving Average (14D)
2011-11-10,21975,2,17.5,Moving Average (28D)
2011-11-11,21975,41,17.5,Moving Average (28D)
2011-11-12,21975,0,17.5,Moving Average (28D)
2011-11-13,21975,17,17.5,Moving Average (28D)
2011-11-14,21975,6,17.5,Moving Average (28D)
2011-11-15,21975,27,17.5,Moving Average (28D)
2011-11-16,21975,9,17.5,Moving Average (28D)
2011-11-17,21975,1,17.5,Moving Average (28D)
2011-11-18,21975,51,17.5,Moving Average (28D)
2011-11-19,21975,0,17.5,Moving Average (28D)
2011-11-20,21975,79,17.5,Moving Average (28D)
2011-11-21,21975,145,17.5,Moving Average (28D)
2011-11-22,21975,50,17.5,Moving Average (28D)
2011-11-23,21975,32,17.5,Moving Average (28D)
2011-11-24,21975,2,17.5,Moving Average (28D)
2011-11-25,21975,0,17.5,Moving Average (28D)
2011-11-26,21975,0,17.5,Moving Average (28D)
2011-11-27,21975,8,17.5,Moving Average (28D)
2011-11-28,21975,7,17.5,Moving Average (28D)
2011-11-29,21975,58,17.5,Moving Average (28D)
2011-11-30,21975,1,17.5,Moving Average (28D)
2011-12-01,21975,4,17.5,Moving Average (28D)
2011-12-02,21975,2,17.5,Moving Average (28D)
2011-12-03,21975,0,17.5,Moving Average (28D)
2011-12-04,21975,28,17.5,Moving Average (28D)
2011-12-05,21975,12,17.5,Moving Average (28D)
2011-12-06,21975,0,17.5,Moving Average (28D)
2011-12-07,21975,54,17.5,Moving Average (28D)
2011-12-08,21975,6,17.5,Moving Average (28D)
2011-12-09,21975,0,17.5,Moving Average (28D)
2011-11-10,21975,2,15.86502736809787,LightGBM
2011-11-11,21975,41,32.41523145565696,LightGBM
2011-11-12,21975,0,2.9939797906825376,LightGBM
2011-11-13,21975,17,72.18405338678485,LightGBM
2011-11-14,21975,6,31.507513029635277,LightGBM
2011-11-15,21975,27,29.269790556759602,LightGBM
2011-11-16,21975,9,22.740477535349772,LightGBM
2011-11-17,21975,1,26.830841759688163,LightGBM
2011-11-18,21975,51,16.660693140779323,LightGBM
2011-11-19,21975,0,5.209928700141259,LightGBM
2011-11-20,21975,79,15.019323053099788,LightGBM
2011-11-21,21975,145,33.58152385454737,LightGBM
2011-11-22,21975,50,21.162472538859195,LightGBM
2011-11-23,21975,32,80.8074531625336,LightGBM
2011-11-24,21975,2,105.67629577964328,LightGBM
2011-11-25,21975,0,36.194448692271095,LightGBM
2011-11-26,21975,0,4.389422656116202,LightGBM
2011-11-27,21975,8,14.729709262908731,LightGBM
2011-11-28,21975,7,20.020655070544613,LightGBM
2011-11-29,21975,58,29.570710139923534,LightGBM
2011-11-30,21975,1,149.82839215549208,LightGBM
2011-12-01,21975,4,43.82042174594163,LightGBM
2011-12-02,21975,2,21.312067853832723,LightGBM
2011-12-03,21975,0,4.457843381409824,LightGBM
2011-12-04,21975,28,15.555014229012999,LightGBM
2011-12-05,21975,12,17.135159414073282,LightGBM
2011-12-06,21975,0,29.91684080048983,LightGBM
2011-12-07,21975,54,175.9217147552669,LightGBM
2011-12-08,21975,6,53.00707627315502,LightGBM
2011-12-09,21975,0,24.820056550738936,LightGBM
2011-11-10,21975,2,30.623376041793627,Prophet
2011-11-11,21975,41,15.881916737004698,Prophet
2011-11-12,21975,0,0.0,Prophet
2011-11-13,21975,17,8.706786285149255,Prophet
2011-11-14,21975,6,18.867641781263753,Prophet
2011-11-15,21975,27,52.65558331267792,Prophet
2011-11-16,21975,9,51.247048071239945,Prophet
2011-11-17,21975,1,23.555842087055243,Prophet
2011-11-18,21975,51,8.098969909963511,Prophet
2011-11-19,21975,0,0.0,Prophet
2011-11-20,21975,79,0.0,Prophet
2011-11-21,21975,145,9.453861230459689,Prophet
2011-11-22,21975,50,42.89531477004687,Prophet
2011-11-23,21975,32,41.2471334703487,Prophet
2011-11-24,21975,2,13.425341956298107,Prophet
2011-11-25,21975,0,0.0,Prophet
2011-11-26,21975,0,0.0,Prophet
2011-11-27,21975,8,0.0,Prophet
2011-11-28,21975,7,0.0,Prophet
2011-11-29,21975,58,33.695347252236964,Prophet
2011-11-30,21975,1,32.51439483276189,Prophet
2011-12-01,21975,4,5.23399506709216,Prophet
2011-12-02,21975,2,0.0,Prophet
2011-12-03,21975,0,0.0,Prophet
2011-12-04,21975,28,0.0,Prophet
2011-12-05,21975,12,0.0,Prophet
2011-12-06,21975,0,28.895659268068314,Prophet
2011-12-07,21975,54,28.433705865085415,Prophet
2011-12-08,21975,6,1.852274785631252,Prophet
2011-12-09,21975,0,0.0,Prophet
2011-11-10,21080,41,1.0,Naive (Last Value)
2011-11-11,21080,29,1.0,Naive (Last Value)
2011-11-12,21080,0,1.0,Naive (Last Value)
2011-11-13,21080,127,1.0,Naive (Last Value)
2011-11-14,21080,30,1.0,Naive (Last Value)
2011-11-15,21080,0,1.0,Naive (Last Value)
2011-11-16,21080,103,1.0,Naive (Last Value)
2011-11-17,21080,12,1.0,Naive (Last Value)
2011-11-18,21080,30,1.0,Naive (Last Value)
2011-11-19,21080,0,1.0,Naive (Last Value)
2011-11-20,21080,29,1.0,Naive (Last Value)
2011-11-21,21080,27,1.0,Naive (Last Value)
2011-11-22,21080,29,1.0,Naive (Last Value)
2011-11-23,21080,198,1.0,Naive (Last Value)
2011-11-24,21080,16,1.0,Naive (Last Value)
2011-11-25,21080,13,1.0,Naive (Last Value)
2011-11-26,21080,0,1.0,Naive (Last Value)
2011-11-27,21080,11,1.0,Naive (Last Value)
2011-11-28,21080,17,1.0,Naive (Last Value)
2011-11-29,21080,15,1.0,Naive (Last Value)
2011-11-30,21080,9,1.0,Naive (Last Value)
2011-12-01,21080,6,1.0,Naive (Last Value)
2011-12-02,21080,50,1.0,Naive (Last Value)
2011-12-03,21080,0,1.0,Naive (Last Value)
2011-12-04,21080,21,1.0,Naive (Last Value)
2011-12-05,21080,48,1.0,Naive (Last Value)
2011-12-06,21080,99,1.0,Naive (Last Value)
2011-12-07,21080,5,1.0,Naive (Last Value)
2011-12-08,21080,5,1.0,Naive (Last Value)
2011-12-09,21080,0,1.0,Naive (Last Value)
2011-11-10,21080,41,18.0,Moving Average (7D)
2011-11-11,21080,29,18.0,Moving Average (7D)
2011-11-12,21080,0,18.0,Moving Average (7D)
2011-11-13,21080,127,18.0,Moving Average (7D)
2011-11-14,21080,30,18.0,Moving Average (7D)
2011-11-15,21080,0,18.0,Moving Average (7D)
2011-11-16,21080,103,18.0,Moving Average (7D)
2011-11-17,21080,12,18.0,Moving Average (7D)
2011-11-18,21080,30,18.0,Moving Average (7D)
2011-11-19,21080,0,18.0,Moving Average (7D)
2011-11-20,21080,29,18.0,Moving Average (7D)
2011-11-21,21080,27,18.0,Moving Average (7D)
2011-11-22,21080,29,18.0,Moving Average (7D)
2011-11-23,21080,198,18.0,Moving Average (7D)
2011-11-24,21080,16,18.0,Moving Average (7D)
2011-11-25,21080,13,18.0,Moving Average (7D)
2011-11-26,21080,0,18.0,Moving Average (7D)
2011-11-27,21080,11,18.0,Moving Average (7D)
2011-11-28,21080,17,18.0,Moving Average (7D)
2011-11-29,21080,15,18.0,Moving Average (7D)
2011-11-30,21080,9,18.0,Moving Average (7D)
2011-12-01,21080,6,18.0,Moving Average (7D)
2011-12-02,21080,50,18.0,Moving Average (7D)
2011-12-03,21080,0,18.0,Moving Average (7D)
2011-12-04,21080,21,18.0,Moving Average (7D)
2011-12-05,21080,48,18.0,Moving Average (7D)
2011-12-06,21080,99,18.0,Moving Average (7D)
2011-12-07,21080,5,18.0,Moving Average (7D)
2011-12-08,21080,5,18.0,Moving Average (7D)
2011-12-09,21080,0,18.0,Moving Average (7D)
2011-11-10,21080,41,27.285714285714285,Moving Average (14D)
2011-11-11,21080,29,27.285714285714285,Moving Average (14D)
2011-11-12,21080,0,27.285714285714285,Moving Average (14D)
2011-11-13,21080,127,27.285714285714285,Moving Average (14D)
2011-11-14,21080,30,27.285714285714285,Moving Average (14D)
2011-11-15,21080,0,27.285714285714285,Moving Average (14D)
2011-11-16,21080,103,27.285714285714285,Moving Average (14D)
2011-11-17,21080,12,27.285714285714285,Moving Average (14D)
2011-11-18,21080,30,27.285714285714285,Moving Average (14D)
2011-11-19,21080,0,27.285714285714285,Moving Average (14D)
2011-11-20,21080,29,27.285714285714285,Moving Average (14D)
2011-11-21,21080,27,27.285714285714285,Moving Average (14D)
2011-11-22,21080,29,27.285714285714285,Moving Average (14D)
2011-11-23,21080,198,27.285714285714285,Moving Average (14D)
2011-11-24,21080,16,27.285714285714285,Moving Average (14D)
2011-11-25,21080,13,27.285714285714285,Moving Average (14D)
2011-11-26,21080,0,27.285714285714285,Moving Average (14D)
2011-11-27,21080,11,27.285714285714285,Moving Average (14D)
2011-11-28,21080,17,27.285714285714285,Moving Average (14D)
2011-11-29,21080,15,27.285714285714285,Moving Average (14D)
2011-11-30,21080,9,27.285714285714285,Moving Average (14D)
2011-12-01,21080,6,27.285714285714285,Moving Average (14D)
2011-12-02,21080,50,27.285714285714285,Moving Average (14D)
2011-12-03,21080,0,27.285714285714285,Moving Average (14D)
2011-12-04,21080,21,27.285714285714285,Moving Average (14D)
2011-12-05,21080,48,27.285714285714285,Moving Average (14D)
2011-12-06,21080,99,27.285714285714285,Moving Average (14D)
2011-12-07,21080,5,27.285714285714285,Moving Average (14D)
2011-12-08,21080,5,27.285714285714285,Moving Average (14D)
2011-12-09,21080,0,27.285714285714285,Moving Average (14D)
2011-11-10,21080,41,26.214285714285715,Moving Average (28D)
2011-11-11,21080,29,26.214285714285715,Moving Average (28D)
2011-11-12,21080,0,26.214285714285715,Moving Average (28D)
2011-11-13,21080,127,26.214285714285715,Moving Average (28D)
2011-11-14,21080,30,26.214285714285715,Moving Average (28D)
2011-11-15,21080,0,26.214285714285715,Moving Average (28D)
2011-11-16,21080,103,26.214285714285715,Moving Average (28D)
2011-11-17,21080,12,26.214285714285715,Moving Average (28D)
2011-11-18,21080,30,26.214285714285715,Moving Average (28D)
2011-11-19,21080,0,26.214285714285715,Moving Average (28D)
2011-11-20,21080,29,26.214285714285715,Moving Average (28D)
2011-11-21,21080,27,26.214285714285715,Moving Average (28D)
2011-11-22,21080,29,26.214285714285715,Moving Average (28D)
2011-11-23,21080,198,26.214285714285715,Moving Average (28D)
2011-11-24,21080,16,26.214285714285715,Moving Average (28D)
2011-11-25,21080,13,26.214285714285715,Moving Average (28D)
2011-11-26,21080,0,26.214285714285715,Moving Average (28D)
2011-11-27,21080,11,26.214285714285715,Moving Average (28D)
2011-11-28,21080,17,26.214285714285715,Moving Average (28D)
2011-11-29,21080,15,26.214285714285715,Moving Average (28D)
2011-11-30,21080,9,26.214285714285715,Moving Average (28D)
2011-12-01,21080,6,26.214285714285715,Moving Average (28D)
2011-12-02,21080,50,26.214285714285715,Moving Average (28D)
2011-12-03,21080,0,26.214285714285715,Moving Average (28D)
2011-12-04,21080,21,26.214285714285715,Moving Average (28D)
2011-12-05,21080,48,26.214285714285715,Moving Average (28D)
2011-12-06,21080,99,26.214285714285715,Moving Average (28D)
2011-12-07,21080,5,26.214285714285715,Moving Average (28D)
2011-12-08,21080,5,26.214285714285715,Moving Average (28D)
2011-12-09,21080,0,26.214285714285715,Moving Average (28D)
2011-11-10,21080,41,35.566815891903055,LightGBM
2011-11-11,21080,29,34.321316328542146,LightGBM
2011-11-12,21080,0,4.311544880702076,LightGBM
2011-11-13,21080,127,15.65423930258831,LightGBM
2011-11-14,21080,30,27.87057061613388,LightGBM
2011-11-15,21080,0,46.00901766306459,LightGBM
2011-11-16,21080,103,33.517145434586226,LightGBM
2011-11-17,21080,12,29.628161525118145,LightGBM
2011-11-18,21080,30,45.31837226855257,LightGBM
2011-11-19,21080,0,12.518152093880646,LightGBM
2011-11-20,21080,29,18.923738731968616,LightGBM
2011-11-21,21080,27,35.43286340117251,LightGBM
2011-11-22,21080,29,39.562175883501375,LightGBM
2011-11-23,21080,198,44.37553922998502,LightGBM
2011-11-24,21080,16,37.74457551584671,LightGBM
2011-11-25,21080,13,23.237182563076306,LightGBM
2011-11-26,21080,0,12.587210437173363,LightGBM
2011-11-27,21080,11,19.609599256534977,LightGBM
2011-11-28,21080,17,37.342252530642085,LightGBM
2011-11-29,21080,15,75.12550120408785,LightGBM
2011-11-30,21080,9,117.0332499842072,LightGBM
2011-12-01,21080,6,46.230932447817494,LightGBM
2011-12-02,21080,50,31.60438370584542,LightGBM
2011-12-03,21080,0,17.58241805358551,LightGBM
2011-12-04,21080,21,21.604738544271527,LightGBM
2011-12-05,21080,48,44.218633598892296,LightGBM
2011-12-06,21080,99,59.44307882222979,LightGBM
2011-12-07,21080,5,58.78899389968971,LightGBM
2011-12-08,21080,5,54.40674257929668,LightGBM
2011-12-09,21080,0,33.29873931937171,LightGBM
2011-11-10,21080,41,33.11939898694649,Prophet
2011-11-11,21080,29,15.029068641558968,Prophet
2011-11-12,21080,0,0.0,Prophet
2011-11-13,21080,127,0.0,Prophet
2011-11-14,21080,30,32.62417407327834,Prophet
2011-11-15,21080,0,31.938886985745192,Prophet
2011-11-16,21080,103,34.380326488956726,Prophet
2011-11-17,21080,12,42.109596831038544,Prophet
2011-11-18,21080,30,26.2385371153531,Prophet
2011-11-19,21080,0,0.0,Prophet
2011-11-20,21080,29,7.821303801229057,Prophet
2011-11-21,21080,27,49.03607437102415,Prophet
2011-11-22,21080,29,49.401776610107554,Prophet
2011-11-23,21080,198,52.4721853436622,Prophet
2011-11-24,21080,16,60.374492895361314,Prophet
2011-11-25,21080,13,44.197899445214865,Prophet
2011-11-26,21080,0,1.2505160114919853,Prophet
2011-11-27,21080,11,23.704415094010393,Prophet
2011-11-28,21080,17,63.16549867665826,Prophet
2011-11-29,21080,15,61.333022564553346,Prophet
2011-11-30,21080,9,61.80047986545166,Prophet
2011-12-01,21080,6,66.74608016175657,Prophet
2011-12-02,21080,50,47.320180816190934,Prophet
2011-12-03,21080,0,0.9007447111793532,Prophet
2011-12-04,21080,21,19.73669640397268,Prophet
2011-12-05,21080,48,55.51589047882629,Prophet
2011-12-06,21080,99,50.0225811070425,Prophet
2011-12-07,21080,5,46.93615023169253,Prophet
2011-12-08,21080,5,48.51938860859267,Prophet
2011-12-09,21080,0,26.003745306885886,Prophet
2011-11-10,85099C,2,146.0,Naive (Last Value)
2011-11-11,85099C,108,146.0,Naive (Last Value)
2011-11-12,85099C,0,146.0,Naive (Last Value)
2011-11-13,85099C,13,146.0,Naive (Last Value)
2011-11-14,85099C,201,146.0,Naive (Last Value)
2011-11-15,85099C,37,146.0,Naive (Last Value)
2011-11-16,85099C,223,146.0,Naive (Last Value)
2011-11-17,85099C,42,146.0,Naive (Last Value)
2011-11-18,85099C,11,146.0,Naive (Last Value)
2011-11-19,85099C,0,146.0,Naive (Last Value)
2011-11-20,85099C,106,146.0,Naive (Last Value)
2011-11-21,85099C,4,146.0,Naive (Last Value)
2011-11-22,85099C,14,146.0,Naive (Last Value)
2011-11-23,85099C,8,146.0,Naive (Last Value)
2011-11-24,85099C,54,146.0,Naive (Last Value)
2011-11-25,85099C,118,146.0,Naive (Last Value)
2011-11-26,85099C,0,146.0,Naive (Last Value)
2011-11-27,85099C,5,146.0,Naive (Last Value)
2011-11-28,85099C,5,146.0,Naive (Last Value)
2011-11-29,85099C,185,146.0,Naive (Last Value)
2011-11-30,85099C,128,146.0,Naive (Last Value)
2011-12-01,85099C,76,146.0,Naive (Last Value)
2011-12-02,85099C,10,146.0,Naive (Last Value)
2011-12-03,85099C,0,146.0,Naive (Last Value)
2011-12-04,85099C,10,146.0,Naive (Last Value)
2011-12-05,85099C,19,146.0,Naive (Last Value)
2011-12-06,85099C,44,146.0,Naive (Last Value)
2011-12-07,85099C,34,146.0,Naive (Last Value)
2011-12-08,85099C,51,146.0,Naive (Last Value)
2011-12-09,85099C,21,146.0,Naive (Last Value)
2011-11-10,85099C,2,38.714285714285715,Moving Average (7D)
2011-11-11,85099C,108,38.714285714285715,Moving Average (7D)
2011-11-12,85099C,0,38.714285714285715,Moving Average (7D)
2011-11-13,85099C,13,38.714285714285715,Moving Average (7D)
2011-11-14,85099C,201,38.714285714285715,Moving Average (7D)
2011-11-15,85099C,37,38.714285714285715,Moving Average (7D)
2011-11-16,85099C,223,38.714285714285715,Moving Average (7D)
2011-11-17,85099C,42,38.714285714285715,Moving Average (7D)
2011-11-18,85099C,11,38.714285714285715,Moving Average (7D)
2011-11-19,85099C,0,38.714285714285715,Moving Average (7D)
2011-11-20,85099C,106,38.714285714285715,Moving Average (7D)
2011-11-21,85099C,4,38.714285714285715,Moving Average (7D)
2011-11-22,85099C,14,38.714285714285715,Moving Average (7D)
2011-11-23,85099C,8,38.714285714285715,Moving Average (7D)
2011-11-24,85099C,54,38.714285714285715,Moving Average (7D)
2011-11-25,85099C,118,38.714285714285715,Moving Average (7D)
2011-11-26,85099C,0,38.714285714285715,Moving Average (7D)
2011-11-27,85099C,5,38.714285714285715,Moving Average (7D)
2011-11-28,85099C,5,38.714285714285715,Moving Average (7D)
2011-11-29,85099C,185,38.714285714285715,Moving Average (7D)
2011-11-30,85099C,128,38.714285714285715,Moving Average (7D)
2011-12-01,85099C,76,38.714285714285715,Moving Average (7D)
2011-12-02,85099C,10,38.714285714285715,Moving Average (7D)
2011-12-03,85099C,0,38.714285714285715,Moving Average (7D)
2011-12-04,85099C,10,38.714285714285715,Moving Average (7D)
2011-12-05,85099C,19,38.714285714285715,Moving Average (7D)
2011-12-06,85099C,44,38.714285714285715,Moving Average (7D)
2011-12-07,85099C,34,38.714285714285715,Moving Average (7D)
2011-12-08,85099C,51,38.714285714285715,Moving Average (7D)
2011-12-09,85099C,21,38.714285714285715,Moving Average (7D)
2011-11-10,85099C,2,39.857142857142854,Moving Average (14D)
2011-11-11,85099C,108,39.857142857142854,Moving Average (14D)
2011-11-12,85099C,0,39.857142857142854,Moving Average (14D)
2011-11-13,85099C,13,39.857142857142854,Moving Average (14D)
2011-11-14,85099C,201,39.857142857142854,Moving Average (14D)
2011-11-15,85099C,37,39.857142857142854,Moving Average (14D)
2011-11-16,85099C,223,39.857142857142854,Moving Average (14D)
2011-11-17,85099C,42,39.857142857142854,Moving Average (14D)
2011-11-18,85099C,11,39.857142857142854,Moving Average (14D)
2011-11-19,85099C,0,39.857142857142854,Moving Average (14D)
2011-11-20,85099C,106,39.857142857142854,Moving Average (14D)
2011-11-21,85099C,4,39.857142857142854,Moving Average (14D)
2011-11-22,85099C,14,39.857142857142854,Moving Average (14D)
2011-11-23,85099C,8,39.857142857142854,Moving Average (14D)
2011-11-24,85099C,54,39.857142857142854,Moving Average (14D)
2011-11-25,85099C,118,39.857142857142854,Moving Average (14D)
2011-11-26,85099C,0,39.857142857142854,Moving Average (14D)
2011-11-27,85099C,5,39.857142857142854,Moving Average (14D)
2011-11-28,85099C,5,39.857142857142854,Moving Average (14D)
2011-11-29,85099C,185,39.857142857142854,Moving Average (14D)
2011-11-30,85099C,128,39.857142857142854,Moving Average (14D)
2011-12-01,85099C,76,39.857142857142854,Moving Average (14D)
2011-12-02,85099C,10,39.857142857142854,Moving Average (14D)
2011-12-03,85099C,0,39.857142857142854,Moving Average (14D)
2011-12-04,85099C,10,39.857142857142854,Moving Average (14D)
2011-12-05,85099C,19,39.857142857142854,Moving Average (14D)
2011-12-06,85099C,44,39.857142857142854,Moving Average (14D)
2011-12-07,85099C,34,39.857142857142854,Moving Average (14D)
2011-12-08,85099C,51,39.857142857142854,Moving Average (14D)
2011-12-09,85099C,21,39.857142857142854,Moving Average (14D)
2011-11-10,85099C,2,34.5,Moving Average (28D)
2011-11-11,85099C,108,34.5,Moving Average (28D)
2011-11-12,85099C,0,34.5,Moving Average (28D)
2011-11-13,85099C,13,34.5,Moving Average (28D)
2011-11-14,85099C,201,34.5,Moving Average (28D)
2011-11-15,85099C,37,34.5,Moving Average (28D)
2011-11-16,85099C,223,34.5,Moving Average (28D)
2011-11-17,85099C,42,34.5,Moving Average (28D)
2011-11-18,85099C,11,34.5,Moving Average (28D)
2011-11-19,85099C,0,34.5,Moving Average (28D)
2011-11-20,85099C,106,34.5,Moving Average (28D)
2011-11-21,85099C,4,34.5,Moving Average (28D)
2011-11-22,85099C,14,34.5,Moving Average (28D)
2011-11-23,85099C,8,34.5,Moving Average (28D)
2011-11-24,85099C,54,34.5,Moving Average (28D)
2011-11-25,85099C,118,34.5,Moving Average (28D)
2011-11-26,85099C,0,34.5,Moving Average (28D)
2011-11-27,85099C,5,34.5,Moving Average (28D)
2011-11-28,85099C,5,34.5,Moving Average (28D)
2011-11-29,85099C,185,34.5,Moving Average (28D)
2011-11-30,85099C,128,34.5,Moving Average (28D)
2011-12-01,85099C,76,34.5,Moving Average (28D)
2011-12-02,85099C,10,34.5,Moving Average (28D)
2011-12-03,85099C,0,34.5,Moving Average (28D)
2011-12-04,85099C,10,34.5,Moving Average (28D)
2011-12-05,85099C,19,34.5,Moving Average (28D)
2011-12-06,85099C,44,34.5,Moving Average (28D)
2011-12-07,85099C,34,34.5,Moving Average (28D)
2011-12-08,85099C,51,34.5,Moving Average (28D)
2011-12-09,85099C,21,34.5,Moving Average (28D)
2011-11-10,85099C,2,67.40868412981104,LightGBM
2011-11-11,85099C,108,73.6065148726741,LightGBM
2011-11-12,85099C,0,4.49648428857708,LightGBM
2011-11-13,85099C,13,67.18679305401312,LightGBM
2011-11-14,85099C,201,144.86280817077267,LightGBM
2011-11-15,85099C,37,71.84457209788827,LightGBM
2011-11-16,85099C,223,121.04295851879469,LightGBM
2011-11-17,85099C,42,52.90313125530901,LightGBM
2011-11-18,85099C,11,31.417622998933926,LightGBM
2011-11-19,85099C,0,9.634696737164312,LightGBM
2011-11-20,85099C,106,28.94963399318695,LightGBM
2011-11-21,85099C,4,78.74601368397866,LightGBM
2011-11-22,85099C,14,126.13097984240335,LightGBM
2011-11-23,85099C,8,63.3147585950746,LightGBM
2011-11-24,85099C,54,59.50712834475496,LightGBM
2011-11-25,85099C,118,120.16063320859217,LightGBM
2011-11-26,85099C,0,14.786822128650634,LightGBM
2011-11-27,85099C,5,81.51962174621613,LightGBM
2011-11-28,85099C,5,112.7429301229764,LightGBM
2011-11-29,85099C,185,72.68027496613156,LightGBM
2011-11-30,85099C,128,69.53583390050208,LightGBM
2011-12-01,85099C,76,62.49404644247269,LightGBM
2011-12-02,85099C,10,56.068013166690704,LightGBM
2011-12-03,85099C,0,12.372271109947645,LightGBM
2011-12-04,85099C,10,82.00454695461073,LightGBM
2011-12-05,85099C,19,95.67879942945247,LightGBM
2011-12-06,85099C,44,136.35207355240382,LightGBM
2011-12-07,85099C,34,65.80734743571986,LightGBM
2011-12-08,85099C,51,151.8598525451711,LightGBM
2011-12-09,85099C,21,113.31058815964752,LightGBM
2011-11-10,85099C,2,57.74588604866154,Prophet
2011-11-11,85099C,108,51.90682076593917,Prophet
2011-11-12,85099C,0,2.860942316295354,Prophet
2011-11-13,85099C,13,31.150818194712674,Prophet
2011-11-14,85099C,201,58.43151615396398,Prophet
2011-11-15,85099C,37,58.41027178590734,Prophet
2011-11-16,85099C,223,59.89050595653492,Prophet
2011-11-17,85099C,42,69.15284364114798,Prophet
2011-11-18,85099C,11,63.67908634808016,Prophet
2011-11-19,85099C,0,14.78583908000163,Prophet
2011-11-20,85099C,106,42.9997391093782,Prophet
2011-11-21,85099C,4,69.96422658444806,Prophet
2011-11-22,85099C,14,69.37968435561594,Prophet
2011-11-23,85099C,8,70.04781974188379,Prophet
2011-11-24,85099C,54,78.25292663761823,Prophet
2011-11-25,85099C,118,71.48597009521205,Prophet
2011-11-26,85099C,0,21.078187724121456,Prophet
2011-11-27,85099C,5,47.576152273741364,Prophet
2011-11-28,85099C,5,72.64823635829202,Prophet
2011-11-29,85099C,185,70.02431154211831,Prophet
2011-11-30,85099C,128,68.53956316350818,Prophet
2011-12-01,85099C,76,74.5150715883774,Prophet
2011-12-02,85099C,10,65.48111768179956,Prophet
2011-12-03,85099C,0,12.809925453029372,Prophet
2011-12-04,85099C,10,37.0898073472173,Prophet
2011-12-05,85099C,19,60.030676181178585,Prophet
2011-12-06,85099C,44,55.40278030268637,Prophet
2011-12-07,85099C,34,52.07956836463722,Prophet
2011-12-08,85099C,51,56.417359393725306,Prophet
2011-12-09,85099C,21,45.977800200052506,Prophet
2011-11-10,21931,27,226.0,Naive (Last Value)
2011-11-11,21931,19,226.0,Naive (Last Value)
2011-11-12,21931,0,226.0,Naive (Last Value)
2011-11-13,21931,26,226.0,Naive (Last Value)
2011-11-14,21931,20,226.0,Naive (Last Value)
2011-11-15,21931,41,226.0,Naive (Last Value)
2011-11-16,21931,35,226.0,Naive (Last Value)
2011-11-17,21931,36,226.0,Naive (Last Value)
2011-11-18,21931,41,226.0,Naive (Last Value)
2011-11-19,21931,0,226.0,Naive (Last Value)
2011-11-20,21931,16,226.0,Naive (Last Value)
2011-11-21,21931,10,226.0,Naive (Last Value)
2011-11-22,21931,14,226.0,Naive (Last Value)
2011-11-23,21931,17,226.0,Naive (Last Value)
2011-11-24,21931,125,226.0,Naive (Last Value)
2011-11-25,21931,35,226.0,Naive (Last Value)
2011-11-26,21931,0,226.0,Naive (Last Value)
2011-11-27,21931,11,226.0,Naive (Last Value)
2011-11-28,21931,46,226.0,Naive (Last Value)
2011-11-29,21931,19,226.0,Naive (Last Value)
2011-11-30,21931,7,226.0,Naive (Last Value)
2011-12-01,21931,153,226.0,Naive (Last Value)
2011-12-02,21931,31,226.0,Naive (Last Value)
2011-12-03,21931,0,226.0,Naive (Last Value)
2011-12-04,21931,2,226.0,Naive (Last Value)
2011-12-05,21931,44,226.0,Naive (Last Value)
2011-12-06,21931,47,226.0,Naive (Last Value)
2011-12-07,21931,46,226.0,Naive (Last Value)
2011-12-08,21931,23,226.0,Naive (Last Value)
2011-12-09,21931,17,226.0,Naive (Last Value)
2011-11-10,21931,27,72.42857142857143,Moving Average (7D)
2011-11-11,21931,19,72.42857142857143,Moving Average (7D)
2011-11-12,21931,0,72.42857142857143,Moving Average (7D)
2011-11-13,21931,26,72.42857142857143,Moving Average (7D)
2011-11-14,21931,20,72.42857142857143,Moving Average (7D)
2011-11-15,21931,41,72.42857142857143,Moving Average (7D)
2011-11-16,21931,35,72.42857142857143,Moving Average (7D)
2011-11-17,21931,36,72.42857142857143,Moving Average (7D)
2011-11-18,21931,41,72.42857142857143,Moving Average (7D)
2011-11-19,21931,0,72.42857142857143,Moving Average (7D)
2011-11-20,21931,16,72.42857142857143,Moving Average (7D)
2011-11-21,21931,10,72.42857142857143,Moving Average (7D)
2011-11-22,21931,14,72.42857142857143,Moving Average (7D)
2011-11-23,21931,17,72.42857142857143,Moving Average (7D)
2011-11-24,21931,125,72.42857142857143,Moving Average (7D)
2011-11-25,21931,35,72.42857142857143,Moving Average (7D)
2011-11-26,21931,0,72.42857142857143,Moving Average (7D)
2011-11-27,21931,11,72.42857142857143,Moving Average (7D)
2011-11-28,21931,46,72.42857142857143,Moving Average (7D)
2011-11-29,21931,19,72.42857142857143,Moving Average (7D)
2011-11-30,21931,7,72.42857142857143,Moving Average (7D)
2011-12-01,21931,153,72.42857142857143,Moving Average (7D)
2011-12-02,21931,31,72.42857142857143,Moving Average (7D)
2011-12-03,21931,0,72.42857142857143,Moving Average (7D)
2011-12-04,21931,2,72.42857142857143,Moving Average (7D)
2011-12-05,21931,44,72.42857142857143,Moving Average (7D)
2011-12-06,21931,47,72.42857142857143,Moving Average (7D)
2011-12-07,21931,46,72.42857142857143,Moving Average (7D)
2011-12-08,21931,23,72.42857142857143,Moving Average (7D)
2011-12-09,21931,17,72.42857142857143,Moving Average (7D)
2011-11-10,21931,27,54.714285714285715,Moving Average (14D)
2011-11-11,21931,19,54.714285714285715,Moving Average (14D)
2011-11-12,21931,0,54.714285714285715,Moving Average (14D)
2011-11-13,21931,26,54.714285714285715,Moving Average (14D)
2011-11-14,21931,20,54.714285714285715,Moving Average (14D)
2011-11-15,21931,41,54.714285714285715,Moving Average (14D)
2011-11-16,21931,35,54.714285714285715,Moving Average (14D)
2011-11-17,21931,36,54.714285714285715,Moving Average (14D)
2011-11-18,21931,41,54.714285714285715,Moving Average (14D)
2011-11-19,21931,0,54.714285714285715,Moving Average (14D)
2011-11-20,21931,16,54.714285714285715,Moving Average (14D)
2011-11-21,21931,10,54.714285714285715,Moving Average (14D)
2011-11-22,21931,14,54.714285714285715,Moving Average (14D)
2011-11-23,21931,17,54.714285714285715,Moving Average (14D)
2011-11-24,21931,125,54.714285714285715,Moving Average (14D)
2011-11-25,21931,35,54.714285714285715,Moving Average (14D)
2011-11-26,21931,0,54.714285714285715,Moving Average (14D)
2011-11-27,21931,11,54.714285714285715,Moving Average (14D)
2011-11-28,21931,46,54.714285714285715,Moving Average (14D)
2011-11-29,21931,19,54.714285714285715,Moving Average (14D)
2011-11-30,21931,7,54.714285714285715,Moving Average (14D)
2011-12-01,21931,153,54.714285714285715,Moving Average (14D)
2011-12-02,21931,31,54.714285714285715,Moving Average (14D)
2011-12-03,21931,0,54.714285714285715,Moving Average (14D)
2011-12-04,21931,2,54.714285714285715,Moving Average (14D)
2011-12-05,21931,44,54.714285714285715,Moving Average (14D)
2011-12-06,21931,47,54.714285714285715,Moving Average (14D)
2011-12-07,21931,46,54.714285714285715,Moving Average (14D)
2011-12-08,21931,23,54.714285714285715,Moving Average (14D)
2011-12-09,21931,17,54.714285714285715,Moving Average (14D)
2011-11-10,21931,27,45.82142857142857,Moving Average (28D)
2011-11-11,21931,19,45.82142857142857,Moving Average (28D)
2011-11-12,21931,0,45.82142857142857,Moving Average (28D)
2011-11-13,21931,26,45.82142857142857,Moving Average (28D)
2011-11-14,21931,20,45.82142857142857,Moving Average (28D)
2011-11-15,21931,41,45.82142857142857,Moving Average (28D)
2011-11-16,21931,35,45.82142857142857,Moving Average (28D)
2011-11-17,21931,36,45.82142857142857,Moving Average (28D)
2011-11-18,21931,41,45.82142857142857,Moving Average (28D)
2011-11-19,21931,0,45.82142857142857,Moving Average (28D)
2011-11-20,21931,16,45.82142857142857,Moving Average (28D)
2011-11-21,21931,10,45.82142857142857,Moving Average (28D)
2011-11-22,21931,14,45.82142857142857,Moving Average (28D)
2011-11-23,21931,17,45.82142857142857,Moving Average (28D)
2011-11-24,21931,125,45.82142857142857,Moving Average (28D)
2011-11-25,21931,35,45.82142857142857,Moving Average (28D)
2011-11-26,21931,0,45.82142857142857,Moving Average (28D)
2011-11-27,21931,11,45.82142857142857,Moving Average (28D)
2011-11-28,21931,46,45.82142857142857,Moving Average (28D)
2011-11-29,21931,19,45.82142857142857,Moving Average (28D)
2011-11-30,21931,7,45.82142857142857,Moving Average (28D)
2011-12-01,21931,153,45.82142857142857,Moving Average (28D)
2011-12-02,21931,31,45.82142857142857,Moving Average (28D)
2011-12-03,21931,0,45.82142857142857,Moving Average (28D)
2011-12-04,21931,2,45.82142857142857,Moving Average (28D)
2011-12-05,21931,44,45.82142857142857,Moving Average (28D)
2011-12-06,21931,47,45.82142857142857,Moving Average (28D)
2011-12-07,21931,46,45.82142857142857,Moving Average (28D)
2011-12-08,21931,23,45.82142857142857,Moving Average (28D)
2011-12-09,21931,17,45.82142857142857,Moving Average (28D)
2011-11-10,21931,27,42.30700122876374,LightGBM
2011-11-11,21931,19,41.38396665801167,LightGBM
2011-11-12,21931,0,3.147675006929234,LightGBM
2011-11-13,21931,26,31.13904984157118,LightGBM
2011-11-14,21931,20,47.40613144461848,LightGBM
2011-11-15,21931,41,66.11828572363122,LightGBM
2011-11-16,21931,35,48.53444096021083,LightGBM
2011-11-17,21931,36,64.98038220767003,LightGBM
2011-11-18,21931,41,70.89656196803368,LightGBM
2011-11-19,21931,0,21.81564429275364,LightGBM
2011-11-20,21931,16,35.195298466501285,LightGBM
2011-11-21,21931,10,50.2043642185206,LightGBM
2011-11-22,21931,14,130.49373739829514,LightGBM
2011-11-23,21931,17,99.57767617429907,LightGBM
2011-11-24,21931,125,122.3732556149934,LightGBM
2011-11-25,21931,35,124.14814090001654,LightGBM
2011-11-26,21931,0,48.69117880624557,LightGBM
2011-11-27,21931,11,77.6931664143128,LightGBM
2011-11-28,21931,46,148.80924098996553,LightGBM
2011-11-29,21931,19,205.45318950653314,LightGBM
2011-11-30,21931,7,153.74404333741987,LightGBM
2011-12-01,21931,153,81.74141932080255,LightGBM
2011-12-02,21931,31,87.26252226228515,LightGBM
2011-12-03,21931,0,47.57332098745764,LightGBM
2011-12-04,21931,2,95.9891785050773,LightGBM
2011-12-05,21931,44,140.94390260894627,LightGBM
2011-12-06,21931,47,172.24753823755768,LightGBM
2011-12-07,21931,46,154.2951068126565,LightGBM
2011-12-08,21931,23,127.97188880859476,LightGBM
2011-12-09,21931,17,138.12337622541344,LightGBM
2011-11-10,21931,27,68.61411574366292,Prophet
2011-11-11,21931,19,70.54777599212008,Prophet
2011-11-12,21931,0,22.912539140683336,Prophet
2011-11-13,21931,26,47.600812087784384,Prophet
2011-11-14,21931,20,72.25050495751918,Prophet
2011-11-15,21931,41,86.67779930651703,Prophet
2011-11-16,21931,35,79.74145451052317,Prophet
2011-11-17,21931,36,73.93159892773477,Prophet
2011-11-18,21931,41,74.55860333971522,Prophet
2011-11-19,21931,0,25.600314146914698,Prophet
2011-11-20,21931,16,48.95824236024832,Prophet
2011-11-21,21931,10,72.27817188430105,Prophet
2011-11-22,21931,14,85.38302615356363,Prophet
2011-11-23,21931,17,77.13732289314774,Prophet
2011-11-24,21931,125,70.03615438082859,Prophet
2011-11-25,21931,35,69.39428008622039,Prophet
2011-11-26,21931,0,19.193597535805385,Prophet
2011-11-27,21931,11,41.339575242094526,Prophet
2011-11-28,21931,46,63.48209886262135,Prophet
2011-11-29,21931,19,75.44855763701585,Prophet
2011-11-30,21931,7,66.10848962725032,Prophet
2011-12-01,21931,153,57.96271305386247,Prophet
2011-12-02,21931,31,56.332522067655546,Prophet
2011-12-03,21931,0,5.207206128288952,Prophet
2011-12-04,21931,2,26.500472265529197,Prophet
2011-12-05,21931,44,47.871219128491525,Prophet
2011-12-06,21931,47,59.1564900187463,Prophet
2011-12-07,21931,46,49.23592600720474,Prophet
2011-12-08,21931,23,40.62065137968403,Prophet
2011-12-09,21931,17,38.64217692984124,Prophet
2011-11-10,21731,1,16.0,Naive (Last Value)
2011-11-11,21731,268,16.0,Naive (Last Value)
2011-11-12,21731,0,16.0,Naive (Last Value)
2011-11-13,21731,35,16.0,Naive (Last Value)
2011-11-14,21731,107,16.0,Naive (Last Value)
2011-11-15,21731,167,16.0,Naive (Last Value)
2011-11-16,21731,78,16.0,Naive (Last Value)
2011-11-17,21731,265,16.0,Naive (Last Value)
2011-11-18,21731,174,16.0,Naive (Last Value)
2011-11-19,21731,0,16.0,Naive (Last Value)
2011-11-20,21731,42,16.0,Naive (Last Value)
2011-11-21,21731,14,16.0,Naive (Last Value)
2011-11-22,21731,45,16.0,Naive (Last Value)
2011-11-23,21731,89,16.0,Naive (Last Value)
2011-11-24,21731,40,16.0,Naive (Last Value)
2011-11-25,21731,81,16.0,Naive (Last Value)
2011-11-26,21731,0,16.0,Naive (Last Value)
2011-11-27,21731,16,16.0,Naive (Last Value)
2011-11-28,21731,69,16.0,Naive (Last Value)
2011-11-29,21731,69,16.0,Naive (Last Value)
2011-11-30,21731,47,16.0,Naive (Last Value)
2011-12-01,21731,51,16.0,Naive (Last Value)
2011-12-02,21731,105,16.0,Naive (Last Value)
2011-12-03,21731,0,16.0,Naive (Last Value)
2011-12-04,21731,18,16.0,Naive (Last Value)
2011-12-05,21731,40,16.0,Naive (Last Value)
2011-12-06,21731,38,16.0,Naive (Last Value)
2011-12-07,21731,145,16.0,Naive (Last Value)
2011-12-08,21731,49,16.0,Naive (Last Value)
2011-12-09,21731,39,16.0,Naive (Last Value)
2011-11-10,21731,1,35.714285714285715,Moving Average (7D)
2011-11-11,21731,268,35.714285714285715,Moving Average (7D)
2011-11-12,21731,0,35.714285714285715,Moving Average (7D)
2011-11-13,21731,35,35.714285714285715,Moving Average (7D)
2011-11-14,21731,107,35.714285714285715,Moving Average (7D)
2011-11-15,21731,167,35.714285714285715,Moving Average (7D)
2011-11-16,21731,78,35.714285714285715,Moving Average (7D)
2011-11-17,21731,265,35.714285714285715,Moving Average (7D)
2011-11-18,21731,174,35.714285714285715,Moving Average (7D)
2011-11-19,21731,0,35.714285714285715,Moving Average (7D)
2011-11-20,21731,42,35.714285714285715,Moving Average (7D)
2011-11-21,21731,14,35.714285714285715,Moving Average (7D)
2011-11-22,21731,45,35.714285714285715,Moving Average (7D)
2011-11-23,21731,89,35.714285714285715,Moving Average (7D)
2011-11-24,21731,40,35.714285714285715,Moving Average (7D)
2011-11-25,21731,81,35.714285714285715,Moving Average (7D)
2011-11-26,21731,0,35.714285714285715,Moving Average (7D)
2011-11-27,21731,16,35.714285714285715,Moving Average (7D)
2011-11-28,21731,69,35.714285714285715,Moving Average (7D)
2011-11-29,21731,69,35.714285714285715,Moving Average (7D)
2011-11-30,21731,47,35.714285714285715,Moving Average (7D)
2011-12-01,21731,51,35.714285714285715,Moving Average (7D)
2011-12-02,21731,105,35.714285714285715,Moving Average (7D)
2011-12-03,21731,0,35.714285714285715,Moving Average (7D)
2011-12-04,21731,18,35.714285714285715,Moving Average (7D)
2011-12-05,21731,40,35.714285714285715,Moving Average (7D)
2011-12-06,21731,38,35.714285714285715,Moving Average (7D)
2011-12-07,21731,145,35.714285714285715,Moving Average (7D)
2011-12-08,21731,49,35.714285714285715,Moving Average (7D)
2011-12-09,21731,39,35.714285714285715,Moving Average (7D)
2011-11-10,21731,1,31.357142857142858,Moving Average (14D)
2011-11-11,21731,268,31.357142857142858,Moving Average (14D)
2011-11-12,21731,0,31.357142857142858,Moving Average (14D)
2011-11-13,21731,35,31.357142857142858,Moving Average (14D)
2011-11-14,21731,107,31.357142857142858,Moving Average (14D)
2011-11-15,21731,167,31.357142857142858,Moving Average (14D)
2011-11-16,21731,78,31.357142857142858,Moving Average (14D)
2011-11-17,21731,265,31.357142857142858,Moving Average (14D)
2011-11-18,21731,174,31.357142857142858,Moving Average (14D)
2011-11-19,21731,0,31.357142857142858,Moving Average (14D)
2011-11-20,21731,42,31.357142857142858,Moving Average (14D)
2011-11-21,21731,14,31.357142857142858,Moving Average (14D)
2011-11-22,21731,45,31.357142857142858,Moving Average (14D)
2011-11-23,21731,89,31.357142857142858,Moving Average (14D)
2011-11-24,21731,40,31.357142857142858,Moving Average (14D)
2011-11-25,21731,81,31.357142857142858,Moving Average (14D)
2011-11-26,21731,0,31.357142857142858,Moving Average (14D)
2011-11-27,21731,16,31.357142857142858,Moving Average (14D)
2011-11-28,21731,69,31.357142857142858,Moving Average (14D)
2011-11-29,21731,69,31.357142857142858,Moving Average (14D)
2011-11-30,21731,47,31.357142857142858,Moving Average (14D)
2011-12-01,21731,51,31.357142857142858,Moving Average (14D)
2011-12-02,21731,105,31.357142857142858,Moving Average (14D)
2011-12-03,21731,0,31.357142857142858,Moving Average (14D)
2011-12-04,21731,18,31.357142857142858,Moving Average (14D)
2011-12-05,21731,40,31.357142857142858,Moving Average (14D)
2011-12-06,21731,38,31.357142857142858,Moving Average (14D)
2011-12-07,21731,145,31.357142857142858,Moving Average (14D)
2011-12-08,21731,49,31.357142857142858,Moving Average (14D)
2011-12-09,21731,39,31.357142857142858,Moving Average (14D)
2011-11-10,21731,1,34.857142857142854,Moving Average (28D)
2011-11-11,21731,268,34.857142857142854,Moving Average (28D)
2011-11-12,21731,0,34.857142857142854,Moving Average (28D)
2011-11-13,21731,35,34.857142857142854,Moving Average (28D)
2011-11-14,21731,107,34.857142857142854,Moving Average (28D)
2011-11-15,21731,167,34.857142857142854,Moving Average (28D)
2011-11-16,21731,78,34.857142857142854,Moving Average (28D)
2011-11-17,21731,265,34.857142857142854,Moving Average (28D)
2011-11-18,21731,174,34.857142857142854,Moving Average (28D)
2011-11-19,21731,0,34.857142857142854,Moving Average (28D)
2011-11-20,21731,42,34.857142857142854,Moving Average (28D)
2011-11-21,21731,14,34.857142857142854,Moving Average (28D)
2011-11-22,21731,45,34.857142857142854,Moving Average (28D)
2011-11-23,21731,89,34.857142857142854,Moving Average (28D)
2011-11-24,21731,40,34.857142857142854,Moving Average (28D)
2011-11-25,21731,81,34.857142857142854,Moving Average (28D)
2011-11-26,21731,0,34.857142857142854,Moving Average (28D)
2011-11-27,21731,16,34.857142857142854,Moving Average (28D)
2011-11-28,21731,69,34.857142857142854,Moving Average (28D)
2011-11-29,21731,69,34.857142857142854,Moving Average (28D)
2011-11-30,21731,47,34.857142857142854,Moving Average (28D)
2011-12-01,21731,51,34.857142857142854,Moving Average (28D)
2011-12-02,21731,105,34.857142857142854,Moving Average (28D)
2011-12-03,21731,0,34.857142857142854,Moving Average (28D)
2011-12-04,21731,18,34.857142857142854,Moving Average (28D)
2011-12-05,21731,40,34.857142857142854,Moving Average (28D)
2011-12-06,21731,38,34.857142857142854,Moving Average (28D)
2011-12-07,21731,145,34.857142857142854,Moving Average (28D)
2011-12-08,21731,49,34.857142857142854,Moving Average (28D)
2011-12-09,21731,39,34.857142857142854,Moving Average (28D)
2011-11-10,21731,1,75.6151578598357,LightGBM
2011-11-11,21731,268,61.603748692658634,LightGBM
2011-11-12,21731,0,5.340013002294733,LightGBM
2011-11-13,21731,35,17.248918861687244,LightGBM
2011-11-14,21731,107,41.07774393274446,LightGBM
2011-11-15,21731,167,52.48834158017594,LightGBM
2011-11-16,21731,78,89.73713078121226,LightGBM
2011-11-17,21731,265,84.92213192581383,LightGBM
2011-11-18,21731,174,121.92310386410163,LightGBM
2011-11-19,21731,0,53.09232366627269,LightGBM
2011-11-20,21731,42,36.09025159420554,LightGBM
2011-11-21,21731,14,130.03984430768804,LightGBM
2011-11-22,21731,45,92.7066813975894,LightGBM
2011-11-23,21731,89,153.98052553487162,LightGBM
2011-11-24,21731,40,113.43073184346143,LightGBM
2011-11-25,21731,81,136.39409376298548,LightGBM
2011-11-26,21731,0,82.50328934302837,LightGBM
2011-11-27,21731,16,86.79246634662798,LightGBM
2011-11-28,21731,69,182.21267418873197,LightGBM
2011-11-29,21731,69,174.0337816908794,LightGBM
2011-11-30,21731,47,118.99043745191226,LightGBM
2011-12-01,21731,51,159.729905419315,LightGBM
2011-12-02,21731,105,168.0504782827088,LightGBM
2011-12-03,21731,0,62.532331194708064,LightGBM
2011-12-04,21731,18,100.66178544120176,LightGBM
2011-12-05,21731,40,142.387419093071,LightGBM
2011-12-06,21731,38,104.61655915426759,LightGBM
2011-12-07,21731,145,145.30057951958796,LightGBM
2011-12-08,21731,49,196.4841816933823,LightGBM
2011-12-09,21731,39,184.34625321000425,LightGBM
2011-11-10,21731,1,77.33538270715758,Prophet
2011-11-11,21731,268,56.15525493872811,Prophet
2011-11-12,21731,0,12.998371054086366,Prophet
2011-11-13,21731,35,34.34532798481455,Prophet
2011-11-14,21731,107,53.78427332308131,Prophet
2011-11-15,21731,167,72.244543352246,Prophet
2011-11-16,21731,78,62.97680070948693,Prophet
2011-11-17,21731,265,90.46833723074829,Prophet
2011-11-18,21731,174,69.83858259761396,Prophet
2011-11-19,21731,0,27.10453909153296,Prophet
2011-11-20,21731,42,48.731112126942925,Prophet
2011-11-21,21731,14,68.29291211417866,Prophet
2011-11-22,21731,45,86.70824204731346,Prophet
2011-11-23,21731,89,77.21952764343999,Prophet
2011-11-24,21731,40,104.30884885970525,Prophet
2011-11-25,21731,81,83.09360839483793,Prophet
2011-11-26,21731,0,39.592054267621684,Prophet
2011-11-27,21731,16,60.273624769912956,Prophet
2011-11-28,21731,69,78.72069180329677,Prophet
2011-11-29,21731,69,95.86241921866356,Prophet
2011-11-30,21731,47,84.95499688495869,Prophet
2011-12-01,21731,51,110.49691473679994,Prophet
2011-12-02,21731,105,87.62431918136461,Prophet
2011-12-03,21731,0,42.37617687626534,Prophet
2011-12-04,21731,18,61.24422300801977,Prophet
2011-12-05,21731,40,77.83427958189286,Prophet
2011-12-06,21731,38,93.09967026553215,Prophet
2011-12-07,21731,145,80.32100259316493,Prophet
2011-12-08,21731,49,104.02099177891522,Prophet
2011-12-09,21731,39,79.35937819378877,Prophet
2011-11-10,47566,40,29.0,Naive (Last Value)
2011-11-11,47566,28,29.0,Naive (Last Value)
2011-11-12,47566,0,29.0,Naive (Last Value)
2011-11-13,47566,6,29.0,Naive (Last Value)
2011-11-14,47566,3,29.0,Naive (Last Value)
2011-11-15,47566,58,29.0,Naive (Last Value)
2011-11-16,47566,108,29.0,Naive (Last Value)
2011-11-17,47566,18,29.0,Naive (Last Value)
2011-11-18,47566,21,29.0,Naive (Last Value)
2011-11-19,47566,0,29.0,Naive (Last Value)
2011-11-20,47566,10,29.0,Naive (Last Value)
2011-11-21,47566,324,29.0,Naive (Last Value)
2011-11-22,47566,13,29.0,Naive (Last Value)
2011-11-23,47566,32,29.0,Naive (Last Value)
2011-11-24,47566,56,29.0,Naive (Last Value)
2011-11-25,47566,27,29.0,Naive (Last Value)
2011-11-26,47566,0,29.0,Naive (Last Value)
2011-11-27,47566,3,29.0,Naive (Last Value)
2011-11-28,47566,9,29.0,Naive (Last Value)
2011-11-29,47566,10,29.0,Naive (Last Value)
2011-11-30,47566,19,29.0,Naive (Last Value)
2011-12-01,47566,8,29.0,Naive (Last Value)
2011-12-02,47566,40,29.0,Naive (Last Value)
2011-12-03,47566,0,29.0,Naive (Last Value)
2011-12-04,47566,19,29.0,Naive (Last Value)
2011-12-05,47566,16,29.0,Naive (Last Value)
2011-12-06,47566,21,29.0,Naive (Last Value)
2011-12-07,47566,3,29.0,Naive (Last Value)
2011-12-08,47566,22,29.0,Naive (Last Value)
2011-12-09,47566,7,29.0,Naive (Last Value)
2011-11-10,47566,40,16.857142857142858,Moving Average (7D)
2011-11-11,47566,28,16.857142857142858,Moving Average (7D)
2011-11-12,47566,0,16.857142857142858,Moving Average (7D)
2011-11-13,47566,6,16.857142857142858,Moving Average (7D)
2011-11-14,47566,3,16.857142857142858,Moving Average (7D)
2011-11-15,47566,58,16.857142857142858,Moving Average (7D)
2011-11-16,47566,108,16.857142857142858,Moving Average (7D)
2011-11-17,47566,18,16.857142857142858,Moving Average (7D)
2011-11-18,47566,21,16.857142857142858,Moving Average (7D)
2011-11-19,47566,0,16.857142857142858,Moving Average (7D)
2011-11-20,47566,10,16.857142857142858,Moving Average (7D)
2011-11-21,47566,324,16.857142857142858,Moving Average (7D)
2011-11-22,47566,13,16.857142857142858,Moving Average (7D)
2011-11-23,47566,32,16.857142857142858,Moving Average (7D)
2011-11-24,47566,56,16.857142857142858,Moving Average (7D)
2011-11-25,47566,27,16.857142857142858,Moving Average (7D)
2011-11-26,47566,0,16.857142857142858,Moving Average (7D)
2011-11-27,47566,3,16.857142857142858,Moving Average (7D)
2011-11-28,47566,9,16.857142857142858,Moving Average (7D)
2011-11-29,47566,10,16.857142857142858,Moving Average (7D)
2011-11-30,47566,19,16.857142857142858,Moving Average (7D)
2011-12-01,47566,8,16.857142857142858,Moving Average (7D)
2011-12-02,47566,40,16.857142857142858,Moving Average (7D)
2011-12-03,47566,0,16.857142857142858,Moving Average (7D)
2011-12-04,47566,19,16.857142857142858,Moving Average (7D)
2011-12-05,47566,16,16.857142857142858,Moving Average (7D)
2011-12-06,47566,21,16.857142857142858,Moving Average (7D)
2011-12-07,47566,3,16.857142857142858,Moving Average (7D)
2011-12-08,47566,22,16.857142857142858,Moving Average (7D)
2011-12-09,47566,7,16.857142857142858,Moving Average (7D)
2011-11-10,47566,40,14.642857142857142,Moving Average (14D)
2011-11-11,47566,28,14.642857142857142,Moving Average (14D)
2011-11-12,47566,0,14.642857142857142,Moving Average (14D)
2011-11-13,47566,6,14.642857142857142,Moving Average (14D)
2011-11-14,47566,3,14.642857142857142,Moving Average (14D)
2011-11-15,47566,58,14.642857142857142,Moving Average (14D)
2011-11-16,47566,108,14.642857142857142,Moving Average (14D)
2011-11-17,47566,18,14.642857142857142,Moving Average (14D)
2011-11-18,47566,21,14.642857142857142,Moving Average (14D)
2011-11-19,47566,0,14.642857142857142,Moving Average (14D)
2011-11-20,47566,10,14.642857142857142,Moving Average (14D)
2011-11-21,47566,324,14.642857142857142,Moving Average (14D)
2011-11-22,47566,13,14.642857142857142,Moving Average (14D)
2011-11-23,47566,32,14.642857142857142,Moving Average (14D)
2011-11-24,47566,56,14.642857142857142,Moving Average (14D)
2011-11-25,47566,27,14.642857142857142,Moving Average (14D)
2011-11-26,47566,0,14.642857142857142,Moving Average (14D)
2011-11-27,47566,3,14.642857142857142,Moving Average (14D)
2011-11-28,47566,9,14.642857142857142,Moving Average (14D)
2011-11-29,47566,10,14.642857142857142,Moving Average (14D)
2011-11-30,47566,19,14.642857142857142,Moving Average (14D)
2011-12-01,47566,8,14.642857142857142,Moving Average (14D)
2011-12-02,47566,40,14.642857142857142,Moving Average (14D)
2011-12-03,47566,0,14.642857142857142,Moving Average (14D)
2011-12-04,47566,19,14.642857142857142,Moving Average (14D)
2011-12-05,47566,16,14.642857142857142,Moving Average (14D)
2011-12-06,47566,21,14.642857142857142,Moving Average (14D)
2011-12-07,47566,3,14.642857142857142,Moving Average (14D)
2011-12-08,47566,22,14.642857142857142,Moving Average (14D)
2011-12-09,47566,7,14.642857142857142,Moving Average (14D)
2011-11-10,47566,40,18.285714285714285,Moving Average (28D)
2011-11-11,47566,28,18.285714285714285,Moving Average (28D)
2011-11-12,47566,0,18.285714285714285,Moving Average (28D)
2011-11-13,47566,6,18.285714285714285,Moving Average (28D)
2011-11-14,47566,3,18.285714285714285,Moving Average (28D)
2011-11-15,47566,58,18.285714285714285,Moving Average (28D)
2011-11-16,47566,108,18.285714285714285,Moving Average (28D)
2011-11-17,47566,18,18.285714285714285,Moving Average (28D)
2011-11-18,47566,21,18.285714285714285,Moving Average (28D)
2011-11-19,47566,0,18.285714285714285,Moving Average (28D)
2011-11-20,47566,10,18.285714285714285,Moving Average (28D)
2011-11-21,47566,324,18.285714285714285,Moving Average (28D)
2011-11-22,47566,13,18.285714285714285,Moving Average (28D)
2011-11-23,47566,32,18.285714285714285,Moving Average (28D)
2011-11-24,47566,56,18.285714285714285,Moving Average (28D)
2011-11-25,47566,27,18.285714285714285,Moving Average (28D)
2011-11-26,47566,0,18.285714285714285,Moving Average (28D)
2011-11-27,47566,3,18.285714285714285,Moving Average (28D)
2011-11-28,47566,9,18.285714285714285,Moving Average (28D)
2011-11-29,47566,10,18.285714285714285,Moving Average (28D)
2011-11-30,47566,19,18.285714285714285,Moving Average (28D)
2011-12-01,47566,8,18.285714285714285,Moving Average (28D)
2011-12-02,47566,40,18.285714285714285,Moving Average (28D)
2011-12-03,47566,0,18.285714285714285,Moving Average (28D)
2011-12-04,47566,19,18.285714285714285,Moving Average (28D)
2011-12-05,47566,16,18.285714285714285,Moving Average (28D)
2011-12-06,47566,21,18.285714285714285,Moving Average (28D)
2011-12-07,47566,3,18.285714285714285,Moving Average (28D)
2011-12-08,47566,22,18.285714285714285,Moving Average (28D)
2011-12-09,47566,7,18.285714285714285,Moving Average (28D)
2011-11-10,47566,40,21.507228791163747,LightGBM
2011-11-11,47566,28,31.858242278539343,LightGBM
2011-11-12,47566,0,4.563858585094945,LightGBM
2011-11-13,47566,6,9.502706109366386,LightGBM
2011-11-14,47566,3,19.098887501479766,LightGBM
2011-11-15,47566,58,21.0606253577138,LightGBM
2011-11-16,47566,108,40.78196700331704,LightGBM
2011-11-17,47566,18,25.72733951373514,LightGBM
2011-11-18,47566,21,36.639020157619136,LightGBM
2011-11-19,47566,0,5.229247026346684,LightGBM
2011-11-20,47566,10,16.95510313015341,LightGBM
2011-11-21,47566,324,25.997197014608364,LightGBM
2011-11-22,47566,13,34.361266124404594,LightGBM
2011-11-23,47566,32,48.60473754520992,LightGBM
2011-11-24,47566,56,30.570124415770614,LightGBM
2011-11-25,47566,27,40.63182947562393,LightGBM
2011-11-26,47566,0,5.229247026346684,LightGBM
2011-11-27,47566,3,14.959563087102637,LightGBM
2011-11-28,47566,9,32.13550972409538,LightGBM
2011-11-29,47566,10,36.15780554826582,LightGBM
2011-11-30,47566,19,39.065088182035474,LightGBM
2011-12-01,47566,8,36.95687339629284,LightGBM
2011-12-02,47566,40,38.91248158584636,LightGBM
2011-12-03,47566,0,9.452951513586104,LightGBM
2011-12-04,47566,19,14.889844586749534,LightGBM
2011-12-05,47566,16,43.21489412230642,LightGBM
2011-12-06,47566,21,45.646642650501946,LightGBM
2011-12-07,47566,3,49.793000128877594,LightGBM
2011-12-08,47566,22,40.64477303412494,LightGBM
2011-12-09,47566,7,39.888568315175014,LightGBM
2011-11-10,47566,40,47.428408167543026,Prophet
2011-11-11,47566,28,40.690101744051574,Prophet
2011-11-12,47566,0,0.0,Prophet
2011-11-13,47566,6,21.865322849692525,Prophet
2011-11-14,47566,3,45.96909267204171,Prophet
2011-11-15,47566,58,62.00502806789002,Prophet
2011-11-16,47566,108,53.95218423309775,Prophet
2011-11-17,47566,18,52.54141695687943,Prophet
2011-11-18,47566,21,45.28625481715018,Prophet
2011-11-19,47566,0,2.1640906435225347,Prophet
2011-11-20,47566,10,25.43274705850103,Prophet
2011-11-21,47566,324,49.045532800001446,Prophet
2011-11-22,47566,13,64.61679791092291,Prophet
2011-11-23,47566,32,56.13114699440569,Prophet
2011-11-24,47566,56,54.323009749707495,Prophet
2011-11-25,47566,27,46.707606868340264,Prophet
2011-11-26,47566,0,3.2622930741579665,Prophet
2011-11-27,47566,3,26.243323892503703,Prophet
2011-11-28,47566,9,49.601153385228685,Prophet
2011-11-29,47566,10,64.94626056871773,Prophet
2011-11-30,47566,19,56.25865281619605,Prophet
2011-12-01,47566,8,54.26773438914705,Prophet
2011-12-02,47566,40,46.48356730748289,Prophet
2011-12-03,47566,0,2.878496013681975,Prophet
2011-12-04,47566,19,25.70417294654937,Prophet
2011-12-05,47566,16,48.90708393471223,Prophet
2011-12-06,47566,21,64.09456418101352,Prophet
2011-12-07,47566,3,55.24444775343631,Prophet
2011-12-08,47566,22,53.08503503990898,Prophet
2011-12-09,47566,7,45.126403450085725,Prophet
2011-11-10,22469,80,6.0,Naive (Last Value)
2011-11-11,22469,44,6.0,Naive (Last Value)
2011-11-12,22469,0,6.0,Naive (Last Value)
2011-11-13,22469,31,6.0,Naive (Last Value)
2011-11-14,22469,119,6.0,Naive (Last Value)
2011-11-15,22469,17,6.0,Naive (Last Value)
2011-11-16,22469,48,6.0,Naive (Last Value)
2011-11-17,22469,34,6.0,Naive (Last Value)
2011-11-18,22469,89,6.0,Naive (Last Value)
2011-11-19,22469,0,6.0,Naive (Last Value)
2011-11-20,22469,54,6.0,Naive (Last Value)
2011-11-21,22469,31,6.0,Naive (Last Value)
2011-11-22,22469,48,6.0,Naive (Last Value)
2011-11-23,22469,81,6.0,Naive (Last Value)
2011-11-24,22469,19,6.0,Naive (Last Value)
2011-11-25,22469,26,6.0,Naive (Last Value)
2011-11-26,22469,0,6.0,Naive (Last Value)
2011-11-27,22469,8,6.0,Naive (Last Value)
2011-11-28,22469,655,6.0,Naive (Last Value)
2011-11-29,22469,40,6.0,Naive (Last Value)
2011-11-30,22469,45,6.0,Naive (Last Value)
2011-12-01,22469,34,6.0,Naive (Last Value)
2011-12-02,22469,26,6.0,Naive (Last Value)
2011-12-03,22469,0,6.0,Naive (Last Value)
2011-12-04,22469,9,6.0,Naive (Last Value)
2011-12-05,22469,52,6.0,Naive (Last Value)
2011-12-06,22469,16,6.0,Naive (Last Value)
2011-12-07,22469,4,6.0,Naive (Last Value)
2011-12-08,22469,12,6.0,Naive (Last Value)
2011-12-09,22469,13,6.0,Naive (Last Value)
2011-11-10,22469,80,154.14285714285714,Moving Average (7D)
2011-11-11,22469,44,154.14285714285714,Moving Average (7D)
2011-11-12,22469,0,154.14285714285714,Moving Average (7D)
2011-11-13,22469,31,154.14285714285714,Moving Average (7D)
2011-11-14,22469,119,154.14285714285714,Moving Average (7D)
2011-11-15,22469,17,154.14285714285714,Moving Average (7D)
2011-11-16,22469,48,154.14285714285714,Moving Average (7D)
2011-11-17,22469,34,154.14285714285714,Moving Average (7D)
2011-11-18,22469,89,154.14285714285714,Moving Average (7D)
2011-11-19,22469,0,154.14285714285714,Moving Average (7D)
2011-11-20,22469,54,154.14285714285714,Moving Average (7D)
2011-11-21,22469,31,154.14285714285714,Moving Average (7D)
2011-11-22,22469,48,154.14285714285714,Moving Average (7D)
2011-11-23,22469,81,154.14285714285714,Moving Average (7D)
2011-11-24,22469,19,154.14285714285714,Moving Average (7D)
2011-11-25,22469,26,154.14285714285714,Moving Average (7D)
2011-11-26,22469,0,154.14285714285714,Moving Average (7D)
2011-11-27,22469,8,154.14285714285714,Moving Average (7D)
2011-11-28,22469,655,154.14285714285714,Moving Average (7D)
2011-11-29,22469,40,154.14285714285714,Moving Average (7D)
2011-11-30,22469,45,154.14285714285714,Moving Average (7D)
2011-12-01,22469,34,154.14285714285714,Moving Average (7D)
2011-12-02,22469,26,154.14285714285714,Moving Average (7D)
2011-12-03,22469,0,154.14285714285714,Moving Average (7D)
2011-12-04,22469,9,154.14285714285714,Moving Average (7D)
2011-12-05,22469,52,154.14285714285714,Moving Average (7D)
2011-12-06,22469,16,154.14285714285714,Moving Average (7D)
2011-12-07,22469,4,154.14285714285714,Moving Average (7D)
2011-12-08,22469,12,154.14285714285714,Moving Average (7D)
2011-12-09,22469,13,154.14285714285714,Moving Average (7D)
2011-11-10,22469,80,101.78571428571429,Moving Average (14D)
2011-11-11,22469,44,101.78571428571429,Moving Average (14D)
2011-11-12,22469,0,101.78571428571429,Moving Average (14D)
2011-11-13,22469,31,101.78571428571429,Moving Average (14D)
2011-11-14,22469,119,101.78571428571429,Moving Average (14D)
2011-11-15,22469,17,101.78571428571429,Moving Average (14D)
2011-11-16,22469,48,101.78571428571429,Moving Average (14D)
2011-11-17,22469,34,101.78571428571429,Moving Average (14D)
2011-11-18,22469,89,101.78571428571429,Moving Average (14D)
2011-11-19,22469,0,101.78571428571429,Moving Average (14D)
2011-11-20,22469,54,101.78571428571429,Moving Average (14D)
2011-11-21,22469,31,101.78571428571429,Moving Average (14D)
2011-11-22,22469,48,101.78571428571429,Moving Average (14D)
2011-11-23,22469,81,101.78571428571429,Moving Average (14D)
2011-11-24,22469,19,101.78571428571429,Moving Average (14D)
2011-11-25,22469,26,101.78571428571429,Moving Average (14D)
2011-11-26,22469,0,101.78571428571429,Moving Average (14D)
2011-11-27,22469,8,101.78571428571429,Moving Average (14D)
2011-11-28,22469,655,101.78571428571429,Moving Average (14D)
2011-11-29,22469,40,101.78571428571429,Moving Average (14D)
2011-11-30,22469,45,101.78571428571429,Moving Average (14D)
2011-12-01,22469,34,101.78571428571429,Moving Average (14D)
2011-12-02,22469,26,101.78571428571429,Moving Average (14D)
2011-12-03,22469,0,101.78571428571429,Moving Average (14D)
2011-12-04,22469,9,101.78571428571429,Moving Average (14D)
2011-12-05,22469,52,101.78571428571429,Moving Average (14D)
2011-12-06,22469,16,101.78571428571429,Moving Average (14D)
2011-12-07,22469,4,101.78571428571429,Moving Average (14D)
2011-12-08,22469,12,101.78571428571429,Moving Average (14D)
2011-12-09,22469,13,101.78571428571429,Moving Average (14D)
2011-11-10,22469,80,70.25,Moving Average (28D)
2011-11-11,22469,44,70.25,Moving Average (28D)
2011-11-12,22469,0,70.25,Moving Average (28D)
2011-11-13,22469,31,70.25,Moving Average (28D)
2011-11-14,22469,119,70.25,Moving Average (28D)
2011-11-15,22469,17,70.25,Moving Average (28D)
2011-11-16,22469,48,70.25,Moving Average (28D)
2011-11-17,22469,34,70.25,Moving Average (28D)
2011-11-18,22469,89,70.25,Moving Average (28D)
2011-11-19,22469,0,70.25,Moving Average (28D)
2011-11-20,22469,54,70.25,Moving Average (28D)
2011-11-21,22469,31,70.25,Moving Average (28D)
2011-11-22,22469,48,70.25,Moving Average (28D)
2011-11-23,22469,81,70.25,Moving Average (28D)
2011-11-24,22469,19,70.25,Moving Average (28D)
2011-11-25,22469,26,70.25,Moving Average (28D)
2011-11-26,22469,0,70.25,Moving Average (28D)
2011-11-27,22469,8,70.25,Moving Average (28D)
2011-11-28,22469,655,70.25,Moving Average (28D)
2011-11-29,22469,40,70.25,Moving Average (28D)
2011-11-30,22469,45,70.25,Moving Average (28D)
2011-12-01,22469,34,70.25,Moving Average (28D)
2011-12-02,22469,26,70.25,Moving Average (28D)
2011-12-03,22469,0,70.25,Moving Average (28D)
2011-12-04,22469,9,70.25,Moving Average (28D)
2011-12-05,22469,52,70.25,Moving Average (28D)
2011-12-06,22469,16,70.25,Moving Average (28D)
2011-12-07,22469,4,70.25,Moving Average (28D)
2011-12-08,22469,12,70.25,Moving Average (28D)
2011-12-09,22469,13,70.25,Moving Average (28D)
2011-11-10,22469,80,98.24715887582717,LightGBM
2011-11-11,22469,44,63.0017346095024,LightGBM
2011-11-12,22469,0,16.079428317050738,LightGBM
2011-11-13,22469,31,67.63835848091378,LightGBM
2011-11-14,22469,119,66.21277736446775,LightGBM
2011-11-15,22469,17,71.88973803441202,LightGBM
2011-11-16,22469,48,70.32021338919863,LightGBM
2011-11-17,22469,34,66.23731085484337,LightGBM
2011-11-18,22469,89,49.97309184581531,LightGBM
2011-11-19,22469,0,16.402153873794806,LightGBM
2011-11-20,22469,54,52.854880072441695,LightGBM
2011-11-21,22469,31,61.80997574555893,LightGBM
2011-11-22,22469,48,90.6863726587683,LightGBM
2011-11-23,22469,81,56.32074385286533,LightGBM
2011-11-24,22469,19,54.86888284579013,LightGBM
2011-11-25,22469,26,55.307379476744806,LightGBM
2011-11-26,22469,0,18.47106482949837,LightGBM
2011-11-27,22469,8,58.3219926381177,LightGBM
2011-11-28,22469,655,65.09075731870057,LightGBM
2011-11-29,22469,40,79.5839031010289,LightGBM
2011-11-30,22469,45,145.08586157893646,LightGBM
2011-12-01,22469,34,61.51015388502978,LightGBM
2011-12-02,22469,26,79.67109506192023,LightGBM
2011-12-03,22469,0,12.116552583617253,LightGBM
2011-12-04,22469,9,110.06433292710221,LightGBM
2011-12-05,22469,52,77.08029666187755,LightGBM
2011-12-06,22469,16,72.95982842201983,LightGBM
2011-12-07,22469,4,85.49871319488796,LightGBM
2011-12-08,22469,12,95.34583893312026,LightGBM
2011-12-09,22469,13,68.85572237095275,LightGBM
2011-11-10,22469,80,60.64167671444802,Prophet
2011-11-11,22469,44,31.757289779184145,Prophet
2011-11-12,22469,0,5.369944877187486,Prophet
2011-11-13,22469,31,35.301043205002266,Prophet
2011-11-14,22469,119,50.74538954196939,Prophet
2011-11-15,22469,17,79.44618796811702,Prophet
2011-11-16,22469,48,55.1352918953752,Prophet
2011-11-17,22469,34,74.78890583314949,Prophet
2011-11-18,22469,89,48.18834208987564,Prophet
2011-11-19,22469,0,24.007414657148924,Prophet
2011-11-20,22469,54,56.000549187246946,Prophet
2011-11-21,22469,31,73.29591325376882,Prophet
2011-11-22,22469,48,103.57240707801864,Prophet
2011-11-23,22469,81,80.50188607475806,Prophet
2011-11-24,22469,19,101.00675512665038,Prophet
2011-11-25,22469,26,74.82248203279272,Prophet
2011-11-26,22469,0,50.58655997537296,Prophet
2011-11-27,22469,8,82.02795037611486,Prophet
2011-11-28,22469,655,98.26126903729687,Prophet
2011-11-29,22469,40,126.96452189751744,Prophet
2011-11-30,22469,45,101.82173635258424,Prophet
2011-12-01,22469,34,119.78061185737457,Prophet
2011-12-02,22469,26,90.61473077410353,Prophet
2011-12-03,22469,0,63.01186278854392,Prophet
2011-12-04,22469,9,90.7624076489674,Prophet
2011-12-05,22469,52,103.0522620954921,Prophet
2011-12-06,22469,16,127.63894928539298,Prophet
2011-12-07,22469,4,98.29239679290865,Prophet
2011-12-08,22469,12,112.05053411614497,Prophet
2011-12-09,22469,13,78.77930368811428,Prophet
2011-11-10,22151,6,24.0,Naive (Last Value)
2011-11-11,22151,0,24.0,Naive (Last Value)
2011-11-12,22151,0,24.0,Naive (Last Value)
2011-11-13,22151,20,24.0,Naive (Last Value)
2011-11-14,22151,36,24.0,Naive (Last Value)
2011-11-15,22151,0,24.0,Naive (Last Value)
2011-11-16,22151,24,24.0,Naive (Last Value)
2011-11-17,22151,11,24.0,Naive (Last Value)
2011-11-18,22151,48,24.0,Naive (Last Value)
2011-11-19,22151,0,24.0,Naive (Last Value)
2011-11-20,22151,5,24.0,Naive (Last Value)
2011-11-21,22151,5,24.0,Naive (Last Value)
2011-11-22,22151,55,24.0,Naive (Last Value)
2011-11-23,22151,48,24.0,Naive (Last Value)
2011-11-24,22151,34,24.0,Naive (Last Value)
2011-11-25,22151,120,24.0,Naive (Last Value)
2011-11-26,22151,0,24.0,Naive (Last Value)
2011-11-27,22151,0,24.0,Naive (Last Value)
2011-11-28,22151,66,24.0,Naive (Last Value)
2011-11-29,22151,26,24.0,Naive (Last Value)
2011-11-30,22151,24,24.0,Naive (Last Value)
2011-12-01,22151,0,24.0,Naive (Last Value)
2011-12-02,22151,96,24.0,Naive (Last Value)
2011-12-03,22151,0,24.0,Naive (Last Value)
2011-12-04,22151,27,24.0,Naive (Last Value)
2011-12-05,22151,38,24.0,Naive (Last Value)
2011-12-06,22151,0,24.0,Naive (Last Value)
2011-12-07,22151,6,24.0,Naive (Last Value)
2011-12-08,22151,120,24.0,Naive (Last Value)
2011-12-09,22151,24,24.0,Naive (Last Value)
2011-11-10,22151,6,15.857142857142858,Moving Average (7D)
2011-11-11,22151,0,15.857142857142858,Moving Average (7D)
2011-11-12,22151,0,15.857142857142858,Moving Average (7D)
2011-11-13,22151,20,15.857142857142858,Moving Average (7D)
2011-11-14,22151,36,15.857142857142858,Moving Average (7D)
2011-11-15,22151,0,15.857142857142858,Moving Average (7D)
2011-11-16,22151,24,15.857142857142858,Moving Average (7D)
2011-11-17,22151,11,15.857142857142858,Moving Average (7D)
2011-11-18,22151,48,15.857142857142858,Moving Average (7D)
2011-11-19,22151,0,15.857142857142858,Moving Average (7D)
2011-11-20,22151,5,15.857142857142858,Moving Average (7D)
2011-11-21,22151,5,15.857142857142858,Moving Average (7D)
2011-11-22,22151,55,15.857142857142858,Moving Average (7D)
2011-11-23,22151,48,15.857142857142858,Moving Average (7D)
2011-11-24,22151,34,15.857142857142858,Moving Average (7D)
2011-11-25,22151,120,15.857142857142858,Moving Average (7D)
2011-11-26,22151,0,15.857142857142858,Moving Average (7D)
2011-11-27,22151,0,15.857142857142858,Moving Average (7D)
2011-11-28,22151,66,15.857142857142858,Moving Average (7D)
2011-11-29,22151,26,15.857142857142858,Moving Average (7D)
2011-11-30,22151,24,15.857142857142858,Moving Average (7D)
2011-12-01,22151,0,15.857142857142858,Moving Average (7D)
2011-12-02,22151,96,15.857142857142858,Moving Average (7D)
2011-12-03,22151,0,15.857142857142858,Moving Average (7D)
2011-12-04,22151,27,15.857142857142858,Moving Average (7D)
2011-12-05,22151,38,15.857142857142858,Moving Average (7D)
2011-12-06,22151,0,15.857142857142858,Moving Average (7D)
2011-12-07,22151,6,15.857142857142858,Moving Average (7D)
2011-12-08,22151,120,15.857142857142858,Moving Average (7D)
2011-12-09,22151,24,15.857142857142858,Moving Average (7D)
2011-11-10,22151,6,19.0,Moving Average (14D)
2011-11-11,22151,0,19.0,Moving Average (14D)
2011-11-12,22151,0,19.0,Moving Average (14D)
2011-11-13,22151,20,19.0,Moving Average (14D)
2011-11-14,22151,36,19.0,Moving Average (14D)
2011-11-15,22151,0,19.0,Moving Average (14D)
2011-11-16,22151,24,19.0,Moving Average (14D)
2011-11-17,22151,11,19.0,Moving Average (14D)
2011-11-18,22151,48,19.0,Moving Average (14D)
2011-11-19,22151,0,19.0,Moving Average (14D)
2011-11-20,22151,5,19.0,Moving Average (14D)
2011-11-21,22151,5,19.0,Moving Average (14D)
2011-11-22,22151,55,19.0,Moving Average (14D)
2011-11-23,22151,48,19.0,Moving Average (14D)
2011-11-24,22151,34,19.0,Moving Average (14D)
2011-11-25,22151,120,19.0,Moving Average (14D)
2011-11-26,22151,0,19.0,Moving Average (14D)
2011-11-27,22151,0,19.0,Moving Average (14D)
2011-11-28,22151,66,19.0,Moving Average (14D)
2011-11-29,22151,26,19.0,Moving Average (14D)
2011-11-30,22151,24,19.0,Moving Average (14D)
2011-12-01,22151,0,19.0,Moving Average (14D)
2011-12-02,22151,96,19.0,Moving Average (14D)
2011-12-03,22151,0,19.0,Moving Average (14D)
2011-12-04,22151,27,19.0,Moving Average (14D)
2011-12-05,22151,38,19.0,Moving Average (14D)
2011-12-06,22151,0,19.0,Moving Average (14D)
2011-12-07,22151,6,19.0,Moving Average (14D)
2011-12-08,22151,120,19.0,Moving Average (14D)
2011-12-09,22151,24,19.0,Moving Average (14D)
2011-11-10,22151,6,20.357142857142858,Moving Average (28D)
2011-11-11,22151,0,20.357142857142858,Moving Average (28D)
2011-11-12,22151,0,20.357142857142858,Moving Average (28D)
2011-11-13,22151,20,20.357142857142858,Moving Average (28D)
2011-11-14,22151,36,20.357142857142858,Moving Average (28D)
2011-11-15,22151,0,20.357142857142858,Moving Average (28D)
2011-11-16,22151,24,20.357142857142858,Moving Average (28D)
2011-11-17,22151,11,20.357142857142858,Moving Average (28D)
2011-11-18,22151,48,20.357142857142858,Moving Average (28D)
2011-11-19,22151,0,20.357142857142858,Moving Average (28D)
2011-11-20,22151,5,20.357142857142858,Moving Average (28D)
2011-11-21,22151,5,20.357142857142858,Moving Average (28D)
2011-11-22,22151,55,20.357142857142858,Moving Average (28D)
2011-11-23,22151,48,20.357142857142858,Moving Average (28D)
2011-11-24,22151,34,20.357142857142858,Moving Average (28D)
2011-11-25,22151,120,20.357142857142858,Moving Average (28D)
2011-11-26,22151,0,20.357142857142858,Moving Average (28D)
2011-11-27,22151,0,20.357142857142858,Moving Average (28D)
2011-11-28,22151,66,20.357142857142858,Moving Average (28D)
2011-11-29,22151,26,20.357142857142858,Moving Average (28D)
2011-11-30,22151,24,20.357142857142858,Moving Average (28D)
2011-12-01,22151,0,20.357142857142858,Moving Average (28D)
2011-12-02,22151,96,20.357142857142858,Moving Average (28D)
2011-12-03,22151,0,20.357142857142858,Moving Average (28D)
2011-12-04,22151,27,20.357142857142858,Moving Average (28D)
2011-12-05,22151,38,20.357142857142858,Moving Average (28D)
2011-12-06,22151,0,20.357142857142858,Moving Average (28D)
2011-12-07,22151,6,20.357142857142858,Moving Average (28D)
2011-12-08,22151,120,20.357142857142858,Moving Average (28D)
2011-12-09,22151,24,20.357142857142858,Moving Average (28D)
2011-11-10,22151,6,24.035027127542236,LightGBM
2011-11-11,22151,0,50.393264563886746,LightGBM
2011-11-12,22151,0,5.763829889088155,LightGBM
2011-11-13,22151,20,29.031686571201288,LightGBM
2011-11-14,22151,36,18.8609142872591,LightGBM
2011-11-15,22151,0,27.480476136027473,LightGBM
2011-11-16,22151,24,24.884371470036832,LightGBM
2011-11-17,22151,11,16.991964770810142,LightGBM
2011-11-18,22151,48,49.78375940600662,LightGBM
2011-11-19,22151,0,5.763829889088155,LightGBM
2011-11-20,22151,5,33.71692652983655,LightGBM
2011-11-21,22151,5,28.08102740135013,LightGBM
2011-11-22,22151,55,34.02882525504242,LightGBM
2011-11-23,22151,48,19.711642404733553,LightGBM
2011-11-24,22151,34,17.256813984446346,LightGBM
2011-11-25,22151,120,60.501816760237716,LightGBM
2011-11-26,22151,0,6.1774875232966995,LightGBM
2011-11-27,22151,0,31.076702134165863,LightGBM
2011-11-28,22151,66,17.86415861816303,LightGBM
2011-11-29,22151,26,26.022410496989465,LightGBM
2011-11-30,22151,24,25.413555489509637,LightGBM
2011-12-01,22151,0,31.15649982987361,LightGBM
2011-12-02,22151,96,42.51749441014502,LightGBM
2011-12-03,22151,0,4.16310714675612,LightGBM
2011-12-04,22151,27,31.895904641399422,LightGBM
2011-12-05,22151,38,32.04117932785717,LightGBM
2011-12-06,22151,0,41.25800368459529,LightGBM
2011-12-07,22151,6,22.353987212880327,LightGBM
2011-12-08,22151,120,19.879413212355665,LightGBM
2011-12-09,22151,24,32.430678648551506,LightGBM
2011-11-10,22151,6,74.76129423999963,Prophet
2011-11-11,22151,0,27.081509815176823,Prophet
2011-11-12,22151,0,0.0,Prophet
2011-11-13,22151,20,48.96741243845346,Prophet
2011-11-14,22151,36,20.13757287407497,Prophet
2011-11-15,22151,0,40.70776961613218,Prophet
2011-11-16,22151,24,31.215470347026013,Prophet
2011-11-17,22151,11,77.51949098537676,Prophet
2011-11-18,22151,48,29.161985157208807,Prophet
2011-11-19,22151,0,0.0,Prophet
2011-11-20,22151,5,49.477867338795456,Prophet
2011-11-21,22151,5,19.795340327600655,Prophet
2011-11-22,22151,55,39.4947006173017,Prophet
2011-11-23,22151,48,29.1331076267119,Prophet
2011-11-24,22151,34,74.587924668992,Prophet
2011-11-25,22151,120,25.41817802638608,Prophet
2011-11-26,22151,0,0.0,Prophet
2011-11-27,22151,0,44.27694925618525,Prophet
2011-11-28,22151,66,13.971297278201234,Prophet
2011-11-29,22151,26,33.127565580014924,Prophet
2011-11-30,22151,24,22.306535411636947,Prophet
2011-12-01,22151,0,67.38629549846758,Prophet
2011-12-02,22151,96,17.923868642318645,Prophet
2011-12-03,22151,0,0.0,Prophet
2011-12-04,22151,27,36.42441870865016,Prophet
2011-12-05,22151,38,6.038357396490309,Prophet
2011-12-06,22151,0,25.16774713922278,Prophet
2011-12-07,22151,6,14.363141344759189,Prophet
2011-12-08,22151,120,59.49220428366538,Prophet
2011-12-09,22151,24,10.10185509289646,Prophet
2011-11-10,22411,25,340.0,Naive (Last Value)
2011-11-11,22411,114,340.0,Naive (Last Value)
2011-11-12,22411,0,340.0,Naive (Last Value)
2011-11-13,22411,27,340.0,Naive (Last Value)
2011-11-14,22411,21,340.0,Naive (Last Value)
2011-11-15,22411,42,340.0,Naive (Last Value)
2011-11-16,22411,156,340.0,Naive (Last Value)
2011-11-17,22411,3,340.0,Naive (Last Value)
2011-11-18,22411,22,340.0,Naive (Last Value)
2011-11-19,22411,0,340.0,Naive (Last Value)
2011-11-20,22411,36,340.0,Naive (Last Value)
2011-11-21,22411,21,340.0,Naive (Last Value)
2011-11-22,22411,13,340.0,Naive (Last Value)
2011-11-23,22411,28,340.0,Naive (Last Value)
2011-11-24,22411,158,340.0,Naive (Last Value)
2011-11-25,22411,121,340.0,Naive (Last Value)
2011-11-26,22411,0,340.0,Naive (Last Value)
2011-11-27,22411,14,340.0,Naive (Last Value)
2011-11-28,22411,37,340.0,Naive (Last Value)
2011-11-29,22411,59,340.0,Naive (Last Value)
2011-11-30,22411,58,340.0,Naive (Last Value)
2011-12-01,22411,162,340.0,Naive (Last Value)
2011-12-02,22411,23,340.0,Naive (Last Value)
2011-12-03,22411,0,340.0,Naive (Last Value)
2011-12-04,22411,1,340.0,Naive (Last Value)
2011-12-05,22411,42,340.0,Naive (Last Value)
2011-12-06,22411,121,340.0,Naive (Last Value)
2011-12-07,22411,65,340.0,Naive (Last Value)
2011-12-08,22411,60,340.0,Naive (Last Value)
2011-12-09,22411,23,340.0,Naive (Last Value)
2011-11-10,22411,25,72.57142857142857,Moving Average (7D)
2011-11-11,22411,114,72.57142857142857,Moving Average (7D)
2011-11-12,22411,0,72.57142857142857,Moving Average (7D)
2011-11-13,22411,27,72.57142857142857,Moving Average (7D)
2011-11-14,22411,21,72.57142857142857,Moving Average (7D)
2011-11-15,22411,42,72.57142857142857,Moving Average (7D)
2011-11-16,22411,156,72.57142857142857,Moving Average (7D)
2011-11-17,22411,3,72.57142857142857,Moving Average (7D)
2011-11-18,22411,22,72.57142857142857,Moving Average (7D)
2011-11-19,22411,0,72.57142857142857,Moving Average (7D)
2011-11-20,22411,36,72.57142857142857,Moving Average (7D)
2011-11-21,22411,21,72.57142857142857,Moving Average (7D)
2011-11-22,22411,13,72.57142857142857,Moving Average (7D)
2011-11-23,22411,28,72.57142857142857,Moving Average (7D)
2011-11-24,22411,158,72.57142857142857,Moving Average (7D)
2011-11-25,22411,121,72.57142857142857,Moving Average (7D)
2011-11-26,22411,0,72.57142857142857,Moving Average (7D)
2011-11-27,22411,14,72.57142857142857,Moving Average (7D)
2011-11-28,22411,37,72.57142857142857,Moving Average (7D)
2011-11-29,22411,59,72.57142857142857,Moving Average (7D)
2011-11-30,22411,58,72.57142857142857,Moving Average (7D)
2011-12-01,22411,162,72.57142857142857,Moving Average (7D)
2011-12-02,22411,23,72.57142857142857,Moving Average (7D)
2011-12-03,22411,0,72.57142857142857,Moving Average (7D)
2011-12-04,22411,1,72.57142857142857,Moving Average (7D)
2011-12-05,22411,42,72.57142857142857,Moving Average (7D)
2011-12-06,22411,121,72.57142857142857,Moving Average (7D)
2011-12-07,22411,65,72.57142857142857,Moving Average (7D)
2011-12-08,22411,60,72.57142857142857,Moving Average (7D)
2011-12-09,22411,23,72.57142857142857,Moving Average (7D)
2011-11-10,22411,25,43.92857142857143,Moving Average (14D)
2011-11-11,22411,114,43.92857142857143,Moving Average (14D)
2011-11-12,22411,0,43.92857142857143,Moving Average (14D)
2011-11-13,22411,27,43.92857142857143,Moving Average (14D)
2011-11-14,22411,21,43.92857142857143,Moving Average (14D)
2011-11-15,22411,42,43.92857142857143,Moving Average (14D)
2011-11-16,22411,156,43.92857142857143,Moving Average (14D)
2011-11-17,22411,3,43.92857142857143,Moving Average (14D)
2011-11-18,22411,22,43.92857142857143,Moving Average (14D)
2011-11-19,22411,0,43.92857142857143,Moving Average (14D)
2011-11-20,22411,36,43.92857142857143,Moving Average (14D)
2011-11-21,22411,21,43.92857142857143,Moving Average (14D)
2011-11-22,22411,13,43.92857142857143,Moving Average (14D)
2011-11-23,22411,28,43.92857142857143,Moving Average (14D)
2011-11-24,22411,158,43.92857142857143,Moving Average (14D)
2011-11-25,22411,121,43.92857142857143,Moving Average (14D)
2011-11-26,22411,0,43.92857142857143,Moving Average (14D)
2011-11-27,22411,14,43.92857142857143,Moving Average (14D)
2011-11-28,22411,37,43.92857142857143,Moving Average (14D)
2011-11-29,22411,59,43.92857142857143,Moving Average (14D)
2011-11-30,22411,58,43.92857142857143,Moving Average (14D)
2011-12-01,22411,162,43.92857142857143,Moving Average (14D)
2011-12-02,22411,23,43.92857142857143,Moving Average (14D)
2011-12-03,22411,0,43.92857142857143,Moving Average (14D)
2011-12-04,22411,1,43.92857142857143,Moving Average (14D)
2011-12-05,22411,42,43.92857142857143,Moving Average (14D)
2011-12-06,22411,121,43.92857142857143,Moving Average (14D)
2011-12-07,22411,65,43.92857142857143,Moving Average (14D)
2011-12-08,22411,60,43.92857142857143,Moving Average (14D)
2011-12-09,22411,23,43.92857142857143,Moving Average (14D)
2011-11-10,22411,25,31.642857142857142,Moving Average (28D)
2011-11-11,22411,114,31.642857142857142,Moving Average (28D)
2011-11-12,22411,0,31.642857142857142,Moving Average (28D)
2011-11-13,22411,27,31.642857142857142,Moving Average (28D)
2011-11-14,22411,21,31.642857142857142,Moving Average (28D)
2011-11-15,22411,42,31.642857142857142,Moving Average (28D)
2011-11-16,22411,156,31.642857142857142,Moving Average (28D)
2011-11-17,22411,3,31.642857142857142,Moving Average (28D)
2011-11-18,22411,22,31.642857142857142,Moving Average (28D)
2011-11-19,22411,0,31.642857142857142,Moving Average (28D)
2011-11-20,22411,36,31.642857142857142,Moving Average (28D)
2011-11-21,22411,21,31.642857142857142,Moving Average (28D)
2011-11-22,22411,13,31.642857142857142,Moving Average (28D)
2011-11-23,22411,28,31.642857142857142,Moving Average (28D)
2011-11-24,22411,158,31.642857142857142,Moving Average (28D)
2011-11-25,22411,121,31.642857142857142,Moving Average (28D)
2011-11-26,22411,0,31.642857142857142,Moving Average (28D)
2011-11-27,22411,14,31.642857142857142,Moving Average (28D)
2011-11-28,22411,37,31.642857142857142,Moving Average (28D)
2011-11-29,22411,59,31.642857142857142,Moving Average (28D)
2011-11-30,22411,58,31.642857142857142,Moving Average (28D)
2011-12-01,22411,162,31.642857142857142,Moving Average (28D)
2011-12-02,22411,23,31.642857142857142,Moving Average (28D)
2011-12-03,22411,0,31.642857142857142,Moving Average (28D)
2011-12-04,22411,1,31.642857142857142,Moving Average (28D)
2011-12-05,22411,42,31.642857142857142,Moving Average (28D)
2011-12-06,22411,121,31.642857142857142,Moving Average (28D)
2011-12-07,22411,65,31.642857142857142,Moving Average (28D)
2011-12-08,22411,60,31.642857142857142,Moving Average (28D)
2011-12-09,22411,23,31.642857142857142,Moving Average (28D)
2011-11-10,22411,25,65.94751560751438,LightGBM
2011-11-11,22411,114,54.012829638518916,LightGBM
2011-11-12,22411,0,3.84691624767519,LightGBM
2011-11-13,22411,27,45.51452177039952,LightGBM
2011-11-14,22411,21,92.1094125343252,LightGBM
2011-11-15,22411,42,72.4733837912693,LightGBM
2011-11-16,22411,156,82.33003781286776,LightGBM
2011-11-17,22411,3,60.71451955803534,LightGBM
2011-11-18,22411,22,50.09609382048256,LightGBM
2011-11-19,22411,0,18.740348331654737,LightGBM
2011-11-20,22411,36,46.88064584042708,LightGBM
2011-11-21,22411,21,52.231411376638135,LightGBM
2011-11-22,22411,13,42.199952546377375,LightGBM
2011-11-23,22411,28,62.644979689699554,LightGBM
2011-11-24,22411,158,55.87385835630399,LightGBM
2011-11-25,22411,121,88.10174288843646,LightGBM
2011-11-26,22411,0,38.771351742830234,LightGBM
2011-11-27,22411,14,85.77718161019446,LightGBM
2011-11-28,22411,37,88.71948927558536,LightGBM
2011-11-29,22411,59,130.59454166855122,LightGBM
2011-11-30,22411,58,92.64781052444926,LightGBM
2011-12-01,22411,162,85.67890580871705,LightGBM
2011-12-02,22411,23,82.03099998457834,LightGBM
2011-12-03,22411,0,45.5215416058286,LightGBM
2011-12-04,22411,1,70.8039081411545,LightGBM
2011-12-05,22411,42,80.3346585100705,LightGBM
2011-12-06,22411,121,90.69099113313302,LightGBM
2011-12-07,22411,65,86.02660276115692,LightGBM
2011-12-08,22411,60,134.58504849899003,LightGBM
2011-12-09,22411,23,108.71982423427815,LightGBM
2011-11-10,22411,25,70.43522538013272,Prophet
2011-11-11,22411,114,69.31741669146274,Prophet
2011-11-12,22411,0,27.404125928456647,Prophet
2011-11-13,22411,27,50.63469231339127,Prophet
2011-11-14,22411,21,70.95678524145855,Prophet
2011-11-15,22411,42,77.93403626323447,Prophet
2011-11-16,22411,156,81.98426508267994,Prophet
2011-11-17,22411,3,70.78506606725932,Prophet
2011-11-18,22411,22,67.18335773264297,Prophet
2011-11-19,22411,0,22.79372014129404,Prophet
2011-11-20,22411,36,43.59206514118973,Prophet
2011-11-21,22411,21,61.56117544849893,Prophet
2011-11-22,22411,13,66.29773086446377,Prophet
2011-11-23,22411,28,68.24998218459866,Prophet
2011-11-24,22411,158,55.12284935844346,Prophet
2011-11-25,22411,121,49.7870548204974,Prophet
2011-11-26,22411,0,3.877123639920949,Prophet
2011-11-27,22411,14,23.38480026762752,Prophet
2011-11-28,22411,37,40.30442082000443,Prophet
2011-11-29,22411,59,44.2398601897191,Prophet
2011-11-30,22411,58,45.642213647371904,Prophet
2011-12-01,22411,162,32.21498676229952,Prophet
2011-12-02,22411,23,26.82340012722381,Prophet
2011-12-03,22411,0,0.0,Prophet
2011-12-04,22411,1,1.0015589888672665,Prophet
2011-12-05,22411,42,18.528471979659013,Prophet
2011-12-06,22411,121,23.258465749253784,Prophet
2011-12-07,22411,65,25.621563086675078,Prophet
2011-12-08,22411,60,13.298389800708465,Prophet
2011-12-09,22411,23,9.129978531883022,Prophet
2011-11-10,21790,55,159.0,Naive (Last Value)
2011-11-11,21790,67,159.0,Naive (Last Value)
2011-11-12,21790,0,159.0,Naive (Last Value)
2011-11-13,21790,190,159.0,Naive (Last Value)
2011-11-14,21790,385,159.0,Naive (Last Value)
2011-11-15,21790,52,159.0,Naive (Last Value)
2011-11-16,21790,112,159.0,Naive (Last Value)
2011-11-17,21790,13,159.0,Naive (Last Value)
2011-11-18,21790,19,159.0,Naive (Last Value)
2011-11-19,21790,0,159.0,Naive (Last Value)
2011-11-20,21790,177,159.0,Naive (Last Value)
2011-11-21,21790,52,159.0,Naive (Last Value)
2011-11-22,21790,102,159.0,Naive (Last Value)
2011-11-23,21790,113,159.0,Naive (Last Value)
2011-11-24,21790,92,159.0,Naive (Last Value)
2011-11-25,21790,55,159.0,Naive (Last Value)
2011-11-26,21790,0,159.0,Naive (Last Value)
2011-11-27,21790,18,159.0,Naive (Last Value)
2011-11-28,21790,109,159.0,Naive (Last Value)
2011-11-29,21790,88,159.0,Naive (Last Value)
2011-11-30,21790,46,159.0,Naive (Last Value)
2011-12-01,21790,349,159.0,Naive (Last Value)
2011-12-02,21790,9,159.0,Naive (Last Value)
2011-12-03,21790,0,159.0,Naive (Last Value)
2011-12-04,21790,66,159.0,Naive (Last Value)
2011-12-05,21790,87,159.0,Naive (Last Value)
2011-12-06,21790,34,159.0,Naive (Last Value)
2011-12-07,21790,38,159.0,Naive (Last Value)
2011-12-08,21790,71,159.0,Naive (Last Value)
2011-12-09,21790,13,159.0,Naive (Last Value)
2011-11-10,21790,55,92.14285714285714,Moving Average (7D)
2011-11-11,21790,67,92.14285714285714,Moving Average (7D)
2011-11-12,21790,0,92.14285714285714,Moving Average (7D)
2011-11-13,21790,190,92.14285714285714,Moving Average (7D)
2011-11-14,21790,385,92.14285714285714,Moving Average (7D)
2011-11-15,21790,52,92.14285714285714,Moving Average (7D)
2011-11-16,21790,112,92.14285714285714,Moving Average (7D)
2011-11-17,21790,13,92.14285714285714,Moving Average (7D)
2011-11-18,21790,19,92.14285714285714,Moving Average (7D)
2011-11-19,21790,0,92.14285714285714,Moving Average (7D)
2011-11-20,21790,177,92.14285714285714,Moving Average (7D)
2011-11-21,21790,52,92.14285714285714,Moving Average (7D)
2011-11-22,21790,102,92.14285714285714,Moving Average (7D)
2011-11-23,21790,113,92.14285714285714,Moving Average (7D)
2011-11-24,21790,92,92.14285714285714,Moving Average (7D)
2011-11-25,21790,55,92.14285714285714,Moving Average (7D)
2011-11-26,21790,0,92.14285714285714,Moving Average (7D)
2011-11-27,21790,18,92.14285714285714,Moving Average (7D)
2011-11-28,21790,109,92.14285714285714,Moving Average (7D)
2011-11-29,21790,88,92.14285714285714,Moving Average (7D)
2011-11-30,21790,46,92.14285714285714,Moving Average (7D)
2011-12-01,21790,349,92.14285714285714,Moving Average (7D)
2011-12-02,21790,9,92.14285714285714,Moving Average (7D)
2011-12-03,21790,0,92.14285714285714,Moving Average (7D)
2011-12-04,21790,66,92.14285714285714,Moving Average (7D)
2011-12-05,21790,87,92.14285714285714,Moving Average (7D)
2011-12-06,21790,34,92.14285714285714,Moving Average (7D)
2011-12-07,21790,38,92.14285714285714,Moving Average (7D)
2011-12-08,21790,71,92.14285714285714,Moving Average (7D)
2011-12-09,21790,13,92.14285714285714,Moving Average (7D)
2011-11-10,21790,55,92.57142857142857,Moving Average (14D)
2011-11-11,21790,67,92.57142857142857,Moving Average (14D)
2011-11-12,21790,0,92.57142857142857,Moving Average (14D)
2011-11-13,21790,190,92.57142857142857,Moving Average (14D)
2011-11-14,21790,385,92.57142857142857,Moving Average (14D)
2011-11-15,21790,52,92.57142857142857,Moving Average (14D)
2011-11-16,21790,112,92.57142857142857,Moving Average (14D)
2011-11-17,21790,13,92.57142857142857,Moving Average (14D)
2011-11-18,21790,19,92.57142857142857,Moving Average (14D)
2011-11-19,21790,0,92.57142857142857,Moving Average (14D)
2011-11-20,21790,177,92.57142857142857,Moving Average (14D)
2011-11-21,21790,52,92.57142857142857,Moving Average (14D)
2011-11-22,21790,102,92.57142857142857,Moving Average (14D)
2011-11-23,21790,113,92.57142857142857,Moving Average (14D)
2011-11-24,21790,92,92.57142857142857,Moving Average (14D)
2011-11-25,21790,55,92.57142857142857,Moving Average (14D)
2011-11-26,21790,0,92.57142857142857,Moving Average (14D)
2011-11-27,21790,18,92.57142857142857,Moving Average (14D)
2011-11-28,21790,109,92.57142857142857,Moving Average (14D)
2011-11-29,21790,88,92.57142857142857,Moving Average (14D)
2011-11-30,21790,46,92.57142857142857,Moving Average (14D)
2011-12-01,21790,349,92.57142857142857,Moving Average (14D)
2011-12-02,21790,9,92.57142857142857,Moving Average (14D)
2011-12-03,21790,0,92.57142857142857,Moving Average (14D)
2011-12-04,21790,66,92.57142857142857,Moving Average (14D)
2011-12-05,21790,87,92.57142857142857,Moving Average (14D)
2011-12-06,21790,34,92.57142857142857,Moving Average (14D)
2011-12-07,21790,38,92.57142857142857,Moving Average (14D)
2011-12-08,21790,71,92.57142857142857,Moving Average (14D)
2011-12-09,21790,13,92.57142857142857,Moving Average (14D)
2011-11-10,21790,55,65.53571428571429,Moving Average (28D)
2011-11-11,21790,67,65.53571428571429,Moving Average (28D)
2011-11-12,21790,0,65.53571428571429,Moving Average (28D)
2011-11-13,21790,190,65.53571428571429,Moving Average (28D)
2011-11-14,21790,385,65.53571428571429,Moving Average (28D)
2011-11-15,21790,52,65.53571428571429,Moving Average (28D)
2011-11-16,21790,112,65.53571428571429,Moving Average (28D)
2011-11-17,21790,13,65.53571428571429,Moving Average (28D)
2011-11-18,21790,19,65.53571428571429,Moving Average (28D)
2011-11-19,21790,0,65.53571428571429,Moving Average (28D)
2011-11-20,21790,177,65.53571428571429,Moving Average (28D)
2011-11-21,21790,52,65.53571428571429,Moving Average (28D)
2011-11-22,21790,102,65.53571428571429,Moving Average (28D)
2011-11-23,21790,113,65.53571428571429,Moving Average (28D)
2011-11-24,21790,92,65.53571428571429,Moving Average (28D)
2011-11-25,21790,55,65.53571428571429,Moving Average (28D)
2011-11-26,21790,0,65.53571428571429,Moving Average (28D)
2011-11-27,21790,18,65.53571428571429,Moving Average (28D)
2011-11-28,21790,109,65.53571428571429,Moving Average (28D)
2011-11-29,21790,88,65.53571428571429,Moving Average (28D)
2011-11-30,21790,46,65.53571428571429,Moving Average (28D)
2011-12-01,21790,349,65.53571428571429,Moving Average (28D)
2011-12-02,21790,9,65.53571428571429,Moving Average (28D)
2011-12-03,21790,0,65.53571428571429,Moving Average (28D)
2011-12-04,21790,66,65.53571428571429,Moving Average (28D)
2011-12-05,21790,87,65.53571428571429,Moving Average (28D)
2011-12-06,21790,34,65.53571428571429,Moving Average (28D)
2011-12-07,21790,38,65.53571428571429,Moving Average (28D)
2011-12-08,21790,71,65.53571428571429,Moving Average (28D)
2011-12-09,21790,13,65.53571428571429,Moving Average (28D)
2011-11-10,21790,55,65.03008386113923,LightGBM
2011-11-11,21790,67,52.23591377137894,LightGBM
2011-11-12,21790,0,3.7783069879022224,LightGBM
2011-11-13,21790,190,61.04725009195214,LightGBM
2011-11-14,21790,385,71.76017278350658,LightGBM
2011-11-15,21790,52,64.86280896381972,LightGBM
2011-11-16,21790,112,104.76263028913806,LightGBM
2011-11-17,21790,13,114.58234101665309,LightGBM
2011-11-18,21790,19,75.34221626781253,LightGBM
2011-11-19,21790,0,16.163318670127907,LightGBM
2011-11-20,21790,177,142.085904090199,LightGBM
2011-11-21,21790,52,119.96374544028076,LightGBM
2011-11-22,21790,102,87.17359566595985,LightGBM
2011-11-23,21790,113,95.79931515091263,LightGBM
2011-11-24,21790,92,99.37372104069233,LightGBM
2011-11-25,21790,55,71.8427803993976,LightGBM
2011-11-26,21790,0,47.228001419359046,LightGBM
2011-11-27,21790,18,71.03948429780114,LightGBM
2011-11-28,21790,109,106.12107860328915,LightGBM
2011-11-29,21790,88,97.65356265427378,LightGBM
2011-11-30,21790,46,109.82092363843554,LightGBM
2011-12-01,21790,349,104.96063452964269,LightGBM
2011-12-02,21790,9,94.63411431797265,LightGBM
2011-12-03,21790,0,63.418116497143735,LightGBM
2011-12-04,21790,66,81.43682254369008,LightGBM
2011-12-05,21790,87,122.26527625414424,LightGBM
2011-12-06,21790,34,111.45717432868803,LightGBM
2011-12-07,21790,38,120.68501437830338,LightGBM
2011-12-08,21790,71,119.99796766618206,LightGBM
2011-12-09,21790,13,103.57935123582766,LightGBM
2011-11-10,21790,55,105.50068423804369,Prophet
2011-11-11,21790,67,85.89997686620612,Prophet
2011-11-12,21790,0,56.15129007382702,Prophet
2011-11-13,21790,190,78.62902899387777,Prophet
2011-11-14,21790,385,110.25423996478426,Prophet
2011-11-15,21790,52,106.79220203264188,Prophet
2011-11-16,21790,112,102.73346712961035,Prophet
2011-11-17,21790,13,110.22484242539068,Prophet
2011-11-18,21790,19,89.12032328105525,Prophet
2011-11-19,21790,0,57.826681680828855,Prophet
2011-11-20,21790,177,78.73410045670262,Prophet
2011-11-21,21790,52,108.77879203782034,Prophet
2011-11-22,21790,102,103.74042149991259,Prophet
2011-11-23,21790,113,98.12301532698547,Prophet
2011-11-24,21790,92,104.08584979927289,Prophet
2011-11-25,21790,55,81.49432658355707,Prophet
2011-11-26,21790,0,48.7655383545283,Prophet
2011-11-27,21790,18,68.29891163131097,Prophet
2011-11-28,21790,109,97.03886149315139,Prophet
2011-11-29,21790,88,90.77227311294767,Prophet
2011-11-30,21790,46,84.00948612000742,Prophet
2011-12-01,21790,349,88.91526994343312,Prophet
2011-12-02,21790,9,65.35979181710054,Prophet
2011-12-03,21790,0,31.764274464234028,Prophet
2011-12-04,21790,66,50.53172514042229,Prophet
2011-12-05,21790,87,78.60966569749614,Prophet
2011-12-06,21790,34,71.78767430086576,Prophet
2011-12-07,21790,38,64.57841135017851,Prophet
2011-12-08,21790,71,69.14861527254013,Prophet
2011-12-09,21790,13,45.37006845331633,Prophet
2011-11-10,84970S,2,0.0,Naive (Last Value)
2011-11-11,84970S,14,0.0,Naive (Last Value)
2011-11-12,84970S,0,0.0,Naive (Last Value)
2011-11-13,84970S,17,0.0,Naive (Last Value)
2011-11-14,84970S,27,0.0,Naive (Last Value)
2011-11-15,84970S,24,0.0,Naive (Last Value)
2011-11-16,84970S,0,0.0,Naive (Last Value)
2011-11-17,84970S,13,0.0,Naive (Last Value)
2011-11-18,84970S,12,0.0,Naive (Last Value)
2011-11-19,84970S,0,0.0,Naive (Last Value)
2011-11-20,84970S,8,0.0,Naive (Last Value)
2011-11-21,84970S,0,0.0,Naive (Last Value)
2011-11-22,84970S,0,0.0,Naive (Last Value)
2011-11-23,84970S,174,0.0,Naive (Last Value)
2011-11-24,84970S,16,0.0,Naive (Last Value)
2011-11-25,84970S,0,0.0,Naive (Last Value)
2011-11-26,84970S,0,0.0,Naive (Last Value)
2011-11-27,84970S,13,0.0,Naive (Last Value)
2011-11-28,84970S,10,0.0,Naive (Last Value)
2011-11-29,84970S,39,0.0,Naive (Last Value)
2011-11-30,84970S,14,0.0,Naive (Last Value)
2011-12-01,84970S,168,0.0,Naive (Last Value)
2011-12-02,84970S,20,0.0,Naive (Last Value)
2011-12-03,84970S,0,0.0,Naive (Last Value)
2011-12-04,84970S,14,0.0,Naive (Last Value)
2011-12-05,84970S,101,0.0,Naive (Last Value)
2011-12-06,84970S,36,0.0,Naive (Last Value)
2011-12-07,84970S,4,0.0,Naive (Last Value)
2011-12-08,84970S,4,0.0,Naive (Last Value)
2011-12-09,84970S,4,0.0,Naive (Last Value)
2011-11-10,84970S,2,6.0,Moving Average (7D)
2011-11-11,84970S,14,6.0,Moving Average (7D)
2011-11-12,84970S,0,6.0,Moving Average (7D)
2011-11-13,84970S,17,6.0,Moving Average (7D)
2011-11-14,84970S,27,6.0,Moving Average (7D)
2011-11-15,84970S,24,6.0,Moving Average (7D)
2011-11-16,84970S,0,6.0,Moving Average (7D)
2011-11-17,84970S,13,6.0,Moving Average (7D)
2011-11-18,84970S,12,6.0,Moving Average (7D)
2011-11-19,84970S,0,6.0,Moving Average (7D)
2011-11-20,84970S,8,6.0,Moving Average (7D)
2011-11-21,84970S,0,6.0,Moving Average (7D)
2011-11-22,84970S,0,6.0,Moving Average (7D)
2011-11-23,84970S,174,6.0,Moving Average (7D)
2011-11-24,84970S,16,6.0,Moving Average (7D)
2011-11-25,84970S,0,6.0,Moving Average (7D)
2011-11-26,84970S,0,6.0,Moving Average (7D)
2011-11-27,84970S,13,6.0,Moving Average (7D)
2011-11-28,84970S,10,6.0,Moving Average (7D)
2011-11-29,84970S,39,6.0,Moving Average (7D)
2011-11-30,84970S,14,6.0,Moving Average (7D)
2011-12-01,84970S,168,6.0,Moving Average (7D)
2011-12-02,84970S,20,6.0,Moving Average (7D)
2011-12-03,84970S,0,6.0,Moving Average (7D)
2011-12-04,84970S,14,6.0,Moving Average (7D)
2011-12-05,84970S,101,6.0,Moving Average (7D)
2011-12-06,84970S,36,6.0,Moving Average (7D)
2011-12-07,84970S,4,6.0,Moving Average (7D)
2011-12-08,84970S,4,6.0,Moving Average (7D)
2011-12-09,84970S,4,6.0,Moving Average (7D)
2011-11-10,84970S,2,11.785714285714286,Moving Average (14D)
2011-11-11,84970S,14,11.785714285714286,Moving Average (14D)
2011-11-12,84970S,0,11.785714285714286,Moving Average (14D)
2011-11-13,84970S,17,11.785714285714286,Moving Average (14D)
2011-11-14,84970S,27,11.785714285714286,Moving Average (14D)
2011-11-15,84970S,24,11.785714285714286,Moving Average (14D)
2011-11-16,84970S,0,11.785714285714286,Moving Average (14D)
2011-11-17,84970S,13,11.785714285714286,Moving Average (14D)
2011-11-18,84970S,12,11.785714285714286,Moving Average (14D)
2011-11-19,84970S,0,11.785714285714286,Moving Average (14D)
2011-11-20,84970S,8,11.785714285714286,Moving Average (14D)
2011-11-21,84970S,0,11.785714285714286,Moving Average (14D)
2011-11-22,84970S,0,11.785714285714286,Moving Average (14D)
2011-11-23,84970S,174,11.785714285714286,Moving Average (14D)
2011-11-24,84970S,16,11.785714285714286,Moving Average (14D)
2011-11-25,84970S,0,11.785714285714286,Moving Average (14D)
2011-11-26,84970S,0,11.785714285714286,Moving Average (14D)
2011-11-27,84970S,13,11.785714285714286,Moving Average (14D)
2011-11-28,84970S,10,11.785714285714286,Moving Average (14D)
2011-11-29,84970S,39,11.785714285714286,Moving Average (14D)
2011-11-30,84970S,14,11.785714285714286,Moving Average (14D)
2011-12-01,84970S,168,11.785714285714286,Moving Average (14D)
2011-12-02,84970S,20,11.785714285714286,Moving Average (14D)
2011-12-03,84970S,0,11.785714285714286,Moving Average (14D)
2011-12-04,84970S,14,11.785714285714286,Moving Average (14D)
2011-12-05,84970S,101,11.785714285714286,Moving Average (14D)
2011-12-06,84970S,36,11.785714285714286,Moving Average (14D)
2011-12-07,84970S,4,11.785714285714286,Moving Average (14D)
2011-12-08,84970S,4,11.785714285714286,Moving Average (14D)
2011-12-09,84970S,4,11.785714285714286,Moving Average (14D)
2011-11-10,84970S,2,11.75,Moving Average (28D)
2011-11-11,84970S,14,11.75,Moving Average (28D)
2011-11-12,84970S,0,11.75,Moving Average (28D)
2011-11-13,84970S,17,11.75,Moving Average (28D)
2011-11-14,84970S,27,11.75,Moving Average (28D)
2011-11-15,84970S,24,11.75,Moving Average (28D)
2011-11-16,84970S,0,11.75,Moving Average (28D)
2011-11-17,84970S,13,11.75,Moving Average (28D)
2011-11-18,84970S,12,11.75,Moving Average (28D)
2011-11-19,84970S,0,11.75,Moving Average (28D)
2011-11-20,84970S,8,11.75,Moving Average (28D)
2011-11-21,84970S,0,11.75,Moving Average (28D)
2011-11-22,84970S,0,11.75,Moving Average (28D)
2011-11-23,84970S,174,11.75,Moving Average (28D)
2011-11-24,84970S,16,11.75,Moving Average (28D)
2011-11-25,84970S,0,11.75,Moving Average (28D)
2011-11-26,84970S,0,11.75,Moving Average (28D)
2011-11-27,84970S,13,11.75,Moving Average (28D)
2011-11-28,84970S,10,11.75,Moving Average (28D)
2011-11-29,84970S,39,11.75,Moving Average (28D)
2011-11-30,84970S,14,11.75,Moving Average (28D)
2011-12-01,84970S,168,11.75,Moving Average (28D)
2011-12-02,84970S,20,11.75,Moving Average (28D)
2011-12-03,84970S,0,11.75,Moving Average (28D)
2011-12-04,84970S,14,11.75,Moving Average (28D)
2011-12-05,84970S,101,11.75,Moving Average (28D)
2011-12-06,84970S,36,11.75,Moving Average (28D)
2011-12-07,84970S,4,11.75,Moving Average (28D)
2011-12-08,84970S,4,11.75,Moving Average (28D)
2011-12-09,84970S,4,11.75,Moving Average (28D)
2011-11-10,84970S,2,23.634862260346715,LightGBM
2011-11-11,84970S,14,32.64451005946162,LightGBM
2011-11-12,84970S,0,16.997732096357403,LightGBM
2011-11-13,84970S,17,42.6937976689398,LightGBM
2011-11-14,84970S,27,21.81006715473375,LightGBM
2011-11-15,84970S,24,33.35366768296487,LightGBM
2011-11-16,84970S,0,25.252798142431388,LightGBM
2011-11-17,84970S,13,38.99837420050996,LightGBM
2011-11-18,84970S,12,29.06917643647707,LightGBM
2011-11-19,84970S,0,16.238217307647613,LightGBM
2011-11-20,84970S,8,27.80832229591331,LightGBM
2011-11-21,84970S,0,26.9789462816614,LightGBM
2011-11-22,84970S,0,51.321775802750686,LightGBM
2011-11-23,84970S,174,44.16506538467426,LightGBM
2011-11-24,84970S,16,41.67554353815346,LightGBM
2011-11-25,84970S,0,30.610193468950346,LightGBM
2011-11-26,84970S,0,21.13988017186068,LightGBM
2011-11-27,84970S,13,18.34689547511854,LightGBM
2011-11-28,84970S,10,44.09220265604191,LightGBM
2011-11-29,84970S,39,42.74275467650127,LightGBM
2011-11-30,84970S,14,32.8221735190787,LightGBM
2011-12-01,84970S,168,37.882354974662185,LightGBM
2011-12-02,84970S,20,30.670615029174396,LightGBM
2011-12-03,84970S,0,32.199810762770845,LightGBM
2011-12-04,84970S,14,42.71717265695061,LightGBM
2011-12-05,84970S,101,51.01582110331396,LightGBM
2011-12-06,84970S,36,48.2499938678098,LightGBM
2011-12-07,84970S,4,43.95766978751252,LightGBM
2011-12-08,84970S,4,44.75880628719294,LightGBM
2011-12-09,84970S,4,47.51445319383101,LightGBM
2011-11-10,84970S,2,51.947822699712546,Prophet
2011-11-11,84970S,14,39.27437340077068,Prophet
2011-11-12,84970S,0,0.0,Prophet
2011-11-13,84970S,17,16.902384225304516,Prophet
2011-11-14,84970S,27,34.96013395974039,Prophet
2011-11-15,84970S,24,44.12836089605383,Prophet
2011-11-16,84970S,0,48.19661027594703,Prophet
2011-11-17,84970S,13,59.692430999158645,Prophet
2011-11-18,84970S,12,46.24447577291591,Prophet
2011-11-19,84970S,0,0.6152361043114372,Prophet
2011-11-20,84970S,8,21.941819414981524,Prophet
2011-11-21,84970S,0,38.86128453526579,Prophet
2011-11-22,84970S,0,46.79109281552756,Prophet
2011-11-23,84970S,174,49.534237216236804,Prophet
2011-11-24,84970S,16,59.633038929943794,Prophet
2011-11-25,84970S,0,44.73194546079012,Prophet
2011-11-26,84970S,0,0.0,Prophet
2011-11-27,84970S,13,17.42106965330898,Prophet
2011-11-28,84970S,10,32.8193430842377,Prophet
2011-11-29,84970S,39,39.239019844230306,Prophet
2011-11-30,84970S,14,40.499403831951376,Prophet
2011-12-01,84970S,168,49.158410793351464,Prophet
2011-12-02,84970S,20,32.87515729926993,Prophet
2011-12-03,84970S,0,0.0,Prophet
2011-12-04,84970S,14,3.0259188231715584,Prophet
2011-12-05,84970S,101,17.291343735654017,Prophet
2011-12-06,84970S,36,22.682366245532002,Prophet
2011-12-07,84970S,4,23.026526585706236,Prophet
2011-12-08,84970S,4,30.888595023338894,Prophet
2011-12-09,84970S,4,13.933206567453698,Prophet
2011-11-10,21498,50,0.0,Naive (Last Value)
2011-11-11,21498,50,0.0,Naive (Last Value)
2011-11-12,21498,0,0.0,Naive (Last Value)
2011-11-13,21498,75,0.0,Naive (Last Value)
2011-11-14,21498,0,0.0,Naive (Last Value)
2011-11-15,21498,25,0.0,Naive (Last Value)
2011-11-16,21498,100,0.0,Naive (Last Value)
2011-11-17,21498,75,0.0,Naive (Last Value)
2011-11-18,21498,50,0.0,Naive (Last Value)
2011-11-19,21498,0,0.0,Naive (Last Value)
2011-11-20,21498,25,0.0,Naive (Last Value)
2011-11-21,21498,25,0.0,Naive (Last Value)
2011-11-22,21498,150,0.0,Naive (Last Value)
2011-11-23,21498,100,0.0,Naive (Last Value)
2011-11-24,21498,0,0.0,Naive (Last Value)
2011-11-25,21498,0,0.0,Naive (Last Value)
2011-11-26,21498,0,0.0,Naive (Last Value)
2011-11-27,21498,0,0.0,Naive (Last Value)
2011-11-28,21498,0,0.0,Naive (Last Value)
2011-11-29,21498,100,0.0,Naive (Last Value)
2011-11-30,21498,50,0.0,Naive (Last Value)
2011-12-01,21498,25,0.0,Naive (Last Value)
2011-12-02,21498,50,0.0,Naive (Last Value)
2011-12-03,21498,0,0.0,Naive (Last Value)
2011-12-04,21498,50,0.0,Naive (Last Value)
2011-12-05,21498,100,0.0,Naive (Last Value)
2011-12-06,21498,0,0.0,Naive (Last Value)
2011-12-07,21498,25,0.0,Naive (Last Value)
2011-12-08,21498,125,0.0,Naive (Last Value)
2011-12-09,21498,0,0.0,Naive (Last Value)
2011-11-10,21498,50,35.714285714285715,Moving Average (7D)
2011-11-11,21498,50,35.714285714285715,Moving Average (7D)
2011-11-12,21498,0,35.714285714285715,Moving Average (7D)
2011-11-13,21498,75,35.714285714285715,Moving Average (7D)
2011-11-14,21498,0,35.714285714285715,Moving Average (7D)
2011-11-15,21498,25,35.714285714285715,Moving Average (7D)
2011-11-16,21498,100,35.714285714285715,Moving Average (7D)
2011-11-17,21498,75,35.714285714285715,Moving Average (7D)
2011-11-18,21498,50,35.714285714285715,Moving Average (7D)
2011-11-19,21498,0,35.714285714285715,Moving Average (7D)
2011-11-20,21498,25,35.714285714285715,Moving Average (7D)
2011-11-21,21498,25,35.714285714285715,Moving Average (7D)
2011-11-22,21498,150,35.714285714285715,Moving Average (7D)
2011-11-23,21498,100,35.714285714285715,Moving Average (7D)
2011-11-24,21498,0,35.714285714285715,Moving Average (7D)
2011-11-25,21498,0,35.714285714285715,Moving Average (7D)
2011-11-26,21498,0,35.714285714285715,Moving Average (7D)
2011-11-27,21498,0,35.714285714285715,Moving Average (7D)
2011-11-28,21498,0,35.714285714285715,Moving Average (7D)
2011-11-29,21498,100,35.714285714285715,Moving Average (7D)
2011-11-30,21498,50,35.714285714285715,Moving Average (7D)
2011-12-01,21498,25,35.714285714285715,Moving Average (7D)
2011-12-02,21498,50,35.714285714285715,Moving Average (7D)
2011-12-03,21498,0,35.714285714285715,Moving Average (7D)
2011-12-04,21498,50,35.714285714285715,Moving Average (7D)
2011-12-05,21498,100,35.714285714285715,Moving Average (7D)
2011-12-06,21498,0,35.714285714285715,Moving Average (7D)
2011-12-07,21498,25,35.714285714285715,Moving Average (7D)
2011-12-08,21498,125,35.714285714285715,Moving Average (7D)
2011-12-09,21498,0,35.714285714285715,Moving Average (7D)
2011-11-10,21498,50,35.714285714285715,Moving Average (14D)
2011-11-11,21498,50,35.714285714285715,Moving Average (14D)
2011-11-12,21498,0,35.714285714285715,Moving Average (14D)
2011-11-13,21498,75,35.714285714285715,Moving Average (14D)
2011-11-14,21498,0,35.714285714285715,Moving Average (14D)
2011-11-15,21498,25,35.714285714285715,Moving Average (14D)
2011-11-16,21498,100,35.714285714285715,Moving Average (14D)
2011-11-17,21498,75,35.714285714285715,Moving Average (14D)
2011-11-18,21498,50,35.714285714285715,Moving Average (14D)
2011-11-19,21498,0,35.714285714285715,Moving Average (14D)
2011-11-20,21498,25,35.714285714285715,Moving Average (14D)
2011-11-21,21498,25,35.714285714285715,Moving Average (14D)
2011-11-22,21498,150,35.714285714285715,Moving Average (14D)
2011-11-23,21498,100,35.714285714285715,Moving Average (14D)
2011-11-24,21498,0,35.714285714285715,Moving Average (14D)
2011-11-25,21498,0,35.714285714285715,Moving Average (14D)
2011-11-26,21498,0,35.714285714285715,Moving Average (14D)
2011-11-27,21498,0,35.714285714285715,Moving Average (14D)
2011-11-28,21498,0,35.714285714285715,Moving Average (14D)
2011-11-29,21498,100,35.714285714285715,Moving Average (14D)
2011-11-30,21498,50,35.714285714285715,Moving Average (14D)
2011-12-01,21498,25,35.714285714285715,Moving Average (14D)
2011-12-02,21498,50,35.714285714285715,Moving Average (14D)
2011-12-03,21498,0,35.714285714285715,Moving Average (14D)
2011-12-04,21498,50,35.714285714285715,Moving Average (14D)
2011-12-05,21498,100,35.714285714285715,Moving Average (14D)
2011-12-06,21498,0,35.714285714285715,Moving Average (14D)
2011-12-07,21498,25,35.714285714285715,Moving Average (14D)
2011-12-08,21498,125,35.714285714285715,Moving Average (14D)
2011-12-09,21498,0,35.714285714285715,Moving Average (14D)
2011-11-10,21498,50,31.25,Moving Average (28D)
2011-11-11,21498,50,31.25,Moving Average (28D)
2011-11-12,21498,0,31.25,Moving Average (28D)
2011-11-13,21498,75,31.25,Moving Average (28D)
2011-11-14,21498,0,31.25,Moving Average (28D)
2011-11-15,21498,25,31.25,Moving Average (28D)
2011-11-16,21498,100,31.25,Moving Average (28D)
2011-11-17,21498,75,31.25,Moving Average (28D)
2011-11-18,21498,50,31.25,Moving Average (28D)
2011-11-19,21498,0,31.25,Moving Average (28D)
2011-11-20,21498,25,31.25,Moving Average (28D)
2011-11-21,21498,25,31.25,Moving Average (28D)
2011-11-22,21498,150,31.25,Moving Average (28D)
2011-11-23,21498,100,31.25,Moving Average (28D)
2011-11-24,21498,0,31.25,Moving Average (28D)
2011-11-25,21498,0,31.25,Moving Average (28D)
2011-11-26,21498,0,31.25,Moving Average (28D)
2011-11-27,21498,0,31.25,Moving Average (28D)
2011-11-28,21498,0,31.25,Moving Average (28D)
2011-11-29,21498,100,31.25,Moving Average (28D)
2011-11-30,21498,50,31.25,Moving Average (28D)
2011-12-01,21498,25,31.25,Moving Average (28D)
2011-12-02,21498,50,31.25,Moving Average (28D)
2011-12-03,21498,0,31.25,Moving Average (28D)
2011-12-04,21498,50,31.25,Moving Average (28D)
2011-12-05,21498,100,31.25,Moving Average (28D)
2011-12-06,21498,0,31.25,Moving Average (28D)
2011-12-07,21498,25,31.25,Moving Average (28D)
2011-12-08,21498,125,31.25,Moving Average (28D)
2011-12-09,21498,0,31.25,Moving Average (28D)
2011-11-10,21498,50,36.31139825133895,LightGBM
2011-11-11,21498,50,27.38702483096519,LightGBM
2011-11-12,21498,0,3.9644560368306596,LightGBM
2011-11-13,21498,75,21.15016083054929,LightGBM
2011-11-14,21498,0,47.522755723675616,LightGBM
2011-11-15,21498,25,47.781095642442125,LightGBM
2011-11-16,21498,100,52.807597679069815,LightGBM
2011-11-17,21498,75,55.41605012325004,LightGBM
2011-11-18,21498,50,38.9727935011807,LightGBM
2011-11-19,21498,0,1.5523539357638332,LightGBM
2011-11-20,21498,25,20.97427698921168,LightGBM
2011-11-21,21498,25,63.723336950015806,LightGBM
2011-11-22,21498,150,87.93586647233302,LightGBM
2011-11-23,21498,100,48.90090497459098,LightGBM
2011-11-24,21498,0,65.5688530668632,LightGBM
2011-11-25,21498,0,23.606924729308552,LightGBM
2011-11-26,21498,0,3.596316521542775,LightGBM
2011-11-27,21498,0,29.14986526777725,LightGBM
2011-11-28,21498,0,55.02398624126256,LightGBM
2011-11-29,21498,100,58.57539700479322,LightGBM
2011-11-30,21498,50,55.773718463091875,LightGBM
2011-12-01,21498,25,54.59553590842933,LightGBM
2011-12-02,21498,50,45.203899181815764,LightGBM
2011-12-03,21498,0,6.9701494261392005,LightGBM
2011-12-04,21498,50,18.84937446423747,LightGBM
2011-12-05,21498,100,63.57507228080391,LightGBM
2011-12-06,21498,0,64.30115634934265,LightGBM
2011-12-07,21498,25,74.63604588490765,LightGBM
2011-12-08,21498,125,55.108919395384376,LightGBM
2011-12-09,21498,0,59.93522216196264,LightGBM
2011-11-10,21498,50,52.5360370625573,Prophet
2011-11-11,21498,50,28.022385632070048,Prophet
2011-11-12,21498,0,1.799856613767627,Prophet
2011-11-13,21498,75,37.1357494792489,Prophet
2011-11-14,21498,0,47.99272479215189,Prophet
2011-11-15,21498,25,53.35205881133065,Prophet
2011-11-16,21498,100,61.54032177881767,Prophet
2011-11-17,21498,75,65.82647180513786,Prophet
2011-11-18,21498,50,41.86198856172035,Prophet
2011-11-19,21498,0,15.925556887704563,Prophet
2011-11-20,21498,25,51.26192025526724,Prophet
2011-11-21,21498,25,61.816638869415016,Prophet
2011-11-22,21498,150,66.55992396891504,Prophet
2011-11-23,21498,100,73.81376475950188,Prophet
2011-11-24,21498,0,76.84932604181199,Prophet
2011-11-25,21498,0,51.327230326541624,Prophet
2011-11-26,21498,0,23.542227879359046,Prophet
2011-11-27,21498,0,56.76187195672982,Prophet
2011-11-28,21498,0,64.96093543079944,Prophet
2011-11-29,21498,100,67.14474591461638,Prophet
2011-11-30,21498,50,71.67566540363663,Prophet
2011-12-01,21498,25,71.86970591702801,Prophet
2011-12-02,21498,50,43.435911900057675,Prophet
2011-12-03,21498,0,12.720032947529841,Prophet
2011-12-04,21498,50,43.04212689965064,Prophet
2011-12-05,21498,100,48.42985441517577,Prophet
2011-12-06,21498,0,47.940668548034736,Prophet
2011-12-07,21498,25,49.987152600699446,Prophet
2011-12-08,21498,125,47.9325251603209,Prophet
2011-12-09,21498,0,17.528969962565117,Prophet
2011-11-10,20727,36,52.0,Naive (Last Value)
2011-11-11,20727,46,52.0,Naive (Last Value)
2011-11-12,20727,0,52.0,Naive (Last Value)
2011-11-13,20727,40,52.0,Naive (Last Value)
2011-11-14,20727,41,52.0,Naive (Last Value)
2011-11-15,20727,151,52.0,Naive (Last Value)
2011-11-16,20727,35,52.0,Naive (Last Value)
2011-11-17,20727,47,52.0,Naive (Last Value)
2011-11-18,20727,75,52.0,Naive (Last Value)
2011-11-19,20727,0,52.0,Naive (Last Value)
2011-11-20,20727,35,52.0,Naive (Last Value)
2011-11-21,20727,38,52.0,Naive (Last Value)
2011-11-22,20727,41,52.0,Naive (Last Value)
2011-11-23,20727,135,52.0,Naive (Last Value)
2011-11-24,20727,69,52.0,Naive (Last Value)
2011-11-25,20727,44,52.0,Naive (Last Value)
2011-11-26,20727,0,52.0,Naive (Last Value)
2011-11-27,20727,21,52.0,Naive (Last Value)
2011-11-28,20727,43,52.0,Naive (Last Value)
2011-11-29,20727,30,52.0,Naive (Last Value)
2011-11-30,20727,66,52.0,Naive (Last Value)
2011-12-01,20727,80,52.0,Naive (Last Value)
2011-12-02,20727,41,52.0,Naive (Last Value)
2011-12-03,20727,0,52.0,Naive (Last Value)
2011-12-04,20727,21,52.0,Naive (Last Value)
2011-12-05,20727,23,52.0,Naive (Last Value)
2011-12-06,20727,63,52.0,Naive (Last Value)
2011-12-07,20727,40,52.0,Naive (Last Value)
2011-12-08,20727,34,52.0,Naive (Last Value)
2011-12-09,20727,11,52.0,Naive (Last Value)
2011-11-10,20727,36,27.285714285714285,Moving Average (7D)
2011-11-11,20727,46,27.285714285714285,Moving Average (7D)
2011-11-12,20727,0,27.285714285714285,Moving Average (7D)
2011-11-13,20727,40,27.285714285714285,Moving Average (7D)
2011-11-14,20727,41,27.285714285714285,Moving Average (7D)
2011-11-15,20727,151,27.285714285714285,Moving Average (7D)
2011-11-16,20727,35,27.285714285714285,Moving Average (7D)
2011-11-17,20727,47,27.285714285714285,Moving Average (7D)
2011-11-18,20727,75,27.285714285714285,Moving Average (7D)
2011-11-19,20727,0,27.285714285714285,Moving Average (7D)
2011-11-20,20727,35,27.285714285714285,Moving Average (7D)
2011-11-21,20727,38,27.285714285714285,Moving Average (7D)
2011-11-22,20727,41,27.285714285714285,Moving Average (7D)
2011-11-23,20727,135,27.285714285714285,Moving Average (7D)
2011-11-24,20727,69,27.285714285714285,Moving Average (7D)
2011-11-25,20727,44,27.285714285714285,Moving Average (7D)
2011-11-26,20727,0,27.285714285714285,Moving Average (7D)
2011-11-27,20727,21,27.285714285714285,Moving Average (7D)
2011-11-28,20727,43,27.285714285714285,Moving Average (7D)
2011-11-29,20727,30,27.285714285714285,Moving Average (7D)
2011-11-30,20727,66,27.285714285714285,Moving Average (7D)
2011-12-01,20727,80,27.285714285714285,Moving Average (7D)
2011-12-02,20727,41,27.285714285714285,Moving Average (7D)
2011-12-03,20727,0,27.285714285714285,Moving Average (7D)
2011-12-04,20727,21,27.285714285714285,Moving Average (7D)
2011-12-05,20727,23,27.285714285714285,Moving Average (7D)
2011-12-06,20727,63,27.285714285714285,Moving Average (7D)
2011-12-07,20727,40,27.285714285714285,Moving Average (7D)
2011-12-08,20727,34,27.285714285714285,Moving Average (7D)
2011-12-09,20727,11,27.285714285714285,Moving Average (7D)
2011-11-10,20727,36,23.285714285714285,Moving Average (14D)
2011-11-11,20727,46,23.285714285714285,Moving Average (14D)
2011-11-12,20727,0,23.285714285714285,Moving Average (14D)
2011-11-13,20727,40,23.285714285714285,Moving Average (14D)
2011-11-14,20727,41,23.285714285714285,Moving Average (14D)
2011-11-15,20727,151,23.285714285714285,Moving Average (14D)
2011-11-16,20727,35,23.285714285714285,Moving Average (14D)
2011-11-17,20727,47,23.285714285714285,Moving Average (14D)
2011-11-18,20727,75,23.285714285714285,Moving Average (14D)
2011-11-19,20727,0,23.285714285714285,Moving Average (14D)
2011-11-20,20727,35,23.285714285714285,Moving Average (14D)
2011-11-21,20727,38,23.285714285714285,Moving Average (14D)
2011-11-22,20727,41,23.285714285714285,Moving Average (14D)
2011-11-23,20727,135,23.285714285714285,Moving Average (14D)
2011-11-24,20727,69,23.285714285714285,Moving Average (14D)
2011-11-25,20727,44,23.285714285714285,Moving Average (14D)
2011-11-26,20727,0,23.285714285714285,Moving Average (14D)
2011-11-27,20727,21,23.285714285714285,Moving Average (14D)
2011-11-28,20727,43,23.285714285714285,Moving Average (14D)
2011-11-29,20727,30,23.285714285714285,Moving Average (14D)
2011-11-30,20727,66,23.285714285714285,Moving Average (14D)
2011-12-01,20727,80,23.285714285714285,Moving Average (14D)
2011-12-02,20727,41,23.285714285714285,Moving Average (14D)
2011-12-03,20727,0,23.285714285714285,Moving Average (14D)
2011-12-04,20727,21,23.285714285714285,Moving Average (14D)
2011-12-05,20727,23,23.285714285714285,Moving Average (14D)
2011-12-06,20727,63,23.285714285714285,Moving Average (14D)
2011-12-07,20727,40,23.285714285714285,Moving Average (14D)
2011-12-08,20727,34,23.285714285714285,Moving Average (14D)
2011-12-09,20727,11,23.285714285714285,Moving Average (14D)
2011-11-10,20727,36,26.857142857142858,Moving Average (28D)
2011-11-11,20727,46,26.857142857142858,Moving Average (28D)
2011-11-12,20727,0,26.857142857142858,Moving Average (28D)
2011-11-13,20727,40,26.857142857142858,Moving Average (28D)
2011-11-14,20727,41,26.857142857142858,Moving Average (28D)
2011-11-15,20727,151,26.857142857142858,Moving Average (28D)
2011-11-16,20727,35,26.857142857142858,Moving Average (28D)
2011-11-17,20727,47,26.857142857142858,Moving Average (28D)
2011-11-18,20727,75,26.857142857142858,Moving Average (28D)
2011-11-19,20727,0,26.857142857142858,Moving Average (28D)
2011-11-20,20727,35,26.857142857142858,Moving Average (28D)
2011-11-21,20727,38,26.857142857142858,Moving Average (28D)
2011-11-22,20727,41,26.857142857142858,Moving Average (28D)
2011-11-23,20727,135,26.857142857142858,Moving Average (28D)
2011-11-24,20727,69,26.857142857142858,Moving Average (28D)
2011-11-25,20727,44,26.857142857142858,Moving Average (28D)
2011-11-26,20727,0,26.857142857142858,Moving Average (28D)
2011-11-27,20727,21,26.857142857142858,Moving Average (28D)
2011-11-28,20727,43,26.857142857142858,Moving Average (28D)
2011-11-29,20727,30,26.857142857142858,Moving Average (28D)
2011-11-30,20727,66,26.857142857142858,Moving Average (28D)
2011-12-01,20727,80,26.857142857142858,Moving Average (28D)
2011-12-02,20727,41,26.857142857142858,Moving Average (28D)
2011-12-03,20727,0,26.857142857142858,Moving Average (28D)
2011-12-04,20727,21,26.857142857142858,Moving Average (28D)
2011-12-05,20727,23,26.857142857142858,Moving Average (28D)
2011-12-06,20727,63,26.857142857142858,Moving Average (28D)
2011-12-07,20727,40,26.857142857142858,Moving Average (28D)
2011-12-08,20727,34,26.857142857142858,Moving Average (28D)
2011-12-09,20727,11,26.857142857142858,Moving Average (28D)
2011-11-10,20727,36,51.75224342018769,LightGBM
2011-11-11,20727,46,51.64871525865782,LightGBM
2011-11-12,20727,0,1.911736934627001,LightGBM
2011-11-13,20727,40,26.74533718677673,LightGBM
2011-11-14,20727,41,27.599924378311123,LightGBM
2011-11-15,20727,151,48.62981012311038,LightGBM
2011-11-16,20727,35,47.43320206600175,LightGBM
2011-11-17,20727,47,75.27571573037231,LightGBM
2011-11-18,20727,75,47.432480798790515,LightGBM
2011-11-19,20727,0,17.765110127682384,LightGBM
2011-11-20,20727,35,28.029034506038514,LightGBM
2011-11-21,20727,38,35.649688218184046,LightGBM
2011-11-22,20727,41,41.59559252412694,LightGBM
2011-11-23,20727,135,32.38207858819048,LightGBM
2011-11-24,20727,69,39.02463517586478,LightGBM
2011-11-25,20727,44,41.784991288261814,LightGBM
2011-11-26,20727,0,0.0,LightGBM
2011-11-27,20727,21,18.53720850570839,LightGBM
2011-11-28,20727,43,78.02678932790026,LightGBM
2011-11-29,20727,30,66.95780361114853,LightGBM
2011-11-30,20727,66,56.73683989513193,LightGBM
2011-12-01,20727,80,72.92597002357525,LightGBM
2011-12-02,20727,41,41.19913968195837,LightGBM
2011-12-03,20727,0,3.31460758825725,LightGBM
2011-12-04,20727,21,25.84141176054146,LightGBM
2011-12-05,20727,23,48.47863878129008,LightGBM
2011-12-06,20727,63,86.33094434370055,LightGBM
2011-12-07,20727,40,76.05966315154923,LightGBM
2011-12-08,20727,34,42.081777942623006,LightGBM
2011-12-09,20727,11,49.84700228150614,LightGBM
2011-11-10,20727,36,38.069782458792524,Prophet
2011-11-11,20727,46,29.75836761190635,Prophet
2011-11-12,20727,0,0.0,Prophet
2011-11-13,20727,40,21.870387884783355,Prophet
2011-11-14,20727,41,59.22261796532237,Prophet
2011-11-15,20727,151,36.45803596546407,Prophet
2011-11-16,20727,35,36.72229836809125,Prophet
2011-11-17,20727,47,41.41408349523214,Prophet
2011-11-18,20727,75,33.554109118002195,Prophet
2011-11-19,20727,0,0.0,Prophet
2011-11-20,20727,35,26.62120540915702,Prophet
2011-11-21,20727,38,64.42603474661951,Prophet
2011-11-22,20727,41,42.06049499843827,Prophet
2011-11-23,20727,135,42.6418086924035,Prophet
2011-11-24,20727,69,47.54085789105169,Prophet
2011-11-25,20727,44,39.75223865569528,Prophet
2011-11-26,20727,0,3.8780666895359133,Prophet
2011-11-27,20727,21,32.46421238320676,Prophet
2011-11-28,20727,43,69.80746647690023,Prophet
2011-11-29,20727,30,46.7758486666439,Prophet
2011-11-30,20727,66,46.48235346793734,Prophet
2011-12-01,20727,80,50.29989184388988,Prophet
2011-12-02,20727,41,41.231584425472256,Prophet
2011-12-03,20727,0,3.894608689388164,Prophet
2011-12-04,20727,21,30.856272838994805,Prophet
2011-12-05,20727,23,66.44081830255459,Prophet
2011-12-06,20727,63,41.5491701069915,Prophet
2011-12-07,20727,40,39.33194244720117,Prophet
2011-12-08,20727,34,41.20347671701988,Prophet
2011-12-09,20727,11,30.21109182369532,Prophet
2011-11-10,22423,46,16.0,Naive (Last Value)
2011-11-11,22423,32,16.0,Naive (Last Value)
2011-11-12,22423,0,16.0,Naive (Last Value)
2011-11-13,22423,29,16.0,Naive (Last Value)
2011-11-14,22423,7,16.0,Naive (Last Value)
2011-11-15,22423,45,16.0,Naive (Last Value)
2011-11-16,22423,15,16.0,Naive (Last Value)
2011-11-17,22423,49,16.0,Naive (Last Value)
2011-11-18,22423,110,16.0,Naive (Last Value)
2011-11-19,22423,0,16.0,Naive (Last Value)
2011-11-20,22423,8,16.0,Naive (Last Value)
2011-11-21,22423,50,16.0,Naive (Last Value)
2011-11-22,22423,29,16.0,Naive (Last Value)
2011-11-23,22423,47,16.0,Naive (Last Value)
2011-11-24,22423,82,16.0,Naive (Last Value)
2011-11-25,22423,23,16.0,Naive (Last Value)
2011-11-26,22423,0,16.0,Naive (Last Value)
2011-11-27,22423,29,16.0,Naive (Last Value)
2011-11-28,22423,34,16.0,Naive (Last Value)
2011-11-29,22423,93,16.0,Naive (Last Value)
2011-11-30,22423,35,16.0,Naive (Last Value)
2011-12-01,22423,34,16.0,Naive (Last Value)
2011-12-02,22423,20,16.0,Naive (Last Value)
2011-12-03,22423,0,16.0,Naive (Last Value)
2011-12-04,22423,20,16.0,Naive (Last Value)
2011-12-05,22423,36,16.0,Naive (Last Value)
2011-12-06,22423,160,16.0,Naive (Last Value)
2011-12-07,22423,130,16.0,Naive (Last Value)
2011-12-08,22423,31,16.0,Naive (Last Value)
2011-12-09,22423,18,16.0,Naive (Last Value)
2011-11-10,22423,46,37.57142857142857,Moving Average (7D)
2011-11-11,22423,32,37.57142857142857,Moving Average (7D)
2011-11-12,22423,0,37.57142857142857,Moving Average (7D)
2011-11-13,22423,29,37.57142857142857,Moving Average (7D)
2011-11-14,22423,7,37.57142857142857,Moving Average (7D)
2011-11-15,22423,45,37.57142857142857,Moving Average (7D)
2011-11-16,22423,15,37.57142857142857,Moving Average (7D)
2011-11-17,22423,49,37.57142857142857,Moving Average (7D)
2011-11-18,22423,110,37.57142857142857,Moving Average (7D)
2011-11-19,22423,0,37.57142857142857,Moving Average (7D)
2011-11-20,22423,8,37.57142857142857,Moving Average (7D)
2011-11-21,22423,50,37.57142857142857,Moving Average (7D)
2011-11-22,22423,29,37.57142857142857,Moving Average (7D)
2011-11-23,22423,47,37.57142857142857,Moving Average (7D)
2011-11-24,22423,82,37.57142857142857,Moving Average (7D)
2011-11-25,22423,23,37.57142857142857,Moving Average (7D)
2011-11-26,22423,0,37.57142857142857,Moving Average (7D)
2011-11-27,22423,29,37.57142857142857,Moving Average (7D)
2011-11-28,22423,34,37.57142857142857,Moving Average (7D)
2011-11-29,22423,93,37.57142857142857,Moving Average (7D)
2011-11-30,22423,35,37.57142857142857,Moving Average (7D)
2011-12-01,22423,34,37.57142857142857,Moving Average (7D)
2011-12-02,22423,20,37.57142857142857,Moving Average (7D)
2011-12-03,22423,0,37.57142857142857,Moving Average (7D)
2011-12-04,22423,20,37.57142857142857,Moving Average (7D)
2011-12-05,22423,36,37.57142857142857,Moving Average (7D)
2011-12-06,22423,160,37.57142857142857,Moving Average (7D)
2011-12-07,22423,130,37.57142857142857,Moving Average (7D)
2011-12-08,22423,31,37.57142857142857,Moving Average (7D)
2011-12-09,22423,18,37.57142857142857,Moving Average (7D)
2011-11-10,22423,46,31.428571428571427,Moving Average (14D)
2011-11-11,22423,32,31.428571428571427,Moving Average (14D)
2011-11-12,22423,0,31.428571428571427,Moving Average (14D)
2011-11-13,22423,29,31.428571428571427,Moving Average (14D)
2011-11-14,22423,7,31.428571428571427,Moving Average (14D)
2011-11-15,22423,45,31.428571428571427,Moving Average (14D)
2011-11-16,22423,15,31.428571428571427,Moving Average (14D)
2011-11-17,22423,49,31.428571428571427,Moving Average (14D)
2011-11-18,22423,110,31.428571428571427,Moving Average (14D)
2011-11-19,22423,0,31.428571428571427,Moving Average (14D)
2011-11-20,22423,8,31.428571428571427,Moving Average (14D)
2011-11-21,22423,50,31.428571428571427,Moving Average (14D)
2011-11-22,22423,29,31.428571428571427,Moving Average (14D)
2011-11-23,22423,47,31.428571428571427,Moving Average (14D)
2011-11-24,22423,82,31.428571428571427,Moving Average (14D)
2011-11-25,22423,23,31.428571428571427,Moving Average (14D)
2011-11-26,22423,0,31.428571428571427,Moving Average (14D)
2011-11-27,22423,29,31.428571428571427,Moving Average (14D)
2011-11-28,22423,34,31.428571428571427,Moving Average (14D)
2011-11-29,22423,93,31.428571428571427,Moving Average (14D)
2011-11-30,22423,35,31.428571428571427,Moving Average (14D)
2011-12-01,22423,34,31.428571428571427,Moving Average (14D)
2011-12-02,22423,20,31.428571428571427,Moving Average (14D)
2011-12-03,22423,0,31.428571428571427,Moving Average (14D)
2011-12-04,22423,20,31.428571428571427,Moving Average (14D)
2011-12-05,22423,36,31.428571428571427,Moving Average (14D)
2011-12-06,22423,160,31.428571428571427,Moving Average (14D)
2011-12-07,22423,130,31.428571428571427,Moving Average (14D)
2011-12-08,22423,31,31.428571428571427,Moving Average (14D)
2011-12-09,22423,18,31.428571428571427,Moving Average (14D)
2011-11-10,22423,46,31.142857142857142,Moving Average (28D)
2011-11-11,22423,32,31.142857142857142,Moving Average (28D)
2011-11-12,22423,0,31.142857142857142,Moving Average (28D)
2011-11-13,22423,29,31.142857142857142,Moving Average (28D)
2011-11-14,22423,7,31.142857142857142,Moving Average (28D)
2011-11-15,22423,45,31.142857142857142,Moving Average (28D)
2011-11-16,22423,15,31.142857142857142,Moving Average (28D)
2011-11-17,22423,49,31.142857142857142,Moving Average (28D)
2011-11-18,22423,110,31.142857142857142,Moving Average (28D)
2011-11-19,22423,0,31.142857142857142,Moving Average (28D)
2011-11-20,22423,8,31.142857142857142,Moving Average (28D)
2011-11-21,22423,50,31.142857142857142,Moving Average (28D)
2011-11-22,22423,29,31.142857142857142,Moving Average (28D)
2011-11-23,22423,47,31.142857142857142,Moving Average (28D)
2011-11-24,22423,82,31.142857142857142,Moving Average (28D)
2011-11-25,22423,23,31.142857142857142,Moving Average (28D)
2011-11-26,22423,0,31.142857142857142,Moving Average (28D)
2011-11-27,22423,29,31.142857142857142,Moving Average (28D)
2011-11-28,22423,34,31.142857142857142,Moving Average (28D)
2011-11-29,22423,93,31.142857142857142,Moving Average (28D)
2011-11-30,22423,35,31.142857142857142,Moving Average (28D)
2011-12-01,22423,34,31.142857142857142,Moving Average (28D)
2011-12-02,22423,20,31.142857142857142,Moving Average (28D)
2011-12-03,22423,0,31.142857142857142,Moving Average (28D)
2011-12-04,22423,20,31.142857142857142,Moving Average (28D)
2011-12-05,22423,36,31.142857142857142,Moving Average (28D)
2011-12-06,22423,160,31.142857142857142,Moving Average (28D)
2011-12-07,22423,130,31.142857142857142,Moving Average (28D)
2011-12-08,22423,31,31.142857142857142,Moving Average (28D)
2011-12-09,22423,18,31.142857142857142,Moving Average (28D)
2011-11-10,22423,46,83.00581000838986,LightGBM
2011-11-11,22423,32,110.31562417460697,LightGBM
2011-11-12,22423,0,3.450159295670814,LightGBM
2011-11-13,22423,29,27.054174660300028,LightGBM
2011-11-14,22423,7,114.30375706821192,LightGBM
2011-11-15,22423,45,72.91435157760067,LightGBM
2011-11-16,22423,15,73.2813139260149,LightGBM
2011-11-17,22423,49,110.22074512916167,LightGBM
2011-11-18,22423,110,189.19763299318052,LightGBM
2011-11-19,22423,0,3.450159295670814,LightGBM
2011-11-20,22423,8,30.90877442921239,LightGBM
2011-11-21,22423,50,112.08325751145398,LightGBM
2011-11-22,22423,29,109.68006386789004,LightGBM
2011-11-23,22423,47,121.41185061257923,LightGBM
2011-11-24,22423,82,115.1504409780746,LightGBM
2011-11-25,22423,23,201.88240313169584,LightGBM
2011-11-26,22423,0,3.450159295670814,LightGBM
2011-11-27,22423,29,57.12148085272568,LightGBM
2011-11-28,22423,34,135.60138649522202,LightGBM
2011-11-29,22423,93,103.14867920900917,LightGBM
2011-11-30,22423,35,111.34343859117139,LightGBM
2011-12-01,22423,34,133.27430303038935,LightGBM
2011-12-02,22423,20,205.17072670822557,LightGBM
2011-12-03,22423,0,27.390144062432764,LightGBM
2011-12-04,22423,20,129.4810135918486,LightGBM
2011-12-05,22423,36,160.60184773442333,LightGBM
2011-12-06,22423,160,97.32890588041167,LightGBM
2011-12-07,22423,130,112.33615608988154,LightGBM
2011-12-08,22423,31,130.86992552609266,LightGBM
2011-12-09,22423,18,213.93398885803578,LightGBM
2011-11-10,22423,46,55.38469922205434,Prophet
2011-11-11,22423,32,53.01570960175105,Prophet
2011-11-12,22423,0,0.7311216381488705,Prophet
2011-11-13,22423,29,23.11317744193467,Prophet
2011-11-14,22423,7,39.881376908993644,Prophet
2011-11-15,22423,45,41.82377902810157,Prophet
2011-11-16,22423,15,55.88726864061172,Prophet
2011-11-17,22423,49,64.81789950752406,Prophet
2011-11-18,22423,110,63.01999639043493,Prophet
2011-11-19,22423,0,11.223449896171116,Prophet
2011-11-20,22423,8,33.98871320702639,Prophet
2011-11-21,22423,50,51.01362294008077,Prophet
2011-11-22,22423,29,53.06534912537302,Prophet
2011-11-23,22423,47,67.07133144591376,Prophet
2011-11-24,22423,82,75.76029292976217,Prophet
2011-11-25,22423,23,73.52199331527768,Prophet
2011-11-26,22423,0,21.07513514479176,Prophet
2011-11-27,22423,29,42.97291143803975,Prophet
2011-11-28,22423,34,58.91029797650128,Prophet
2011-11-29,22423,93,59.65637764633868,Prophet
2011-11-30,22423,35,72.14553870584798,Prophet
2011-12-01,22423,34,79.11862566617799,Prophet
2011-12-02,22423,20,74.98269575391379,Prophet
2011-12-03,22423,0,20.47878836458142,Prophet
2011-12-04,22423,20,40.18719459413545,Prophet
2011-12-05,22423,36,53.834332154669724,Prophet
2011-12-06,22423,160,52.224519483799284,Prophet
2011-12-07,22423,130,62.330501277583714,Prophet
2011-12-08,22423,31,66.93381831463888,Prophet
2011-12-09,22423,18,60.48369220787478,Prophet
2011-11-10,21981,24,0.0,Naive (Last Value)
2011-11-11,21981,3,0.0,Naive (Last Value)
2011-11-12,21981,0,0.0,Naive (Last Value)
2011-11-13,21981,12,0.0,Naive (Last Value)
2011-11-14,21981,18,0.0,Naive (Last Value)
2011-11-15,21981,4,0.0,Naive (Last Value)
2011-11-16,21981,54,0.0,Naive (Last Value)
2011-11-17,21981,4,0.0,Naive (Last Value)
2011-11-18,21981,2,0.0,Naive (Last Value)
2011-11-19,21981,0,0.0,Naive (Last Value)
2011-11-20,21981,0,0.0,Naive (Last Value)
2011-11-21,21981,0,0.0,Naive (Last Value)
2011-11-22,21981,4,0.0,Naive (Last Value)
2011-11-23,21981,3,0.0,Naive (Last Value)
2011-11-24,21981,31,0.0,Naive (Last Value)
2011-11-25,21981,14,0.0,Naive (Last Value)
2011-11-26,21981,0,0.0,Naive (Last Value)
2011-11-27,21981,1,0.0,Naive (Last Value)
2011-11-28,21981,1,0.0,Naive (Last Value)
2011-11-29,21981,6,0.0,Naive (Last Value)
2011-11-30,21981,2,0.0,Naive (Last Value)
2011-12-01,21981,2,0.0,Naive (Last Value)
2011-12-02,21981,2,0.0,Naive (Last Value)
2011-12-03,21981,0,0.0,Naive (Last Value)
2011-12-04,21981,0,0.0,Naive (Last Value)
2011-12-05,21981,11,0.0,Naive (Last Value)
2011-12-06,21981,34,0.0,Naive (Last Value)
2011-12-07,21981,12,0.0,Naive (Last Value)
2011-12-08,21981,3,0.0,Naive (Last Value)
2011-12-09,21981,4,0.0,Naive (Last Value)
2011-11-10,21981,24,9.428571428571429,Moving Average (7D)
2011-11-11,21981,3,9.428571428571429,Moving Average (7D)
2011-11-12,21981,0,9.428571428571429,Moving Average (7D)
2011-11-13,21981,12,9.428571428571429,Moving Average (7D)
2011-11-14,21981,18,9.428571428571429,Moving Average (7D)
2011-11-15,21981,4,9.428571428571429,Moving Average (7D)
2011-11-16,21981,54,9.428571428571429,Moving Average (7D)
2011-11-17,21981,4,9.428571428571429,Moving Average (7D)
2011-11-18,21981,2,9.428571428571429,Moving Average (7D)
2011-11-19,21981,0,9.428571428571429,Moving Average (7D)
2011-11-20,21981,0,9.428571428571429,Moving Average (7D)
2011-11-21,21981,0,9.428571428571429,Moving Average (7D)
2011-11-22,21981,4,9.428571428571429,Moving Average (7D)
2011-11-23,21981,3,9.428571428571429,Moving Average (7D)
2011-11-24,21981,31,9.428571428571429,Moving Average (7D)
2011-11-25,21981,14,9.428571428571429,Moving Average (7D)
2011-11-26,21981,0,9.428571428571429,Moving Average (7D)
2011-11-27,21981,1,9.428571428571429,Moving Average (7D)
2011-11-28,21981,1,9.428571428571429,Moving Average (7D)
2011-11-29,21981,6,9.428571428571429,Moving Average (7D)
2011-11-30,21981,2,9.428571428571429,Moving Average (7D)
2011-12-01,21981,2,9.428571428571429,Moving Average (7D)
2011-12-02,21981,2,9.428571428571429,Moving Average (7D)
2011-12-03,21981,0,9.428571428571429,Moving Average (7D)
2011-12-04,21981,0,9.428571428571429,Moving Average (7D)
2011-12-05,21981,11,9.428571428571429,Moving Average (7D)
2011-12-06,21981,34,9.428571428571429,Moving Average (7D)
2011-12-07,21981,12,9.428571428571429,Moving Average (7D)
2011-12-08,21981,3,9.428571428571429,Moving Average (7D)
2011-12-09,21981,4,9.428571428571429,Moving Average (7D)
2011-11-10,21981,24,7.642857142857143,Moving Average (14D)
2011-11-11,21981,3,7.642857142857143,Moving Average (14D)
2011-11-12,21981,0,7.642857142857143,Moving Average (14D)
2011-11-13,21981,12,7.642857142857143,Moving Average (14D)
2011-11-14,21981,18,7.642857142857143,Moving Average (14D)
2011-11-15,21981,4,7.642857142857143,Moving Average (14D)
2011-11-16,21981,54,7.642857142857143,Moving Average (14D)
2011-11-17,21981,4,7.642857142857143,Moving Average (14D)
2011-11-18,21981,2,7.642857142857143,Moving Average (14D)
2011-11-19,21981,0,7.642857142857143,Moving Average (14D)
2011-11-20,21981,0,7.642857142857143,Moving Average (14D)
2011-11-21,21981,0,7.642857142857143,Moving Average (14D)
2011-11-22,21981,4,7.642857142857143,Moving Average (14D)
2011-11-23,21981,3,7.642857142857143,Moving Average (14D)
2011-11-24,21981,31,7.642857142857143,Moving Average (14D)
2011-11-25,21981,14,7.642857142857143,Moving Average (14D)
2011-11-26,21981,0,7.642857142857143,Moving Average (14D)
2011-11-27,21981,1,7.642857142857143,Moving Average (14D)
2011-11-28,21981,1,7.642857142857143,Moving Average (14D)
2011-11-29,21981,6,7.642857142857143,Moving Average (14D)
2011-11-30,21981,2,7.642857142857143,Moving Average (14D)
2011-12-01,21981,2,7.642857142857143,Moving Average (14D)
2011-12-02,21981,2,7.642857142857143,Moving Average (14D)
2011-12-03,21981,0,7.642857142857143,Moving Average (14D)
2011-12-04,21981,0,7.642857142857143,Moving Average (14D)
2011-12-05,21981,11,7.642857142857143,Moving Average (14D)
2011-12-06,21981,34,7.642857142857143,Moving Average (14D)
2011-12-07,21981,12,7.642857142857143,Moving Average (14D)
2011-12-08,21981,3,7.642857142857143,Moving Average (14D)
2011-12-09,21981,4,7.642857142857143,Moving Average (14D)
2011-11-10,21981,24,8.035714285714286,Moving Average (28D)
2011-11-11,21981,3,8.035714285714286,Moving Average (28D)
2011-11-12,21981,0,8.035714285714286,Moving Average (28D)
2011-11-13,21981,12,8.035714285714286,Moving Average (28D)
2011-11-14,21981,18,8.035714285714286,Moving Average (28D)
2011-11-15,21981,4,8.035714285714286,Moving Average (28D)
2011-11-16,21981,54,8.035714285714286,Moving Average (28D)
2011-11-17,21981,4,8.035714285714286,Moving Average (28D)
2011-11-18,21981,2,8.035714285714286,Moving Average (28D)
2011-11-19,21981,0,8.035714285714286,Moving Average (28D)
2011-11-20,21981,0,8.035714285714286,Moving Average (28D)
2011-11-21,21981,0,8.035714285714286,Moving Average (28D)
2011-11-22,21981,4,8.035714285714286,Moving Average (28D)
2011-11-23,21981,3,8.035714285714286,Moving Average (28D)
2011-11-24,21981,31,8.035714285714286,Moving Average (28D)
2011-11-25,21981,14,8.035714285714286,Moving Average (28D)
2011-11-26,21981,0,8.035714285714286,Moving Average (28D)
2011-11-27,21981,1,8.035714285714286,Moving Average (28D)
2011-11-28,21981,1,8.035714285714286,Moving Average (28D)
2011-11-29,21981,6,8.035714285714286,Moving Average (28D)
2011-11-30,21981,2,8.035714285714286,Moving Average (28D)
2011-12-01,21981,2,8.035714285714286,Moving Average (28D)
2011-12-02,21981,2,8.035714285714286,Moving Average (28D)
2011-12-03,21981,0,8.035714285714286,Moving Average (28D)
2011-12-04,21981,0,8.035714285714286,Moving Average (28D)
2011-12-05,21981,11,8.035714285714286,Moving Average (28D)
2011-12-06,21981,34,8.035714285714286,Moving Average (28D)
2011-12-07,21981,12,8.035714285714286,Moving Average (28D)
2011-12-08,21981,3,8.035714285714286,Moving Average (28D)
2011-12-09,21981,4,8.035714285714286,Moving Average (28D)
2011-11-10,21981,24,17.939780600632833,LightGBM
2011-11-11,21981,3,15.296037688411232,LightGBM
2011-11-12,21981,0,7.191014107519248,LightGBM
2011-11-13,21981,12,15.90804171396915,LightGBM
2011-11-14,21981,18,22.217982943904364,LightGBM
2011-11-15,21981,4,15.915126767739924,LightGBM
2011-11-16,21981,54,20.18531482467262,LightGBM
2011-11-17,21981,4,28.159725270072308,LightGBM
2011-11-18,21981,2,23.37498353785237,LightGBM
2011-11-19,21981,0,10.35139899429804,LightGBM
2011-11-20,21981,0,19.068426600747934,LightGBM
2011-11-21,21981,0,16.626512396609524,LightGBM
2011-11-22,21981,4,18.341442617821897,LightGBM
2011-11-23,21981,3,16.033113776908657,LightGBM
2011-11-24,21981,31,62.578114714228455,LightGBM
2011-11-25,21981,14,14.566075955663598,LightGBM
2011-11-26,21981,0,10.317648738114057,LightGBM
2011-11-27,21981,1,17.217033638065548,LightGBM
2011-11-28,21981,1,17.406291486027598,LightGBM
2011-11-29,21981,6,23.860169254612025,LightGBM
2011-11-30,21981,2,20.098299973439673,LightGBM
2011-12-01,21981,2,32.98469831228319,LightGBM
2011-12-02,21981,2,21.696951152383452,LightGBM
2011-12-03,21981,0,12.679123041820079,LightGBM
2011-12-04,21981,0,21.074692109826557,LightGBM
2011-12-05,21981,11,26.85770822441286,LightGBM
2011-12-06,21981,34,19.611973280821438,LightGBM
2011-12-07,21981,12,30.294581547433236,LightGBM
2011-12-08,21981,3,30.90661291371919,LightGBM
2011-12-09,21981,4,33.594366803506844,LightGBM
2011-11-10,21981,24,15.69469264907751,Prophet
2011-11-11,21981,3,0.0,Prophet
2011-11-12,21981,0,0.0,Prophet
2011-11-13,21981,12,0.0,Prophet
2011-11-14,21981,18,0.0,Prophet
2011-11-15,21981,4,96.60158567811595,Prophet
2011-11-16,21981,54,9.540763112012709,Prophet
2011-11-17,21981,4,76.13459888918334,Prophet
2011-11-18,21981,2,34.36326664913827,Prophet
2011-11-19,21981,0,29.414578083864065,Prophet
2011-11-20,21981,0,57.54594403973691,Prophet
2011-11-21,21981,0,74.01815635429881,Prophet
2011-11-22,21981,4,191.99459014161,Prophet
2011-11-23,21981,3,107.18470104333343,Prophet
2011-11-24,21981,31,174.07449149897448,Prophet
2011-11-25,21981,14,130.56896877037977,Prophet
2011-11-26,21981,0,121.83005650984433,Prophet
2011-11-27,21981,1,144.14008984854186,Prophet
2011-11-28,21981,1,152.83577121469978,Prophet
2011-11-29,21981,6,261.20616670083956,Prophet
2011-11-30,21981,2,165.1336364067771,Prophet
2011-12-01,21981,2,219.32043032108686,Prophet
2011-12-02,21981,2,161.9260672163776,Prophet
2011-12-03,21981,0,138.39908794937605,Prophet
2011-12-04,21981,0,145.3334741296199,Prophet
2011-12-05,21981,11,138.39479739813302,Prophet
2011-12-06,21981,34,231.20988903741588,Prophet
2011-12-07,21981,12,119.99914926954685,Prophet
2011-12-08,21981,3,159.79446343858248,Prophet
2011-12-09,21981,4,89.06808125197159,Prophet
2011-11-10,21929,1,140.0,Naive (Last Value)
2011-11-11,21929,100,140.0,Naive (Last Value)
2011-11-12,21929,0,140.0,Naive (Last Value)
2011-11-13,21929,24,140.0,Naive (Last Value)
2011-11-14,21929,3,140.0,Naive (Last Value)
2011-11-15,21929,2,140.0,Naive (Last Value)
2011-11-16,21929,33,140.0,Naive (Last Value)
2011-11-17,21929,24,140.0,Naive (Last Value)
2011-11-18,21929,22,140.0,Naive (Last Value)
2011-11-19,21929,0,140.0,Naive (Last Value)
2011-11-20,21929,17,140.0,Naive (Last Value)
2011-11-21,21929,0,140.0,Naive (Last Value)
2011-11-22,21929,22,140.0,Naive (Last Value)
2011-11-23,21929,6,140.0,Naive (Last Value)
2011-11-24,21929,11,140.0,Naive (Last Value)
2011-11-25,21929,4,140.0,Naive (Last Value)
2011-11-26,21929,0,140.0,Naive (Last Value)
2011-11-27,21929,10,140.0,Naive (Last Value)
2011-11-28,21929,14,140.0,Naive (Last Value)
2011-11-29,21929,25,140.0,Naive (Last Value)
2011-11-30,21929,44,140.0,Naive (Last Value)
2011-12-01,21929,21,140.0,Naive (Last Value)
2011-12-02,21929,2,140.0,Naive (Last Value)
2011-12-03,21929,0,140.0,Naive (Last Value)
2011-12-04,21929,2,140.0,Naive (Last Value)
2011-12-05,21929,115,140.0,Naive (Last Value)
2011-12-06,21929,14,140.0,Naive (Last Value)
2011-12-07,21929,14,140.0,Naive (Last Value)
2011-12-08,21929,16,140.0,Naive (Last Value)
2011-12-09,21929,11,140.0,Naive (Last Value)
2011-11-10,21929,1,46.857142857142854,Moving Average (7D)
2011-11-11,21929,100,46.857142857142854,Moving Average (7D)
2011-11-12,21929,0,46.857142857142854,Moving Average (7D)
2011-11-13,21929,24,46.857142857142854,Moving Average (7D)
2011-11-14,21929,3,46.857142857142854,Moving Average (7D)
2011-11-15,21929,2,46.857142857142854,Moving Average (7D)
2011-11-16,21929,33,46.857142857142854,Moving Average (7D)
2011-11-17,21929,24,46.857142857142854,Moving Average (7D)
2011-11-18,21929,22,46.857142857142854,Moving Average (7D)
2011-11-19,21929,0,46.857142857142854,Moving Average (7D)
2011-11-20,21929,17,46.857142857142854,Moving Average (7D)
2011-11-21,21929,0,46.857142857142854,Moving Average (7D)
2011-11-22,21929,22,46.857142857142854,Moving Average (7D)
2011-11-23,21929,6,46.857142857142854,Moving Average (7D)
2011-11-24,21929,11,46.857142857142854,Moving Average (7D)
2011-11-25,21929,4,46.857142857142854,Moving Average (7D)
2011-11-26,21929,0,46.857142857142854,Moving Average (7D)
2011-11-27,21929,10,46.857142857142854,Moving Average (7D)
2011-11-28,21929,14,46.857142857142854,Moving Average (7D)
2011-11-29,21929,25,46.857142857142854,Moving Average (7D)
2011-11-30,21929,44,46.857142857142854,Moving Average (7D)
2011-12-01,21929,21,46.857142857142854,Moving Average (7D)
2011-12-02,21929,2,46.857142857142854,Moving Average (7D)
2011-12-03,21929,0,46.857142857142854,Moving Average (7D)
2011-12-04,21929,2,46.857142857142854,Moving Average (7D)
2011-12-05,21929,115,46.857142857142854,Moving Average (7D)
2011-12-06,21929,14,46.857142857142854,Moving Average (7D)
2011-12-07,21929,14,46.857142857142854,Moving Average (7D)
2011-12-08,21929,16,46.857142857142854,Moving Average (7D)
2011-12-09,21929,11,46.857142857142854,Moving Average (7D)
2011-11-10,21929,1,26.857142857142858,Moving Average (14D)
2011-11-11,21929,100,26.857142857142858,Moving Average (14D)
2011-11-12,21929,0,26.857142857142858,Moving Average (14D)
2011-11-13,21929,24,26.857142857142858,Moving Average (14D)
2011-11-14,21929,3,26.857142857142858,Moving Average (14D)
2011-11-15,21929,2,26.857142857142858,Moving Average (14D)
2011-11-16,21929,33,26.857142857142858,Moving Average (14D)
2011-11-17,21929,24,26.857142857142858,Moving Average (14D)
2011-11-18,21929,22,26.857142857142858,Moving Average (14D)
2011-11-19,21929,0,26.857142857142858,Moving Average (14D)
2011-11-20,21929,17,26.857142857142858,Moving Average (14D)
2011-11-21,21929,0,26.857142857142858,Moving Average (14D)
2011-11-22,21929,22,26.857142857142858,Moving Average (14D)
2011-11-23,21929,6,26.857142857142858,Moving Average (14D)
2011-11-24,21929,11,26.857142857142858,Moving Average (14D)
2011-11-25,21929,4,26.857142857142858,Moving Average (14D)
2011-11-26,21929,0,26.857142857142858,Moving Average (14D)
2011-11-27,21929,10,26.857142857142858,Moving Average (14D)
2011-11-28,21929,14,26.857142857142858,Moving Average (14D)
2011-11-29,21929,25,26.857142857142858,Moving Average (14D)
2011-11-30,21929,44,26.857142857142858,Moving Average (14D)
2011-12-01,21929,21,26.857142857142858,Moving Average (14D)
2011-12-02,21929,2,26.857142857142858,Moving Average (14D)
2011-12-03,21929,0,26.857142857142858,Moving Average (14D)
2011-12-04,21929,2,26.857142857142858,Moving Average (14D)
2011-12-05,21929,115,26.857142857142858,Moving Average (14D)
2011-12-06,21929,14,26.857142857142858,Moving Average (14D)
2011-12-07,21929,14,26.857142857142858,Moving Average (14D)
2011-12-08,21929,16,26.857142857142858,Moving Average (14D)
2011-12-09,21929,11,26.857142857142858,Moving Average (14D)
2011-11-10,21929,1,20.535714285714285,Moving Average (28D)
2011-11-11,21929,100,20.535714285714285,Moving Average (28D)
2011-11-12,21929,0,20.535714285714285,Moving Average (28D)
2011-11-13,21929,24,20.535714285714285,Moving Average (28D)
2011-11-14,21929,3,20.535714285714285,Moving Average (28D)
2011-11-15,21929,2,20.535714285714285,Moving Average (28D)
2011-11-16,21929,33,20.535714285714285,Moving Average (28D)
2011-11-17,21929,24,20.535714285714285,Moving Average (28D)
2011-11-18,21929,22,20.535714285714285,Moving Average (28D)
2011-11-19,21929,0,20.535714285714285,Moving Average (28D)
2011-11-20,21929,17,20.535714285714285,Moving Average (28D)
2011-11-21,21929,0,20.535714285714285,Moving Average (28D)
2011-11-22,21929,22,20.535714285714285,Moving Average (28D)
2011-11-23,21929,6,20.535714285714285,Moving Average (28D)
2011-11-24,21929,11,20.535714285714285,Moving Average (28D)
2011-11-25,21929,4,20.535714285714285,Moving Average (28D)
2011-11-26,21929,0,20.535714285714285,Moving Average (28D)
2011-11-27,21929,10,20.535714285714285,Moving Average (28D)
2011-11-28,21929,14,20.535714285714285,Moving Average (28D)
2011-11-29,21929,25,20.535714285714285,Moving Average (28D)
2011-11-30,21929,44,20.535714285714285,Moving Average (28D)
2011-12-01,21929,21,20.535714285714285,Moving Average (28D)
2011-12-02,21929,2,20.535714285714285,Moving Average (28D)
2011-12-03,21929,0,20.535714285714285,Moving Average (28D)
2011-12-04,21929,2,20.535714285714285,Moving Average (28D)
2011-12-05,21929,115,20.535714285714285,Moving Average (28D)
2011-12-06,21929,14,20.535714285714285,Moving Average (28D)
2011-12-07,21929,14,20.535714285714285,Moving Average (28D)
2011-12-08,21929,16,20.535714285714285,Moving Average (28D)
2011-12-09,21929,11,20.535714285714285,Moving Average (28D)
2011-11-10,21929,1,69.09838606227751,LightGBM
2011-11-11,21929,100,70.83269424615257,LightGBM
2011-11-12,21929,0,2.433125803618332,LightGBM
2011-11-13,21929,24,21.404657416809364,LightGBM
2011-11-14,21929,3,76.7021330513947,LightGBM
2011-11-15,21929,2,59.42007748167376,LightGBM
2011-11-16,21929,33,93.7531743960025,LightGBM
2011-11-17,21929,24,106.30031384216115,LightGBM
2011-11-18,21929,22,94.49418975063121,LightGBM
2011-11-19,21929,0,2.433125803618332,LightGBM
2011-11-20,21929,17,27.85316883377869,LightGBM
2011-11-21,21929,0,93.52292322866093,LightGBM
2011-11-22,21929,22,117.22108321625197,LightGBM
2011-11-23,21929,6,99.34507053836163,LightGBM
2011-11-24,21929,11,120.09733563892908,LightGBM
2011-11-25,21929,4,113.20827430442168,LightGBM
2011-11-26,21929,0,1.8194310296086176,LightGBM
2011-11-27,21929,10,64.96883005105515,LightGBM
2011-11-28,21929,14,223.48540821204992,LightGBM
2011-11-29,21929,25,197.49987368490093,LightGBM
2011-11-30,21929,44,167.4434387245087,LightGBM
2011-12-01,21929,21,116.40301847560137,LightGBM
2011-12-02,21929,2,116.40301847560137,LightGBM
2011-12-03,21929,0,2.1845673332973354,LightGBM
2011-12-04,21929,2,45.85171080132676,LightGBM
2011-12-05,21929,115,154.91715789539413,LightGBM
2011-12-06,21929,14,146.136848795666,LightGBM
2011-12-07,21929,14,122.98904997088682,LightGBM
2011-12-08,21929,16,111.32741929519261,LightGBM
2011-12-09,21929,11,109.92098016845182,LightGBM
2011-11-10,21929,1,39.61267337449204,Prophet
2011-11-11,21929,100,33.91760551105966,Prophet
2011-11-12,21929,0,0.0,Prophet
2011-11-13,21929,24,5.185126824248453,Prophet
2011-11-14,21929,3,31.20818147527393,Prophet
2011-11-15,21929,2,37.08011339119037,Prophet
2011-11-16,21929,33,33.3195187504535,Prophet
2011-11-17,21929,24,43.98418234754051,Prophet
2011-11-18,21929,22,37.60377768852072,Prophet
2011-11-19,21929,0,0.0,Prophet
2011-11-20,21929,17,7.399450022082316,Prophet
2011-11-21,21929,0,32.66392978473362,Prophet
2011-11-22,21929,22,37.778533298110524,Prophet
2011-11-23,21929,6,33.27207416564491,Prophet
2011-11-24,21929,11,43.21076608817776,Prophet
2011-11-25,21929,4,36.130889467070716,Prophet
2011-11-26,21929,0,0.0,Prophet
2011-11-27,21929,10,4.624778904519918,Prophet
2011-11-28,21929,14,29.291815307469204,Prophet
2011-11-29,21929,25,33.84563056434248,Prophet
2011-11-30,21929,44,28.814536885716347,Prophet
2011-12-01,21929,21,38.263594980643106,Prophet
2011-12-02,21929,2,30.727601972363477,Prophet
2011-12-03,21929,0,0.0,Prophet
2011-12-04,21929,2,0.0,Prophet
2011-12-05,21929,115,22.708100760573117,Prophet
2011-12-06,21929,14,26.929221298623975,Prophet
2011-12-07,21929,14,21.596967813735258,Prophet
2011-12-08,21929,16,30.778666988534688,Prophet
2011-12-09,21929,11,23.012539045555442,Prophet
2011-11-10,21985,27,1.0,Naive (Last Value)
2011-11-11,21985,0,1.0,Naive (Last Value)
2011-11-12,21985,0,1.0,Naive (Last Value)
2011-11-13,21985,1,1.0,Naive (Last Value)
2011-11-14,21985,21,1.0,Naive (Last Value)
2011-11-15,21985,26,1.0,Naive (Last Value)
2011-11-16,21985,18,1.0,Naive (Last Value)
2011-11-17,21985,59,1.0,Naive (Last Value)
2011-11-18,21985,27,1.0,Naive (Last Value)
2011-11-19,21985,0,1.0,Naive (Last Value)
2011-11-20,21985,1,1.0,Naive (Last Value)
2011-11-21,21985,60,1.0,Naive (Last Value)
2011-11-22,21985,7,1.0,Naive (Last Value)
2011-11-23,21985,8,1.0,Naive (Last Value)
2011-11-24,21985,24,1.0,Naive (Last Value)
2011-11-25,21985,13,1.0,Naive (Last Value)
2011-11-26,21985,0,1.0,Naive (Last Value)
2011-11-27,21985,0,1.0,Naive (Last Value)
2011-11-28,21985,12,1.0,Naive (Last Value)
2011-11-29,21985,44,1.0,Naive (Last Value)
2011-11-30,21985,24,1.0,Naive (Last Value)
2011-12-01,21985,25,1.0,Naive (Last Value)
2011-12-02,21985,0,1.0,Naive (Last Value)
2011-12-03,21985,0,1.0,Naive (Last Value)
2011-12-04,21985,0,1.0,Naive (Last Value)
2011-12-05,21985,3,1.0,Naive (Last Value)
2011-12-06,21985,23,1.0,Naive (Last Value)
2011-12-07,21985,12,1.0,Naive (Last Value)
2011-12-08,21985,30,1.0,Naive (Last Value)
2011-12-09,21985,0,1.0,Naive (Last Value)
2011-11-10,21985,27,11.285714285714286,Moving Average (7D)
2011-11-11,21985,0,11.285714285714286,Moving Average (7D)
2011-11-12,21985,0,11.285714285714286,Moving Average (7D)
2011-11-13,21985,1,11.285714285714286,Moving Average (7D)
2011-11-14,21985,21,11.285714285714286,Moving Average (7D)
2011-11-15,21985,26,11.285714285714286,Moving Average (7D)
2011-11-16,21985,18,11.285714285714286,Moving Average (7D)
2011-11-17,21985,59,11.285714285714286,Moving Average (7D)
2011-11-18,21985,27,11.285714285714286,Moving Average (7D)
2011-11-19,21985,0,11.285714285714286,Moving Average (7D)
2011-11-20,21985,1,11.285714285714286,Moving Average (7D)
2011-11-21,21985,60,11.285714285714286,Moving Average (7D)
2011-11-22,21985,7,11.285714285714286,Moving Average (7D)
2011-11-23,21985,8,11.285714285714286,Moving Average (7D)
2011-11-24,21985,24,11.285714285714286,Moving Average (7D)
2011-11-25,21985,13,11.285714285714286,Moving Average (7D)
2011-11-26,21985,0,11.285714285714286,Moving Average (7D)
2011-11-27,21985,0,11.285714285714286,Moving Average (7D)
2011-11-28,21985,12,11.285714285714286,Moving Average (7D)
2011-11-29,21985,44,11.285714285714286,Moving Average (7D)
2011-11-30,21985,24,11.285714285714286,Moving Average (7D)
2011-12-01,21985,25,11.285714285714286,Moving Average (7D)
2011-12-02,21985,0,11.285714285714286,Moving Average (7D)
2011-12-03,21985,0,11.285714285714286,Moving Average (7D)
2011-12-04,21985,0,11.285714285714286,Moving Average (7D)
2011-12-05,21985,3,11.285714285714286,Moving Average (7D)
2011-12-06,21985,23,11.285714285714286,Moving Average (7D)
2011-12-07,21985,12,11.285714285714286,Moving Average (7D)
2011-12-08,21985,30,11.285714285714286,Moving Average (7D)
2011-12-09,21985,0,11.285714285714286,Moving Average (7D)
2011-11-10,21985,27,11.428571428571429,Moving Average (14D)
2011-11-11,21985,0,11.428571428571429,Moving Average (14D)
2011-11-12,21985,0,11.428571428571429,Moving Average (14D)
2011-11-13,21985,1,11.428571428571429,Moving Average (14D)
2011-11-14,21985,21,11.428571428571429,Moving Average (14D)
2011-11-15,21985,26,11.428571428571429,Moving Average (14D)
2011-11-16,21985,18,11.428571428571429,Moving Average (14D)
2011-11-17,21985,59,11.428571428571429,Moving Average (14D)
2011-11-18,21985,27,11.428571428571429,Moving Average (14D)
2011-11-19,21985,0,11.428571428571429,Moving Average (14D)
2011-11-20,21985,1,11.428571428571429,Moving Average (14D)
2011-11-21,21985,60,11.428571428571429,Moving Average (14D)
2011-11-22,21985,7,11.428571428571429,Moving Average (14D)
2011-11-23,21985,8,11.428571428571429,Moving Average (14D)
2011-11-24,21985,24,11.428571428571429,Moving Average (14D)
2011-11-25,21985,13,11.428571428571429,Moving Average (14D)
2011-11-26,21985,0,11.428571428571429,Moving Average (14D)
2011-11-27,21985,0,11.428571428571429,Moving Average (14D)
2011-11-28,21985,12,11.428571428571429,Moving Average (14D)
2011-11-29,21985,44,11.428571428571429,Moving Average (14D)
2011-11-30,21985,24,11.428571428571429,Moving Average (14D)
2011-12-01,21985,25,11.428571428571429,Moving Average (14D)
2011-12-02,21985,0,11.428571428571429,Moving Average (14D)
2011-12-03,21985,0,11.428571428571429,Moving Average (14D)
2011-12-04,21985,0,11.428571428571429,Moving Average (14D)
2011-12-05,21985,3,11.428571428571429,Moving Average (14D)
2011-12-06,21985,23,11.428571428571429,Moving Average (14D)
2011-12-07,21985,12,11.428571428571429,Moving Average (14D)
2011-12-08,21985,30,11.428571428571429,Moving Average (14D)
2011-12-09,21985,0,11.428571428571429,Moving Average (14D)
2011-11-10,21985,27,10.714285714285714,Moving Average (28D)
2011-11-11,21985,0,10.714285714285714,Moving Average (28D)
2011-11-12,21985,0,10.714285714285714,Moving Average (28D)
2011-11-13,21985,1,10.714285714285714,Moving Average (28D)
2011-11-14,21985,21,10.714285714285714,Moving Average (28D)
2011-11-15,21985,26,10.714285714285714,Moving Average (28D)
2011-11-16,21985,18,10.714285714285714,Moving Average (28D)
2011-11-17,21985,59,10.714285714285714,Moving Average (28D)
2011-11-18,21985,27,10.714285714285714,Moving Average (28D)
2011-11-19,21985,0,10.714285714285714,Moving Average (28D)
2011-11-20,21985,1,10.714285714285714,Moving Average (28D)
2011-11-21,21985,60,10.714285714285714,Moving Average (28D)
2011-11-22,21985,7,10.714285714285714,Moving Average (28D)
2011-11-23,21985,8,10.714285714285714,Moving Average (28D)
2011-11-24,21985,24,10.714285714285714,Moving Average (28D)
2011-11-25,21985,13,10.714285714285714,Moving Average (28D)
2011-11-26,21985,0,10.714285714285714,Moving Average (28D)
2011-11-27,21985,0,10.714285714285714,Moving Average (28D)
2011-11-28,21985,12,10.714285714285714,Moving Average (28D)
2011-11-29,21985,44,10.714285714285714,Moving Average (28D)
2011-11-30,21985,24,10.714285714285714,Moving Average (28D)
2011-12-01,21985,25,10.714285714285714,Moving Average (28D)
2011-12-02,21985,0,10.714285714285714,Moving Average (28D)
2011-12-03,21985,0,10.714285714285714,Moving Average (28D)
2011-12-04,21985,0,10.714285714285714,Moving Average (28D)
2011-12-05,21985,3,10.714285714285714,Moving Average (28D)
2011-12-06,21985,23,10.714285714285714,Moving Average (28D)
2011-12-07,21985,12,10.714285714285714,Moving Average (28D)
2011-12-08,21985,30,10.714285714285714,Moving Average (28D)
2011-12-09,21985,0,10.714285714285714,Moving Average (28D)
2011-11-10,21985,27,29.94774830551837,LightGBM
2011-11-11,21985,0,3.6520957767815556,LightGBM
2011-11-12,21985,0,11.0059829954091,LightGBM
2011-11-13,21985,1,16.91001774364254,LightGBM
2011-11-14,21985,21,20.301590732188437,LightGBM
2011-11-15,21985,26,37.78180517405679,LightGBM
2011-11-16,21985,18,27.883178203719915,LightGBM
2011-11-17,21985,59,41.995083261598005,LightGBM
2011-11-18,21985,27,16.74327272352806,LightGBM
2011-11-19,21985,0,10.29634663242082,LightGBM
2011-11-20,21985,1,20.350583794021748,LightGBM
2011-11-21,21985,60,30.309665297878166,LightGBM
2011-11-22,21985,7,45.2739452564989,LightGBM
2011-11-23,21985,8,38.25570793257809,LightGBM
2011-11-24,21985,24,207.5768945179159,LightGBM
2011-11-25,21985,13,27.129371091861156,LightGBM
2011-11-26,21985,0,8.365359907093403,LightGBM
2011-11-27,21985,0,13.451076733138533,LightGBM
2011-11-28,21985,12,16.84264972168443,LightGBM
2011-11-29,21985,44,6.947182137649852,LightGBM
2011-11-30,21985,24,19.5995732826394,LightGBM
2011-12-01,21985,25,19.48440041076944,LightGBM
2011-12-02,21985,0,23.406684552017424,LightGBM
2011-12-03,21985,0,11.8166255993523,LightGBM
2011-12-04,21985,0,13.809022756340207,LightGBM
2011-12-05,21985,3,17.20059574488611,LightGBM
2011-12-06,21985,23,57.7288158477246,LightGBM
2011-12-07,21985,12,34.188758492556666,LightGBM
2011-12-08,21985,30,24.53802918841874,LightGBM
2011-12-09,21985,0,39.70596526466106,LightGBM
2011-11-10,21985,27,26.574534216922324,Prophet
2011-11-11,21985,0,11.63644272965653,Prophet
2011-11-12,21985,0,0.0,Prophet
2011-11-13,21985,1,0.779134274592657,Prophet
2011-11-14,21985,21,8.699636430148281,Prophet
2011-11-15,21985,26,77.96656448922263,Prophet
2011-11-16,21985,18,11.392573372202275,Prophet
2011-11-17,21985,59,30.736754398334796,Prophet
2011-11-18,21985,27,14.091857164056261,Prophet
2011-11-19,21985,0,0.0,Prophet
2011-11-20,21985,1,0.0,Prophet
2011-11-21,21985,60,5.291970677600197,Prophet
2011-11-22,21985,7,72.53905149218708,Prophet
2011-11-23,21985,8,4.009398582068064,Prophet
2011-11-24,21985,24,21.52027510380538,Prophet
2011-11-25,21985,13,3.2202093892164356,Prophet
2011-11-26,21985,0,0.0,Prophet
2011-11-27,21985,0,0.0,Prophet
2011-11-28,21985,12,0.0,Prophet
2011-11-29,21985,44,57.769775783659185,Prophet
2011-11-30,21985,24,0.0,Prophet
2011-12-01,21985,25,6.887339132369785,Prophet
2011-12-02,21985,0,0.0,Prophet
2011-12-03,21985,0,0.0,Prophet
2011-12-04,21985,0,0.0,Prophet
2011-12-05,21985,3,0.0,Prophet
2011-12-06,21985,23,49.782515974099084,Prophet
2011-12-07,21985,12,0.0,Prophet
2011-12-08,21985,30,3.4737177485928203,Prophet
2011-12-09,21985,0,0.0,Prophet
2011-11-10,21984,2,0.0,Naive (Last Value)
2011-11-11,21984,9,0.0,Naive (Last Value)
2011-11-12,21984,0,0.0,Naive (Last Value)
2011-11-13,21984,0,0.0,Naive (Last Value)
2011-11-14,21984,1,0.0,Naive (Last Value)
2011-11-15,21984,6,0.0,Naive (Last Value)
2011-11-16,21984,3,0.0,Naive (Last Value)
2011-11-17,21984,1,0.0,Naive (Last Value)
2011-11-18,21984,1,0.0,Naive (Last Value)
2011-11-19,21984,0,0.0,Naive (Last Value)
2011-11-20,21984,0,0.0,Naive (Last Value)
2011-11-21,21984,24,0.0,Naive (Last Value)
2011-11-22,21984,1,0.0,Naive (Last Value)
2011-11-23,21984,2,0.0,Naive (Last Value)
2011-11-24,21984,26,0.0,Naive (Last Value)
2011-11-25,21984,1,0.0,Naive (Last Value)
2011-11-26,21984,0,0.0,Naive (Last Value)
2011-11-27,21984,1,0.0,Naive (Last Value)
2011-11-28,21984,3,0.0,Naive (Last Value)
2011-11-29,21984,0,0.0,Naive (Last Value)
2011-11-30,21984,1,0.0,Naive (Last Value)
2011-12-01,21984,7,0.0,Naive (Last Value)
2011-12-02,21984,3,0.0,Naive (Last Value)
2011-12-03,21984,0,0.0,Naive (Last Value)
2011-12-04,21984,0,0.0,Naive (Last Value)
2011-12-05,21984,0,0.0,Naive (Last Value)
2011-12-06,21984,0,0.0,Naive (Last Value)
2011-12-07,21984,0,0.0,Naive (Last Value)
2011-12-08,21984,30,0.0,Naive (Last Value)
2011-12-09,21984,1,0.0,Naive (Last Value)
2011-11-10,21984,2,8.428571428571429,Moving Average (7D)
2011-11-11,21984,9,8.428571428571429,Moving Average (7D)
2011-11-12,21984,0,8.428571428571429,Moving Average (7D)
2011-11-13,21984,0,8.428571428571429,Moving Average (7D)
2011-11-14,21984,1,8.428571428571429,Moving Average (7D)
2011-11-15,21984,6,8.428571428571429,Moving Average (7D)
2011-11-16,21984,3,8.428571428571429,Moving Average (7D)
2011-11-17,21984,1,8.428571428571429,Moving Average (7D)
2011-11-18,21984,1,8.428571428571429,Moving Average (7D)
2011-11-19,21984,0,8.428571428571429,Moving Average (7D)
2011-11-20,21984,0,8.428571428571429,Moving Average (7D)
2011-11-21,21984,24,8.428571428571429,Moving Average (7D)
2011-11-22,21984,1,8.428571428571429,Moving Average (7D)
2011-11-23,21984,2,8.428571428571429,Moving Average (7D)
2011-11-24,21984,26,8.428571428571429,Moving Average (7D)
2011-11-25,21984,1,8.428571428571429,Moving Average (7D)
2011-11-26,21984,0,8.428571428571429,Moving Average (7D)
2011-11-27,21984,1,8.428571428571429,Moving Average (7D)
2011-11-28,21984,3,8.428571428571429,Moving Average (7D)
2011-11-29,21984,0,8.428571428571429,Moving Average (7D)
2011-11-30,21984,1,8.428571428571429,Moving Average (7D)
2011-12-01,21984,7,8.428571428571429,Moving Average (7D)
2011-12-02,21984,3,8.428571428571429,Moving Average (7D)
2011-12-03,21984,0,8.428571428571429,Moving Average (7D)
2011-12-04,21984,0,8.428571428571429,Moving Average (7D)
2011-12-05,21984,0,8.428571428571429,Moving Average (7D)
2011-12-06,21984,0,8.428571428571429,Moving Average (7D)
2011-12-07,21984,0,8.428571428571429,Moving Average (7D)
2011-12-08,21984,30,8.428571428571429,Moving Average (7D)
2011-12-09,21984,1,8.428571428571429,Moving Average (7D)
2011-11-10,21984,2,5.428571428571429,Moving Average (14D)
2011-11-11,21984,9,5.428571428571429,Moving Average (14D)
2011-11-12,21984,0,5.428571428571429,Moving Average (14D)
2011-11-13,21984,0,5.428571428571429,Moving Average (14D)
2011-11-14,21984,1,5.428571428571429,Moving Average (14D)
2011-11-15,21984,6,5.428571428571429,Moving Average (14D)
2011-11-16,21984,3,5.428571428571429,Moving Average (14D)
2011-11-17,21984,1,5.428571428571429,Moving Average (14D)
2011-11-18,21984,1,5.428571428571429,Moving Average (14D)
2011-11-19,21984,0,5.428571428571429,Moving Average (14D)
2011-11-20,21984,0,5.428571428571429,Moving Average (14D)
2011-11-21,21984,24,5.428571428571429,Moving Average (14D)
2011-11-22,21984,1,5.428571428571429,Moving Average (14D)
2011-11-23,21984,2,5.428571428571429,Moving Average (14D)
2011-11-24,21984,26,5.428571428571429,Moving Average (14D)
2011-11-25,21984,1,5.428571428571429,Moving Average (14D)
2011-11-26,21984,0,5.428571428571429,Moving Average (14D)
2011-11-27,21984,1,5.428571428571429,Moving Average (14D)
2011-11-28,21984,3,5.428571428571429,Moving Average (14D)
2011-11-29,21984,0,5.428571428571429,Moving Average (14D)
2011-11-30,21984,1,5.428571428571429,Moving Average (14D)
2011-12-01,21984,7,5.428571428571429,Moving Average (14D)
2011-12-02,21984,3,5.428571428571429,Moving Average (14D)
2011-12-03,21984,0,5.428571428571429,Moving Average (14D)
2011-12-04,21984,0,5.428571428571429,Moving Average (14D)
2011-12-05,21984,0,5.428571428571429,Moving Average (14D)
2011-12-06,21984,0,5.428571428571429,Moving Average (14D)
2011-12-07,21984,0,5.428571428571429,Moving Average (14D)
2011-12-08,21984,30,5.428571428571429,Moving Average (14D)
2011-12-09,21984,1,5.428571428571429,Moving Average (14D)
2011-11-10,21984,2,6.714285714285714,Moving Average (28D)
2011-11-11,21984,9,6.714285714285714,Moving Average (28D)
2011-11-12,21984,0,6.714285714285714,Moving Average (28D)
2011-11-13,21984,0,6.714285714285714,Moving Average (28D)
2011-11-14,21984,1,6.714285714285714,Moving Average (28D)
2011-11-15,21984,6,6.714285714285714,Moving Average (28D)
2011-11-16,21984,3,6.714285714285714,Moving Average (28D)
2011-11-17,21984,1,6.714285714285714,Moving Average (28D)
2011-11-18,21984,1,6.714285714285714,Moving Average (28D)
2011-11-19,21984,0,6.714285714285714,Moving Average (28D)
2011-11-20,21984,0,6.714285714285714,Moving Average (28D)
2011-11-21,21984,24,6.714285714285714,Moving Average (28D)
2011-11-22,21984,1,6.714285714285714,Moving Average (28D)
2011-11-23,21984,2,6.714285714285714,Moving Average (28D)
2011-11-24,21984,26,6.714285714285714,Moving Average (28D)
2011-11-25,21984,1,6.714285714285714,Moving Average (28D)
2011-11-26,21984,0,6.714285714285714,Moving Average (28D)
2011-11-27,21984,1,6.714285714285714,Moving Average (28D)
2011-11-28,21984,3,6.714285714285714,Moving Average (28D)
2011-11-29,21984,0,6.714285714285714,Moving Average (28D)
2011-11-30,21984,1,6.714285714285714,Moving Average (28D)
2011-12-01,21984,7,6.714285714285714,Moving Average (28D)
2011-12-02,21984,3,6.714285714285714,Moving Average (28D)
2011-12-03,21984,0,6.714285714285714,Moving Average (28D)
2011-12-04,21984,0,6.714285714285714,Moving Average (28D)
2011-12-05,21984,0,6.714285714285714,Moving Average (28D)
2011-12-06,21984,0,6.714285714285714,Moving Average (28D)
2011-12-07,21984,0,6.714285714285714,Moving Average (28D)
2011-12-08,21984,30,6.714285714285714,Moving Average (28D)
2011-12-09,21984,1,6.714285714285714,Moving Average (28D)
2011-11-10,21984,2,111.55644772016461,LightGBM
2011-11-11,21984,9,11.747133137416165,LightGBM
2011-11-12,21984,0,4.48829922476431,LightGBM
2011-11-13,21984,0,10.081594423057163,LightGBM
2011-11-14,21984,1,12.889797237609267,LightGBM
2011-11-15,21984,6,13.00811209311277,LightGBM
2011-11-16,21984,3,12.643102111239378,LightGBM
2011-11-17,21984,1,4.806460883328444,LightGBM
2011-11-18,21984,1,9.991409148772986,LightGBM
2011-11-19,21984,0,6.517529730111054,LightGBM
2011-11-20,21984,0,10.731859728484418,LightGBM
2011-11-21,21984,24,10.242471799936505,LightGBM
2011-11-22,21984,1,10.683613883946522,LightGBM
2011-11-23,21984,2,11.913452392205867,LightGBM
2011-11-24,21984,26,11.913452392205867,LightGBM
2011-11-25,21984,1,12.21656692131913,LightGBM
2011-11-26,21984,0,6.392927688849258,LightGBM
2011-11-27,21984,1,12.21656692131913,LightGBM
2011-11-28,21984,3,11.525577527637813,LightGBM
2011-11-29,21984,0,12.707170191359259,LightGBM
2011-11-30,21984,1,12.45610754019574,LightGBM
2011-12-01,21984,7,19.47897944607181,LightGBM
2011-12-02,21984,3,18.007012454591386,LightGBM
2011-12-03,21984,0,7.13337826856069,LightGBM
2011-12-04,21984,0,11.886450065694445,LightGBM
2011-12-05,21984,0,11.397062137146532,LightGBM
2011-12-06,21984,0,12.578654800867975,LightGBM
2011-12-07,21984,0,13.068042729415888,LightGBM
2011-12-08,21984,30,16.954861190379354,LightGBM
2011-12-09,21984,1,11.886450065694445,LightGBM
2011-11-10,21984,2,9.749415013553921,Prophet
2011-11-11,21984,9,0.0,Prophet
2011-11-12,21984,0,0.0,Prophet
2011-11-13,21984,0,0.0,Prophet
2011-11-14,21984,1,0.0,Prophet
2011-11-15,21984,6,108.89360154056911,Prophet
2011-11-16,21984,3,0.5128975316175222,Prophet
2011-11-17,21984,1,66.48565537689765,Prophet
2011-11-18,21984,1,24.3404553223736,Prophet
2011-11-19,21984,0,25.85868137276642,Prophet
2011-11-20,21984,0,48.668049484620354,Prophet
2011-11-21,21984,24,73.11605838645318,Prophet
2011-11-22,21984,1,196.48518097563561,Prophet
2011-11-23,21984,2,89.64113505302868,Prophet
2011-11-24,21984,26,155.27340958270486,Prophet
2011-11-25,21984,1,110.85370225251435,Prophet
2011-11-26,21984,0,108.15503345842436,Prophet
2011-11-27,21984,1,124.84637239595742,Prophet
2011-11-28,21984,3,141.36582761848254,Prophet
2011-11-29,21984,0,255.1342114385741,Prophet
2011-11-30,21984,1,137.2003473796868,Prophet
2011-12-01,21984,7,190.47736581364697,Prophet
2011-12-02,21984,3,132.69574930954286,Prophet
2011-12-03,21984,0,115.91603268003465,Prophet
2011-12-04,21984,0,118.1161635889093,Prophet
2011-12-05,21984,0,120.05677194471266,Prophet
2011-12-06,21984,0,219.48637356307552,Prophet
2011-12-07,21984,0,87.77810758202801,Prophet
2011-12-08,21984,30,128.15749070186075,Prophet
2011-12-09,21984,1,58.64718860339095,Prophet
2011-11-10,22383,50,52.0,Naive (Last Value)
2011-11-11,22383,30,52.0,Naive (Last Value)
2011-11-12,22383,0,52.0,Naive (Last Value)
2011-11-13,22383,18,52.0,Naive (Last Value)
2011-11-14,22383,37,52.0,Naive (Last Value)
2011-11-15,22383,9,52.0,Naive (Last Value)
2011-11-16,22383,35,52.0,Naive (Last Value)
2011-11-17,22383,25,52.0,Naive (Last Value)
2011-11-18,22383,40,52.0,Naive (Last Value)
2011-11-19,22383,0,52.0,Naive (Last Value)
2011-11-20,22383,10,52.0,Naive (Last Value)
2011-11-21,22383,14,52.0,Naive (Last Value)
2011-11-22,22383,29,52.0,Naive (Last Value)
2011-11-23,22383,152,52.0,Naive (Last Value)
2011-11-24,22383,23,52.0,Naive (Last Value)
2011-11-25,22383,33,52.0,Naive (Last Value)
2011-11-26,22383,0,52.0,Naive (Last Value)
2011-11-27,22383,37,52.0,Naive (Last Value)
2011-11-28,22383,56,52.0,Naive (Last Value)
2011-11-29,22383,19,52.0,Naive (Last Value)
2011-11-30,22383,12,52.0,Naive (Last Value)
2011-12-01,22383,5,52.0,Naive (Last Value)
2011-12-02,22383,36,52.0,Naive (Last Value)
2011-12-03,22383,0,52.0,Naive (Last Value)
2011-12-04,22383,8,52.0,Naive (Last Value)
2011-12-05,22383,23,52.0,Naive (Last Value)
2011-12-06,22383,37,52.0,Naive (Last Value)
2011-12-07,22383,17,52.0,Naive (Last Value)
2011-12-08,22383,33,52.0,Naive (Last Value)
2011-12-09,22383,2,52.0,Naive (Last Value)
2011-11-10,22383,50,41.57142857142857,Moving Average (7D)
2011-11-11,22383,30,41.57142857142857,Moving Average (7D)
2011-11-12,22383,0,41.57142857142857,Moving Average (7D)
2011-11-13,22383,18,41.57142857142857,Moving Average (7D)
2011-11-14,22383,37,41.57142857142857,Moving Average (7D)
2011-11-15,22383,9,41.57142857142857,Moving Average (7D)
2011-11-16,22383,35,41.57142857142857,Moving Average (7D)
2011-11-17,22383,25,41.57142857142857,Moving Average (7D)
2011-11-18,22383,40,41.57142857142857,Moving Average (7D)
2011-11-19,22383,0,41.57142857142857,Moving Average (7D)
2011-11-20,22383,10,41.57142857142857,Moving Average (7D)
2011-11-21,22383,14,41.57142857142857,Moving Average (7D)
2011-11-22,22383,29,41.57142857142857,Moving Average (7D)
2011-11-23,22383,152,41.57142857142857,Moving Average (7D)
2011-11-24,22383,23,41.57142857142857,Moving Average (7D)
2011-11-25,22383,33,41.57142857142857,Moving Average (7D)
2011-11-26,22383,0,41.57142857142857,Moving Average (7D)
2011-11-27,22383,37,41.57142857142857,Moving Average (7D)
2011-11-28,22383,56,41.57142857142857,Moving Average (7D)
2011-11-29,22383,19,41.57142857142857,Moving Average (7D)
2011-11-30,22383,12,41.57142857142857,Moving Average (7D)
2011-12-01,22383,5,41.57142857142857,Moving Average (7D)
2011-12-02,22383,36,41.57142857142857,Moving Average (7D)
2011-12-03,22383,0,41.57142857142857,Moving Average (7D)
2011-12-04,22383,8,41.57142857142857,Moving Average (7D)
2011-12-05,22383,23,41.57142857142857,Moving Average (7D)
2011-12-06,22383,37,41.57142857142857,Moving Average (7D)
2011-12-07,22383,17,41.57142857142857,Moving Average (7D)
2011-12-08,22383,33,41.57142857142857,Moving Average (7D)
2011-12-09,22383,2,41.57142857142857,Moving Average (7D)
2011-11-10,22383,50,35.42857142857143,Moving Average (14D)
2011-11-11,22383,30,35.42857142857143,Moving Average (14D)
2011-11-12,22383,0,35.42857142857143,Moving Average (14D)
2011-11-13,22383,18,35.42857142857143,Moving Average (14D)
2011-11-14,22383,37,35.42857142857143,Moving Average (14D)
2011-11-15,22383,9,35.42857142857143,Moving Average (14D)
2011-11-16,22383,35,35.42857142857143,Moving Average (14D)
2011-11-17,22383,25,35.42857142857143,Moving Average (14D)
2011-11-18,22383,40,35.42857142857143,Moving Average (14D)
2011-11-19,22383,0,35.42857142857143,Moving Average (14D)
2011-11-20,22383,10,35.42857142857143,Moving Average (14D)
2011-11-21,22383,14,35.42857142857143,Moving Average (14D)
2011-11-22,22383,29,35.42857142857143,Moving Average (14D)
2011-11-23,22383,152,35.42857142857143,Moving Average (14D)
2011-11-24,22383,23,35.42857142857143,Moving Average (14D)
2011-11-25,22383,33,35.42857142857143,Moving Average (14D)
2011-11-26,22383,0,35.42857142857143,Moving Average (14D)
2011-11-27,22383,37,35.42857142857143,Moving Average (14D)
2011-11-28,22383,56,35.42857142857143,Moving Average (14D)
2011-11-29,22383,19,35.42857142857143,Moving Average (14D)
2011-11-30,22383,12,35.42857142857143,Moving Average (14D)
2011-12-01,22383,5,35.42857142857143,Moving Average (14D)
2011-12-02,22383,36,35.42857142857143,Moving Average (14D)
2011-12-03,22383,0,35.42857142857143,Moving Average (14D)
2011-12-04,22383,8,35.42857142857143,Moving Average (14D)
2011-12-05,22383,23,35.42857142857143,Moving Average (14D)
2011-12-06,22383,37,35.42857142857143,Moving Average (14D)
2011-12-07,22383,17,35.42857142857143,Moving Average (14D)
2011-12-08,22383,33,35.42857142857143,Moving Average (14D)
2011-12-09,22383,2,35.42857142857143,Moving Average (14D)
2011-11-10,22383,50,26.785714285714285,Moving Average (28D)
2011-11-11,22383,30,26.785714285714285,Moving Average (28D)
2011-11-12,22383,0,26.785714285714285,Moving Average (28D)
2011-11-13,22383,18,26.785714285714285,Moving Average (28D)
2011-11-14,22383,37,26.785714285714285,Moving Average (28D)
2011-11-15,22383,9,26.785714285714285,Moving Average (28D)
2011-11-16,22383,35,26.785714285714285,Moving Average (28D)
2011-11-17,22383,25,26.785714285714285,Moving Average (28D)
2011-11-18,22383,40,26.785714285714285,Moving Average (28D)
2011-11-19,22383,0,26.785714285714285,Moving Average (28D)
2011-11-20,22383,10,26.785714285714285,Moving Average (28D)
2011-11-21,22383,14,26.785714285714285,Moving Average (28D)
2011-11-22,22383,29,26.785714285714285,Moving Average (28D)
2011-11-23,22383,152,26.785714285714285,Moving Average (28D)
2011-11-24,22383,23,26.785714285714285,Moving Average (28D)
2011-11-25,22383,33,26.785714285714285,Moving Average (28D)
2011-11-26,22383,0,26.785714285714285,Moving Average (28D)
2011-11-27,22383,37,26.785714285714285,Moving Average (28D)
2011-11-28,22383,56,26.785714285714285,Moving Average (28D)
2011-11-29,22383,19,26.785714285714285,Moving Average (28D)
2011-11-30,22383,12,26.785714285714285,Moving Average (28D)
2011-12-01,22383,5,26.785714285714285,Moving Average (28D)
2011-12-02,22383,36,26.785714285714285,Moving Average (28D)
2011-12-03,22383,0,26.785714285714285,Moving Average (28D)
2011-12-04,22383,8,26.785714285714285,Moving Average (28D)
2011-12-05,22383,23,26.785714285714285,Moving Average (28D)
2011-12-06,22383,37,26.785714285714285,Moving Average (28D)
2011-12-07,22383,17,26.785714285714285,Moving Average (28D)
2011-12-08,22383,33,26.785714285714285,Moving Average (28D)
2011-12-09,22383,2,26.785714285714285,Moving Average (28D)
2011-11-10,22383,50,23.164354152916843,LightGBM
2011-11-11,22383,30,34.64462354659108,LightGBM
2011-11-12,22383,0,3.502922905655435,LightGBM
2011-11-13,22383,18,45.094941885390114,LightGBM
2011-11-14,22383,37,47.59784204779045,LightGBM
2011-11-15,22383,9,52.00760033124238,LightGBM
2011-11-16,22383,35,57.87710068995561,LightGBM
2011-11-17,22383,25,56.99591176797694,LightGBM
2011-11-18,22383,40,71.0440913201168,LightGBM
2011-11-19,22383,0,23.024545390775614,LightGBM
2011-11-20,22383,10,35.47805216523547,LightGBM
2011-11-21,22383,14,57.175829246451315,LightGBM
2011-11-22,22383,29,79.87990998233111,LightGBM
2011-11-23,22383,152,65.15943091911467,LightGBM
2011-11-24,22383,23,74.93057713772608,LightGBM
2011-11-25,22383,33,74.90122297251965,LightGBM
2011-11-26,22383,0,30.723187200240446,LightGBM
2011-11-27,22383,37,50.032576730020345,LightGBM
2011-11-28,22383,56,62.759495687638285,LightGBM
2011-11-29,22383,19,91.15243185863167,LightGBM
2011-11-30,22383,12,79.81779191491047,LightGBM
2011-12-01,22383,5,90.55225515336055,LightGBM
2011-12-02,22383,36,75.24676608051408,LightGBM
2011-12-03,22383,0,35.33712918985967,LightGBM
2011-12-04,22383,8,48.27622152263076,LightGBM
2011-12-05,22383,23,66.9101045428693,LightGBM
2011-12-06,22383,37,74.60802170577608,LightGBM
2011-12-07,22383,17,76.82464586610702,LightGBM
2011-12-08,22383,33,76.4968725268274,LightGBM
2011-12-09,22383,2,65.47203400730507,LightGBM
2011-11-10,22383,50,45.77926893150154,Prophet
2011-11-11,22383,30,37.669747881674716,Prophet
2011-11-12,22383,0,0.0,Prophet
2011-11-13,22383,18,32.2527827012622,Prophet
2011-11-14,22383,37,36.67303735632972,Prophet
2011-11-15,22383,9,48.020278355754805,Prophet
2011-11-16,22383,35,47.30518633024405,Prophet
2011-11-17,22383,25,51.48906825940286,Prophet
2011-11-18,22383,40,42.52244724479698,Prophet
2011-11-19,22383,0,3.4567998053487123,Prophet
2011-11-20,22383,10,35.15689213220137,Prophet
2011-11-21,22383,14,38.51740375343106,Prophet
2011-11-22,22383,29,48.77007772519299,Prophet
2011-11-23,22383,152,46.94240338704948,Prophet
2011-11-24,22383,23,50.01224844785734,Prophet
2011-11-25,22383,33,39.94612948727262,Prophet
2011-11-26,22383,0,0.0,Prophet
2011-11-27,22383,37,30.484617191667695,Prophet
2011-11-28,22383,56,32.87537035677513,Prophet
2011-11-29,22383,19,42.225831499250965,Prophet
2011-11-30,22383,12,39.57301888240501,Prophet
2011-12-01,22383,5,41.90260199233857,Prophet
2011-12-02,22383,36,31.18713314665384,Prophet
2011-12-03,22383,0,0.0,Prophet
2011-12-04,22383,8,20.71504387706164,Prophet
2011-12-05,22383,23,22.74806333339984,Prophet
2011-12-06,22383,37,31.83889142243162,Prophet
2011-12-07,22383,17,29.02259923453974,Prophet
2011-12-08,22383,33,31.28170770464094,Prophet
2011-12-09,22383,2,20.584600023096957,Prophet
