Date,StockCode,Actual_Demand,Predicted_Demand,Model
2011-11-10,84077,245,144.0,Naive (Last Value)
2011-11-11,84077,250,144.0,Naive (Last Value)
2011-11-12,84077,0,144.0,Naive (Last Value)
2011-11-13,84077,144,144.0,Naive (Last Value)
2011-11-14,84077,340,144.0,Naive (Last Value)
2011-11-15,84077,101,144.0,Naive (Last Value)
2011-11-16,84077,293,144.0,Naive (Last Value)
2011-11-17,84077,192,144.0,Naive (Last Value)
2011-11-18,84077,148,144.0,Naive (Last Value)
2011-11-19,84077,0,144.0,Naive (Last Value)
2011-11-20,84077,96,144.0,Naive (Last Value)
2011-11-21,84077,348,144.0,Naive (Last Value)
2011-11-22,84077,97,144.0,Naive (Last Value)
2011-11-23,84077,257,144.0,Naive (Last Value)
2011-11-24,84077,19,144.0,Naive (Last Value)
2011-11-25,84077,98,144.0,Naive (Last Value)
2011-11-26,84077,0,144.0,Naive (Last Value)
2011-11-27,84077,96,144.0,Naive (Last Value)
2011-11-28,84077,58,144.0,Naive (Last Value)
2011-11-29,84077,96,144.0,Naive (Last Value)
2011-11-30,84077,241,144.0,Naive (Last Value)
2011-12-01,84077,198,144.0,Naive (Last Value)
2011-12-02,84077,96,144.0,Naive (Last Value)
2011-12-03,84077,0,144.0,Naive (Last Value)
2011-12-04,84077,0,144.0,Naive (Last Value)
2011-12-05,84077,205,144.0,Naive (Last Value)
2011-12-06,84077,243,144.0,Naive (Last Value)
2011-12-07,84077,240,144.0,Naive (Last Value)
2011-12-08,84077,336,144.0,Naive (Last Value)
2011-12-09,84077,49,144.0,Naive (Last Value)
2011-11-10,84077,245,164.57142857142858,Moving Average (7D)
2011-11-11,84077,250,164.57142857142858,Moving Average (7D)
2011-11-12,84077,0,164.57142857142858,Moving Average (7D)
2011-11-13,84077,144,164.57142857142858,Moving Average (7D)
2011-11-14,84077,340,164.57142857142858,Moving Average (7D)
2011-11-15,84077,101,164.57142857142858,Moving Average (7D)
2011-11-16,84077,293,164.57142857142858,Moving Average (7D)
2011-11-17,84077,192,164.57142857142858,Moving Average (7D)
2011-11-18,84077,148,164.57142857142858,Moving Average (7D)
2011-11-19,84077,0,164.57142857142858,Moving Average (7D)
2011-11-20,84077,96,164.57142857142858,Moving Average (7D)
2011-11-21,84077,348,164.57142857142858,Moving Average (7D)
2011-11-22,84077,97,164.57142857142858,Moving Average (7D)
2011-11-23,84077,257,164.57142857142858,Moving Average (7D)
2011-11-24,84077,19,164.57142857142858,Moving Average (7D)
2011-11-25,84077,98,164.57142857142858,Moving Average (7D)
2011-11-26,84077,0,164.57142857142858,Moving Average (7D)
2011-11-27,84077,96,164.57142857142858,Moving Average (7D)
2011-11-28,84077,58,164.57142857142858,Moving Average (7D)
2011-11-29,84077,96,164.57142857142858,Moving Average (7D)
2011-11-30,84077,241,164.57142857142858,Moving Average (7D)
2011-12-01,84077,198,164.57142857142858,Moving Average (7D)
2011-12-02,84077,96,164.57142857142858,Moving Average (7D)
2011-12-03,84077,0,164.57142857142858,Moving Average (7D)
2011-12-04,84077,0,164.57142857142858,Moving Average (7D)
2011-12-05,84077,205,164.57142857142858,Moving Average (7D)
2011-12-06,84077,243,164.57142857142858,Moving Average (7D)
2011-12-07,84077,240,164.57142857142858,Moving Average (7D)
2011-12-08,84077,336,164.57142857142858,Moving Average (7D)
2011-12-09,84077,49,164.57142857142858,Moving Average (7D)
2011-11-10,84077,245,457.0,Moving Average (14D)
2011-11-11,84077,250,457.0,Moving Average (14D)
2011-11-12,84077,0,457.0,Moving Average (14D)
2011-11-13,84077,144,457.0,Moving Average (14D)
2011-11-14,84077,340,457.0,Moving Average (14D)
2011-11-15,84077,101,457.0,Moving Average (14D)
2011-11-16,84077,293,457.0,Moving Average (14D)
2011-11-17,84077,192,457.0,Moving Average (14D)
2011-11-18,84077,148,457.0,Moving Average (14D)
2011-11-19,84077,0,457.0,Moving Average (14D)
2011-11-20,84077,96,457.0,Moving Average (14D)
2011-11-21,84077,348,457.0,Moving Average (14D)
2011-11-22,84077,97,457.0,Moving Average (14D)
2011-11-23,84077,257,457.0,Moving Average (14D)
2011-11-24,84077,19,457.0,Moving Average (14D)
2011-11-25,84077,98,457.0,Moving Average (14D)
2011-11-26,84077,0,457.0,Moving Average (14D)
2011-11-27,84077,96,457.0,Moving Average (14D)
2011-11-28,84077,58,457.0,Moving Average (14D)
2011-11-29,84077,96,457.0,Moving Average (14D)
2011-11-30,84077,241,457.0,Moving Average (14D)
2011-12-01,84077,198,457.0,Moving Average (14D)
2011-12-02,84077,96,457.0,Moving Average (14D)
2011-12-03,84077,0,457.0,Moving Average (14D)
2011-12-04,84077,0,457.0,Moving Average (14D)
2011-12-05,84077,205,457.0,Moving Average (14D)
2011-12-06,84077,243,457.0,Moving Average (14D)
2011-12-07,84077,240,457.0,Moving Average (14D)
2011-12-08,84077,336,457.0,Moving Average (14D)
2011-12-09,84077,49,457.0,Moving Average (14D)
2011-11-10,84077,245,289.0357142857143,Moving Average (28D)
2011-11-11,84077,250,289.0357142857143,Moving Average (28D)
2011-11-12,84077,0,289.0357142857143,Moving Average (28D)
2011-11-13,84077,144,289.0357142857143,Moving Average (28D)
2011-11-14,84077,340,289.0357142857143,Moving Average (28D)
2011-11-15,84077,101,289.0357142857143,Moving Average (28D)
2011-11-16,84077,293,289.0357142857143,Moving Average (28D)
2011-11-17,84077,192,289.0357142857143,Moving Average (28D)
2011-11-18,84077,148,289.0357142857143,Moving Average (28D)
2011-11-19,84077,0,289.0357142857143,Moving Average (28D)
2011-11-20,84077,96,289.0357142857143,Moving Average (28D)
2011-11-21,84077,348,289.0357142857143,Moving Average (28D)
2011-11-22,84077,97,289.0357142857143,Moving Average (28D)
2011-11-23,84077,257,289.0357142857143,Moving Average (28D)
2011-11-24,84077,19,289.0357142857143,Moving Average (28D)
2011-11-25,84077,98,289.0357142857143,Moving Average (28D)
2011-11-26,84077,0,289.0357142857143,Moving Average (28D)
2011-11-27,84077,96,289.0357142857143,Moving Average (28D)
2011-11-28,84077,58,289.0357142857143,Moving Average (28D)
2011-11-29,84077,96,289.0357142857143,Moving Average (28D)
2011-11-30,84077,241,289.0357142857143,Moving Average (28D)
2011-12-01,84077,198,289.0357142857143,Moving Average (28D)
2011-12-02,84077,96,289.0357142857143,Moving Average (28D)
2011-12-03,84077,0,289.0357142857143,Moving Average (28D)
2011-12-04,84077,0,289.0357142857143,Moving Average (28D)
2011-12-05,84077,205,289.0357142857143,Moving Average (28D)
2011-12-06,84077,243,289.0357142857143,Moving Average (28D)
2011-12-07,84077,240,289.0357142857143,Moving Average (28D)
2011-12-08,84077,336,289.0357142857143,Moving Average (28D)
2011-12-09,84077,49,289.0357142857143,Moving Average (28D)
2011-11-10,85099B,1074,725.0,Naive (Last Value)
2011-11-11,85099B,48,725.0,Naive (Last Value)
2011-11-12,85099B,0,725.0,Naive (Last Value)
2011-11-13,85099B,47,725.0,Naive (Last Value)
2011-11-14,85099B,660,725.0,Naive (Last Value)
2011-11-15,85099B,380,725.0,Naive (Last Value)
2011-11-16,85099B,316,725.0,Naive (Last Value)
2011-11-17,85099B,97,725.0,Naive (Last Value)
2011-11-18,85099B,62,725.0,Naive (Last Value)
2011-11-19,85099B,0,725.0,Naive (Last Value)
2011-11-20,85099B,87,725.0,Naive (Last Value)
2011-11-21,85099B,147,725.0,Naive (Last Value)
2011-11-22,85099B,132,725.0,Naive (Last Value)
2011-11-23,85099B,146,725.0,Naive (Last Value)
2011-11-24,85099B,245,725.0,Naive (Last Value)
2011-11-25,85099B,55,725.0,Naive (Last Value)
2011-11-26,85099B,0,725.0,Naive (Last Value)
2011-11-27,85099B,28,725.0,Naive (Last Value)
2011-11-28,85099B,42,725.0,Naive (Last Value)
2011-11-29,85099B,165,725.0,Naive (Last Value)
2011-11-30,85099B,189,725.0,Naive (Last Value)
2011-12-01,85099B,149,725.0,Naive (Last Value)
2011-12-02,85099B,493,725.0,Naive (Last Value)
2011-12-03,85099B,0,725.0,Naive (Last Value)
2011-12-04,85099B,12,725.0,Naive (Last Value)
2011-12-05,85099B,66,725.0,Naive (Last Value)
2011-12-06,85099B,175,725.0,Naive (Last Value)
2011-12-07,85099B,89,725.0,Naive (Last Value)
2011-12-08,85099B,106,725.0,Naive (Last Value)
2011-12-09,85099B,15,725.0,Naive (Last Value)
2011-11-10,85099B,1074,237.14285714285714,Moving Average (7D)
2011-11-11,85099B,48,237.14285714285714,Moving Average (7D)
2011-11-12,85099B,0,237.14285714285714,Moving Average (7D)
2011-11-13,85099B,47,237.14285714285714,Moving Average (7D)
2011-11-14,85099B,660,237.14285714285714,Moving Average (7D)
2011-11-15,85099B,380,237.14285714285714,Moving Average (7D)
2011-11-16,85099B,316,237.14285714285714,Moving Average (7D)
2011-11-17,85099B,97,237.14285714285714,Moving Average (7D)
2011-11-18,85099B,62,237.14285714285714,Moving Average (7D)
2011-11-19,85099B,0,237.14285714285714,Moving Average (7D)
2011-11-20,85099B,87,237.14285714285714,Moving Average (7D)
2011-11-21,85099B,147,237.14285714285714,Moving Average (7D)
2011-11-22,85099B,132,237.14285714285714,Moving Average (7D)
2011-11-23,85099B,146,237.14285714285714,Moving Average (7D)
2011-11-24,85099B,245,237.14285714285714,Moving Average (7D)
2011-11-25,85099B,55,237.14285714285714,Moving Average (7D)
2011-11-26,85099B,0,237.14285714285714,Moving Average (7D)
2011-11-27,85099B,28,237.14285714285714,Moving Average (7D)
2011-11-28,85099B,42,237.14285714285714,Moving Average (7D)
2011-11-29,85099B,165,237.14285714285714,Moving Average (7D)
2011-11-30,85099B,189,237.14285714285714,Moving Average (7D)
2011-12-01,85099B,149,237.14285714285714,Moving Average (7D)
2011-12-02,85099B,493,237.14285714285714,Moving Average (7D)
2011-12-03,85099B,0,237.14285714285714,Moving Average (7D)
2011-12-04,85099B,12,237.14285714285714,Moving Average (7D)
2011-12-05,85099B,66,237.14285714285714,Moving Average (7D)
2011-12-06,85099B,175,237.14285714285714,Moving Average (7D)
2011-12-07,85099B,89,237.14285714285714,Moving Average (7D)
2011-12-08,85099B,106,237.14285714285714,Moving Average (7D)
2011-12-09,85099B,15,237.14285714285714,Moving Average (7D)
2011-11-10,85099B,1074,156.92857142857142,Moving Average (14D)
2011-11-11,85099B,48,156.92857142857142,Moving Average (14D)
2011-11-12,85099B,0,156.92857142857142,Moving Average (14D)
2011-11-13,85099B,47,156.92857142857142,Moving Average (14D)
2011-11-14,85099B,660,156.92857142857142,Moving Average (14D)
2011-11-15,85099B,380,156.92857142857142,Moving Average (14D)
2011-11-16,85099B,316,156.92857142857142,Moving Average (14D)
2011-11-17,85099B,97,156.92857142857142,Moving Average (14D)
2011-11-18,85099B,62,156.92857142857142,Moving Average (14D)
2011-11-19,85099B,0,156.92857142857142,Moving Average (14D)
2011-11-20,85099B,87,156.92857142857142,Moving Average (14D)
2011-11-21,85099B,147,156.92857142857142,Moving Average (14D)
2011-11-22,85099B,132,156.92857142857142,Moving Average (14D)
2011-11-23,85099B,146,156.92857142857142,Moving Average (14D)
2011-11-24,85099B,245,156.92857142857142,Moving Average (14D)
2011-11-25,85099B,55,156.92857142857142,Moving Average (14D)
2011-11-26,85099B,0,156.92857142857142,Moving Average (14D)
2011-11-27,85099B,28,156.92857142857142,Moving Average (14D)
2011-11-28,85099B,42,156.92857142857142,Moving Average (14D)
2011-11-29,85099B,165,156.92857142857142,Moving Average (14D)
2011-11-30,85099B,189,156.92857142857142,Moving Average (14D)
2011-12-01,85099B,149,156.92857142857142,Moving Average (14D)
2011-12-02,85099B,493,156.92857142857142,Moving Average (14D)
2011-12-03,85099B,0,156.92857142857142,Moving Average (14D)
2011-12-04,85099B,12,156.92857142857142,Moving Average (14D)
2011-12-05,85099B,66,156.92857142857142,Moving Average (14D)
2011-12-06,85099B,175,156.92857142857142,Moving Average (14D)
2011-12-07,85099B,89,156.92857142857142,Moving Average (14D)
2011-12-08,85099B,106,156.92857142857142,Moving Average (14D)
2011-12-09,85099B,15,156.92857142857142,Moving Average (14D)
2011-11-10,85099B,1074,149.17857142857142,Moving Average (28D)
2011-11-11,85099B,48,149.17857142857142,Moving Average (28D)
2011-11-12,85099B,0,149.17857142857142,Moving Average (28D)
2011-11-13,85099B,47,149.17857142857142,Moving Average (28D)
2011-11-14,85099B,660,149.17857142857142,Moving Average (28D)
2011-11-15,85099B,380,149.17857142857142,Moving Average (28D)
2011-11-16,85099B,316,149.17857142857142,Moving Average (28D)
2011-11-17,85099B,97,149.17857142857142,Moving Average (28D)
2011-11-18,85099B,62,149.17857142857142,Moving Average (28D)
2011-11-19,85099B,0,149.17857142857142,Moving Average (28D)
2011-11-20,85099B,87,149.17857142857142,Moving Average (28D)
2011-11-21,85099B,147,149.17857142857142,Moving Average (28D)
2011-11-22,85099B,132,149.17857142857142,Moving Average (28D)
2011-11-23,85099B,146,149.17857142857142,Moving Average (28D)
2011-11-24,85099B,245,149.17857142857142,Moving Average (28D)
2011-11-25,85099B,55,149.17857142857142,Moving Average (28D)
2011-11-26,85099B,0,149.17857142857142,Moving Average (28D)
2011-11-27,85099B,28,149.17857142857142,Moving Average (28D)
2011-11-28,85099B,42,149.17857142857142,Moving Average (28D)
2011-11-29,85099B,165,149.17857142857142,Moving Average (28D)
2011-11-30,85099B,189,149.17857142857142,Moving Average (28D)
2011-12-01,85099B,149,149.17857142857142,Moving Average (28D)
2011-12-02,85099B,493,149.17857142857142,Moving Average (28D)
2011-12-03,85099B,0,149.17857142857142,Moving Average (28D)
2011-12-04,85099B,12,149.17857142857142,Moving Average (28D)
2011-12-05,85099B,66,149.17857142857142,Moving Average (28D)
2011-12-06,85099B,175,149.17857142857142,Moving Average (28D)
2011-12-07,85099B,89,149.17857142857142,Moving Average (28D)
2011-12-08,85099B,106,149.17857142857142,Moving Average (28D)
2011-12-09,85099B,15,149.17857142857142,Moving Average (28D)
2011-11-10,21212,78,4.0,Naive (Last Value)
2011-11-11,21212,50,4.0,Naive (Last Value)
2011-11-12,21212,0,4.0,Naive (Last Value)
2011-11-13,21212,87,4.0,Naive (Last Value)
2011-11-14,21212,164,4.0,Naive (Last Value)
2011-11-15,21212,62,4.0,Naive (Last Value)
2011-11-16,21212,88,4.0,Naive (Last Value)
2011-11-17,21212,84,4.0,Naive (Last Value)
2011-11-18,21212,109,4.0,Naive (Last Value)
2011-11-19,21212,0,4.0,Naive (Last Value)
2011-11-20,21212,81,4.0,Naive (Last Value)
2011-11-21,21212,100,4.0,Naive (Last Value)
2011-11-22,21212,99,4.0,Naive (Last Value)
2011-11-23,21212,81,4.0,Naive (Last Value)
2011-11-24,21212,1,4.0,Naive (Last Value)
2011-11-25,21212,45,4.0,Naive (Last Value)
2011-11-26,21212,0,4.0,Naive (Last Value)
2011-11-27,21212,15,4.0,Naive (Last Value)
2011-11-28,21212,60,4.0,Naive (Last Value)
2011-11-29,21212,52,4.0,Naive (Last Value)
2011-11-30,21212,241,4.0,Naive (Last Value)
2011-12-01,21212,29,4.0,Naive (Last Value)
2011-12-02,21212,116,4.0,Naive (Last Value)
2011-12-03,21212,0,4.0,Naive (Last Value)
2011-12-04,21212,48,4.0,Naive (Last Value)
2011-12-05,21212,42,4.0,Naive (Last Value)
2011-12-06,21212,90,4.0,Naive (Last Value)
2011-12-07,21212,74,4.0,Naive (Last Value)
2011-12-08,21212,51,4.0,Naive (Last Value)
2011-12-09,21212,9,4.0,Naive (Last Value)
2011-11-10,21212,78,125.28571428571429,Moving Average (7D)
2011-11-11,21212,50,125.28571428571429,Moving Average (7D)
2011-11-12,21212,0,125.28571428571429,Moving Average (7D)
2011-11-13,21212,87,125.28571428571429,Moving Average (7D)
2011-11-14,21212,164,125.28571428571429,Moving Average (7D)
2011-11-15,21212,62,125.28571428571429,Moving Average (7D)
2011-11-16,21212,88,125.28571428571429,Moving Average (7D)
2011-11-17,21212,84,125.28571428571429,Moving Average (7D)
2011-11-18,21212,109,125.28571428571429,Moving Average (7D)
2011-11-19,21212,0,125.28571428571429,Moving Average (7D)
2011-11-20,21212,81,125.28571428571429,Moving Average (7D)
2011-11-21,21212,100,125.28571428571429,Moving Average (7D)
2011-11-22,21212,99,125.28571428571429,Moving Average (7D)
2011-11-23,21212,81,125.28571428571429,Moving Average (7D)
2011-11-24,21212,1,125.28571428571429,Moving Average (7D)
2011-11-25,21212,45,125.28571428571429,Moving Average (7D)
2011-11-26,21212,0,125.28571428571429,Moving Average (7D)
2011-11-27,21212,15,125.28571428571429,Moving Average (7D)
2011-11-28,21212,60,125.28571428571429,Moving Average (7D)
2011-11-29,21212,52,125.28571428571429,Moving Average (7D)
2011-11-30,21212,241,125.28571428571429,Moving Average (7D)
2011-12-01,21212,29,125.28571428571429,Moving Average (7D)
2011-12-02,21212,116,125.28571428571429,Moving Average (7D)
2011-12-03,21212,0,125.28571428571429,Moving Average (7D)
2011-12-04,21212,48,125.28571428571429,Moving Average (7D)
2011-12-05,21212,42,125.28571428571429,Moving Average (7D)
2011-12-06,21212,90,125.28571428571429,Moving Average (7D)
2011-12-07,21212,74,125.28571428571429,Moving Average (7D)
2011-12-08,21212,51,125.28571428571429,Moving Average (7D)
2011-12-09,21212,9,125.28571428571429,Moving Average (7D)
2011-11-10,21212,78,112.42857142857143,Moving Average (14D)
2011-11-11,21212,50,112.42857142857143,Moving Average (14D)
2011-11-12,21212,0,112.42857142857143,Moving Average (14D)
2011-11-13,21212,87,112.42857142857143,Moving Average (14D)
2011-11-14,21212,164,112.42857142857143,Moving Average (14D)
2011-11-15,21212,62,112.42857142857143,Moving Average (14D)
2011-11-16,21212,88,112.42857142857143,Moving Average (14D)
2011-11-17,21212,84,112.42857142857143,Moving Average (14D)
2011-11-18,21212,109,112.42857142857143,Moving Average (14D)
2011-11-19,21212,0,112.42857142857143,Moving Average (14D)
2011-11-20,21212,81,112.42857142857143,Moving Average (14D)
2011-11-21,21212,100,112.42857142857143,Moving Average (14D)
2011-11-22,21212,99,112.42857142857143,Moving Average (14D)
2011-11-23,21212,81,112.42857142857143,Moving Average (14D)
2011-11-24,21212,1,112.42857142857143,Moving Average (14D)
2011-11-25,21212,45,112.42857142857143,Moving Average (14D)
2011-11-26,21212,0,112.42857142857143,Moving Average (14D)
2011-11-27,21212,15,112.42857142857143,Moving Average (14D)
2011-11-28,21212,60,112.42857142857143,Moving Average (14D)
2011-11-29,21212,52,112.42857142857143,Moving Average (14D)
2011-11-30,21212,241,112.42857142857143,Moving Average (14D)
2011-12-01,21212,29,112.42857142857143,Moving Average (14D)
2011-12-02,21212,116,112.42857142857143,Moving Average (14D)
2011-12-03,21212,0,112.42857142857143,Moving Average (14D)
2011-12-04,21212,48,112.42857142857143,Moving Average (14D)
2011-12-05,21212,42,112.42857142857143,Moving Average (14D)
2011-12-06,21212,90,112.42857142857143,Moving Average (14D)
2011-12-07,21212,74,112.42857142857143,Moving Average (14D)
2011-12-08,21212,51,112.42857142857143,Moving Average (14D)
2011-12-09,21212,9,112.42857142857143,Moving Average (14D)
2011-11-10,21212,78,87.5,Moving Average (28D)
2011-11-11,21212,50,87.5,Moving Average (28D)
2011-11-12,21212,0,87.5,Moving Average (28D)
2011-11-13,21212,87,87.5,Moving Average (28D)
2011-11-14,21212,164,87.5,Moving Average (28D)
2011-11-15,21212,62,87.5,Moving Average (28D)
2011-11-16,21212,88,87.5,Moving Average (28D)
2011-11-17,21212,84,87.5,Moving Average (28D)
2011-11-18,21212,109,87.5,Moving Average (28D)
2011-11-19,21212,0,87.5,Moving Average (28D)
2011-11-20,21212,81,87.5,Moving Average (28D)
2011-11-21,21212,100,87.5,Moving Average (28D)
2011-11-22,21212,99,87.5,Moving Average (28D)
2011-11-23,21212,81,87.5,Moving Average (28D)
2011-11-24,21212,1,87.5,Moving Average (28D)
2011-11-25,21212,45,87.5,Moving Average (28D)
2011-11-26,21212,0,87.5,Moving Average (28D)
2011-11-27,21212,15,87.5,Moving Average (28D)
2011-11-28,21212,60,87.5,Moving Average (28D)
2011-11-29,21212,52,87.5,Moving Average (28D)
2011-11-30,21212,241,87.5,Moving Average (28D)
2011-12-01,21212,29,87.5,Moving Average (28D)
2011-12-02,21212,116,87.5,Moving Average (28D)
2011-12-03,21212,0,87.5,Moving Average (28D)
2011-12-04,21212,48,87.5,Moving Average (28D)
2011-12-05,21212,42,87.5,Moving Average (28D)
2011-12-06,21212,90,87.5,Moving Average (28D)
2011-12-07,21212,74,87.5,Moving Average (28D)
2011-12-08,21212,51,87.5,Moving Average (28D)
2011-12-09,21212,9,87.5,Moving Average (28D)
2011-11-10,85123A,71,113.0,Naive (Last Value)
2011-11-11,85123A,134,113.0,Naive (Last Value)
2011-11-12,85123A,0,113.0,Naive (Last Value)
2011-11-13,85123A,67,113.0,Naive (Last Value)
2011-11-14,85123A,380,113.0,Naive (Last Value)
2011-11-15,85123A,457,113.0,Naive (Last Value)
2011-11-16,85123A,160,113.0,Naive (Last Value)
2011-11-17,85123A,102,113.0,Naive (Last Value)
2011-11-18,85123A,125,113.0,Naive (Last Value)
2011-11-19,85123A,0,113.0,Naive (Last Value)
2011-11-20,85123A,102,113.0,Naive (Last Value)
2011-11-21,85123A,36,113.0,Naive (Last Value)
2011-11-22,85123A,253,113.0,Naive (Last Value)
2011-11-23,85123A,250,113.0,Naive (Last Value)
2011-11-24,85123A,131,113.0,Naive (Last Value)
2011-11-25,85123A,225,113.0,Naive (Last Value)
2011-11-26,85123A,0,113.0,Naive (Last Value)
2011-11-27,85123A,8,113.0,Naive (Last Value)
2011-11-28,85123A,133,113.0,Naive (Last Value)
2011-11-29,85123A,116,113.0,Naive (Last Value)
2011-11-30,85123A,315,113.0,Naive (Last Value)
2011-12-01,85123A,41,113.0,Naive (Last Value)
2011-12-02,85123A,117,113.0,Naive (Last Value)
2011-12-03,85123A,0,113.0,Naive (Last Value)
2011-12-04,85123A,8,113.0,Naive (Last Value)
2011-12-05,85123A,313,113.0,Naive (Last Value)
2011-12-06,85123A,39,113.0,Naive (Last Value)
2011-12-07,85123A,202,113.0,Naive (Last Value)
2011-12-08,85123A,115,113.0,Naive (Last Value)
2011-12-09,85123A,4,113.0,Naive (Last Value)
2011-11-10,85123A,71,251.14285714285714,Moving Average (7D)
2011-11-11,85123A,134,251.14285714285714,Moving Average (7D)
2011-11-12,85123A,0,251.14285714285714,Moving Average (7D)
2011-11-13,85123A,67,251.14285714285714,Moving Average (7D)
2011-11-14,85123A,380,251.14285714285714,Moving Average (7D)
2011-11-15,85123A,457,251.14285714285714,Moving Average (7D)
2011-11-16,85123A,160,251.14285714285714,Moving Average (7D)
2011-11-17,85123A,102,251.14285714285714,Moving Average (7D)
2011-11-18,85123A,125,251.14285714285714,Moving Average (7D)
2011-11-19,85123A,0,251.14285714285714,Moving Average (7D)
2011-11-20,85123A,102,251.14285714285714,Moving Average (7D)
2011-11-21,85123A,36,251.14285714285714,Moving Average (7D)
2011-11-22,85123A,253,251.14285714285714,Moving Average (7D)
2011-11-23,85123A,250,251.14285714285714,Moving Average (7D)
2011-11-24,85123A,131,251.14285714285714,Moving Average (7D)
2011-11-25,85123A,225,251.14285714285714,Moving Average (7D)
2011-11-26,85123A,0,251.14285714285714,Moving Average (7D)
2011-11-27,85123A,8,251.14285714285714,Moving Average (7D)
2011-11-28,85123A,133,251.14285714285714,Moving Average (7D)
2011-11-29,85123A,116,251.14285714285714,Moving Average (7D)
2011-11-30,85123A,315,251.14285714285714,Moving Average (7D)
2011-12-01,85123A,41,251.14285714285714,Moving Average (7D)
2011-12-02,85123A,117,251.14285714285714,Moving Average (7D)
2011-12-03,85123A,0,251.14285714285714,Moving Average (7D)
2011-12-04,85123A,8,251.14285714285714,Moving Average (7D)
2011-12-05,85123A,313,251.14285714285714,Moving Average (7D)
2011-12-06,85123A,39,251.14285714285714,Moving Average (7D)
2011-12-07,85123A,202,251.14285714285714,Moving Average (7D)
2011-12-08,85123A,115,251.14285714285714,Moving Average (7D)
2011-12-09,85123A,4,251.14285714285714,Moving Average (7D)
2011-11-10,85123A,71,168.71428571428572,Moving Average (14D)
2011-11-11,85123A,134,168.71428571428572,Moving Average (14D)
2011-11-12,85123A,0,168.71428571428572,Moving Average (14D)
2011-11-13,85123A,67,168.71428571428572,Moving Average (14D)
2011-11-14,85123A,380,168.71428571428572,Moving Average (14D)
2011-11-15,85123A,457,168.71428571428572,Moving Average (14D)
2011-11-16,85123A,160,168.71428571428572,Moving Average (14D)
2011-11-17,85123A,102,168.71428571428572,Moving Average (14D)
2011-11-18,85123A,125,168.71428571428572,Moving Average (14D)
2011-11-19,85123A,0,168.71428571428572,Moving Average (14D)
2011-11-20,85123A,102,168.71428571428572,Moving Average (14D)
2011-11-21,85123A,36,168.71428571428572,Moving Average (14D)
2011-11-22,85123A,253,168.71428571428572,Moving Average (14D)
2011-11-23,85123A,250,168.71428571428572,Moving Average (14D)
2011-11-24,85123A,131,168.71428571428572,Moving Average (14D)
2011-11-25,85123A,225,168.71428571428572,Moving Average (14D)
2011-11-26,85123A,0,168.71428571428572,Moving Average (14D)
2011-11-27,85123A,8,168.71428571428572,Moving Average (14D)
2011-11-28,85123A,133,168.71428571428572,Moving Average (14D)
2011-11-29,85123A,116,168.71428571428572,Moving Average (14D)
2011-11-30,85123A,315,168.71428571428572,Moving Average (14D)
2011-12-01,85123A,41,168.71428571428572,Moving Average (14D)
2011-12-02,85123A,117,168.71428571428572,Moving Average (14D)
2011-12-03,85123A,0,168.71428571428572,Moving Average (14D)
2011-12-04,85123A,8,168.71428571428572,Moving Average (14D)
2011-12-05,85123A,313,168.71428571428572,Moving Average (14D)
2011-12-06,85123A,39,168.71428571428572,Moving Average (14D)
2011-12-07,85123A,202,168.71428571428572,Moving Average (14D)
2011-12-08,85123A,115,168.71428571428572,Moving Average (14D)
2011-12-09,85123A,4,168.71428571428572,Moving Average (14D)
2011-11-10,85123A,71,114.03571428571429,Moving Average (28D)
2011-11-11,85123A,134,114.03571428571429,Moving Average (28D)
2011-11-12,85123A,0,114.03571428571429,Moving Average (28D)
2011-11-13,85123A,67,114.03571428571429,Moving Average (28D)
2011-11-14,85123A,380,114.03571428571429,Moving Average (28D)
2011-11-15,85123A,457,114.03571428571429,Moving Average (28D)
2011-11-16,85123A,160,114.03571428571429,Moving Average (28D)
2011-11-17,85123A,102,114.03571428571429,Moving Average (28D)
2011-11-18,85123A,125,114.03571428571429,Moving Average (28D)
2011-11-19,85123A,0,114.03571428571429,Moving Average (28D)
2011-11-20,85123A,102,114.03571428571429,Moving Average (28D)
2011-11-21,85123A,36,114.03571428571429,Moving Average (28D)
2011-11-22,85123A,253,114.03571428571429,Moving Average (28D)
2011-11-23,85123A,250,114.03571428571429,Moving Average (28D)
2011-11-24,85123A,131,114.03571428571429,Moving Average (28D)
2011-11-25,85123A,225,114.03571428571429,Moving Average (28D)
2011-11-26,85123A,0,114.03571428571429,Moving Average (28D)
2011-11-27,85123A,8,114.03571428571429,Moving Average (28D)
2011-11-28,85123A,133,114.03571428571429,Moving Average (28D)
2011-11-29,85123A,116,114.03571428571429,Moving Average (28D)
2011-11-30,85123A,315,114.03571428571429,Moving Average (28D)
2011-12-01,85123A,41,114.03571428571429,Moving Average (28D)
2011-12-02,85123A,117,114.03571428571429,Moving Average (28D)
2011-12-03,85123A,0,114.03571428571429,Moving Average (28D)
2011-12-04,85123A,8,114.03571428571429,Moving Average (28D)
2011-12-05,85123A,313,114.03571428571429,Moving Average (28D)
2011-12-06,85123A,39,114.03571428571429,Moving Average (28D)
2011-12-07,85123A,202,114.03571428571429,Moving Average (28D)
2011-12-08,85123A,115,114.03571428571429,Moving Average (28D)
2011-12-09,85123A,4,114.03571428571429,Moving Average (28D)
2011-11-10,22197,339,1079.0,Naive (Last Value)
2011-11-11,22197,184,1079.0,Naive (Last Value)
2011-11-12,22197,0,1079.0,Naive (Last Value)
2011-11-13,22197,114,1079.0,Naive (Last Value)
2011-11-14,22197,1767,1079.0,Naive (Last Value)
2011-11-15,22197,221,1079.0,Naive (Last Value)
2011-11-16,22197,352,1079.0,Naive (Last Value)
2011-11-17,22197,135,1079.0,Naive (Last Value)
2011-11-18,22197,449,1079.0,Naive (Last Value)
2011-11-19,22197,0,1079.0,Naive (Last Value)
2011-11-20,22197,218,1079.0,Naive (Last Value)
2011-11-21,22197,349,1079.0,Naive (Last Value)
2011-11-22,22197,1162,1079.0,Naive (Last Value)
2011-11-23,22197,497,1079.0,Naive (Last Value)
2011-11-24,22197,558,1079.0,Naive (Last Value)
2011-11-25,22197,342,1079.0,Naive (Last Value)
2011-11-26,22197,0,1079.0,Naive (Last Value)
2011-11-27,22197,47,1079.0,Naive (Last Value)
2011-11-28,22197,244,1079.0,Naive (Last Value)
2011-11-29,22197,796,1079.0,Naive (Last Value)
2011-11-30,22197,470,1079.0,Naive (Last Value)
2011-12-01,22197,279,1079.0,Naive (Last Value)
2011-12-02,22197,1369,1079.0,Naive (Last Value)
2011-12-03,22197,0,1079.0,Naive (Last Value)
2011-12-04,22197,113,1079.0,Naive (Last Value)
2011-12-05,22197,410,1079.0,Naive (Last Value)
2011-12-06,22197,337,1079.0,Naive (Last Value)
2011-12-07,22197,368,1079.0,Naive (Last Value)
2011-12-08,22197,3111,1079.0,Naive (Last Value)
2011-12-09,22197,230,1079.0,Naive (Last Value)
2011-11-10,22197,339,535.7142857142857,Moving Average (7D)
2011-11-11,22197,184,535.7142857142857,Moving Average (7D)
2011-11-12,22197,0,535.7142857142857,Moving Average (7D)
2011-11-13,22197,114,535.7142857142857,Moving Average (7D)
2011-11-14,22197,1767,535.7142857142857,Moving Average (7D)
2011-11-15,22197,221,535.7142857142857,Moving Average (7D)
2011-11-16,22197,352,535.7142857142857,Moving Average (7D)
2011-11-17,22197,135,535.7142857142857,Moving Average (7D)
2011-11-18,22197,449,535.7142857142857,Moving Average (7D)
2011-11-19,22197,0,535.7142857142857,Moving Average (7D)
2011-11-20,22197,218,535.7142857142857,Moving Average (7D)
2011-11-21,22197,349,535.7142857142857,Moving Average (7D)
2011-11-22,22197,1162,535.7142857142857,Moving Average (7D)
2011-11-23,22197,497,535.7142857142857,Moving Average (7D)
2011-11-24,22197,558,535.7142857142857,Moving Average (7D)
2011-11-25,22197,342,535.7142857142857,Moving Average (7D)
2011-11-26,22197,0,535.7142857142857,Moving Average (7D)
2011-11-27,22197,47,535.7142857142857,Moving Average (7D)
2011-11-28,22197,244,535.7142857142857,Moving Average (7D)
2011-11-29,22197,796,535.7142857142857,Moving Average (7D)
2011-11-30,22197,470,535.7142857142857,Moving Average (7D)
2011-12-01,22197,279,535.7142857142857,Moving Average (7D)
2011-12-02,22197,1369,535.7142857142857,Moving Average (7D)
2011-12-03,22197,0,535.7142857142857,Moving Average (7D)
2011-12-04,22197,113,535.7142857142857,Moving Average (7D)
2011-12-05,22197,410,535.7142857142857,Moving Average (7D)
2011-12-06,22197,337,535.7142857142857,Moving Average (7D)
2011-12-07,22197,368,535.7142857142857,Moving Average (7D)
2011-12-08,22197,3111,535.7142857142857,Moving Average (7D)
2011-12-09,22197,230,535.7142857142857,Moving Average (7D)
2011-11-10,22197,339,475.92857142857144,Moving Average (14D)
2011-11-11,22197,184,475.92857142857144,Moving Average (14D)
2011-11-12,22197,0,475.92857142857144,Moving Average (14D)
2011-11-13,22197,114,475.92857142857144,Moving Average (14D)
2011-11-14,22197,1767,475.92857142857144,Moving Average (14D)
2011-11-15,22197,221,475.92857142857144,Moving Average (14D)
2011-11-16,22197,352,475.92857142857144,Moving Average (14D)
2011-11-17,22197,135,475.92857142857144,Moving Average (14D)
2011-11-18,22197,449,475.92857142857144,Moving Average (14D)
2011-11-19,22197,0,475.92857142857144,Moving Average (14D)
2011-11-20,22197,218,475.92857142857144,Moving Average (14D)
2011-11-21,22197,349,475.92857142857144,Moving Average (14D)
2011-11-22,22197,1162,475.92857142857144,Moving Average (14D)
2011-11-23,22197,497,475.92857142857144,Moving Average (14D)
2011-11-24,22197,558,475.92857142857144,Moving Average (14D)
2011-11-25,22197,342,475.92857142857144,Moving Average (14D)
2011-11-26,22197,0,475.92857142857144,Moving Average (14D)
2011-11-27,22197,47,475.92857142857144,Moving Average (14D)
2011-11-28,22197,244,475.92857142857144,Moving Average (14D)
2011-11-29,22197,796,475.92857142857144,Moving Average (14D)
2011-11-30,22197,470,475.92857142857144,Moving Average (14D)
2011-12-01,22197,279,475.92857142857144,Moving Average (14D)
2011-12-02,22197,1369,475.92857142857144,Moving Average (14D)
2011-12-03,22197,0,475.92857142857144,Moving Average (14D)
2011-12-04,22197,113,475.92857142857144,Moving Average (14D)
2011-12-05,22197,410,475.92857142857144,Moving Average (14D)
2011-12-06,22197,337,475.92857142857144,Moving Average (14D)
2011-12-07,22197,368,475.92857142857144,Moving Average (14D)
2011-12-08,22197,3111,475.92857142857144,Moving Average (14D)
2011-12-09,22197,230,475.92857142857144,Moving Average (14D)
2011-11-10,22197,339,312.2857142857143,Moving Average (28D)
2011-11-11,22197,184,312.2857142857143,Moving Average (28D)
2011-11-12,22197,0,312.2857142857143,Moving Average (28D)
2011-11-13,22197,114,312.2857142857143,Moving Average (28D)
2011-11-14,22197,1767,312.2857142857143,Moving Average (28D)
2011-11-15,22197,221,312.2857142857143,Moving Average (28D)
2011-11-16,22197,352,312.2857142857143,Moving Average (28D)
2011-11-17,22197,135,312.2857142857143,Moving Average (28D)
2011-11-18,22197,449,312.2857142857143,Moving Average (28D)
2011-11-19,22197,0,312.2857142857143,Moving Average (28D)
2011-11-20,22197,218,312.2857142857143,Moving Average (28D)
2011-11-21,22197,349,312.2857142857143,Moving Average (28D)
2011-11-22,22197,1162,312.2857142857143,Moving Average (28D)
2011-11-23,22197,497,312.2857142857143,Moving Average (28D)
2011-11-24,22197,558,312.2857142857143,Moving Average (28D)
2011-11-25,22197,342,312.2857142857143,Moving Average (28D)
2011-11-26,22197,0,312.2857142857143,Moving Average (28D)
2011-11-27,22197,47,312.2857142857143,Moving Average (28D)
2011-11-28,22197,244,312.2857142857143,Moving Average (28D)
2011-11-29,22197,796,312.2857142857143,Moving Average (28D)
2011-11-30,22197,470,312.2857142857143,Moving Average (28D)
2011-12-01,22197,279,312.2857142857143,Moving Average (28D)
2011-12-02,22197,1369,312.2857142857143,Moving Average (28D)
2011-12-03,22197,0,312.2857142857143,Moving Average (28D)
2011-12-04,22197,113,312.2857142857143,Moving Average (28D)
2011-12-05,22197,410,312.2857142857143,Moving Average (28D)
2011-12-06,22197,337,312.2857142857143,Moving Average (28D)
2011-12-07,22197,368,312.2857142857143,Moving Average (28D)
2011-12-08,22197,3111,312.2857142857143,Moving Average (28D)
2011-12-09,22197,230,312.2857142857143,Moving Average (28D)
2011-11-10,84879,200,1312.0,Naive (Last Value)
2011-11-11,84879,92,1312.0,Naive (Last Value)
2011-11-12,84879,0,1312.0,Naive (Last Value)
2011-11-13,84879,56,1312.0,Naive (Last Value)
2011-11-14,84879,303,1312.0,Naive (Last Value)
2011-11-15,84879,107,1312.0,Naive (Last Value)
2011-11-16,84879,289,1312.0,Naive (Last Value)
2011-11-17,84879,94,1312.0,Naive (Last Value)
2011-11-18,84879,368,1312.0,Naive (Last Value)
2011-11-19,84879,0,1312.0,Naive (Last Value)
2011-11-20,84879,149,1312.0,Naive (Last Value)
2011-11-21,84879,179,1312.0,Naive (Last Value)
2011-11-22,84879,132,1312.0,Naive (Last Value)
2011-11-23,84879,80,1312.0,Naive (Last Value)
2011-11-24,84879,355,1312.0,Naive (Last Value)
2011-11-25,84879,272,1312.0,Naive (Last Value)
2011-11-26,84879,0,1312.0,Naive (Last Value)
2011-11-27,84879,8,1312.0,Naive (Last Value)
2011-11-28,84879,56,1312.0,Naive (Last Value)
2011-11-29,84879,127,1312.0,Naive (Last Value)
2011-11-30,84879,112,1312.0,Naive (Last Value)
2011-12-01,84879,88,1312.0,Naive (Last Value)
2011-12-02,84879,504,1312.0,Naive (Last Value)
2011-12-03,84879,0,1312.0,Naive (Last Value)
2011-12-04,84879,66,1312.0,Naive (Last Value)
2011-12-05,84879,133,1312.0,Naive (Last Value)
2011-12-06,84879,240,1312.0,Naive (Last Value)
2011-12-07,84879,256,1312.0,Naive (Last Value)
2011-12-08,84879,11,1312.0,Naive (Last Value)
2011-12-09,84879,32,1312.0,Naive (Last Value)
2011-11-10,84879,200,259.7142857142857,Moving Average (7D)
2011-11-11,84879,92,259.7142857142857,Moving Average (7D)
2011-11-12,84879,0,259.7142857142857,Moving Average (7D)
2011-11-13,84879,56,259.7142857142857,Moving Average (7D)
2011-11-14,84879,303,259.7142857142857,Moving Average (7D)
2011-11-15,84879,107,259.7142857142857,Moving Average (7D)
2011-11-16,84879,289,259.7142857142857,Moving Average (7D)
2011-11-17,84879,94,259.7142857142857,Moving Average (7D)
2011-11-18,84879,368,259.7142857142857,Moving Average (7D)
2011-11-19,84879,0,259.7142857142857,Moving Average (7D)
2011-11-20,84879,149,259.7142857142857,Moving Average (7D)
2011-11-21,84879,179,259.7142857142857,Moving Average (7D)
2011-11-22,84879,132,259.7142857142857,Moving Average (7D)
2011-11-23,84879,80,259.7142857142857,Moving Average (7D)
2011-11-24,84879,355,259.7142857142857,Moving Average (7D)
2011-11-25,84879,272,259.7142857142857,Moving Average (7D)
2011-11-26,84879,0,259.7142857142857,Moving Average (7D)
2011-11-27,84879,8,259.7142857142857,Moving Average (7D)
2011-11-28,84879,56,259.7142857142857,Moving Average (7D)
2011-11-29,84879,127,259.7142857142857,Moving Average (7D)
2011-11-30,84879,112,259.7142857142857,Moving Average (7D)
2011-12-01,84879,88,259.7142857142857,Moving Average (7D)
2011-12-02,84879,504,259.7142857142857,Moving Average (7D)
2011-12-03,84879,0,259.7142857142857,Moving Average (7D)
2011-12-04,84879,66,259.7142857142857,Moving Average (7D)
2011-12-05,84879,133,259.7142857142857,Moving Average (7D)
2011-12-06,84879,240,259.7142857142857,Moving Average (7D)
2011-12-07,84879,256,259.7142857142857,Moving Average (7D)
2011-12-08,84879,11,259.7142857142857,Moving Average (7D)
2011-12-09,84879,32,259.7142857142857,Moving Average (7D)
2011-11-10,84879,200,193.78571428571428,Moving Average (14D)
2011-11-11,84879,92,193.78571428571428,Moving Average (14D)
2011-11-12,84879,0,193.78571428571428,Moving Average (14D)
2011-11-13,84879,56,193.78571428571428,Moving Average (14D)
2011-11-14,84879,303,193.78571428571428,Moving Average (14D)
2011-11-15,84879,107,193.78571428571428,Moving Average (14D)
2011-11-16,84879,289,193.78571428571428,Moving Average (14D)
2011-11-17,84879,94,193.78571428571428,Moving Average (14D)
2011-11-18,84879,368,193.78571428571428,Moving Average (14D)
2011-11-19,84879,0,193.78571428571428,Moving Average (14D)
2011-11-20,84879,149,193.78571428571428,Moving Average (14D)
2011-11-21,84879,179,193.78571428571428,Moving Average (14D)
2011-11-22,84879,132,193.78571428571428,Moving Average (14D)
2011-11-23,84879,80,193.78571428571428,Moving Average (14D)
2011-11-24,84879,355,193.78571428571428,Moving Average (14D)
2011-11-25,84879,272,193.78571428571428,Moving Average (14D)
2011-11-26,84879,0,193.78571428571428,Moving Average (14D)
2011-11-27,84879,8,193.78571428571428,Moving Average (14D)
2011-11-28,84879,56,193.78571428571428,Moving Average (14D)
2011-11-29,84879,127,193.78571428571428,Moving Average (14D)
2011-11-30,84879,112,193.78571428571428,Moving Average (14D)
2011-12-01,84879,88,193.78571428571428,Moving Average (14D)
2011-12-02,84879,504,193.78571428571428,Moving Average (14D)
2011-12-03,84879,0,193.78571428571428,Moving Average (14D)
2011-12-04,84879,66,193.78571428571428,Moving Average (14D)
2011-12-05,84879,133,193.78571428571428,Moving Average (14D)
2011-12-06,84879,240,193.78571428571428,Moving Average (14D)
2011-12-07,84879,256,193.78571428571428,Moving Average (14D)
2011-12-08,84879,11,193.78571428571428,Moving Average (14D)
2011-12-09,84879,32,193.78571428571428,Moving Average (14D)
2011-11-10,84879,200,150.25,Moving Average (28D)
2011-11-11,84879,92,150.25,Moving Average (28D)
2011-11-12,84879,0,150.25,Moving Average (28D)
2011-11-13,84879,56,150.25,Moving Average (28D)
2011-11-14,84879,303,150.25,Moving Average (28D)
2011-11-15,84879,107,150.25,Moving Average (28D)
2011-11-16,84879,289,150.25,Moving Average (28D)
2011-11-17,84879,94,150.25,Moving Average (28D)
2011-11-18,84879,368,150.25,Moving Average (28D)
2011-11-19,84879,0,150.25,Moving Average (28D)
2011-11-20,84879,149,150.25,Moving Average (28D)
2011-11-21,84879,179,150.25,Moving Average (28D)
2011-11-22,84879,132,150.25,Moving Average (28D)
2011-11-23,84879,80,150.25,Moving Average (28D)
2011-11-24,84879,355,150.25,Moving Average (28D)
2011-11-25,84879,272,150.25,Moving Average (28D)
2011-11-26,84879,0,150.25,Moving Average (28D)
2011-11-27,84879,8,150.25,Moving Average (28D)
2011-11-28,84879,56,150.25,Moving Average (28D)
2011-11-29,84879,127,150.25,Moving Average (28D)
2011-11-30,84879,112,150.25,Moving Average (28D)
2011-12-01,84879,88,150.25,Moving Average (28D)
2011-12-02,84879,504,150.25,Moving Average (28D)
2011-12-03,84879,0,150.25,Moving Average (28D)
2011-12-04,84879,66,150.25,Moving Average (28D)
2011-12-05,84879,133,150.25,Moving Average (28D)
2011-12-06,84879,240,150.25,Moving Average (28D)
2011-12-07,84879,256,150.25,Moving Average (28D)
2011-12-08,84879,11,150.25,Moving Average (28D)
2011-12-09,84879,32,150.25,Moving Average (28D)
2011-11-10,17003,36,9.0,Naive (Last Value)
2011-11-11,17003,0,9.0,Naive (Last Value)
2011-11-12,17003,0,9.0,Naive (Last Value)
2011-11-13,17003,64,9.0,Naive (Last Value)
2011-11-14,17003,190,9.0,Naive (Last Value)
2011-11-15,17003,0,9.0,Naive (Last Value)
2011-11-16,17003,87,9.0,Naive (Last Value)
2011-11-17,17003,0,9.0,Naive (Last Value)
2011-11-18,17003,2,9.0,Naive (Last Value)
2011-11-19,17003,0,9.0,Naive (Last Value)
2011-11-20,17003,36,9.0,Naive (Last Value)
2011-11-21,17003,108,9.0,Naive (Last Value)
2011-11-22,17003,130,9.0,Naive (Last Value)
2011-11-23,17003,4,9.0,Naive (Last Value)
2011-11-24,17003,51,9.0,Naive (Last Value)
2011-11-25,17003,37,9.0,Naive (Last Value)
2011-11-26,17003,0,9.0,Naive (Last Value)
2011-11-27,17003,144,9.0,Naive (Last Value)
2011-11-28,17003,0,9.0,Naive (Last Value)
2011-11-29,17003,38,9.0,Naive (Last Value)
2011-11-30,17003,72,9.0,Naive (Last Value)
2011-12-01,17003,14,9.0,Naive (Last Value)
2011-12-02,17003,1,9.0,Naive (Last Value)
2011-12-03,17003,0,9.0,Naive (Last Value)
2011-12-04,17003,5,9.0,Naive (Last Value)
2011-12-05,17003,17,9.0,Naive (Last Value)
2011-12-06,17003,114,9.0,Naive (Last Value)
2011-12-07,17003,70,9.0,Naive (Last Value)
2011-12-08,17003,76,9.0,Naive (Last Value)
2011-12-09,17003,0,9.0,Naive (Last Value)
2011-11-10,17003,36,10.285714285714286,Moving Average (7D)
2011-11-11,17003,0,10.285714285714286,Moving Average (7D)
2011-11-12,17003,0,10.285714285714286,Moving Average (7D)
2011-11-13,17003,64,10.285714285714286,Moving Average (7D)
2011-11-14,17003,190,10.285714285714286,Moving Average (7D)
2011-11-15,17003,0,10.285714285714286,Moving Average (7D)
2011-11-16,17003,87,10.285714285714286,Moving Average (7D)
2011-11-17,17003,0,10.285714285714286,Moving Average (7D)
2011-11-18,17003,2,10.285714285714286,Moving Average (7D)
2011-11-19,17003,0,10.285714285714286,Moving Average (7D)
2011-11-20,17003,36,10.285714285714286,Moving Average (7D)
2011-11-21,17003,108,10.285714285714286,Moving Average (7D)
2011-11-22,17003,130,10.285714285714286,Moving Average (7D)
2011-11-23,17003,4,10.285714285714286,Moving Average (7D)
2011-11-24,17003,51,10.285714285714286,Moving Average (7D)
2011-11-25,17003,37,10.285714285714286,Moving Average (7D)
2011-11-26,17003,0,10.285714285714286,Moving Average (7D)
2011-11-27,17003,144,10.285714285714286,Moving Average (7D)
2011-11-28,17003,0,10.285714285714286,Moving Average (7D)
2011-11-29,17003,38,10.285714285714286,Moving Average (7D)
2011-11-30,17003,72,10.285714285714286,Moving Average (7D)
2011-12-01,17003,14,10.285714285714286,Moving Average (7D)
2011-12-02,17003,1,10.285714285714286,Moving Average (7D)
2011-12-03,17003,0,10.285714285714286,Moving Average (7D)
2011-12-04,17003,5,10.285714285714286,Moving Average (7D)
2011-12-05,17003,17,10.285714285714286,Moving Average (7D)
2011-12-06,17003,114,10.285714285714286,Moving Average (7D)
2011-12-07,17003,70,10.285714285714286,Moving Average (7D)
2011-12-08,17003,76,10.285714285714286,Moving Average (7D)
2011-12-09,17003,0,10.285714285714286,Moving Average (7D)
2011-11-10,17003,36,124.21428571428571,Moving Average (14D)
2011-11-11,17003,0,124.21428571428571,Moving Average (14D)
2011-11-12,17003,0,124.21428571428571,Moving Average (14D)
2011-11-13,17003,64,124.21428571428571,Moving Average (14D)
2011-11-14,17003,190,124.21428571428571,Moving Average (14D)
2011-11-15,17003,0,124.21428571428571,Moving Average (14D)
2011-11-16,17003,87,124.21428571428571,Moving Average (14D)
2011-11-17,17003,0,124.21428571428571,Moving Average (14D)
2011-11-18,17003,2,124.21428571428571,Moving Average (14D)
2011-11-19,17003,0,124.21428571428571,Moving Average (14D)
2011-11-20,17003,36,124.21428571428571,Moving Average (14D)
2011-11-21,17003,108,124.21428571428571,Moving Average (14D)
2011-11-22,17003,130,124.21428571428571,Moving Average (14D)
2011-11-23,17003,4,124.21428571428571,Moving Average (14D)
2011-11-24,17003,51,124.21428571428571,Moving Average (14D)
2011-11-25,17003,37,124.21428571428571,Moving Average (14D)
2011-11-26,17003,0,124.21428571428571,Moving Average (14D)
2011-11-27,17003,144,124.21428571428571,Moving Average (14D)
2011-11-28,17003,0,124.21428571428571,Moving Average (14D)
2011-11-29,17003,38,124.21428571428571,Moving Average (14D)
2011-11-30,17003,72,124.21428571428571,Moving Average (14D)
2011-12-01,17003,14,124.21428571428571,Moving Average (14D)
2011-12-02,17003,1,124.21428571428571,Moving Average (14D)
2011-12-03,17003,0,124.21428571428571,Moving Average (14D)
2011-12-04,17003,5,124.21428571428571,Moving Average (14D)
2011-12-05,17003,17,124.21428571428571,Moving Average (14D)
2011-12-06,17003,114,124.21428571428571,Moving Average (14D)
2011-12-07,17003,70,124.21428571428571,Moving Average (14D)
2011-12-08,17003,76,124.21428571428571,Moving Average (14D)
2011-12-09,17003,0,124.21428571428571,Moving Average (14D)
2011-11-10,17003,36,72.60714285714286,Moving Average (28D)
2011-11-11,17003,0,72.60714285714286,Moving Average (28D)
2011-11-12,17003,0,72.60714285714286,Moving Average (28D)
2011-11-13,17003,64,72.60714285714286,Moving Average (28D)
2011-11-14,17003,190,72.60714285714286,Moving Average (28D)
2011-11-15,17003,0,72.60714285714286,Moving Average (28D)
2011-11-16,17003,87,72.60714285714286,Moving Average (28D)
2011-11-17,17003,0,72.60714285714286,Moving Average (28D)
2011-11-18,17003,2,72.60714285714286,Moving Average (28D)
2011-11-19,17003,0,72.60714285714286,Moving Average (28D)
2011-11-20,17003,36,72.60714285714286,Moving Average (28D)
2011-11-21,17003,108,72.60714285714286,Moving Average (28D)
2011-11-22,17003,130,72.60714285714286,Moving Average (28D)
2011-11-23,17003,4,72.60714285714286,Moving Average (28D)
2011-11-24,17003,51,72.60714285714286,Moving Average (28D)
2011-11-25,17003,37,72.60714285714286,Moving Average (28D)
2011-11-26,17003,0,72.60714285714286,Moving Average (28D)
2011-11-27,17003,144,72.60714285714286,Moving Average (28D)
2011-11-28,17003,0,72.60714285714286,Moving Average (28D)
2011-11-29,17003,38,72.60714285714286,Moving Average (28D)
2011-11-30,17003,72,72.60714285714286,Moving Average (28D)
2011-12-01,17003,14,72.60714285714286,Moving Average (28D)
2011-12-02,17003,1,72.60714285714286,Moving Average (28D)
2011-12-03,17003,0,72.60714285714286,Moving Average (28D)
2011-12-04,17003,5,72.60714285714286,Moving Average (28D)
2011-12-05,17003,17,72.60714285714286,Moving Average (28D)
2011-12-06,17003,114,72.60714285714286,Moving Average (28D)
2011-12-07,17003,70,72.60714285714286,Moving Average (28D)
2011-12-08,17003,76,72.60714285714286,Moving Average (28D)
2011-12-09,17003,0,72.60714285714286,Moving Average (28D)
2011-11-10,21977,146,25.0,Naive (Last Value)
2011-11-11,21977,40,25.0,Naive (Last Value)
2011-11-12,21977,0,25.0,Naive (Last Value)
2011-11-13,21977,62,25.0,Naive (Last Value)
2011-11-14,21977,6,25.0,Naive (Last Value)
2011-11-15,21977,53,25.0,Naive (Last Value)
2011-11-16,21977,243,25.0,Naive (Last Value)
2011-11-17,21977,6,25.0,Naive (Last Value)
2011-11-18,21977,97,25.0,Naive (Last Value)
2011-11-19,21977,0,25.0,Naive (Last Value)
2011-11-20,21977,10,25.0,Naive (Last Value)
2011-11-21,21977,221,25.0,Naive (Last Value)
2011-11-22,21977,49,25.0,Naive (Last Value)
2011-11-23,21977,77,25.0,Naive (Last Value)
2011-11-24,21977,29,25.0,Naive (Last Value)
2011-11-25,21977,5,25.0,Naive (Last Value)
2011-11-26,21977,0,25.0,Naive (Last Value)
2011-11-27,21977,11,25.0,Naive (Last Value)
2011-11-28,21977,29,25.0,Naive (Last Value)
2011-11-29,21977,58,25.0,Naive (Last Value)
2011-11-30,21977,124,25.0,Naive (Last Value)
2011-12-01,21977,13,25.0,Naive (Last Value)
2011-12-02,21977,6,25.0,Naive (Last Value)
2011-12-03,21977,0,25.0,Naive (Last Value)
2011-12-04,21977,9,25.0,Naive (Last Value)
2011-12-05,21977,56,25.0,Naive (Last Value)
2011-12-06,21977,26,25.0,Naive (Last Value)
2011-12-07,21977,55,25.0,Naive (Last Value)
2011-12-08,21977,66,25.0,Naive (Last Value)
2011-12-09,21977,3,25.0,Naive (Last Value)
2011-11-10,21977,146,18.714285714285715,Moving Average (7D)
2011-11-11,21977,40,18.714285714285715,Moving Average (7D)
2011-11-12,21977,0,18.714285714285715,Moving Average (7D)
2011-11-13,21977,62,18.714285714285715,Moving Average (7D)
2011-11-14,21977,6,18.714285714285715,Moving Average (7D)
2011-11-15,21977,53,18.714285714285715,Moving Average (7D)
2011-11-16,21977,243,18.714285714285715,Moving Average (7D)
2011-11-17,21977,6,18.714285714285715,Moving Average (7D)
2011-11-18,21977,97,18.714285714285715,Moving Average (7D)
2011-11-19,21977,0,18.714285714285715,Moving Average (7D)
2011-11-20,21977,10,18.714285714285715,Moving Average (7D)
2011-11-21,21977,221,18.714285714285715,Moving Average (7D)
2011-11-22,21977,49,18.714285714285715,Moving Average (7D)
2011-11-23,21977,77,18.714285714285715,Moving Average (7D)
2011-11-24,21977,29,18.714285714285715,Moving Average (7D)
2011-11-25,21977,5,18.714285714285715,Moving Average (7D)
2011-11-26,21977,0,18.714285714285715,Moving Average (7D)
2011-11-27,21977,11,18.714285714285715,Moving Average (7D)
2011-11-28,21977,29,18.714285714285715,Moving Average (7D)
2011-11-29,21977,58,18.714285714285715,Moving Average (7D)
2011-11-30,21977,124,18.714285714285715,Moving Average (7D)
2011-12-01,21977,13,18.714285714285715,Moving Average (7D)
2011-12-02,21977,6,18.714285714285715,Moving Average (7D)
2011-12-03,21977,0,18.714285714285715,Moving Average (7D)
2011-12-04,21977,9,18.714285714285715,Moving Average (7D)
2011-12-05,21977,56,18.714285714285715,Moving Average (7D)
2011-12-06,21977,26,18.714285714285715,Moving Average (7D)
2011-12-07,21977,55,18.714285714285715,Moving Average (7D)
2011-12-08,21977,66,18.714285714285715,Moving Average (7D)
2011-12-09,21977,3,18.714285714285715,Moving Average (7D)
2011-11-10,21977,146,19.642857142857142,Moving Average (14D)
2011-11-11,21977,40,19.642857142857142,Moving Average (14D)
2011-11-12,21977,0,19.642857142857142,Moving Average (14D)
2011-11-13,21977,62,19.642857142857142,Moving Average (14D)
2011-11-14,21977,6,19.642857142857142,Moving Average (14D)
2011-11-15,21977,53,19.642857142857142,Moving Average (14D)
2011-11-16,21977,243,19.642857142857142,Moving Average (14D)
2011-11-17,21977,6,19.642857142857142,Moving Average (14D)
2011-11-18,21977,97,19.642857142857142,Moving Average (14D)
2011-11-19,21977,0,19.642857142857142,Moving Average (14D)
2011-11-20,21977,10,19.642857142857142,Moving Average (14D)
2011-11-21,21977,221,19.642857142857142,Moving Average (14D)
2011-11-22,21977,49,19.642857142857142,Moving Average (14D)
2011-11-23,21977,77,19.642857142857142,Moving Average (14D)
2011-11-24,21977,29,19.642857142857142,Moving Average (14D)
2011-11-25,21977,5,19.642857142857142,Moving Average (14D)
2011-11-26,21977,0,19.642857142857142,Moving Average (14D)
2011-11-27,21977,11,19.642857142857142,Moving Average (14D)
2011-11-28,21977,29,19.642857142857142,Moving Average (14D)
2011-11-29,21977,58,19.642857142857142,Moving Average (14D)
2011-11-30,21977,124,19.642857142857142,Moving Average (14D)
2011-12-01,21977,13,19.642857142857142,Moving Average (14D)
2011-12-02,21977,6,19.642857142857142,Moving Average (14D)
2011-12-03,21977,0,19.642857142857142,Moving Average (14D)
2011-12-04,21977,9,19.642857142857142,Moving Average (14D)
2011-12-05,21977,56,19.642857142857142,Moving Average (14D)
2011-12-06,21977,26,19.642857142857142,Moving Average (14D)
2011-12-07,21977,55,19.642857142857142,Moving Average (14D)
2011-12-08,21977,66,19.642857142857142,Moving Average (14D)
2011-12-09,21977,3,19.642857142857142,Moving Average (14D)
2011-11-10,21977,146,21.857142857142858,Moving Average (28D)
2011-11-11,21977,40,21.857142857142858,Moving Average (28D)
2011-11-12,21977,0,21.857142857142858,Moving Average (28D)
2011-11-13,21977,62,21.857142857142858,Moving Average (28D)
2011-11-14,21977,6,21.857142857142858,Moving Average (28D)
2011-11-15,21977,53,21.857142857142858,Moving Average (28D)
2011-11-16,21977,243,21.857142857142858,Moving Average (28D)
2011-11-17,21977,6,21.857142857142858,Moving Average (28D)
2011-11-18,21977,97,21.857142857142858,Moving Average (28D)
2011-11-19,21977,0,21.857142857142858,Moving Average (28D)
2011-11-20,21977,10,21.857142857142858,Moving Average (28D)
2011-11-21,21977,221,21.857142857142858,Moving Average (28D)
2011-11-22,21977,49,21.857142857142858,Moving Average (28D)
2011-11-23,21977,77,21.857142857142858,Moving Average (28D)
2011-11-24,21977,29,21.857142857142858,Moving Average (28D)
2011-11-25,21977,5,21.857142857142858,Moving Average (28D)
2011-11-26,21977,0,21.857142857142858,Moving Average (28D)
2011-11-27,21977,11,21.857142857142858,Moving Average (28D)
2011-11-28,21977,29,21.857142857142858,Moving Average (28D)
2011-11-29,21977,58,21.857142857142858,Moving Average (28D)
2011-11-30,21977,124,21.857142857142858,Moving Average (28D)
2011-12-01,21977,13,21.857142857142858,Moving Average (28D)
2011-12-02,21977,6,21.857142857142858,Moving Average (28D)
2011-12-03,21977,0,21.857142857142858,Moving Average (28D)
2011-12-04,21977,9,21.857142857142858,Moving Average (28D)
2011-12-05,21977,56,21.857142857142858,Moving Average (28D)
2011-12-06,21977,26,21.857142857142858,Moving Average (28D)
2011-12-07,21977,55,21.857142857142858,Moving Average (28D)
2011-12-08,21977,66,21.857142857142858,Moving Average (28D)
2011-12-09,21977,3,21.857142857142858,Moving Average (28D)
2011-11-10,84991,51,73.0,Naive (Last Value)
2011-11-11,84991,10,73.0,Naive (Last Value)
2011-11-12,84991,0,73.0,Naive (Last Value)
2011-11-13,84991,36,73.0,Naive (Last Value)
2011-11-14,84991,31,73.0,Naive (Last Value)
2011-11-15,84991,225,73.0,Naive (Last Value)
2011-11-16,84991,247,73.0,Naive (Last Value)
2011-11-17,84991,10,73.0,Naive (Last Value)
2011-11-18,84991,26,73.0,Naive (Last Value)
2011-11-19,84991,0,73.0,Naive (Last Value)
2011-11-20,84991,8,73.0,Naive (Last Value)
2011-11-21,84991,183,73.0,Naive (Last Value)
2011-11-22,84991,50,73.0,Naive (Last Value)
2011-11-23,84991,101,73.0,Naive (Last Value)
2011-11-24,84991,14,73.0,Naive (Last Value)
2011-11-25,84991,0,73.0,Naive (Last Value)
2011-11-26,84991,0,73.0,Naive (Last Value)
2011-11-27,84991,9,73.0,Naive (Last Value)
2011-11-28,84991,1,73.0,Naive (Last Value)
2011-11-29,84991,37,73.0,Naive (Last Value)
2011-11-30,84991,50,73.0,Naive (Last Value)
2011-12-01,84991,0,73.0,Naive (Last Value)
2011-12-02,84991,27,73.0,Naive (Last Value)
2011-12-03,84991,0,73.0,Naive (Last Value)
2011-12-04,84991,21,73.0,Naive (Last Value)
2011-12-05,84991,33,73.0,Naive (Last Value)
2011-12-06,84991,3,73.0,Naive (Last Value)
2011-12-07,84991,31,73.0,Naive (Last Value)
2011-12-08,84991,20,73.0,Naive (Last Value)
2011-12-09,84991,1,73.0,Naive (Last Value)
2011-11-10,84991,51,44.0,Moving Average (7D)
2011-11-11,84991,10,44.0,Moving Average (7D)
2011-11-12,84991,0,44.0,Moving Average (7D)
2011-11-13,84991,36,44.0,Moving Average (7D)
2011-11-14,84991,31,44.0,Moving Average (7D)
2011-11-15,84991,225,44.0,Moving Average (7D)
2011-11-16,84991,247,44.0,Moving Average (7D)
2011-11-17,84991,10,44.0,Moving Average (7D)
2011-11-18,84991,26,44.0,Moving Average (7D)
2011-11-19,84991,0,44.0,Moving Average (7D)
2011-11-20,84991,8,44.0,Moving Average (7D)
2011-11-21,84991,183,44.0,Moving Average (7D)
2011-11-22,84991,50,44.0,Moving Average (7D)
2011-11-23,84991,101,44.0,Moving Average (7D)
2011-11-24,84991,14,44.0,Moving Average (7D)
2011-11-25,84991,0,44.0,Moving Average (7D)
2011-11-26,84991,0,44.0,Moving Average (7D)
2011-11-27,84991,9,44.0,Moving Average (7D)
2011-11-28,84991,1,44.0,Moving Average (7D)
2011-11-29,84991,37,44.0,Moving Average (7D)
2011-11-30,84991,50,44.0,Moving Average (7D)
2011-12-01,84991,0,44.0,Moving Average (7D)
2011-12-02,84991,27,44.0,Moving Average (7D)
2011-12-03,84991,0,44.0,Moving Average (7D)
2011-12-04,84991,21,44.0,Moving Average (7D)
2011-12-05,84991,33,44.0,Moving Average (7D)
2011-12-06,84991,3,44.0,Moving Average (7D)
2011-12-07,84991,31,44.0,Moving Average (7D)
2011-12-08,84991,20,44.0,Moving Average (7D)
2011-12-09,84991,1,44.0,Moving Average (7D)
2011-11-10,84991,51,53.214285714285715,Moving Average (14D)
2011-11-11,84991,10,53.214285714285715,Moving Average (14D)
2011-11-12,84991,0,53.214285714285715,Moving Average (14D)
2011-11-13,84991,36,53.214285714285715,Moving Average (14D)
2011-11-14,84991,31,53.214285714285715,Moving Average (14D)
2011-11-15,84991,225,53.214285714285715,Moving Average (14D)
2011-11-16,84991,247,53.214285714285715,Moving Average (14D)
2011-11-17,84991,10,53.214285714285715,Moving Average (14D)
2011-11-18,84991,26,53.214285714285715,Moving Average (14D)
2011-11-19,84991,0,53.214285714285715,Moving Average (14D)
2011-11-20,84991,8,53.214285714285715,Moving Average (14D)
2011-11-21,84991,183,53.214285714285715,Moving Average (14D)
2011-11-22,84991,50,53.214285714285715,Moving Average (14D)
2011-11-23,84991,101,53.214285714285715,Moving Average (14D)
2011-11-24,84991,14,53.214285714285715,Moving Average (14D)
2011-11-25,84991,0,53.214285714285715,Moving Average (14D)
2011-11-26,84991,0,53.214285714285715,Moving Average (14D)
2011-11-27,84991,9,53.214285714285715,Moving Average (14D)
2011-11-28,84991,1,53.214285714285715,Moving Average (14D)
2011-11-29,84991,37,53.214285714285715,Moving Average (14D)
2011-11-30,84991,50,53.214285714285715,Moving Average (14D)
2011-12-01,84991,0,53.214285714285715,Moving Average (14D)
2011-12-02,84991,27,53.214285714285715,Moving Average (14D)
2011-12-03,84991,0,53.214285714285715,Moving Average (14D)
2011-12-04,84991,21,53.214285714285715,Moving Average (14D)
2011-12-05,84991,33,53.214285714285715,Moving Average (14D)
2011-12-06,84991,3,53.214285714285715,Moving Average (14D)
2011-12-07,84991,31,53.214285714285715,Moving Average (14D)
2011-12-08,84991,20,53.214285714285715,Moving Average (14D)
2011-12-09,84991,1,53.214285714285715,Moving Average (14D)
2011-11-10,84991,51,58.285714285714285,Moving Average (28D)
2011-11-11,84991,10,58.285714285714285,Moving Average (28D)
2011-11-12,84991,0,58.285714285714285,Moving Average (28D)
2011-11-13,84991,36,58.285714285714285,Moving Average (28D)
2011-11-14,84991,31,58.285714285714285,Moving Average (28D)
2011-11-15,84991,225,58.285714285714285,Moving Average (28D)
2011-11-16,84991,247,58.285714285714285,Moving Average (28D)
2011-11-17,84991,10,58.285714285714285,Moving Average (28D)
2011-11-18,84991,26,58.285714285714285,Moving Average (28D)
2011-11-19,84991,0,58.285714285714285,Moving Average (28D)
2011-11-20,84991,8,58.285714285714285,Moving Average (28D)
2011-11-21,84991,183,58.285714285714285,Moving Average (28D)
2011-11-22,84991,50,58.285714285714285,Moving Average (28D)
2011-11-23,84991,101,58.285714285714285,Moving Average (28D)
2011-11-24,84991,14,58.285714285714285,Moving Average (28D)
2011-11-25,84991,0,58.285714285714285,Moving Average (28D)
2011-11-26,84991,0,58.285714285714285,Moving Average (28D)
2011-11-27,84991,9,58.285714285714285,Moving Average (28D)
2011-11-28,84991,1,58.285714285714285,Moving Average (28D)
2011-11-29,84991,37,58.285714285714285,Moving Average (28D)
2011-11-30,84991,50,58.285714285714285,Moving Average (28D)
2011-12-01,84991,0,58.285714285714285,Moving Average (28D)
2011-12-02,84991,27,58.285714285714285,Moving Average (28D)
2011-12-03,84991,0,58.285714285714285,Moving Average (28D)
2011-12-04,84991,21,58.285714285714285,Moving Average (28D)
2011-12-05,84991,33,58.285714285714285,Moving Average (28D)
2011-12-06,84991,3,58.285714285714285,Moving Average (28D)
2011-12-07,84991,31,58.285714285714285,Moving Average (28D)
2011-12-08,84991,20,58.285714285714285,Moving Average (28D)
2011-12-09,84991,1,58.285714285714285,Moving Average (28D)
2011-11-10,15036,12,48.0,Naive (Last Value)
2011-11-11,15036,14,48.0,Naive (Last Value)
2011-11-12,15036,0,48.0,Naive (Last Value)
2011-11-13,15036,24,48.0,Naive (Last Value)
2011-11-14,15036,0,48.0,Naive (Last Value)
2011-11-15,15036,30,48.0,Naive (Last Value)
2011-11-16,15036,61,48.0,Naive (Last Value)
2011-11-17,15036,1,48.0,Naive (Last Value)
2011-11-18,15036,12,48.0,Naive (Last Value)
2011-11-19,15036,0,48.0,Naive (Last Value)
2011-11-20,15036,0,48.0,Naive (Last Value)
2011-11-21,15036,24,48.0,Naive (Last Value)
2011-11-22,15036,2,48.0,Naive (Last Value)
2011-11-23,15036,84,48.0,Naive (Last Value)
2011-11-24,15036,113,48.0,Naive (Last Value)
2011-11-25,15036,14,48.0,Naive (Last Value)
2011-11-26,15036,0,48.0,Naive (Last Value)
2011-11-27,15036,0,48.0,Naive (Last Value)
2011-11-28,15036,84,48.0,Naive (Last Value)
2011-11-29,15036,2,48.0,Naive (Last Value)
2011-11-30,15036,2,48.0,Naive (Last Value)
2011-12-01,15036,1,48.0,Naive (Last Value)
2011-12-02,15036,54,48.0,Naive (Last Value)
2011-12-03,15036,0,48.0,Naive (Last Value)
2011-12-04,15036,0,48.0,Naive (Last Value)
2011-12-05,15036,5,48.0,Naive (Last Value)
2011-12-06,15036,0,48.0,Naive (Last Value)
2011-12-07,15036,0,48.0,Naive (Last Value)
2011-12-08,15036,8,48.0,Naive (Last Value)
2011-12-09,15036,1,48.0,Naive (Last Value)
2011-11-10,15036,12,8.857142857142858,Moving Average (7D)
2011-11-11,15036,14,8.857142857142858,Moving Average (7D)
2011-11-12,15036,0,8.857142857142858,Moving Average (7D)
2011-11-13,15036,24,8.857142857142858,Moving Average (7D)
2011-11-14,15036,0,8.857142857142858,Moving Average (7D)
2011-11-15,15036,30,8.857142857142858,Moving Average (7D)
2011-11-16,15036,61,8.857142857142858,Moving Average (7D)
2011-11-17,15036,1,8.857142857142858,Moving Average (7D)
2011-11-18,15036,12,8.857142857142858,Moving Average (7D)
2011-11-19,15036,0,8.857142857142858,Moving Average (7D)
2011-11-20,15036,0,8.857142857142858,Moving Average (7D)
2011-11-21,15036,24,8.857142857142858,Moving Average (7D)
2011-11-22,15036,2,8.857142857142858,Moving Average (7D)
2011-11-23,15036,84,8.857142857142858,Moving Average (7D)
2011-11-24,15036,113,8.857142857142858,Moving Average (7D)
2011-11-25,15036,14,8.857142857142858,Moving Average (7D)
2011-11-26,15036,0,8.857142857142858,Moving Average (7D)
2011-11-27,15036,0,8.857142857142858,Moving Average (7D)
2011-11-28,15036,84,8.857142857142858,Moving Average (7D)
2011-11-29,15036,2,8.857142857142858,Moving Average (7D)
2011-11-30,15036,2,8.857142857142858,Moving Average (7D)
2011-12-01,15036,1,8.857142857142858,Moving Average (7D)
2011-12-02,15036,54,8.857142857142858,Moving Average (7D)
2011-12-03,15036,0,8.857142857142858,Moving Average (7D)
2011-12-04,15036,0,8.857142857142858,Moving Average (7D)
2011-12-05,15036,5,8.857142857142858,Moving Average (7D)
2011-12-06,15036,0,8.857142857142858,Moving Average (7D)
2011-12-07,15036,0,8.857142857142858,Moving Average (7D)
2011-12-08,15036,8,8.857142857142858,Moving Average (7D)
2011-12-09,15036,1,8.857142857142858,Moving Average (7D)
2011-11-10,15036,12,15.142857142857142,Moving Average (14D)
2011-11-11,15036,14,15.142857142857142,Moving Average (14D)
2011-11-12,15036,0,15.142857142857142,Moving Average (14D)
2011-11-13,15036,24,15.142857142857142,Moving Average (14D)
2011-11-14,15036,0,15.142857142857142,Moving Average (14D)
2011-11-15,15036,30,15.142857142857142,Moving Average (14D)
2011-11-16,15036,61,15.142857142857142,Moving Average (14D)
2011-11-17,15036,1,15.142857142857142,Moving Average (14D)
2011-11-18,15036,12,15.142857142857142,Moving Average (14D)
2011-11-19,15036,0,15.142857142857142,Moving Average (14D)
2011-11-20,15036,0,15.142857142857142,Moving Average (14D)
2011-11-21,15036,24,15.142857142857142,Moving Average (14D)
2011-11-22,15036,2,15.142857142857142,Moving Average (14D)
2011-11-23,15036,84,15.142857142857142,Moving Average (14D)
2011-11-24,15036,113,15.142857142857142,Moving Average (14D)
2011-11-25,15036,14,15.142857142857142,Moving Average (14D)
2011-11-26,15036,0,15.142857142857142,Moving Average (14D)
2011-11-27,15036,0,15.142857142857142,Moving Average (14D)
2011-11-28,15036,84,15.142857142857142,Moving Average (14D)
2011-11-29,15036,2,15.142857142857142,Moving Average (14D)
2011-11-30,15036,2,15.142857142857142,Moving Average (14D)
2011-12-01,15036,1,15.142857142857142,Moving Average (14D)
2011-12-02,15036,54,15.142857142857142,Moving Average (14D)
2011-12-03,15036,0,15.142857142857142,Moving Average (14D)
2011-12-04,15036,0,15.142857142857142,Moving Average (14D)
2011-12-05,15036,5,15.142857142857142,Moving Average (14D)
2011-12-06,15036,0,15.142857142857142,Moving Average (14D)
2011-12-07,15036,0,15.142857142857142,Moving Average (14D)
2011-12-08,15036,8,15.142857142857142,Moving Average (14D)
2011-12-09,15036,1,15.142857142857142,Moving Average (14D)
2011-11-10,15036,12,19.464285714285715,Moving Average (28D)
2011-11-11,15036,14,19.464285714285715,Moving Average (28D)
2011-11-12,15036,0,19.464285714285715,Moving Average (28D)
2011-11-13,15036,24,19.464285714285715,Moving Average (28D)
2011-11-14,15036,0,19.464285714285715,Moving Average (28D)
2011-11-15,15036,30,19.464285714285715,Moving Average (28D)
2011-11-16,15036,61,19.464285714285715,Moving Average (28D)
2011-11-17,15036,1,19.464285714285715,Moving Average (28D)
2011-11-18,15036,12,19.464285714285715,Moving Average (28D)
2011-11-19,15036,0,19.464285714285715,Moving Average (28D)
2011-11-20,15036,0,19.464285714285715,Moving Average (28D)
2011-11-21,15036,24,19.464285714285715,Moving Average (28D)
2011-11-22,15036,2,19.464285714285715,Moving Average (28D)
2011-11-23,15036,84,19.464285714285715,Moving Average (28D)
2011-11-24,15036,113,19.464285714285715,Moving Average (28D)
2011-11-25,15036,14,19.464285714285715,Moving Average (28D)
2011-11-26,15036,0,19.464285714285715,Moving Average (28D)
2011-11-27,15036,0,19.464285714285715,Moving Average (28D)
2011-11-28,15036,84,19.464285714285715,Moving Average (28D)
2011-11-29,15036,2,19.464285714285715,Moving Average (28D)
2011-11-30,15036,2,19.464285714285715,Moving Average (28D)
2011-12-01,15036,1,19.464285714285715,Moving Average (28D)
2011-12-02,15036,54,19.464285714285715,Moving Average (28D)
2011-12-03,15036,0,19.464285714285715,Moving Average (28D)
2011-12-04,15036,0,19.464285714285715,Moving Average (28D)
2011-12-05,15036,5,19.464285714285715,Moving Average (28D)
2011-12-06,15036,0,19.464285714285715,Moving Average (28D)
2011-12-07,15036,0,19.464285714285715,Moving Average (28D)
2011-12-08,15036,8,19.464285714285715,Moving Average (28D)
2011-12-09,15036,1,19.464285714285715,Moving Average (28D)
2011-11-10,22492,1188,74.0,Naive (Last Value)
2011-11-11,22492,74,74.0,Naive (Last Value)
2011-11-12,22492,0,74.0,Naive (Last Value)
2011-11-13,22492,0,74.0,Naive (Last Value)
2011-11-14,22492,421,74.0,Naive (Last Value)
2011-11-15,22492,2,74.0,Naive (Last Value)
2011-11-16,22492,36,74.0,Naive (Last Value)
2011-11-17,22492,108,74.0,Naive (Last Value)
2011-11-18,22492,76,74.0,Naive (Last Value)
2011-11-19,22492,0,74.0,Naive (Last Value)
2011-11-20,22492,36,74.0,Naive (Last Value)
2011-11-21,22492,111,74.0,Naive (Last Value)
2011-11-22,22492,38,74.0,Naive (Last Value)
2011-11-23,22492,144,74.0,Naive (Last Value)
2011-11-24,22492,72,74.0,Naive (Last Value)
2011-11-25,22492,37,74.0,Naive (Last Value)
2011-11-26,22492,0,74.0,Naive (Last Value)
2011-11-27,22492,0,74.0,Naive (Last Value)
2011-11-28,22492,37,74.0,Naive (Last Value)
2011-11-29,22492,77,74.0,Naive (Last Value)
2011-11-30,22492,115,74.0,Naive (Last Value)
2011-12-01,22492,36,74.0,Naive (Last Value)
2011-12-02,22492,36,74.0,Naive (Last Value)
2011-12-03,22492,0,74.0,Naive (Last Value)
2011-12-04,22492,0,74.0,Naive (Last Value)
2011-12-05,22492,4,74.0,Naive (Last Value)
2011-12-06,22492,36,74.0,Naive (Last Value)
2011-12-07,22492,108,74.0,Naive (Last Value)
2011-12-08,22492,72,74.0,Naive (Last Value)
2011-12-09,22492,0,74.0,Naive (Last Value)
2011-11-10,22492,1188,77.14285714285714,Moving Average (7D)
2011-11-11,22492,74,77.14285714285714,Moving Average (7D)
2011-11-12,22492,0,77.14285714285714,Moving Average (7D)
2011-11-13,22492,0,77.14285714285714,Moving Average (7D)
2011-11-14,22492,421,77.14285714285714,Moving Average (7D)
2011-11-15,22492,2,77.14285714285714,Moving Average (7D)
2011-11-16,22492,36,77.14285714285714,Moving Average (7D)
2011-11-17,22492,108,77.14285714285714,Moving Average (7D)
2011-11-18,22492,76,77.14285714285714,Moving Average (7D)
2011-11-19,22492,0,77.14285714285714,Moving Average (7D)
2011-11-20,22492,36,77.14285714285714,Moving Average (7D)
2011-11-21,22492,111,77.14285714285714,Moving Average (7D)
2011-11-22,22492,38,77.14285714285714,Moving Average (7D)
2011-11-23,22492,144,77.14285714285714,Moving Average (7D)
2011-11-24,22492,72,77.14285714285714,Moving Average (7D)
2011-11-25,22492,37,77.14285714285714,Moving Average (7D)
2011-11-26,22492,0,77.14285714285714,Moving Average (7D)
2011-11-27,22492,0,77.14285714285714,Moving Average (7D)
2011-11-28,22492,37,77.14285714285714,Moving Average (7D)
2011-11-29,22492,77,77.14285714285714,Moving Average (7D)
2011-11-30,22492,115,77.14285714285714,Moving Average (7D)
2011-12-01,22492,36,77.14285714285714,Moving Average (7D)
2011-12-02,22492,36,77.14285714285714,Moving Average (7D)
2011-12-03,22492,0,77.14285714285714,Moving Average (7D)
2011-12-04,22492,0,77.14285714285714,Moving Average (7D)
2011-12-05,22492,4,77.14285714285714,Moving Average (7D)
2011-12-06,22492,36,77.14285714285714,Moving Average (7D)
2011-12-07,22492,108,77.14285714285714,Moving Average (7D)
2011-12-08,22492,72,77.14285714285714,Moving Average (7D)
2011-12-09,22492,0,77.14285714285714,Moving Average (7D)
2011-11-10,22492,1188,77.42857142857143,Moving Average (14D)
2011-11-11,22492,74,77.42857142857143,Moving Average (14D)
2011-11-12,22492,0,77.42857142857143,Moving Average (14D)
2011-11-13,22492,0,77.42857142857143,Moving Average (14D)
2011-11-14,22492,421,77.42857142857143,Moving Average (14D)
2011-11-15,22492,2,77.42857142857143,Moving Average (14D)
2011-11-16,22492,36,77.42857142857143,Moving Average (14D)
2011-11-17,22492,108,77.42857142857143,Moving Average (14D)
2011-11-18,22492,76,77.42857142857143,Moving Average (14D)
2011-11-19,22492,0,77.42857142857143,Moving Average (14D)
2011-11-20,22492,36,77.42857142857143,Moving Average (14D)
2011-11-21,22492,111,77.42857142857143,Moving Average (14D)
2011-11-22,22492,38,77.42857142857143,Moving Average (14D)
2011-11-23,22492,144,77.42857142857143,Moving Average (14D)
2011-11-24,22492,72,77.42857142857143,Moving Average (14D)
2011-11-25,22492,37,77.42857142857143,Moving Average (14D)
2011-11-26,22492,0,77.42857142857143,Moving Average (14D)
2011-11-27,22492,0,77.42857142857143,Moving Average (14D)
2011-11-28,22492,37,77.42857142857143,Moving Average (14D)
2011-11-29,22492,77,77.42857142857143,Moving Average (14D)
2011-11-30,22492,115,77.42857142857143,Moving Average (14D)
2011-12-01,22492,36,77.42857142857143,Moving Average (14D)
2011-12-02,22492,36,77.42857142857143,Moving Average (14D)
2011-12-03,22492,0,77.42857142857143,Moving Average (14D)
2011-12-04,22492,0,77.42857142857143,Moving Average (14D)
2011-12-05,22492,4,77.42857142857143,Moving Average (14D)
2011-12-06,22492,36,77.42857142857143,Moving Average (14D)
2011-12-07,22492,108,77.42857142857143,Moving Average (14D)
2011-12-08,22492,72,77.42857142857143,Moving Average (14D)
2011-12-09,22492,0,77.42857142857143,Moving Average (14D)
2011-11-10,22492,1188,104.35714285714286,Moving Average (28D)
2011-11-11,22492,74,104.35714285714286,Moving Average (28D)
2011-11-12,22492,0,104.35714285714286,Moving Average (28D)
2011-11-13,22492,0,104.35714285714286,Moving Average (28D)
2011-11-14,22492,421,104.35714285714286,Moving Average (28D)
2011-11-15,22492,2,104.35714285714286,Moving Average (28D)
2011-11-16,22492,36,104.35714285714286,Moving Average (28D)
2011-11-17,22492,108,104.35714285714286,Moving Average (28D)
2011-11-18,22492,76,104.35714285714286,Moving Average (28D)
2011-11-19,22492,0,104.35714285714286,Moving Average (28D)
2011-11-20,22492,36,104.35714285714286,Moving Average (28D)
2011-11-21,22492,111,104.35714285714286,Moving Average (28D)
2011-11-22,22492,38,104.35714285714286,Moving Average (28D)
2011-11-23,22492,144,104.35714285714286,Moving Average (28D)
2011-11-24,22492,72,104.35714285714286,Moving Average (28D)
2011-11-25,22492,37,104.35714285714286,Moving Average (28D)
2011-11-26,22492,0,104.35714285714286,Moving Average (28D)
2011-11-27,22492,0,104.35714285714286,Moving Average (28D)
2011-11-28,22492,37,104.35714285714286,Moving Average (28D)
2011-11-29,22492,77,104.35714285714286,Moving Average (28D)
2011-11-30,22492,115,104.35714285714286,Moving Average (28D)
2011-12-01,22492,36,104.35714285714286,Moving Average (28D)
2011-12-02,22492,36,104.35714285714286,Moving Average (28D)
2011-12-03,22492,0,104.35714285714286,Moving Average (28D)
2011-12-04,22492,0,104.35714285714286,Moving Average (28D)
2011-12-05,22492,4,104.35714285714286,Moving Average (28D)
2011-12-06,22492,36,104.35714285714286,Moving Average (28D)
2011-12-07,22492,108,104.35714285714286,Moving Average (28D)
2011-12-08,22492,72,104.35714285714286,Moving Average (28D)
2011-12-09,22492,0,104.35714285714286,Moving Average (28D)
2011-11-10,84755,52,0.0,Naive (Last Value)
2011-11-11,84755,168,0.0,Naive (Last Value)
2011-11-12,84755,0,0.0,Naive (Last Value)
2011-11-13,84755,32,0.0,Naive (Last Value)
2011-11-14,84755,72,0.0,Naive (Last Value)
2011-11-15,84755,16,0.0,Naive (Last Value)
2011-11-16,84755,20,0.0,Naive (Last Value)
2011-11-17,84755,16,0.0,Naive (Last Value)
2011-11-18,84755,16,0.0,Naive (Last Value)
2011-11-19,84755,0,0.0,Naive (Last Value)
2011-11-20,84755,4,0.0,Naive (Last Value)
2011-11-21,84755,0,0.0,Naive (Last Value)
2011-11-22,84755,40,0.0,Naive (Last Value)
2011-11-23,84755,256,0.0,Naive (Last Value)
2011-11-24,84755,48,0.0,Naive (Last Value)
2011-11-25,84755,4,0.0,Naive (Last Value)
2011-11-26,84755,0,0.0,Naive (Last Value)
2011-11-27,84755,0,0.0,Naive (Last Value)
2011-11-28,84755,16,0.0,Naive (Last Value)
2011-11-29,84755,0,0.0,Naive (Last Value)
2011-11-30,84755,4,0.0,Naive (Last Value)
2011-12-01,84755,20,0.0,Naive (Last Value)
2011-12-02,84755,0,0.0,Naive (Last Value)
2011-12-03,84755,0,0.0,Naive (Last Value)
2011-12-04,84755,0,0.0,Naive (Last Value)
2011-12-05,84755,72,0.0,Naive (Last Value)
2011-12-06,84755,16,0.0,Naive (Last Value)
2011-12-07,84755,16,0.0,Naive (Last Value)
2011-12-08,84755,36,0.0,Naive (Last Value)
2011-12-09,84755,4,0.0,Naive (Last Value)
2011-11-10,84755,52,16.0,Moving Average (7D)
2011-11-11,84755,168,16.0,Moving Average (7D)
2011-11-12,84755,0,16.0,Moving Average (7D)
2011-11-13,84755,32,16.0,Moving Average (7D)
2011-11-14,84755,72,16.0,Moving Average (7D)
2011-11-15,84755,16,16.0,Moving Average (7D)
2011-11-16,84755,20,16.0,Moving Average (7D)
2011-11-17,84755,16,16.0,Moving Average (7D)
2011-11-18,84755,16,16.0,Moving Average (7D)
2011-11-19,84755,0,16.0,Moving Average (7D)
2011-11-20,84755,4,16.0,Moving Average (7D)
2011-11-21,84755,0,16.0,Moving Average (7D)
2011-11-22,84755,40,16.0,Moving Average (7D)
2011-11-23,84755,256,16.0,Moving Average (7D)
2011-11-24,84755,48,16.0,Moving Average (7D)
2011-11-25,84755,4,16.0,Moving Average (7D)
2011-11-26,84755,0,16.0,Moving Average (7D)
2011-11-27,84755,0,16.0,Moving Average (7D)
2011-11-28,84755,16,16.0,Moving Average (7D)
2011-11-29,84755,0,16.0,Moving Average (7D)
2011-11-30,84755,4,16.0,Moving Average (7D)
2011-12-01,84755,20,16.0,Moving Average (7D)
2011-12-02,84755,0,16.0,Moving Average (7D)
2011-12-03,84755,0,16.0,Moving Average (7D)
2011-12-04,84755,0,16.0,Moving Average (7D)
2011-12-05,84755,72,16.0,Moving Average (7D)
2011-12-06,84755,16,16.0,Moving Average (7D)
2011-12-07,84755,16,16.0,Moving Average (7D)
2011-12-08,84755,36,16.0,Moving Average (7D)
2011-12-09,84755,4,16.0,Moving Average (7D)
2011-11-10,84755,52,14.0,Moving Average (14D)
2011-11-11,84755,168,14.0,Moving Average (14D)
2011-11-12,84755,0,14.0,Moving Average (14D)
2011-11-13,84755,32,14.0,Moving Average (14D)
2011-11-14,84755,72,14.0,Moving Average (14D)
2011-11-15,84755,16,14.0,Moving Average (14D)
2011-11-16,84755,20,14.0,Moving Average (14D)
2011-11-17,84755,16,14.0,Moving Average (14D)
2011-11-18,84755,16,14.0,Moving Average (14D)
2011-11-19,84755,0,14.0,Moving Average (14D)
2011-11-20,84755,4,14.0,Moving Average (14D)
2011-11-21,84755,0,14.0,Moving Average (14D)
2011-11-22,84755,40,14.0,Moving Average (14D)
2011-11-23,84755,256,14.0,Moving Average (14D)
2011-11-24,84755,48,14.0,Moving Average (14D)
2011-11-25,84755,4,14.0,Moving Average (14D)
2011-11-26,84755,0,14.0,Moving Average (14D)
2011-11-27,84755,0,14.0,Moving Average (14D)
2011-11-28,84755,16,14.0,Moving Average (14D)
2011-11-29,84755,0,14.0,Moving Average (14D)
2011-11-30,84755,4,14.0,Moving Average (14D)
2011-12-01,84755,20,14.0,Moving Average (14D)
2011-12-02,84755,0,14.0,Moving Average (14D)
2011-12-03,84755,0,14.0,Moving Average (14D)
2011-12-04,84755,0,14.0,Moving Average (14D)
2011-12-05,84755,72,14.0,Moving Average (14D)
2011-12-06,84755,16,14.0,Moving Average (14D)
2011-12-07,84755,16,14.0,Moving Average (14D)
2011-12-08,84755,36,14.0,Moving Average (14D)
2011-12-09,84755,4,14.0,Moving Average (14D)
2011-11-10,84755,52,18.0,Moving Average (28D)
2011-11-11,84755,168,18.0,Moving Average (28D)
2011-11-12,84755,0,18.0,Moving Average (28D)
2011-11-13,84755,32,18.0,Moving Average (28D)
2011-11-14,84755,72,18.0,Moving Average (28D)
2011-11-15,84755,16,18.0,Moving Average (28D)
2011-11-16,84755,20,18.0,Moving Average (28D)
2011-11-17,84755,16,18.0,Moving Average (28D)
2011-11-18,84755,16,18.0,Moving Average (28D)
2011-11-19,84755,0,18.0,Moving Average (28D)
2011-11-20,84755,4,18.0,Moving Average (28D)
2011-11-21,84755,0,18.0,Moving Average (28D)
2011-11-22,84755,40,18.0,Moving Average (28D)
2011-11-23,84755,256,18.0,Moving Average (28D)
2011-11-24,84755,48,18.0,Moving Average (28D)
2011-11-25,84755,4,18.0,Moving Average (28D)
2011-11-26,84755,0,18.0,Moving Average (28D)
2011-11-27,84755,0,18.0,Moving Average (28D)
2011-11-28,84755,16,18.0,Moving Average (28D)
2011-11-29,84755,0,18.0,Moving Average (28D)
2011-11-30,84755,4,18.0,Moving Average (28D)
2011-12-01,84755,20,18.0,Moving Average (28D)
2011-12-02,84755,0,18.0,Moving Average (28D)
2011-12-03,84755,0,18.0,Moving Average (28D)
2011-12-04,84755,0,18.0,Moving Average (28D)
2011-12-05,84755,72,18.0,Moving Average (28D)
2011-12-06,84755,16,18.0,Moving Average (28D)
2011-12-07,84755,16,18.0,Moving Average (28D)
2011-12-08,84755,36,18.0,Moving Average (28D)
2011-12-09,84755,4,18.0,Moving Average (28D)
2011-11-10,20725,93,161.0,Naive (Last Value)
2011-11-11,20725,88,161.0,Naive (Last Value)
2011-11-12,20725,0,161.0,Naive (Last Value)
2011-11-13,20725,23,161.0,Naive (Last Value)
2011-11-14,20725,155,161.0,Naive (Last Value)
2011-11-15,20725,232,161.0,Naive (Last Value)
2011-11-16,20725,66,161.0,Naive (Last Value)
2011-11-17,20725,71,161.0,Naive (Last Value)
2011-11-18,20725,76,161.0,Naive (Last Value)
2011-11-19,20725,0,161.0,Naive (Last Value)
2011-11-20,20725,49,161.0,Naive (Last Value)
2011-11-21,20725,37,161.0,Naive (Last Value)
2011-11-22,20725,47,161.0,Naive (Last Value)
2011-11-23,20725,37,161.0,Naive (Last Value)
2011-11-24,20725,44,161.0,Naive (Last Value)
2011-11-25,20725,93,161.0,Naive (Last Value)
2011-11-26,20725,0,161.0,Naive (Last Value)
2011-11-27,20725,18,161.0,Naive (Last Value)
2011-11-28,20725,58,161.0,Naive (Last Value)
2011-11-29,20725,49,161.0,Naive (Last Value)
2011-11-30,20725,91,161.0,Naive (Last Value)
2011-12-01,20725,51,161.0,Naive (Last Value)
2011-12-02,20725,72,161.0,Naive (Last Value)
2011-12-03,20725,0,161.0,Naive (Last Value)
2011-12-04,20725,10,161.0,Naive (Last Value)
2011-12-05,20725,50,161.0,Naive (Last Value)
2011-12-06,20725,85,161.0,Naive (Last Value)
2011-12-07,20725,35,161.0,Naive (Last Value)
2011-12-08,20725,52,161.0,Naive (Last Value)
2011-12-09,20725,42,161.0,Naive (Last Value)
2011-11-10,20725,93,77.42857142857143,Moving Average (7D)
2011-11-11,20725,88,77.42857142857143,Moving Average (7D)
2011-11-12,20725,0,77.42857142857143,Moving Average (7D)
2011-11-13,20725,23,77.42857142857143,Moving Average (7D)
2011-11-14,20725,155,77.42857142857143,Moving Average (7D)
2011-11-15,20725,232,77.42857142857143,Moving Average (7D)
2011-11-16,20725,66,77.42857142857143,Moving Average (7D)
2011-11-17,20725,71,77.42857142857143,Moving Average (7D)
2011-11-18,20725,76,77.42857142857143,Moving Average (7D)
2011-11-19,20725,0,77.42857142857143,Moving Average (7D)
2011-11-20,20725,49,77.42857142857143,Moving Average (7D)
2011-11-21,20725,37,77.42857142857143,Moving Average (7D)
2011-11-22,20725,47,77.42857142857143,Moving Average (7D)
2011-11-23,20725,37,77.42857142857143,Moving Average (7D)
2011-11-24,20725,44,77.42857142857143,Moving Average (7D)
2011-11-25,20725,93,77.42857142857143,Moving Average (7D)
2011-11-26,20725,0,77.42857142857143,Moving Average (7D)
2011-11-27,20725,18,77.42857142857143,Moving Average (7D)
2011-11-28,20725,58,77.42857142857143,Moving Average (7D)
2011-11-29,20725,49,77.42857142857143,Moving Average (7D)
2011-11-30,20725,91,77.42857142857143,Moving Average (7D)
2011-12-01,20725,51,77.42857142857143,Moving Average (7D)
2011-12-02,20725,72,77.42857142857143,Moving Average (7D)
2011-12-03,20725,0,77.42857142857143,Moving Average (7D)
2011-12-04,20725,10,77.42857142857143,Moving Average (7D)
2011-12-05,20725,50,77.42857142857143,Moving Average (7D)
2011-12-06,20725,85,77.42857142857143,Moving Average (7D)
2011-12-07,20725,35,77.42857142857143,Moving Average (7D)
2011-12-08,20725,52,77.42857142857143,Moving Average (7D)
2011-12-09,20725,42,77.42857142857143,Moving Average (7D)
2011-11-10,20725,93,63.714285714285715,Moving Average (14D)
2011-11-11,20725,88,63.714285714285715,Moving Average (14D)
2011-11-12,20725,0,63.714285714285715,Moving Average (14D)
2011-11-13,20725,23,63.714285714285715,Moving Average (14D)
2011-11-14,20725,155,63.714285714285715,Moving Average (14D)
2011-11-15,20725,232,63.714285714285715,Moving Average (14D)
2011-11-16,20725,66,63.714285714285715,Moving Average (14D)
2011-11-17,20725,71,63.714285714285715,Moving Average (14D)
2011-11-18,20725,76,63.714285714285715,Moving Average (14D)
2011-11-19,20725,0,63.714285714285715,Moving Average (14D)
2011-11-20,20725,49,63.714285714285715,Moving Average (14D)
2011-11-21,20725,37,63.714285714285715,Moving Average (14D)
2011-11-22,20725,47,63.714285714285715,Moving Average (14D)
2011-11-23,20725,37,63.714285714285715,Moving Average (14D)
2011-11-24,20725,44,63.714285714285715,Moving Average (14D)
2011-11-25,20725,93,63.714285714285715,Moving Average (14D)
2011-11-26,20725,0,63.714285714285715,Moving Average (14D)
2011-11-27,20725,18,63.714285714285715,Moving Average (14D)
2011-11-28,20725,58,63.714285714285715,Moving Average (14D)
2011-11-29,20725,49,63.714285714285715,Moving Average (14D)
2011-11-30,20725,91,63.714285714285715,Moving Average (14D)
2011-12-01,20725,51,63.714285714285715,Moving Average (14D)
2011-12-02,20725,72,63.714285714285715,Moving Average (14D)
2011-12-03,20725,0,63.714285714285715,Moving Average (14D)
2011-12-04,20725,10,63.714285714285715,Moving Average (14D)
2011-12-05,20725,50,63.714285714285715,Moving Average (14D)
2011-12-06,20725,85,63.714285714285715,Moving Average (14D)
2011-12-07,20725,35,63.714285714285715,Moving Average (14D)
2011-12-08,20725,52,63.714285714285715,Moving Average (14D)
2011-12-09,20725,42,63.714285714285715,Moving Average (14D)
2011-11-10,20725,93,53.785714285714285,Moving Average (28D)
2011-11-11,20725,88,53.785714285714285,Moving Average (28D)
2011-11-12,20725,0,53.785714285714285,Moving Average (28D)
2011-11-13,20725,23,53.785714285714285,Moving Average (28D)
2011-11-14,20725,155,53.785714285714285,Moving Average (28D)
2011-11-15,20725,232,53.785714285714285,Moving Average (28D)
2011-11-16,20725,66,53.785714285714285,Moving Average (28D)
2011-11-17,20725,71,53.785714285714285,Moving Average (28D)
2011-11-18,20725,76,53.785714285714285,Moving Average (28D)
2011-11-19,20725,0,53.785714285714285,Moving Average (28D)
2011-11-20,20725,49,53.785714285714285,Moving Average (28D)
2011-11-21,20725,37,53.785714285714285,Moving Average (28D)
2011-11-22,20725,47,53.785714285714285,Moving Average (28D)
2011-11-23,20725,37,53.785714285714285,Moving Average (28D)
2011-11-24,20725,44,53.785714285714285,Moving Average (28D)
2011-11-25,20725,93,53.785714285714285,Moving Average (28D)
2011-11-26,20725,0,53.785714285714285,Moving Average (28D)
2011-11-27,20725,18,53.785714285714285,Moving Average (28D)
2011-11-28,20725,58,53.785714285714285,Moving Average (28D)
2011-11-29,20725,49,53.785714285714285,Moving Average (28D)
2011-11-30,20725,91,53.785714285714285,Moving Average (28D)
2011-12-01,20725,51,53.785714285714285,Moving Average (28D)
2011-12-02,20725,72,53.785714285714285,Moving Average (28D)
2011-12-03,20725,0,53.785714285714285,Moving Average (28D)
2011-12-04,20725,10,53.785714285714285,Moving Average (28D)
2011-12-05,20725,50,53.785714285714285,Moving Average (28D)
2011-12-06,20725,85,53.785714285714285,Moving Average (28D)
2011-12-07,20725,35,53.785714285714285,Moving Average (28D)
2011-12-08,20725,52,53.785714285714285,Moving Average (28D)
2011-12-09,20725,42,53.785714285714285,Moving Average (28D)
2011-11-10,21213,1,25.0,Naive (Last Value)
2011-11-11,21213,47,25.0,Naive (Last Value)
2011-11-12,21213,0,25.0,Naive (Last Value)
2011-11-13,21213,14,25.0,Naive (Last Value)
2011-11-14,21213,27,25.0,Naive (Last Value)
2011-11-15,21213,10,25.0,Naive (Last Value)
2011-11-16,21213,15,25.0,Naive (Last Value)
2011-11-17,21213,50,25.0,Naive (Last Value)
2011-11-18,21213,32,25.0,Naive (Last Value)
2011-11-19,21213,0,25.0,Naive (Last Value)
2011-11-20,21213,29,25.0,Naive (Last Value)
2011-11-21,21213,26,25.0,Naive (Last Value)
2011-11-22,21213,6,25.0,Naive (Last Value)
2011-11-23,21213,28,25.0,Naive (Last Value)
2011-11-24,21213,0,25.0,Naive (Last Value)
2011-11-25,21213,0,25.0,Naive (Last Value)
2011-11-26,21213,0,25.0,Naive (Last Value)
2011-11-27,21213,4,25.0,Naive (Last Value)
2011-11-28,21213,26,25.0,Naive (Last Value)
2011-11-29,21213,27,25.0,Naive (Last Value)
2011-11-30,21213,121,25.0,Naive (Last Value)
2011-12-01,21213,24,25.0,Naive (Last Value)
2011-12-02,21213,6,25.0,Naive (Last Value)
2011-12-03,21213,0,25.0,Naive (Last Value)
2011-12-04,21213,6,25.0,Naive (Last Value)
2011-12-05,21213,50,25.0,Naive (Last Value)
2011-12-06,21213,3,25.0,Naive (Last Value)
2011-12-07,21213,48,25.0,Naive (Last Value)
2011-12-08,21213,3,25.0,Naive (Last Value)
2011-12-09,21213,2,25.0,Naive (Last Value)
2011-11-10,21213,1,31.714285714285715,Moving Average (7D)
2011-11-11,21213,47,31.714285714285715,Moving Average (7D)
2011-11-12,21213,0,31.714285714285715,Moving Average (7D)
2011-11-13,21213,14,31.714285714285715,Moving Average (7D)
2011-11-14,21213,27,31.714285714285715,Moving Average (7D)
2011-11-15,21213,10,31.714285714285715,Moving Average (7D)
2011-11-16,21213,15,31.714285714285715,Moving Average (7D)
2011-11-17,21213,50,31.714285714285715,Moving Average (7D)
2011-11-18,21213,32,31.714285714285715,Moving Average (7D)
2011-11-19,21213,0,31.714285714285715,Moving Average (7D)
2011-11-20,21213,29,31.714285714285715,Moving Average (7D)
2011-11-21,21213,26,31.714285714285715,Moving Average (7D)
2011-11-22,21213,6,31.714285714285715,Moving Average (7D)
2011-11-23,21213,28,31.714285714285715,Moving Average (7D)
2011-11-24,21213,0,31.714285714285715,Moving Average (7D)
2011-11-25,21213,0,31.714285714285715,Moving Average (7D)
2011-11-26,21213,0,31.714285714285715,Moving Average (7D)
2011-11-27,21213,4,31.714285714285715,Moving Average (7D)
2011-11-28,21213,26,31.714285714285715,Moving Average (7D)
2011-11-29,21213,27,31.714285714285715,Moving Average (7D)
2011-11-30,21213,121,31.714285714285715,Moving Average (7D)
2011-12-01,21213,24,31.714285714285715,Moving Average (7D)
2011-12-02,21213,6,31.714285714285715,Moving Average (7D)
2011-12-03,21213,0,31.714285714285715,Moving Average (7D)
2011-12-04,21213,6,31.714285714285715,Moving Average (7D)
2011-12-05,21213,50,31.714285714285715,Moving Average (7D)
2011-12-06,21213,3,31.714285714285715,Moving Average (7D)
2011-12-07,21213,48,31.714285714285715,Moving Average (7D)
2011-12-08,21213,3,31.714285714285715,Moving Average (7D)
2011-12-09,21213,2,31.714285714285715,Moving Average (7D)
2011-11-10,21213,1,52.214285714285715,Moving Average (14D)
2011-11-11,21213,47,52.214285714285715,Moving Average (14D)
2011-11-12,21213,0,52.214285714285715,Moving Average (14D)
2011-11-13,21213,14,52.214285714285715,Moving Average (14D)
2011-11-14,21213,27,52.214285714285715,Moving Average (14D)
2011-11-15,21213,10,52.214285714285715,Moving Average (14D)
2011-11-16,21213,15,52.214285714285715,Moving Average (14D)
2011-11-17,21213,50,52.214285714285715,Moving Average (14D)
2011-11-18,21213,32,52.214285714285715,Moving Average (14D)
2011-11-19,21213,0,52.214285714285715,Moving Average (14D)
2011-11-20,21213,29,52.214285714285715,Moving Average (14D)
2011-11-21,21213,26,52.214285714285715,Moving Average (14D)
2011-11-22,21213,6,52.214285714285715,Moving Average (14D)
2011-11-23,21213,28,52.214285714285715,Moving Average (14D)
2011-11-24,21213,0,52.214285714285715,Moving Average (14D)
2011-11-25,21213,0,52.214285714285715,Moving Average (14D)
2011-11-26,21213,0,52.214285714285715,Moving Average (14D)
2011-11-27,21213,4,52.214285714285715,Moving Average (14D)
2011-11-28,21213,26,52.214285714285715,Moving Average (14D)
2011-11-29,21213,27,52.214285714285715,Moving Average (14D)
2011-11-30,21213,121,52.214285714285715,Moving Average (14D)
2011-12-01,21213,24,52.214285714285715,Moving Average (14D)
2011-12-02,21213,6,52.214285714285715,Moving Average (14D)
2011-12-03,21213,0,52.214285714285715,Moving Average (14D)
2011-12-04,21213,6,52.214285714285715,Moving Average (14D)
2011-12-05,21213,50,52.214285714285715,Moving Average (14D)
2011-12-06,21213,3,52.214285714285715,Moving Average (14D)
2011-12-07,21213,48,52.214285714285715,Moving Average (14D)
2011-12-08,21213,3,52.214285714285715,Moving Average (14D)
2011-12-09,21213,2,52.214285714285715,Moving Average (14D)
2011-11-10,21213,1,45.857142857142854,Moving Average (28D)
2011-11-11,21213,47,45.857142857142854,Moving Average (28D)
2011-11-12,21213,0,45.857142857142854,Moving Average (28D)
2011-11-13,21213,14,45.857142857142854,Moving Average (28D)
2011-11-14,21213,27,45.857142857142854,Moving Average (28D)
2011-11-15,21213,10,45.857142857142854,Moving Average (28D)
2011-11-16,21213,15,45.857142857142854,Moving Average (28D)
2011-11-17,21213,50,45.857142857142854,Moving Average (28D)
2011-11-18,21213,32,45.857142857142854,Moving Average (28D)
2011-11-19,21213,0,45.857142857142854,Moving Average (28D)
2011-11-20,21213,29,45.857142857142854,Moving Average (28D)
2011-11-21,21213,26,45.857142857142854,Moving Average (28D)
2011-11-22,21213,6,45.857142857142854,Moving Average (28D)
2011-11-23,21213,28,45.857142857142854,Moving Average (28D)
2011-11-24,21213,0,45.857142857142854,Moving Average (28D)
2011-11-25,21213,0,45.857142857142854,Moving Average (28D)
2011-11-26,21213,0,45.857142857142854,Moving Average (28D)
2011-11-27,21213,4,45.857142857142854,Moving Average (28D)
2011-11-28,21213,26,45.857142857142854,Moving Average (28D)
2011-11-29,21213,27,45.857142857142854,Moving Average (28D)
2011-11-30,21213,121,45.857142857142854,Moving Average (28D)
2011-12-01,21213,24,45.857142857142854,Moving Average (28D)
2011-12-02,21213,6,45.857142857142854,Moving Average (28D)
2011-12-03,21213,0,45.857142857142854,Moving Average (28D)
2011-12-04,21213,6,45.857142857142854,Moving Average (28D)
2011-12-05,21213,50,45.857142857142854,Moving Average (28D)
2011-12-06,21213,3,45.857142857142854,Moving Average (28D)
2011-12-07,21213,48,45.857142857142854,Moving Average (28D)
2011-12-08,21213,3,45.857142857142854,Moving Average (28D)
2011-12-09,21213,2,45.857142857142854,Moving Average (28D)
2011-11-10,22178,186,4.0,Naive (Last Value)
2011-11-11,22178,34,4.0,Naive (Last Value)
2011-11-12,22178,0,4.0,Naive (Last Value)
2011-11-13,22178,6,4.0,Naive (Last Value)
2011-11-14,22178,49,4.0,Naive (Last Value)
2011-11-15,22178,39,4.0,Naive (Last Value)
2011-11-16,22178,97,4.0,Naive (Last Value)
2011-11-17,22178,214,4.0,Naive (Last Value)
2011-11-18,22178,2,4.0,Naive (Last Value)
2011-11-19,22178,0,4.0,Naive (Last Value)
2011-11-20,22178,48,4.0,Naive (Last Value)
2011-11-21,22178,209,4.0,Naive (Last Value)
2011-11-22,22178,32,4.0,Naive (Last Value)
2011-11-23,22178,11,4.0,Naive (Last Value)
2011-11-24,22178,78,4.0,Naive (Last Value)
2011-11-25,22178,12,4.0,Naive (Last Value)
2011-11-26,22178,0,4.0,Naive (Last Value)
2011-11-27,22178,30,4.0,Naive (Last Value)
2011-11-28,22178,247,4.0,Naive (Last Value)
2011-11-29,22178,80,4.0,Naive (Last Value)
2011-11-30,22178,88,4.0,Naive (Last Value)
2011-12-01,22178,158,4.0,Naive (Last Value)
2011-12-02,22178,26,4.0,Naive (Last Value)
2011-12-03,22178,0,4.0,Naive (Last Value)
2011-12-04,22178,150,4.0,Naive (Last Value)
2011-12-05,22178,377,4.0,Naive (Last Value)
2011-12-06,22178,74,4.0,Naive (Last Value)
2011-12-07,22178,78,4.0,Naive (Last Value)
2011-12-08,22178,109,4.0,Naive (Last Value)
2011-12-09,22178,18,4.0,Naive (Last Value)
2011-11-10,22178,186,28.428571428571427,Moving Average (7D)
2011-11-11,22178,34,28.428571428571427,Moving Average (7D)
2011-11-12,22178,0,28.428571428571427,Moving Average (7D)
2011-11-13,22178,6,28.428571428571427,Moving Average (7D)
2011-11-14,22178,49,28.428571428571427,Moving Average (7D)
2011-11-15,22178,39,28.428571428571427,Moving Average (7D)
2011-11-16,22178,97,28.428571428571427,Moving Average (7D)
2011-11-17,22178,214,28.428571428571427,Moving Average (7D)
2011-11-18,22178,2,28.428571428571427,Moving Average (7D)
2011-11-19,22178,0,28.428571428571427,Moving Average (7D)
2011-11-20,22178,48,28.428571428571427,Moving Average (7D)
2011-11-21,22178,209,28.428571428571427,Moving Average (7D)
2011-11-22,22178,32,28.428571428571427,Moving Average (7D)
2011-11-23,22178,11,28.428571428571427,Moving Average (7D)
2011-11-24,22178,78,28.428571428571427,Moving Average (7D)
2011-11-25,22178,12,28.428571428571427,Moving Average (7D)
2011-11-26,22178,0,28.428571428571427,Moving Average (7D)
2011-11-27,22178,30,28.428571428571427,Moving Average (7D)
2011-11-28,22178,247,28.428571428571427,Moving Average (7D)
2011-11-29,22178,80,28.428571428571427,Moving Average (7D)
2011-11-30,22178,88,28.428571428571427,Moving Average (7D)
2011-12-01,22178,158,28.428571428571427,Moving Average (7D)
2011-12-02,22178,26,28.428571428571427,Moving Average (7D)
2011-12-03,22178,0,28.428571428571427,Moving Average (7D)
2011-12-04,22178,150,28.428571428571427,Moving Average (7D)
2011-12-05,22178,377,28.428571428571427,Moving Average (7D)
2011-12-06,22178,74,28.428571428571427,Moving Average (7D)
2011-12-07,22178,78,28.428571428571427,Moving Average (7D)
2011-12-08,22178,109,28.428571428571427,Moving Average (7D)
2011-12-09,22178,18,28.428571428571427,Moving Average (7D)
2011-11-10,22178,186,45.07142857142857,Moving Average (14D)
2011-11-11,22178,34,45.07142857142857,Moving Average (14D)
2011-11-12,22178,0,45.07142857142857,Moving Average (14D)
2011-11-13,22178,6,45.07142857142857,Moving Average (14D)
2011-11-14,22178,49,45.07142857142857,Moving Average (14D)
2011-11-15,22178,39,45.07142857142857,Moving Average (14D)
2011-11-16,22178,97,45.07142857142857,Moving Average (14D)
2011-11-17,22178,214,45.07142857142857,Moving Average (14D)
2011-11-18,22178,2,45.07142857142857,Moving Average (14D)
2011-11-19,22178,0,45.07142857142857,Moving Average (14D)
2011-11-20,22178,48,45.07142857142857,Moving Average (14D)
2011-11-21,22178,209,45.07142857142857,Moving Average (14D)
2011-11-22,22178,32,45.07142857142857,Moving Average (14D)
2011-11-23,22178,11,45.07142857142857,Moving Average (14D)
2011-11-24,22178,78,45.07142857142857,Moving Average (14D)
2011-11-25,22178,12,45.07142857142857,Moving Average (14D)
2011-11-26,22178,0,45.07142857142857,Moving Average (14D)
2011-11-27,22178,30,45.07142857142857,Moving Average (14D)
2011-11-28,22178,247,45.07142857142857,Moving Average (14D)
2011-11-29,22178,80,45.07142857142857,Moving Average (14D)
2011-11-30,22178,88,45.07142857142857,Moving Average (14D)
2011-12-01,22178,158,45.07142857142857,Moving Average (14D)
2011-12-02,22178,26,45.07142857142857,Moving Average (14D)
2011-12-03,22178,0,45.07142857142857,Moving Average (14D)
2011-12-04,22178,150,45.07142857142857,Moving Average (14D)
2011-12-05,22178,377,45.07142857142857,Moving Average (14D)
2011-12-06,22178,74,45.07142857142857,Moving Average (14D)
2011-12-07,22178,78,45.07142857142857,Moving Average (14D)
2011-12-08,22178,109,45.07142857142857,Moving Average (14D)
2011-12-09,22178,18,45.07142857142857,Moving Average (14D)
2011-11-10,22178,186,73.92857142857143,Moving Average (28D)
2011-11-11,22178,34,73.92857142857143,Moving Average (28D)
2011-11-12,22178,0,73.92857142857143,Moving Average (28D)
2011-11-13,22178,6,73.92857142857143,Moving Average (28D)
2011-11-14,22178,49,73.92857142857143,Moving Average (28D)
2011-11-15,22178,39,73.92857142857143,Moving Average (28D)
2011-11-16,22178,97,73.92857142857143,Moving Average (28D)
2011-11-17,22178,214,73.92857142857143,Moving Average (28D)
2011-11-18,22178,2,73.92857142857143,Moving Average (28D)
2011-11-19,22178,0,73.92857142857143,Moving Average (28D)
2011-11-20,22178,48,73.92857142857143,Moving Average (28D)
2011-11-21,22178,209,73.92857142857143,Moving Average (28D)
2011-11-22,22178,32,73.92857142857143,Moving Average (28D)
2011-11-23,22178,11,73.92857142857143,Moving Average (28D)
2011-11-24,22178,78,73.92857142857143,Moving Average (28D)
2011-11-25,22178,12,73.92857142857143,Moving Average (28D)
2011-11-26,22178,0,73.92857142857143,Moving Average (28D)
2011-11-27,22178,30,73.92857142857143,Moving Average (28D)
2011-11-28,22178,247,73.92857142857143,Moving Average (28D)
2011-11-29,22178,80,73.92857142857143,Moving Average (28D)
2011-11-30,22178,88,73.92857142857143,Moving Average (28D)
2011-12-01,22178,158,73.92857142857143,Moving Average (28D)
2011-12-02,22178,26,73.92857142857143,Moving Average (28D)
2011-12-03,22178,0,73.92857142857143,Moving Average (28D)
2011-12-04,22178,150,73.92857142857143,Moving Average (28D)
2011-12-05,22178,377,73.92857142857143,Moving Average (28D)
2011-12-06,22178,74,73.92857142857143,Moving Average (28D)
2011-12-07,22178,78,73.92857142857143,Moving Average (28D)
2011-12-08,22178,109,73.92857142857143,Moving Average (28D)
2011-12-09,22178,18,73.92857142857143,Moving Average (28D)
2011-11-10,22386,18,254.0,Naive (Last Value)
2011-11-11,22386,114,254.0,Naive (Last Value)
2011-11-12,22386,0,254.0,Naive (Last Value)
2011-11-13,22386,24,254.0,Naive (Last Value)
2011-11-14,22386,321,254.0,Naive (Last Value)
2011-11-15,22386,22,254.0,Naive (Last Value)
2011-11-16,22386,76,254.0,Naive (Last Value)
2011-11-17,22386,31,254.0,Naive (Last Value)
2011-11-18,22386,31,254.0,Naive (Last Value)
2011-11-19,22386,0,254.0,Naive (Last Value)
2011-11-20,22386,40,254.0,Naive (Last Value)
2011-11-21,22386,25,254.0,Naive (Last Value)
2011-11-22,22386,2,254.0,Naive (Last Value)
2011-11-23,22386,29,254.0,Naive (Last Value)
2011-11-24,22386,33,254.0,Naive (Last Value)
2011-11-25,22386,142,254.0,Naive (Last Value)
2011-11-26,22386,0,254.0,Naive (Last Value)
2011-11-27,22386,22,254.0,Naive (Last Value)
2011-11-28,22386,11,254.0,Naive (Last Value)
2011-11-29,22386,33,254.0,Naive (Last Value)
2011-11-30,22386,35,254.0,Naive (Last Value)
2011-12-01,22386,11,254.0,Naive (Last Value)
2011-12-02,22386,341,254.0,Naive (Last Value)
2011-12-03,22386,0,254.0,Naive (Last Value)
2011-12-04,22386,5,254.0,Naive (Last Value)
2011-12-05,22386,28,254.0,Naive (Last Value)
2011-12-06,22386,23,254.0,Naive (Last Value)
2011-12-07,22386,33,254.0,Naive (Last Value)
2011-12-08,22386,7,254.0,Naive (Last Value)
2011-12-09,22386,11,254.0,Naive (Last Value)
2011-11-10,22386,18,68.28571428571429,Moving Average (7D)
2011-11-11,22386,114,68.28571428571429,Moving Average (7D)
2011-11-12,22386,0,68.28571428571429,Moving Average (7D)
2011-11-13,22386,24,68.28571428571429,Moving Average (7D)
2011-11-14,22386,321,68.28571428571429,Moving Average (7D)
2011-11-15,22386,22,68.28571428571429,Moving Average (7D)
2011-11-16,22386,76,68.28571428571429,Moving Average (7D)
2011-11-17,22386,31,68.28571428571429,Moving Average (7D)
2011-11-18,22386,31,68.28571428571429,Moving Average (7D)
2011-11-19,22386,0,68.28571428571429,Moving Average (7D)
2011-11-20,22386,40,68.28571428571429,Moving Average (7D)
2011-11-21,22386,25,68.28571428571429,Moving Average (7D)
2011-11-22,22386,2,68.28571428571429,Moving Average (7D)
2011-11-23,22386,29,68.28571428571429,Moving Average (7D)
2011-11-24,22386,33,68.28571428571429,Moving Average (7D)
2011-11-25,22386,142,68.28571428571429,Moving Average (7D)
2011-11-26,22386,0,68.28571428571429,Moving Average (7D)
2011-11-27,22386,22,68.28571428571429,Moving Average (7D)
2011-11-28,22386,11,68.28571428571429,Moving Average (7D)
2011-11-29,22386,33,68.28571428571429,Moving Average (7D)
2011-11-30,22386,35,68.28571428571429,Moving Average (7D)
2011-12-01,22386,11,68.28571428571429,Moving Average (7D)
2011-12-02,22386,341,68.28571428571429,Moving Average (7D)
2011-12-03,22386,0,68.28571428571429,Moving Average (7D)
2011-12-04,22386,5,68.28571428571429,Moving Average (7D)
2011-12-05,22386,28,68.28571428571429,Moving Average (7D)
2011-12-06,22386,23,68.28571428571429,Moving Average (7D)
2011-12-07,22386,33,68.28571428571429,Moving Average (7D)
2011-12-08,22386,7,68.28571428571429,Moving Average (7D)
2011-12-09,22386,11,68.28571428571429,Moving Average (7D)
2011-11-10,22386,18,77.57142857142857,Moving Average (14D)
2011-11-11,22386,114,77.57142857142857,Moving Average (14D)
2011-11-12,22386,0,77.57142857142857,Moving Average (14D)
2011-11-13,22386,24,77.57142857142857,Moving Average (14D)
2011-11-14,22386,321,77.57142857142857,Moving Average (14D)
2011-11-15,22386,22,77.57142857142857,Moving Average (14D)
2011-11-16,22386,76,77.57142857142857,Moving Average (14D)
2011-11-17,22386,31,77.57142857142857,Moving Average (14D)
2011-11-18,22386,31,77.57142857142857,Moving Average (14D)
2011-11-19,22386,0,77.57142857142857,Moving Average (14D)
2011-11-20,22386,40,77.57142857142857,Moving Average (14D)
2011-11-21,22386,25,77.57142857142857,Moving Average (14D)
2011-11-22,22386,2,77.57142857142857,Moving Average (14D)
2011-11-23,22386,29,77.57142857142857,Moving Average (14D)
2011-11-24,22386,33,77.57142857142857,Moving Average (14D)
2011-11-25,22386,142,77.57142857142857,Moving Average (14D)
2011-11-26,22386,0,77.57142857142857,Moving Average (14D)
2011-11-27,22386,22,77.57142857142857,Moving Average (14D)
2011-11-28,22386,11,77.57142857142857,Moving Average (14D)
2011-11-29,22386,33,77.57142857142857,Moving Average (14D)
2011-11-30,22386,35,77.57142857142857,Moving Average (14D)
2011-12-01,22386,11,77.57142857142857,Moving Average (14D)
2011-12-02,22386,341,77.57142857142857,Moving Average (14D)
2011-12-03,22386,0,77.57142857142857,Moving Average (14D)
2011-12-04,22386,5,77.57142857142857,Moving Average (14D)
2011-12-05,22386,28,77.57142857142857,Moving Average (14D)
2011-12-06,22386,23,77.57142857142857,Moving Average (14D)
2011-12-07,22386,33,77.57142857142857,Moving Average (14D)
2011-12-08,22386,7,77.57142857142857,Moving Average (14D)
2011-12-09,22386,11,77.57142857142857,Moving Average (14D)
2011-11-10,22386,18,64.64285714285714,Moving Average (28D)
2011-11-11,22386,114,64.64285714285714,Moving Average (28D)
2011-11-12,22386,0,64.64285714285714,Moving Average (28D)
2011-11-13,22386,24,64.64285714285714,Moving Average (28D)
2011-11-14,22386,321,64.64285714285714,Moving Average (28D)
2011-11-15,22386,22,64.64285714285714,Moving Average (28D)
2011-11-16,22386,76,64.64285714285714,Moving Average (28D)
2011-11-17,22386,31,64.64285714285714,Moving Average (28D)
2011-11-18,22386,31,64.64285714285714,Moving Average (28D)
2011-11-19,22386,0,64.64285714285714,Moving Average (28D)
2011-11-20,22386,40,64.64285714285714,Moving Average (28D)
2011-11-21,22386,25,64.64285714285714,Moving Average (28D)
2011-11-22,22386,2,64.64285714285714,Moving Average (28D)
2011-11-23,22386,29,64.64285714285714,Moving Average (28D)
2011-11-24,22386,33,64.64285714285714,Moving Average (28D)
2011-11-25,22386,142,64.64285714285714,Moving Average (28D)
2011-11-26,22386,0,64.64285714285714,Moving Average (28D)
2011-11-27,22386,22,64.64285714285714,Moving Average (28D)
2011-11-28,22386,11,64.64285714285714,Moving Average (28D)
2011-11-29,22386,33,64.64285714285714,Moving Average (28D)
2011-11-30,22386,35,64.64285714285714,Moving Average (28D)
2011-12-01,22386,11,64.64285714285714,Moving Average (28D)
2011-12-02,22386,341,64.64285714285714,Moving Average (28D)
2011-12-03,22386,0,64.64285714285714,Moving Average (28D)
2011-12-04,22386,5,64.64285714285714,Moving Average (28D)
2011-12-05,22386,28,64.64285714285714,Moving Average (28D)
2011-12-06,22386,23,64.64285714285714,Moving Average (28D)
2011-12-07,22386,33,64.64285714285714,Moving Average (28D)
2011-12-08,22386,7,64.64285714285714,Moving Average (28D)
2011-12-09,22386,11,64.64285714285714,Moving Average (28D)
2011-11-10,22616,64,0.0,Naive (Last Value)
2011-11-11,22616,1,0.0,Naive (Last Value)
2011-11-12,22616,0,0.0,Naive (Last Value)
2011-11-13,22616,48,0.0,Naive (Last Value)
2011-11-14,22616,214,0.0,Naive (Last Value)
2011-11-15,22616,888,0.0,Naive (Last Value)
2011-11-16,22616,78,0.0,Naive (Last Value)
2011-11-17,22616,155,0.0,Naive (Last Value)
2011-11-18,22616,12,0.0,Naive (Last Value)
2011-11-19,22616,0,0.0,Naive (Last Value)
2011-11-20,22616,2,0.0,Naive (Last Value)
2011-11-21,22616,13,0.0,Naive (Last Value)
2011-11-22,22616,5,0.0,Naive (Last Value)
2011-11-23,22616,48,0.0,Naive (Last Value)
2011-11-24,22616,0,0.0,Naive (Last Value)
2011-11-25,22616,32,0.0,Naive (Last Value)
2011-11-26,22616,0,0.0,Naive (Last Value)
2011-11-27,22616,2,0.0,Naive (Last Value)
2011-11-28,22616,88,0.0,Naive (Last Value)
2011-11-29,22616,439,0.0,Naive (Last Value)
2011-11-30,22616,51,0.0,Naive (Last Value)
2011-12-01,22616,22,0.0,Naive (Last Value)
2011-12-02,22616,36,0.0,Naive (Last Value)
2011-12-03,22616,0,0.0,Naive (Last Value)
2011-12-04,22616,0,0.0,Naive (Last Value)
2011-12-05,22616,507,0.0,Naive (Last Value)
2011-12-06,22616,3,0.0,Naive (Last Value)
2011-12-07,22616,51,0.0,Naive (Last Value)
2011-12-08,22616,3,0.0,Naive (Last Value)
2011-12-09,22616,1,0.0,Naive (Last Value)
2011-11-10,22616,64,107.71428571428571,Moving Average (7D)
2011-11-11,22616,1,107.71428571428571,Moving Average (7D)
2011-11-12,22616,0,107.71428571428571,Moving Average (7D)
2011-11-13,22616,48,107.71428571428571,Moving Average (7D)
2011-11-14,22616,214,107.71428571428571,Moving Average (7D)
2011-11-15,22616,888,107.71428571428571,Moving Average (7D)
2011-11-16,22616,78,107.71428571428571,Moving Average (7D)
2011-11-17,22616,155,107.71428571428571,Moving Average (7D)
2011-11-18,22616,12,107.71428571428571,Moving Average (7D)
2011-11-19,22616,0,107.71428571428571,Moving Average (7D)
2011-11-20,22616,2,107.71428571428571,Moving Average (7D)
2011-11-21,22616,13,107.71428571428571,Moving Average (7D)
2011-11-22,22616,5,107.71428571428571,Moving Average (7D)
2011-11-23,22616,48,107.71428571428571,Moving Average (7D)
2011-11-24,22616,0,107.71428571428571,Moving Average (7D)
2011-11-25,22616,32,107.71428571428571,Moving Average (7D)
2011-11-26,22616,0,107.71428571428571,Moving Average (7D)
2011-11-27,22616,2,107.71428571428571,Moving Average (7D)
2011-11-28,22616,88,107.71428571428571,Moving Average (7D)
2011-11-29,22616,439,107.71428571428571,Moving Average (7D)
2011-11-30,22616,51,107.71428571428571,Moving Average (7D)
2011-12-01,22616,22,107.71428571428571,Moving Average (7D)
2011-12-02,22616,36,107.71428571428571,Moving Average (7D)
2011-12-03,22616,0,107.71428571428571,Moving Average (7D)
2011-12-04,22616,0,107.71428571428571,Moving Average (7D)
2011-12-05,22616,507,107.71428571428571,Moving Average (7D)
2011-12-06,22616,3,107.71428571428571,Moving Average (7D)
2011-12-07,22616,51,107.71428571428571,Moving Average (7D)
2011-12-08,22616,3,107.71428571428571,Moving Average (7D)
2011-12-09,22616,1,107.71428571428571,Moving Average (7D)
2011-11-10,22616,64,75.85714285714286,Moving Average (14D)
2011-11-11,22616,1,75.85714285714286,Moving Average (14D)
2011-11-12,22616,0,75.85714285714286,Moving Average (14D)
2011-11-13,22616,48,75.85714285714286,Moving Average (14D)
2011-11-14,22616,214,75.85714285714286,Moving Average (14D)
2011-11-15,22616,888,75.85714285714286,Moving Average (14D)
2011-11-16,22616,78,75.85714285714286,Moving Average (14D)
2011-11-17,22616,155,75.85714285714286,Moving Average (14D)
2011-11-18,22616,12,75.85714285714286,Moving Average (14D)
2011-11-19,22616,0,75.85714285714286,Moving Average (14D)
2011-11-20,22616,2,75.85714285714286,Moving Average (14D)
2011-11-21,22616,13,75.85714285714286,Moving Average (14D)
2011-11-22,22616,5,75.85714285714286,Moving Average (14D)
2011-11-23,22616,48,75.85714285714286,Moving Average (14D)
2011-11-24,22616,0,75.85714285714286,Moving Average (14D)
2011-11-25,22616,32,75.85714285714286,Moving Average (14D)
2011-11-26,22616,0,75.85714285714286,Moving Average (14D)
2011-11-27,22616,2,75.85714285714286,Moving Average (14D)
2011-11-28,22616,88,75.85714285714286,Moving Average (14D)
2011-11-29,22616,439,75.85714285714286,Moving Average (14D)
2011-11-30,22616,51,75.85714285714286,Moving Average (14D)
2011-12-01,22616,22,75.85714285714286,Moving Average (14D)
2011-12-02,22616,36,75.85714285714286,Moving Average (14D)
2011-12-03,22616,0,75.85714285714286,Moving Average (14D)
2011-12-04,22616,0,75.85714285714286,Moving Average (14D)
2011-12-05,22616,507,75.85714285714286,Moving Average (14D)
2011-12-06,22616,3,75.85714285714286,Moving Average (14D)
2011-12-07,22616,51,75.85714285714286,Moving Average (14D)
2011-12-08,22616,3,75.85714285714286,Moving Average (14D)
2011-12-09,22616,1,75.85714285714286,Moving Average (14D)
2011-11-10,22616,64,65.28571428571429,Moving Average (28D)
2011-11-11,22616,1,65.28571428571429,Moving Average (28D)
2011-11-12,22616,0,65.28571428571429,Moving Average (28D)
2011-11-13,22616,48,65.28571428571429,Moving Average (28D)
2011-11-14,22616,214,65.28571428571429,Moving Average (28D)
2011-11-15,22616,888,65.28571428571429,Moving Average (28D)
2011-11-16,22616,78,65.28571428571429,Moving Average (28D)
2011-11-17,22616,155,65.28571428571429,Moving Average (28D)
2011-11-18,22616,12,65.28571428571429,Moving Average (28D)
2011-11-19,22616,0,65.28571428571429,Moving Average (28D)
2011-11-20,22616,2,65.28571428571429,Moving Average (28D)
2011-11-21,22616,13,65.28571428571429,Moving Average (28D)
2011-11-22,22616,5,65.28571428571429,Moving Average (28D)
2011-11-23,22616,48,65.28571428571429,Moving Average (28D)
2011-11-24,22616,0,65.28571428571429,Moving Average (28D)
2011-11-25,22616,32,65.28571428571429,Moving Average (28D)
2011-11-26,22616,0,65.28571428571429,Moving Average (28D)
2011-11-27,22616,2,65.28571428571429,Moving Average (28D)
2011-11-28,22616,88,65.28571428571429,Moving Average (28D)
2011-11-29,22616,439,65.28571428571429,Moving Average (28D)
2011-11-30,22616,51,65.28571428571429,Moving Average (28D)
2011-12-01,22616,22,65.28571428571429,Moving Average (28D)
2011-12-02,22616,36,65.28571428571429,Moving Average (28D)
2011-12-03,22616,0,65.28571428571429,Moving Average (28D)
2011-12-04,22616,0,65.28571428571429,Moving Average (28D)
2011-12-05,22616,507,65.28571428571429,Moving Average (28D)
2011-12-06,22616,3,65.28571428571429,Moving Average (28D)
2011-12-07,22616,51,65.28571428571429,Moving Average (28D)
2011-12-08,22616,3,65.28571428571429,Moving Average (28D)
2011-12-09,22616,1,65.28571428571429,Moving Average (28D)
2011-11-10,21232,57,0.0,Naive (Last Value)
2011-11-11,21232,19,0.0,Naive (Last Value)
2011-11-12,21232,0,0.0,Naive (Last Value)
2011-11-13,21232,30,0.0,Naive (Last Value)
2011-11-14,21232,84,0.0,Naive (Last Value)
2011-11-15,21232,577,0.0,Naive (Last Value)
2011-11-16,21232,14,0.0,Naive (Last Value)
2011-11-17,21232,66,0.0,Naive (Last Value)
2011-11-18,21232,2,0.0,Naive (Last Value)
2011-11-19,21232,0,0.0,Naive (Last Value)
2011-11-20,21232,25,0.0,Naive (Last Value)
2011-11-21,21232,75,0.0,Naive (Last Value)
2011-11-22,21232,7,0.0,Naive (Last Value)
2011-11-23,21232,94,0.0,Naive (Last Value)
2011-11-24,21232,2,0.0,Naive (Last Value)
2011-11-25,21232,46,0.0,Naive (Last Value)
2011-11-26,21232,0,0.0,Naive (Last Value)
2011-11-27,21232,1,0.0,Naive (Last Value)
2011-11-28,21232,37,0.0,Naive (Last Value)
2011-11-29,21232,64,0.0,Naive (Last Value)
2011-11-30,21232,56,0.0,Naive (Last Value)
2011-12-01,21232,251,0.0,Naive (Last Value)
2011-12-02,21232,31,0.0,Naive (Last Value)
2011-12-03,21232,0,0.0,Naive (Last Value)
2011-12-04,21232,24,0.0,Naive (Last Value)
2011-12-05,21232,75,0.0,Naive (Last Value)
2011-12-06,21232,3,0.0,Naive (Last Value)
2011-12-07,21232,142,0.0,Naive (Last Value)
2011-12-08,21232,30,0.0,Naive (Last Value)
2011-12-09,21232,14,0.0,Naive (Last Value)
2011-11-10,21232,57,27.714285714285715,Moving Average (7D)
2011-11-11,21232,19,27.714285714285715,Moving Average (7D)
2011-11-12,21232,0,27.714285714285715,Moving Average (7D)
2011-11-13,21232,30,27.714285714285715,Moving Average (7D)
2011-11-14,21232,84,27.714285714285715,Moving Average (7D)
2011-11-15,21232,577,27.714285714285715,Moving Average (7D)
2011-11-16,21232,14,27.714285714285715,Moving Average (7D)
2011-11-17,21232,66,27.714285714285715,Moving Average (7D)
2011-11-18,21232,2,27.714285714285715,Moving Average (7D)
2011-11-19,21232,0,27.714285714285715,Moving Average (7D)
2011-11-20,21232,25,27.714285714285715,Moving Average (7D)
2011-11-21,21232,75,27.714285714285715,Moving Average (7D)
2011-11-22,21232,7,27.714285714285715,Moving Average (7D)
2011-11-23,21232,94,27.714285714285715,Moving Average (7D)
2011-11-24,21232,2,27.714285714285715,Moving Average (7D)
2011-11-25,21232,46,27.714285714285715,Moving Average (7D)
2011-11-26,21232,0,27.714285714285715,Moving Average (7D)
2011-11-27,21232,1,27.714285714285715,Moving Average (7D)
2011-11-28,21232,37,27.714285714285715,Moving Average (7D)
2011-11-29,21232,64,27.714285714285715,Moving Average (7D)
2011-11-30,21232,56,27.714285714285715,Moving Average (7D)
2011-12-01,21232,251,27.714285714285715,Moving Average (7D)
2011-12-02,21232,31,27.714285714285715,Moving Average (7D)
2011-12-03,21232,0,27.714285714285715,Moving Average (7D)
2011-12-04,21232,24,27.714285714285715,Moving Average (7D)
2011-12-05,21232,75,27.714285714285715,Moving Average (7D)
2011-12-06,21232,3,27.714285714285715,Moving Average (7D)
2011-12-07,21232,142,27.714285714285715,Moving Average (7D)
2011-12-08,21232,30,27.714285714285715,Moving Average (7D)
2011-12-09,21232,14,27.714285714285715,Moving Average (7D)
2011-11-10,21232,57,23.071428571428573,Moving Average (14D)
2011-11-11,21232,19,23.071428571428573,Moving Average (14D)
2011-11-12,21232,0,23.071428571428573,Moving Average (14D)
2011-11-13,21232,30,23.071428571428573,Moving Average (14D)
2011-11-14,21232,84,23.071428571428573,Moving Average (14D)
2011-11-15,21232,577,23.071428571428573,Moving Average (14D)
2011-11-16,21232,14,23.071428571428573,Moving Average (14D)
2011-11-17,21232,66,23.071428571428573,Moving Average (14D)
2011-11-18,21232,2,23.071428571428573,Moving Average (14D)
2011-11-19,21232,0,23.071428571428573,Moving Average (14D)
2011-11-20,21232,25,23.071428571428573,Moving Average (14D)
2011-11-21,21232,75,23.071428571428573,Moving Average (14D)
2011-11-22,21232,7,23.071428571428573,Moving Average (14D)
2011-11-23,21232,94,23.071428571428573,Moving Average (14D)
2011-11-24,21232,2,23.071428571428573,Moving Average (14D)
2011-11-25,21232,46,23.071428571428573,Moving Average (14D)
2011-11-26,21232,0,23.071428571428573,Moving Average (14D)
2011-11-27,21232,1,23.071428571428573,Moving Average (14D)
2011-11-28,21232,37,23.071428571428573,Moving Average (14D)
2011-11-29,21232,64,23.071428571428573,Moving Average (14D)
2011-11-30,21232,56,23.071428571428573,Moving Average (14D)
2011-12-01,21232,251,23.071428571428573,Moving Average (14D)
2011-12-02,21232,31,23.071428571428573,Moving Average (14D)
2011-12-03,21232,0,23.071428571428573,Moving Average (14D)
2011-12-04,21232,24,23.071428571428573,Moving Average (14D)
2011-12-05,21232,75,23.071428571428573,Moving Average (14D)
2011-12-06,21232,3,23.071428571428573,Moving Average (14D)
2011-12-07,21232,142,23.071428571428573,Moving Average (14D)
2011-12-08,21232,30,23.071428571428573,Moving Average (14D)
2011-12-09,21232,14,23.071428571428573,Moving Average (14D)
2011-11-10,21232,57,35.535714285714285,Moving Average (28D)
2011-11-11,21232,19,35.535714285714285,Moving Average (28D)
2011-11-12,21232,0,35.535714285714285,Moving Average (28D)
2011-11-13,21232,30,35.535714285714285,Moving Average (28D)
2011-11-14,21232,84,35.535714285714285,Moving Average (28D)
2011-11-15,21232,577,35.535714285714285,Moving Average (28D)
2011-11-16,21232,14,35.535714285714285,Moving Average (28D)
2011-11-17,21232,66,35.535714285714285,Moving Average (28D)
2011-11-18,21232,2,35.535714285714285,Moving Average (28D)
2011-11-19,21232,0,35.535714285714285,Moving Average (28D)
2011-11-20,21232,25,35.535714285714285,Moving Average (28D)
2011-11-21,21232,75,35.535714285714285,Moving Average (28D)
2011-11-22,21232,7,35.535714285714285,Moving Average (28D)
2011-11-23,21232,94,35.535714285714285,Moving Average (28D)
2011-11-24,21232,2,35.535714285714285,Moving Average (28D)
2011-11-25,21232,46,35.535714285714285,Moving Average (28D)
2011-11-26,21232,0,35.535714285714285,Moving Average (28D)
2011-11-27,21232,1,35.535714285714285,Moving Average (28D)
2011-11-28,21232,37,35.535714285714285,Moving Average (28D)
2011-11-29,21232,64,35.535714285714285,Moving Average (28D)
2011-11-30,21232,56,35.535714285714285,Moving Average (28D)
2011-12-01,21232,251,35.535714285714285,Moving Average (28D)
2011-12-02,21232,31,35.535714285714285,Moving Average (28D)
2011-12-03,21232,0,35.535714285714285,Moving Average (28D)
2011-12-04,21232,24,35.535714285714285,Moving Average (28D)
2011-12-05,21232,75,35.535714285714285,Moving Average (28D)
2011-12-06,21232,3,35.535714285714285,Moving Average (28D)
2011-12-07,21232,142,35.535714285714285,Moving Average (28D)
2011-12-08,21232,30,35.535714285714285,Moving Average (28D)
2011-12-09,21232,14,35.535714285714285,Moving Average (28D)
2011-11-10,84568,0,5.0,Naive (Last Value)
2011-11-11,84568,30,5.0,Naive (Last Value)
2011-11-12,84568,0,5.0,Naive (Last Value)
2011-11-13,84568,0,5.0,Naive (Last Value)
2011-11-14,84568,4,5.0,Naive (Last Value)
2011-11-15,84568,4,5.0,Naive (Last Value)
2011-11-16,84568,6,5.0,Naive (Last Value)
2011-11-17,84568,17,5.0,Naive (Last Value)
2011-11-18,84568,0,5.0,Naive (Last Value)
2011-11-19,84568,0,5.0,Naive (Last Value)
2011-11-20,84568,288,5.0,Naive (Last Value)
2011-11-21,84568,15,5.0,Naive (Last Value)
2011-11-22,84568,22,5.0,Naive (Last Value)
2011-11-23,84568,0,5.0,Naive (Last Value)
2011-11-24,84568,317,5.0,Naive (Last Value)
2011-11-25,84568,8,5.0,Naive (Last Value)
2011-11-26,84568,0,5.0,Naive (Last Value)
2011-11-27,84568,0,5.0,Naive (Last Value)
2011-11-28,84568,1,5.0,Naive (Last Value)
2011-11-29,84568,44,5.0,Naive (Last Value)
2011-11-30,84568,288,5.0,Naive (Last Value)
2011-12-01,84568,10,5.0,Naive (Last Value)
2011-12-02,84568,11,5.0,Naive (Last Value)
2011-12-03,84568,0,5.0,Naive (Last Value)
2011-12-04,84568,0,5.0,Naive (Last Value)
2011-12-05,84568,38,5.0,Naive (Last Value)
2011-12-06,84568,0,5.0,Naive (Last Value)
2011-12-07,84568,0,5.0,Naive (Last Value)
2011-12-08,84568,56,5.0,Naive (Last Value)
2011-12-09,84568,31,5.0,Naive (Last Value)
2011-11-10,84568,0,4.571428571428571,Moving Average (7D)
2011-11-11,84568,30,4.571428571428571,Moving Average (7D)
2011-11-12,84568,0,4.571428571428571,Moving Average (7D)
2011-11-13,84568,0,4.571428571428571,Moving Average (7D)
2011-11-14,84568,4,4.571428571428571,Moving Average (7D)
2011-11-15,84568,4,4.571428571428571,Moving Average (7D)
2011-11-16,84568,6,4.571428571428571,Moving Average (7D)
2011-11-17,84568,17,4.571428571428571,Moving Average (7D)
2011-11-18,84568,0,4.571428571428571,Moving Average (7D)
2011-11-19,84568,0,4.571428571428571,Moving Average (7D)
2011-11-20,84568,288,4.571428571428571,Moving Average (7D)
2011-11-21,84568,15,4.571428571428571,Moving Average (7D)
2011-11-22,84568,22,4.571428571428571,Moving Average (7D)
2011-11-23,84568,0,4.571428571428571,Moving Average (7D)
2011-11-24,84568,317,4.571428571428571,Moving Average (7D)
2011-11-25,84568,8,4.571428571428571,Moving Average (7D)
2011-11-26,84568,0,4.571428571428571,Moving Average (7D)
2011-11-27,84568,0,4.571428571428571,Moving Average (7D)
2011-11-28,84568,1,4.571428571428571,Moving Average (7D)
2011-11-29,84568,44,4.571428571428571,Moving Average (7D)
2011-11-30,84568,288,4.571428571428571,Moving Average (7D)
2011-12-01,84568,10,4.571428571428571,Moving Average (7D)
2011-12-02,84568,11,4.571428571428571,Moving Average (7D)
2011-12-03,84568,0,4.571428571428571,Moving Average (7D)
2011-12-04,84568,0,4.571428571428571,Moving Average (7D)
2011-12-05,84568,38,4.571428571428571,Moving Average (7D)
2011-12-06,84568,0,4.571428571428571,Moving Average (7D)
2011-12-07,84568,0,4.571428571428571,Moving Average (7D)
2011-12-08,84568,56,4.571428571428571,Moving Average (7D)
2011-12-09,84568,31,4.571428571428571,Moving Average (7D)
2011-11-10,84568,0,3.0714285714285716,Moving Average (14D)
2011-11-11,84568,30,3.0714285714285716,Moving Average (14D)
2011-11-12,84568,0,3.0714285714285716,Moving Average (14D)
2011-11-13,84568,0,3.0714285714285716,Moving Average (14D)
2011-11-14,84568,4,3.0714285714285716,Moving Average (14D)
2011-11-15,84568,4,3.0714285714285716,Moving Average (14D)
2011-11-16,84568,6,3.0714285714285716,Moving Average (14D)
2011-11-17,84568,17,3.0714285714285716,Moving Average (14D)
2011-11-18,84568,0,3.0714285714285716,Moving Average (14D)
2011-11-19,84568,0,3.0714285714285716,Moving Average (14D)
2011-11-20,84568,288,3.0714285714285716,Moving Average (14D)
2011-11-21,84568,15,3.0714285714285716,Moving Average (14D)
2011-11-22,84568,22,3.0714285714285716,Moving Average (14D)
2011-11-23,84568,0,3.0714285714285716,Moving Average (14D)
2011-11-24,84568,317,3.0714285714285716,Moving Average (14D)
2011-11-25,84568,8,3.0714285714285716,Moving Average (14D)
2011-11-26,84568,0,3.0714285714285716,Moving Average (14D)
2011-11-27,84568,0,3.0714285714285716,Moving Average (14D)
2011-11-28,84568,1,3.0714285714285716,Moving Average (14D)
2011-11-29,84568,44,3.0714285714285716,Moving Average (14D)
2011-11-30,84568,288,3.0714285714285716,Moving Average (14D)
2011-12-01,84568,10,3.0714285714285716,Moving Average (14D)
2011-12-02,84568,11,3.0714285714285716,Moving Average (14D)
2011-12-03,84568,0,3.0714285714285716,Moving Average (14D)
2011-12-04,84568,0,3.0714285714285716,Moving Average (14D)
2011-12-05,84568,38,3.0714285714285716,Moving Average (14D)
2011-12-06,84568,0,3.0714285714285716,Moving Average (14D)
2011-12-07,84568,0,3.0714285714285716,Moving Average (14D)
2011-12-08,84568,56,3.0714285714285716,Moving Average (14D)
2011-12-09,84568,31,3.0714285714285716,Moving Average (14D)
2011-11-10,84568,0,2.392857142857143,Moving Average (28D)
2011-11-11,84568,30,2.392857142857143,Moving Average (28D)
2011-11-12,84568,0,2.392857142857143,Moving Average (28D)
2011-11-13,84568,0,2.392857142857143,Moving Average (28D)
2011-11-14,84568,4,2.392857142857143,Moving Average (28D)
2011-11-15,84568,4,2.392857142857143,Moving Average (28D)
2011-11-16,84568,6,2.392857142857143,Moving Average (28D)
2011-11-17,84568,17,2.392857142857143,Moving Average (28D)
2011-11-18,84568,0,2.392857142857143,Moving Average (28D)
2011-11-19,84568,0,2.392857142857143,Moving Average (28D)
2011-11-20,84568,288,2.392857142857143,Moving Average (28D)
2011-11-21,84568,15,2.392857142857143,Moving Average (28D)
2011-11-22,84568,22,2.392857142857143,Moving Average (28D)
2011-11-23,84568,0,2.392857142857143,Moving Average (28D)
2011-11-24,84568,317,2.392857142857143,Moving Average (28D)
2011-11-25,84568,8,2.392857142857143,Moving Average (28D)
2011-11-26,84568,0,2.392857142857143,Moving Average (28D)
2011-11-27,84568,0,2.392857142857143,Moving Average (28D)
2011-11-28,84568,1,2.392857142857143,Moving Average (28D)
2011-11-29,84568,44,2.392857142857143,Moving Average (28D)
2011-11-30,84568,288,2.392857142857143,Moving Average (28D)
2011-12-01,84568,10,2.392857142857143,Moving Average (28D)
2011-12-02,84568,11,2.392857142857143,Moving Average (28D)
2011-12-03,84568,0,2.392857142857143,Moving Average (28D)
2011-12-04,84568,0,2.392857142857143,Moving Average (28D)
2011-12-05,84568,38,2.392857142857143,Moving Average (28D)
2011-12-06,84568,0,2.392857142857143,Moving Average (28D)
2011-12-07,84568,0,2.392857142857143,Moving Average (28D)
2011-12-08,84568,56,2.392857142857143,Moving Average (28D)
2011-12-09,84568,31,2.392857142857143,Moving Average (28D)
2011-11-10,85099F,3,246.0,Naive (Last Value)
2011-11-11,85099F,12,246.0,Naive (Last Value)
2011-11-12,85099F,0,246.0,Naive (Last Value)
2011-11-13,85099F,2,246.0,Naive (Last Value)
2011-11-14,85099F,100,246.0,Naive (Last Value)
2011-11-15,85099F,1,246.0,Naive (Last Value)
2011-11-16,85099F,39,246.0,Naive (Last Value)
2011-11-17,85099F,32,246.0,Naive (Last Value)
2011-11-18,85099F,22,246.0,Naive (Last Value)
2011-11-19,85099F,0,246.0,Naive (Last Value)
2011-11-20,85099F,2,246.0,Naive (Last Value)
2011-11-21,85099F,3,246.0,Naive (Last Value)
2011-11-22,85099F,11,246.0,Naive (Last Value)
2011-11-23,85099F,2,246.0,Naive (Last Value)
2011-11-24,85099F,12,246.0,Naive (Last Value)
2011-11-25,85099F,10,246.0,Naive (Last Value)
2011-11-26,85099F,0,246.0,Naive (Last Value)
2011-11-27,85099F,4,246.0,Naive (Last Value)
2011-11-28,85099F,12,246.0,Naive (Last Value)
2011-11-29,85099F,34,246.0,Naive (Last Value)
2011-11-30,85099F,125,246.0,Naive (Last Value)
2011-12-01,85099F,42,246.0,Naive (Last Value)
2011-12-02,85099F,221,246.0,Naive (Last Value)
2011-12-03,85099F,0,246.0,Naive (Last Value)
2011-12-04,85099F,2,246.0,Naive (Last Value)
2011-12-05,85099F,1,246.0,Naive (Last Value)
2011-12-06,85099F,6,246.0,Naive (Last Value)
2011-12-07,85099F,20,246.0,Naive (Last Value)
2011-12-08,85099F,12,246.0,Naive (Last Value)
2011-12-09,85099F,0,246.0,Naive (Last Value)
2011-11-10,85099F,3,46.857142857142854,Moving Average (7D)
2011-11-11,85099F,12,46.857142857142854,Moving Average (7D)
2011-11-12,85099F,0,46.857142857142854,Moving Average (7D)
2011-11-13,85099F,2,46.857142857142854,Moving Average (7D)
2011-11-14,85099F,100,46.857142857142854,Moving Average (7D)
2011-11-15,85099F,1,46.857142857142854,Moving Average (7D)
2011-11-16,85099F,39,46.857142857142854,Moving Average (7D)
2011-11-17,85099F,32,46.857142857142854,Moving Average (7D)
2011-11-18,85099F,22,46.857142857142854,Moving Average (7D)
2011-11-19,85099F,0,46.857142857142854,Moving Average (7D)
2011-11-20,85099F,2,46.857142857142854,Moving Average (7D)
2011-11-21,85099F,3,46.857142857142854,Moving Average (7D)
2011-11-22,85099F,11,46.857142857142854,Moving Average (7D)
2011-11-23,85099F,2,46.857142857142854,Moving Average (7D)
2011-11-24,85099F,12,46.857142857142854,Moving Average (7D)
2011-11-25,85099F,10,46.857142857142854,Moving Average (7D)
2011-11-26,85099F,0,46.857142857142854,Moving Average (7D)
2011-11-27,85099F,4,46.857142857142854,Moving Average (7D)
2011-11-28,85099F,12,46.857142857142854,Moving Average (7D)
2011-11-29,85099F,34,46.857142857142854,Moving Average (7D)
2011-11-30,85099F,125,46.857142857142854,Moving Average (7D)
2011-12-01,85099F,42,46.857142857142854,Moving Average (7D)
2011-12-02,85099F,221,46.857142857142854,Moving Average (7D)
2011-12-03,85099F,0,46.857142857142854,Moving Average (7D)
2011-12-04,85099F,2,46.857142857142854,Moving Average (7D)
2011-12-05,85099F,1,46.857142857142854,Moving Average (7D)
2011-12-06,85099F,6,46.857142857142854,Moving Average (7D)
2011-12-07,85099F,20,46.857142857142854,Moving Average (7D)
2011-12-08,85099F,12,46.857142857142854,Moving Average (7D)
2011-12-09,85099F,0,46.857142857142854,Moving Average (7D)
2011-11-10,85099F,3,36.357142857142854,Moving Average (14D)
2011-11-11,85099F,12,36.357142857142854,Moving Average (14D)
2011-11-12,85099F,0,36.357142857142854,Moving Average (14D)
2011-11-13,85099F,2,36.357142857142854,Moving Average (14D)
2011-11-14,85099F,100,36.357142857142854,Moving Average (14D)
2011-11-15,85099F,1,36.357142857142854,Moving Average (14D)
2011-11-16,85099F,39,36.357142857142854,Moving Average (14D)
2011-11-17,85099F,32,36.357142857142854,Moving Average (14D)
2011-11-18,85099F,22,36.357142857142854,Moving Average (14D)
2011-11-19,85099F,0,36.357142857142854,Moving Average (14D)
2011-11-20,85099F,2,36.357142857142854,Moving Average (14D)
2011-11-21,85099F,3,36.357142857142854,Moving Average (14D)
2011-11-22,85099F,11,36.357142857142854,Moving Average (14D)
2011-11-23,85099F,2,36.357142857142854,Moving Average (14D)
2011-11-24,85099F,12,36.357142857142854,Moving Average (14D)
2011-11-25,85099F,10,36.357142857142854,Moving Average (14D)
2011-11-26,85099F,0,36.357142857142854,Moving Average (14D)
2011-11-27,85099F,4,36.357142857142854,Moving Average (14D)
2011-11-28,85099F,12,36.357142857142854,Moving Average (14D)
2011-11-29,85099F,34,36.357142857142854,Moving Average (14D)
2011-11-30,85099F,125,36.357142857142854,Moving Average (14D)
2011-12-01,85099F,42,36.357142857142854,Moving Average (14D)
2011-12-02,85099F,221,36.357142857142854,Moving Average (14D)
2011-12-03,85099F,0,36.357142857142854,Moving Average (14D)
2011-12-04,85099F,2,36.357142857142854,Moving Average (14D)
2011-12-05,85099F,1,36.357142857142854,Moving Average (14D)
2011-12-06,85099F,6,36.357142857142854,Moving Average (14D)
2011-12-07,85099F,20,36.357142857142854,Moving Average (14D)
2011-12-08,85099F,12,36.357142857142854,Moving Average (14D)
2011-12-09,85099F,0,36.357142857142854,Moving Average (14D)
2011-11-10,85099F,3,35.714285714285715,Moving Average (28D)
2011-11-11,85099F,12,35.714285714285715,Moving Average (28D)
2011-11-12,85099F,0,35.714285714285715,Moving Average (28D)
2011-11-13,85099F,2,35.714285714285715,Moving Average (28D)
2011-11-14,85099F,100,35.714285714285715,Moving Average (28D)
2011-11-15,85099F,1,35.714285714285715,Moving Average (28D)
2011-11-16,85099F,39,35.714285714285715,Moving Average (28D)
2011-11-17,85099F,32,35.714285714285715,Moving Average (28D)
2011-11-18,85099F,22,35.714285714285715,Moving Average (28D)
2011-11-19,85099F,0,35.714285714285715,Moving Average (28D)
2011-11-20,85099F,2,35.714285714285715,Moving Average (28D)
2011-11-21,85099F,3,35.714285714285715,Moving Average (28D)
2011-11-22,85099F,11,35.714285714285715,Moving Average (28D)
2011-11-23,85099F,2,35.714285714285715,Moving Average (28D)
2011-11-24,85099F,12,35.714285714285715,Moving Average (28D)
2011-11-25,85099F,10,35.714285714285715,Moving Average (28D)
2011-11-26,85099F,0,35.714285714285715,Moving Average (28D)
2011-11-27,85099F,4,35.714285714285715,Moving Average (28D)
2011-11-28,85099F,12,35.714285714285715,Moving Average (28D)
2011-11-29,85099F,34,35.714285714285715,Moving Average (28D)
2011-11-30,85099F,125,35.714285714285715,Moving Average (28D)
2011-12-01,85099F,42,35.714285714285715,Moving Average (28D)
2011-12-02,85099F,221,35.714285714285715,Moving Average (28D)
2011-12-03,85099F,0,35.714285714285715,Moving Average (28D)
2011-12-04,85099F,2,35.714285714285715,Moving Average (28D)
2011-12-05,85099F,1,35.714285714285715,Moving Average (28D)
2011-12-06,85099F,6,35.714285714285715,Moving Average (28D)
2011-12-07,85099F,20,35.714285714285715,Moving Average (28D)
2011-12-08,85099F,12,35.714285714285715,Moving Average (28D)
2011-12-09,85099F,0,35.714285714285715,Moving Average (28D)
2011-11-10,84946,125,206.0,Naive (Last Value)
2011-11-11,84946,167,206.0,Naive (Last Value)
2011-11-12,84946,0,206.0,Naive (Last Value)
2011-11-13,84946,211,206.0,Naive (Last Value)
2011-11-14,84946,314,206.0,Naive (Last Value)
2011-11-15,84946,47,206.0,Naive (Last Value)
2011-11-16,84946,178,206.0,Naive (Last Value)
2011-11-17,84946,37,206.0,Naive (Last Value)
2011-11-18,84946,137,206.0,Naive (Last Value)
2011-11-19,84946,0,206.0,Naive (Last Value)
2011-11-20,84946,96,206.0,Naive (Last Value)
2011-11-21,84946,170,206.0,Naive (Last Value)
2011-11-22,84946,53,206.0,Naive (Last Value)
2011-11-23,84946,149,206.0,Naive (Last Value)
2011-11-24,84946,161,206.0,Naive (Last Value)
2011-11-25,84946,20,206.0,Naive (Last Value)
2011-11-26,84946,0,206.0,Naive (Last Value)
2011-11-27,84946,24,206.0,Naive (Last Value)
2011-11-28,84946,88,206.0,Naive (Last Value)
2011-11-29,84946,85,206.0,Naive (Last Value)
2011-11-30,84946,94,206.0,Naive (Last Value)
2011-12-01,84946,77,206.0,Naive (Last Value)
2011-12-02,84946,105,206.0,Naive (Last Value)
2011-12-03,84946,0,206.0,Naive (Last Value)
2011-12-04,84946,40,206.0,Naive (Last Value)
2011-12-05,84946,165,206.0,Naive (Last Value)
2011-12-06,84946,171,206.0,Naive (Last Value)
2011-12-07,84946,42,206.0,Naive (Last Value)
2011-12-08,84946,50,206.0,Naive (Last Value)
2011-12-09,84946,42,206.0,Naive (Last Value)
2011-11-10,84946,125,116.0,Moving Average (7D)
2011-11-11,84946,167,116.0,Moving Average (7D)
2011-11-12,84946,0,116.0,Moving Average (7D)
2011-11-13,84946,211,116.0,Moving Average (7D)
2011-11-14,84946,314,116.0,Moving Average (7D)
2011-11-15,84946,47,116.0,Moving Average (7D)
2011-11-16,84946,178,116.0,Moving Average (7D)
2011-11-17,84946,37,116.0,Moving Average (7D)
2011-11-18,84946,137,116.0,Moving Average (7D)
2011-11-19,84946,0,116.0,Moving Average (7D)
2011-11-20,84946,96,116.0,Moving Average (7D)
2011-11-21,84946,170,116.0,Moving Average (7D)
2011-11-22,84946,53,116.0,Moving Average (7D)
2011-11-23,84946,149,116.0,Moving Average (7D)
2011-11-24,84946,161,116.0,Moving Average (7D)
2011-11-25,84946,20,116.0,Moving Average (7D)
2011-11-26,84946,0,116.0,Moving Average (7D)
2011-11-27,84946,24,116.0,Moving Average (7D)
2011-11-28,84946,88,116.0,Moving Average (7D)
2011-11-29,84946,85,116.0,Moving Average (7D)
2011-11-30,84946,94,116.0,Moving Average (7D)
2011-12-01,84946,77,116.0,Moving Average (7D)
2011-12-02,84946,105,116.0,Moving Average (7D)
2011-12-03,84946,0,116.0,Moving Average (7D)
2011-12-04,84946,40,116.0,Moving Average (7D)
2011-12-05,84946,165,116.0,Moving Average (7D)
2011-12-06,84946,171,116.0,Moving Average (7D)
2011-12-07,84946,42,116.0,Moving Average (7D)
2011-12-08,84946,50,116.0,Moving Average (7D)
2011-12-09,84946,42,116.0,Moving Average (7D)
2011-11-10,84946,125,110.57142857142857,Moving Average (14D)
2011-11-11,84946,167,110.57142857142857,Moving Average (14D)
2011-11-12,84946,0,110.57142857142857,Moving Average (14D)
2011-11-13,84946,211,110.57142857142857,Moving Average (14D)
2011-11-14,84946,314,110.57142857142857,Moving Average (14D)
2011-11-15,84946,47,110.57142857142857,Moving Average (14D)
2011-11-16,84946,178,110.57142857142857,Moving Average (14D)
2011-11-17,84946,37,110.57142857142857,Moving Average (14D)
2011-11-18,84946,137,110.57142857142857,Moving Average (14D)
2011-11-19,84946,0,110.57142857142857,Moving Average (14D)
2011-11-20,84946,96,110.57142857142857,Moving Average (14D)
2011-11-21,84946,170,110.57142857142857,Moving Average (14D)
2011-11-22,84946,53,110.57142857142857,Moving Average (14D)
2011-11-23,84946,149,110.57142857142857,Moving Average (14D)
2011-11-24,84946,161,110.57142857142857,Moving Average (14D)
2011-11-25,84946,20,110.57142857142857,Moving Average (14D)
2011-11-26,84946,0,110.57142857142857,Moving Average (14D)
2011-11-27,84946,24,110.57142857142857,Moving Average (14D)
2011-11-28,84946,88,110.57142857142857,Moving Average (14D)
2011-11-29,84946,85,110.57142857142857,Moving Average (14D)
2011-11-30,84946,94,110.57142857142857,Moving Average (14D)
2011-12-01,84946,77,110.57142857142857,Moving Average (14D)
2011-12-02,84946,105,110.57142857142857,Moving Average (14D)
2011-12-03,84946,0,110.57142857142857,Moving Average (14D)
2011-12-04,84946,40,110.57142857142857,Moving Average (14D)
2011-12-05,84946,165,110.57142857142857,Moving Average (14D)
2011-12-06,84946,171,110.57142857142857,Moving Average (14D)
2011-12-07,84946,42,110.57142857142857,Moving Average (14D)
2011-12-08,84946,50,110.57142857142857,Moving Average (14D)
2011-12-09,84946,42,110.57142857142857,Moving Average (14D)
2011-11-10,84946,125,76.0,Moving Average (28D)
2011-11-11,84946,167,76.0,Moving Average (28D)
2011-11-12,84946,0,76.0,Moving Average (28D)
2011-11-13,84946,211,76.0,Moving Average (28D)
2011-11-14,84946,314,76.0,Moving Average (28D)
2011-11-15,84946,47,76.0,Moving Average (28D)
2011-11-16,84946,178,76.0,Moving Average (28D)
2011-11-17,84946,37,76.0,Moving Average (28D)
2011-11-18,84946,137,76.0,Moving Average (28D)
2011-11-19,84946,0,76.0,Moving Average (28D)
2011-11-20,84946,96,76.0,Moving Average (28D)
2011-11-21,84946,170,76.0,Moving Average (28D)
2011-11-22,84946,53,76.0,Moving Average (28D)
2011-11-23,84946,149,76.0,Moving Average (28D)
2011-11-24,84946,161,76.0,Moving Average (28D)
2011-11-25,84946,20,76.0,Moving Average (28D)
2011-11-26,84946,0,76.0,Moving Average (28D)
2011-11-27,84946,24,76.0,Moving Average (28D)
2011-11-28,84946,88,76.0,Moving Average (28D)
2011-11-29,84946,85,76.0,Moving Average (28D)
2011-11-30,84946,94,76.0,Moving Average (28D)
2011-12-01,84946,77,76.0,Moving Average (28D)
2011-12-02,84946,105,76.0,Moving Average (28D)
2011-12-03,84946,0,76.0,Moving Average (28D)
2011-12-04,84946,40,76.0,Moving Average (28D)
2011-12-05,84946,165,76.0,Moving Average (28D)
2011-12-06,84946,171,76.0,Moving Average (28D)
2011-12-07,84946,42,76.0,Moving Average (28D)
2011-12-08,84946,50,76.0,Moving Average (28D)
2011-12-09,84946,42,76.0,Moving Average (28D)
2011-11-10,21915,8,13.0,Naive (Last Value)
2011-11-11,21915,6,13.0,Naive (Last Value)
2011-11-12,21915,0,13.0,Naive (Last Value)
2011-11-13,21915,0,13.0,Naive (Last Value)
2011-11-14,21915,285,13.0,Naive (Last Value)
2011-11-15,21915,36,13.0,Naive (Last Value)
2011-11-16,21915,22,13.0,Naive (Last Value)
2011-11-17,21915,5,13.0,Naive (Last Value)
2011-11-18,21915,3,13.0,Naive (Last Value)
2011-11-19,21915,0,13.0,Naive (Last Value)
2011-11-20,21915,0,13.0,Naive (Last Value)
2011-11-21,21915,3,13.0,Naive (Last Value)
2011-11-22,21915,1,13.0,Naive (Last Value)
2011-11-23,21915,18,13.0,Naive (Last Value)
2011-11-24,21915,0,13.0,Naive (Last Value)
2011-11-25,21915,0,13.0,Naive (Last Value)
2011-11-26,21915,0,13.0,Naive (Last Value)
2011-11-27,21915,0,13.0,Naive (Last Value)
2011-11-28,21915,0,13.0,Naive (Last Value)
2011-11-29,21915,0,13.0,Naive (Last Value)
2011-11-30,21915,0,13.0,Naive (Last Value)
2011-12-01,21915,0,13.0,Naive (Last Value)
2011-12-02,21915,1120,13.0,Naive (Last Value)
2011-12-03,21915,0,13.0,Naive (Last Value)
2011-12-04,21915,0,13.0,Naive (Last Value)
2011-12-05,21915,0,13.0,Naive (Last Value)
2011-12-06,21915,0,13.0,Naive (Last Value)
2011-12-07,21915,2,13.0,Naive (Last Value)
2011-12-08,21915,0,13.0,Naive (Last Value)
2011-12-09,21915,0,13.0,Naive (Last Value)
2011-11-10,21915,8,419.85714285714283,Moving Average (7D)
2011-11-11,21915,6,419.85714285714283,Moving Average (7D)
2011-11-12,21915,0,419.85714285714283,Moving Average (7D)
2011-11-13,21915,0,419.85714285714283,Moving Average (7D)
2011-11-14,21915,285,419.85714285714283,Moving Average (7D)
2011-11-15,21915,36,419.85714285714283,Moving Average (7D)
2011-11-16,21915,22,419.85714285714283,Moving Average (7D)
2011-11-17,21915,5,419.85714285714283,Moving Average (7D)
2011-11-18,21915,3,419.85714285714283,Moving Average (7D)
2011-11-19,21915,0,419.85714285714283,Moving Average (7D)
2011-11-20,21915,0,419.85714285714283,Moving Average (7D)
2011-11-21,21915,3,419.85714285714283,Moving Average (7D)
2011-11-22,21915,1,419.85714285714283,Moving Average (7D)
2011-11-23,21915,18,419.85714285714283,Moving Average (7D)
2011-11-24,21915,0,419.85714285714283,Moving Average (7D)
2011-11-25,21915,0,419.85714285714283,Moving Average (7D)
2011-11-26,21915,0,419.85714285714283,Moving Average (7D)
2011-11-27,21915,0,419.85714285714283,Moving Average (7D)
2011-11-28,21915,0,419.85714285714283,Moving Average (7D)
2011-11-29,21915,0,419.85714285714283,Moving Average (7D)
2011-11-30,21915,0,419.85714285714283,Moving Average (7D)
2011-12-01,21915,0,419.85714285714283,Moving Average (7D)
2011-12-02,21915,1120,419.85714285714283,Moving Average (7D)
2011-12-03,21915,0,419.85714285714283,Moving Average (7D)
2011-12-04,21915,0,419.85714285714283,Moving Average (7D)
2011-12-05,21915,0,419.85714285714283,Moving Average (7D)
2011-12-06,21915,0,419.85714285714283,Moving Average (7D)
2011-12-07,21915,2,419.85714285714283,Moving Average (7D)
2011-12-08,21915,0,419.85714285714283,Moving Average (7D)
2011-12-09,21915,0,419.85714285714283,Moving Average (7D)
2011-11-10,21915,8,255.14285714285714,Moving Average (14D)
2011-11-11,21915,6,255.14285714285714,Moving Average (14D)
2011-11-12,21915,0,255.14285714285714,Moving Average (14D)
2011-11-13,21915,0,255.14285714285714,Moving Average (14D)
2011-11-14,21915,285,255.14285714285714,Moving Average (14D)
2011-11-15,21915,36,255.14285714285714,Moving Average (14D)
2011-11-16,21915,22,255.14285714285714,Moving Average (14D)
2011-11-17,21915,5,255.14285714285714,Moving Average (14D)
2011-11-18,21915,3,255.14285714285714,Moving Average (14D)
2011-11-19,21915,0,255.14285714285714,Moving Average (14D)
2011-11-20,21915,0,255.14285714285714,Moving Average (14D)
2011-11-21,21915,3,255.14285714285714,Moving Average (14D)
2011-11-22,21915,1,255.14285714285714,Moving Average (14D)
2011-11-23,21915,18,255.14285714285714,Moving Average (14D)
2011-11-24,21915,0,255.14285714285714,Moving Average (14D)
2011-11-25,21915,0,255.14285714285714,Moving Average (14D)
2011-11-26,21915,0,255.14285714285714,Moving Average (14D)
2011-11-27,21915,0,255.14285714285714,Moving Average (14D)
2011-11-28,21915,0,255.14285714285714,Moving Average (14D)
2011-11-29,21915,0,255.14285714285714,Moving Average (14D)
2011-11-30,21915,0,255.14285714285714,Moving Average (14D)
2011-12-01,21915,0,255.14285714285714,Moving Average (14D)
2011-12-02,21915,1120,255.14285714285714,Moving Average (14D)
2011-12-03,21915,0,255.14285714285714,Moving Average (14D)
2011-12-04,21915,0,255.14285714285714,Moving Average (14D)
2011-12-05,21915,0,255.14285714285714,Moving Average (14D)
2011-12-06,21915,0,255.14285714285714,Moving Average (14D)
2011-12-07,21915,2,255.14285714285714,Moving Average (14D)
2011-12-08,21915,0,255.14285714285714,Moving Average (14D)
2011-12-09,21915,0,255.14285714285714,Moving Average (14D)
2011-11-10,21915,8,163.0,Moving Average (28D)
2011-11-11,21915,6,163.0,Moving Average (28D)
2011-11-12,21915,0,163.0,Moving Average (28D)
2011-11-13,21915,0,163.0,Moving Average (28D)
2011-11-14,21915,285,163.0,Moving Average (28D)
2011-11-15,21915,36,163.0,Moving Average (28D)
2011-11-16,21915,22,163.0,Moving Average (28D)
2011-11-17,21915,5,163.0,Moving Average (28D)
2011-11-18,21915,3,163.0,Moving Average (28D)
2011-11-19,21915,0,163.0,Moving Average (28D)
2011-11-20,21915,0,163.0,Moving Average (28D)
2011-11-21,21915,3,163.0,Moving Average (28D)
2011-11-22,21915,1,163.0,Moving Average (28D)
2011-11-23,21915,18,163.0,Moving Average (28D)
2011-11-24,21915,0,163.0,Moving Average (28D)
2011-11-25,21915,0,163.0,Moving Average (28D)
2011-11-26,21915,0,163.0,Moving Average (28D)
2011-11-27,21915,0,163.0,Moving Average (28D)
2011-11-28,21915,0,163.0,Moving Average (28D)
2011-11-29,21915,0,163.0,Moving Average (28D)
2011-11-30,21915,0,163.0,Moving Average (28D)
2011-12-01,21915,0,163.0,Moving Average (28D)
2011-12-02,21915,1120,163.0,Moving Average (28D)
2011-12-03,21915,0,163.0,Moving Average (28D)
2011-12-04,21915,0,163.0,Moving Average (28D)
2011-12-05,21915,0,163.0,Moving Average (28D)
2011-12-06,21915,0,163.0,Moving Average (28D)
2011-12-07,21915,2,163.0,Moving Average (28D)
2011-12-08,21915,0,163.0,Moving Average (28D)
2011-12-09,21915,0,163.0,Moving Average (28D)
2011-11-10,22086,138,265.0,Naive (Last Value)
2011-11-11,22086,201,265.0,Naive (Last Value)
2011-11-12,22086,0,265.0,Naive (Last Value)
2011-11-13,22086,153,265.0,Naive (Last Value)
2011-11-14,22086,914,265.0,Naive (Last Value)
2011-11-15,22086,172,265.0,Naive (Last Value)
2011-11-16,22086,255,265.0,Naive (Last Value)
2011-11-17,22086,280,265.0,Naive (Last Value)
2011-11-18,22086,279,265.0,Naive (Last Value)
2011-11-19,22086,0,265.0,Naive (Last Value)
2011-11-20,22086,253,265.0,Naive (Last Value)
2011-11-21,22086,271,265.0,Naive (Last Value)
2011-11-22,22086,456,265.0,Naive (Last Value)
2011-11-23,22086,454,265.0,Naive (Last Value)
2011-11-24,22086,114,265.0,Naive (Last Value)
2011-11-25,22086,296,265.0,Naive (Last Value)
2011-11-26,22086,0,265.0,Naive (Last Value)
2011-11-27,22086,100,265.0,Naive (Last Value)
2011-11-28,22086,328,265.0,Naive (Last Value)
2011-11-29,22086,355,265.0,Naive (Last Value)
2011-11-30,22086,283,265.0,Naive (Last Value)
2011-12-01,22086,304,265.0,Naive (Last Value)
2011-12-02,22086,240,265.0,Naive (Last Value)
2011-12-03,22086,0,265.0,Naive (Last Value)
2011-12-04,22086,52,265.0,Naive (Last Value)
2011-12-05,22086,493,265.0,Naive (Last Value)
2011-12-06,22086,198,265.0,Naive (Last Value)
2011-12-07,22086,306,265.0,Naive (Last Value)
2011-12-08,22086,381,265.0,Naive (Last Value)
2011-12-09,22086,114,265.0,Naive (Last Value)
2011-11-10,22086,138,322.85714285714283,Moving Average (7D)
2011-11-11,22086,201,322.85714285714283,Moving Average (7D)
2011-11-12,22086,0,322.85714285714283,Moving Average (7D)
2011-11-13,22086,153,322.85714285714283,Moving Average (7D)
2011-11-14,22086,914,322.85714285714283,Moving Average (7D)
2011-11-15,22086,172,322.85714285714283,Moving Average (7D)
2011-11-16,22086,255,322.85714285714283,Moving Average (7D)
2011-11-17,22086,280,322.85714285714283,Moving Average (7D)
2011-11-18,22086,279,322.85714285714283,Moving Average (7D)
2011-11-19,22086,0,322.85714285714283,Moving Average (7D)
2011-11-20,22086,253,322.85714285714283,Moving Average (7D)
2011-11-21,22086,271,322.85714285714283,Moving Average (7D)
2011-11-22,22086,456,322.85714285714283,Moving Average (7D)
2011-11-23,22086,454,322.85714285714283,Moving Average (7D)
2011-11-24,22086,114,322.85714285714283,Moving Average (7D)
2011-11-25,22086,296,322.85714285714283,Moving Average (7D)
2011-11-26,22086,0,322.85714285714283,Moving Average (7D)
2011-11-27,22086,100,322.85714285714283,Moving Average (7D)
2011-11-28,22086,328,322.85714285714283,Moving Average (7D)
2011-11-29,22086,355,322.85714285714283,Moving Average (7D)
2011-11-30,22086,283,322.85714285714283,Moving Average (7D)
2011-12-01,22086,304,322.85714285714283,Moving Average (7D)
2011-12-02,22086,240,322.85714285714283,Moving Average (7D)
2011-12-03,22086,0,322.85714285714283,Moving Average (7D)
2011-12-04,22086,52,322.85714285714283,Moving Average (7D)
2011-12-05,22086,493,322.85714285714283,Moving Average (7D)
2011-12-06,22086,198,322.85714285714283,Moving Average (7D)
2011-12-07,22086,306,322.85714285714283,Moving Average (7D)
2011-12-08,22086,381,322.85714285714283,Moving Average (7D)
2011-12-09,22086,114,322.85714285714283,Moving Average (7D)
2011-11-10,22086,138,206.0,Moving Average (14D)
2011-11-11,22086,201,206.0,Moving Average (14D)
2011-11-12,22086,0,206.0,Moving Average (14D)
2011-11-13,22086,153,206.0,Moving Average (14D)
2011-11-14,22086,914,206.0,Moving Average (14D)
2011-11-15,22086,172,206.0,Moving Average (14D)
2011-11-16,22086,255,206.0,Moving Average (14D)
2011-11-17,22086,280,206.0,Moving Average (14D)
2011-11-18,22086,279,206.0,Moving Average (14D)
2011-11-19,22086,0,206.0,Moving Average (14D)
2011-11-20,22086,253,206.0,Moving Average (14D)
2011-11-21,22086,271,206.0,Moving Average (14D)
2011-11-22,22086,456,206.0,Moving Average (14D)
2011-11-23,22086,454,206.0,Moving Average (14D)
2011-11-24,22086,114,206.0,Moving Average (14D)
2011-11-25,22086,296,206.0,Moving Average (14D)
2011-11-26,22086,0,206.0,Moving Average (14D)
2011-11-27,22086,100,206.0,Moving Average (14D)
2011-11-28,22086,328,206.0,Moving Average (14D)
2011-11-29,22086,355,206.0,Moving Average (14D)
2011-11-30,22086,283,206.0,Moving Average (14D)
2011-12-01,22086,304,206.0,Moving Average (14D)
2011-12-02,22086,240,206.0,Moving Average (14D)
2011-12-03,22086,0,206.0,Moving Average (14D)
2011-12-04,22086,52,206.0,Moving Average (14D)
2011-12-05,22086,493,206.0,Moving Average (14D)
2011-12-06,22086,198,206.0,Moving Average (14D)
2011-12-07,22086,306,206.0,Moving Average (14D)
2011-12-08,22086,381,206.0,Moving Average (14D)
2011-12-09,22086,114,206.0,Moving Average (14D)
2011-11-10,22086,138,156.64285714285714,Moving Average (28D)
2011-11-11,22086,201,156.64285714285714,Moving Average (28D)
2011-11-12,22086,0,156.64285714285714,Moving Average (28D)
2011-11-13,22086,153,156.64285714285714,Moving Average (28D)
2011-11-14,22086,914,156.64285714285714,Moving Average (28D)
2011-11-15,22086,172,156.64285714285714,Moving Average (28D)
2011-11-16,22086,255,156.64285714285714,Moving Average (28D)
2011-11-17,22086,280,156.64285714285714,Moving Average (28D)
2011-11-18,22086,279,156.64285714285714,Moving Average (28D)
2011-11-19,22086,0,156.64285714285714,Moving Average (28D)
2011-11-20,22086,253,156.64285714285714,Moving Average (28D)
2011-11-21,22086,271,156.64285714285714,Moving Average (28D)
2011-11-22,22086,456,156.64285714285714,Moving Average (28D)
2011-11-23,22086,454,156.64285714285714,Moving Average (28D)
2011-11-24,22086,114,156.64285714285714,Moving Average (28D)
2011-11-25,22086,296,156.64285714285714,Moving Average (28D)
2011-11-26,22086,0,156.64285714285714,Moving Average (28D)
2011-11-27,22086,100,156.64285714285714,Moving Average (28D)
2011-11-28,22086,328,156.64285714285714,Moving Average (28D)
2011-11-29,22086,355,156.64285714285714,Moving Average (28D)
2011-11-30,22086,283,156.64285714285714,Moving Average (28D)
2011-12-01,22086,304,156.64285714285714,Moving Average (28D)
2011-12-02,22086,240,156.64285714285714,Moving Average (28D)
2011-12-03,22086,0,156.64285714285714,Moving Average (28D)
2011-12-04,22086,52,156.64285714285714,Moving Average (28D)
2011-12-05,22086,493,156.64285714285714,Moving Average (28D)
2011-12-06,22086,198,156.64285714285714,Moving Average (28D)
2011-12-07,22086,306,156.64285714285714,Moving Average (28D)
2011-12-08,22086,381,156.64285714285714,Moving Average (28D)
2011-12-09,22086,114,156.64285714285714,Moving Average (28D)
2011-11-10,84992,30,24.0,Naive (Last Value)
2011-11-11,84992,10,24.0,Naive (Last Value)
2011-11-12,84992,0,24.0,Naive (Last Value)
2011-11-13,84992,37,24.0,Naive (Last Value)
2011-11-14,84992,57,24.0,Naive (Last Value)
2011-11-15,84992,148,24.0,Naive (Last Value)
2011-11-16,84992,249,24.0,Naive (Last Value)
2011-11-17,84992,5,24.0,Naive (Last Value)
2011-11-18,84992,4,24.0,Naive (Last Value)
2011-11-19,84992,0,24.0,Naive (Last Value)
2011-11-20,84992,9,24.0,Naive (Last Value)
2011-11-21,84992,3,24.0,Naive (Last Value)
2011-11-22,84992,34,24.0,Naive (Last Value)
2011-11-23,84992,32,24.0,Naive (Last Value)
2011-11-24,84992,27,24.0,Naive (Last Value)
2011-11-25,84992,0,24.0,Naive (Last Value)
2011-11-26,84992,0,24.0,Naive (Last Value)
2011-11-27,84992,8,24.0,Naive (Last Value)
2011-11-28,84992,27,24.0,Naive (Last Value)
2011-11-29,84992,27,24.0,Naive (Last Value)
2011-11-30,84992,121,24.0,Naive (Last Value)
2011-12-01,84992,1,24.0,Naive (Last Value)
2011-12-02,84992,29,24.0,Naive (Last Value)
2011-12-03,84992,0,24.0,Naive (Last Value)
2011-12-04,84992,4,24.0,Naive (Last Value)
2011-12-05,84992,57,24.0,Naive (Last Value)
2011-12-06,84992,4,24.0,Naive (Last Value)
2011-12-07,84992,78,24.0,Naive (Last Value)
2011-12-08,84992,35,24.0,Naive (Last Value)
2011-12-09,84992,0,24.0,Naive (Last Value)
2011-11-10,84992,30,12.428571428571429,Moving Average (7D)
2011-11-11,84992,10,12.428571428571429,Moving Average (7D)
2011-11-12,84992,0,12.428571428571429,Moving Average (7D)
2011-11-13,84992,37,12.428571428571429,Moving Average (7D)
2011-11-14,84992,57,12.428571428571429,Moving Average (7D)
2011-11-15,84992,148,12.428571428571429,Moving Average (7D)
2011-11-16,84992,249,12.428571428571429,Moving Average (7D)
2011-11-17,84992,5,12.428571428571429,Moving Average (7D)
2011-11-18,84992,4,12.428571428571429,Moving Average (7D)
2011-11-19,84992,0,12.428571428571429,Moving Average (7D)
2011-11-20,84992,9,12.428571428571429,Moving Average (7D)
2011-11-21,84992,3,12.428571428571429,Moving Average (7D)
2011-11-22,84992,34,12.428571428571429,Moving Average (7D)
2011-11-23,84992,32,12.428571428571429,Moving Average (7D)
2011-11-24,84992,27,12.428571428571429,Moving Average (7D)
2011-11-25,84992,0,12.428571428571429,Moving Average (7D)
2011-11-26,84992,0,12.428571428571429,Moving Average (7D)
2011-11-27,84992,8,12.428571428571429,Moving Average (7D)
2011-11-28,84992,27,12.428571428571429,Moving Average (7D)
2011-11-29,84992,27,12.428571428571429,Moving Average (7D)
2011-11-30,84992,121,12.428571428571429,Moving Average (7D)
2011-12-01,84992,1,12.428571428571429,Moving Average (7D)
2011-12-02,84992,29,12.428571428571429,Moving Average (7D)
2011-12-03,84992,0,12.428571428571429,Moving Average (7D)
2011-12-04,84992,4,12.428571428571429,Moving Average (7D)
2011-12-05,84992,57,12.428571428571429,Moving Average (7D)
2011-12-06,84992,4,12.428571428571429,Moving Average (7D)
2011-12-07,84992,78,12.428571428571429,Moving Average (7D)
2011-12-08,84992,35,12.428571428571429,Moving Average (7D)
2011-12-09,84992,0,12.428571428571429,Moving Average (7D)
2011-11-10,84992,30,28.571428571428573,Moving Average (14D)
2011-11-11,84992,10,28.571428571428573,Moving Average (14D)
2011-11-12,84992,0,28.571428571428573,Moving Average (14D)
2011-11-13,84992,37,28.571428571428573,Moving Average (14D)
2011-11-14,84992,57,28.571428571428573,Moving Average (14D)
2011-11-15,84992,148,28.571428571428573,Moving Average (14D)
2011-11-16,84992,249,28.571428571428573,Moving Average (14D)
2011-11-17,84992,5,28.571428571428573,Moving Average (14D)
2011-11-18,84992,4,28.571428571428573,Moving Average (14D)
2011-11-19,84992,0,28.571428571428573,Moving Average (14D)
2011-11-20,84992,9,28.571428571428573,Moving Average (14D)
2011-11-21,84992,3,28.571428571428573,Moving Average (14D)
2011-11-22,84992,34,28.571428571428573,Moving Average (14D)
2011-11-23,84992,32,28.571428571428573,Moving Average (14D)
2011-11-24,84992,27,28.571428571428573,Moving Average (14D)
2011-11-25,84992,0,28.571428571428573,Moving Average (14D)
2011-11-26,84992,0,28.571428571428573,Moving Average (14D)
2011-11-27,84992,8,28.571428571428573,Moving Average (14D)
2011-11-28,84992,27,28.571428571428573,Moving Average (14D)
2011-11-29,84992,27,28.571428571428573,Moving Average (14D)
2011-11-30,84992,121,28.571428571428573,Moving Average (14D)
2011-12-01,84992,1,28.571428571428573,Moving Average (14D)
2011-12-02,84992,29,28.571428571428573,Moving Average (14D)
2011-12-03,84992,0,28.571428571428573,Moving Average (14D)
2011-12-04,84992,4,28.571428571428573,Moving Average (14D)
2011-12-05,84992,57,28.571428571428573,Moving Average (14D)
2011-12-06,84992,4,28.571428571428573,Moving Average (14D)
2011-12-07,84992,78,28.571428571428573,Moving Average (14D)
2011-12-08,84992,35,28.571428571428573,Moving Average (14D)
2011-12-09,84992,0,28.571428571428573,Moving Average (14D)
2011-11-10,84992,30,25.678571428571427,Moving Average (28D)
2011-11-11,84992,10,25.678571428571427,Moving Average (28D)
2011-11-12,84992,0,25.678571428571427,Moving Average (28D)
2011-11-13,84992,37,25.678571428571427,Moving Average (28D)
2011-11-14,84992,57,25.678571428571427,Moving Average (28D)
2011-11-15,84992,148,25.678571428571427,Moving Average (28D)
2011-11-16,84992,249,25.678571428571427,Moving Average (28D)
2011-11-17,84992,5,25.678571428571427,Moving Average (28D)
2011-11-18,84992,4,25.678571428571427,Moving Average (28D)
2011-11-19,84992,0,25.678571428571427,Moving Average (28D)
2011-11-20,84992,9,25.678571428571427,Moving Average (28D)
2011-11-21,84992,3,25.678571428571427,Moving Average (28D)
2011-11-22,84992,34,25.678571428571427,Moving Average (28D)
2011-11-23,84992,32,25.678571428571427,Moving Average (28D)
2011-11-24,84992,27,25.678571428571427,Moving Average (28D)
2011-11-25,84992,0,25.678571428571427,Moving Average (28D)
2011-11-26,84992,0,25.678571428571427,Moving Average (28D)
2011-11-27,84992,8,25.678571428571427,Moving Average (28D)
2011-11-28,84992,27,25.678571428571427,Moving Average (28D)
2011-11-29,84992,27,25.678571428571427,Moving Average (28D)
2011-11-30,84992,121,25.678571428571427,Moving Average (28D)
2011-12-01,84992,1,25.678571428571427,Moving Average (28D)
2011-12-02,84992,29,25.678571428571427,Moving Average (28D)
2011-12-03,84992,0,25.678571428571427,Moving Average (28D)
2011-12-04,84992,4,25.678571428571427,Moving Average (28D)
2011-12-05,84992,57,25.678571428571427,Moving Average (28D)
2011-12-06,84992,4,25.678571428571427,Moving Average (28D)
2011-12-07,84992,78,25.678571428571427,Moving Average (28D)
2011-12-08,84992,35,25.678571428571427,Moving Average (28D)
2011-12-09,84992,0,25.678571428571427,Moving Average (28D)
2011-11-10,71459,60,12.0,Naive (Last Value)
2011-11-11,71459,28,12.0,Naive (Last Value)
2011-11-12,71459,0,12.0,Naive (Last Value)
2011-11-13,71459,0,12.0,Naive (Last Value)
2011-11-14,71459,8,12.0,Naive (Last Value)
2011-11-15,71459,12,12.0,Naive (Last Value)
2011-11-16,71459,24,12.0,Naive (Last Value)
2011-11-17,71459,12,12.0,Naive (Last Value)
2011-11-18,71459,28,12.0,Naive (Last Value)
2011-11-19,71459,0,12.0,Naive (Last Value)
2011-11-20,71459,300,12.0,Naive (Last Value)
2011-11-21,71459,12,12.0,Naive (Last Value)
2011-11-22,71459,4,12.0,Naive (Last Value)
2011-11-23,71459,8,12.0,Naive (Last Value)
2011-11-24,71459,36,12.0,Naive (Last Value)
2011-11-25,71459,0,12.0,Naive (Last Value)
2011-11-26,71459,0,12.0,Naive (Last Value)
2011-11-27,71459,0,12.0,Naive (Last Value)
2011-11-28,71459,12,12.0,Naive (Last Value)
2011-11-29,71459,108,12.0,Naive (Last Value)
2011-11-30,71459,0,12.0,Naive (Last Value)
2011-12-01,71459,4,12.0,Naive (Last Value)
2011-12-02,71459,0,12.0,Naive (Last Value)
2011-12-03,71459,0,12.0,Naive (Last Value)
2011-12-04,71459,0,12.0,Naive (Last Value)
2011-12-05,71459,12,12.0,Naive (Last Value)
2011-12-06,71459,56,12.0,Naive (Last Value)
2011-12-07,71459,12,12.0,Naive (Last Value)
2011-12-08,71459,8,12.0,Naive (Last Value)
2011-12-09,71459,12,12.0,Naive (Last Value)
2011-11-10,71459,60,30.857142857142858,Moving Average (7D)
2011-11-11,71459,28,30.857142857142858,Moving Average (7D)
2011-11-12,71459,0,30.857142857142858,Moving Average (7D)
2011-11-13,71459,0,30.857142857142858,Moving Average (7D)
2011-11-14,71459,8,30.857142857142858,Moving Average (7D)
2011-11-15,71459,12,30.857142857142858,Moving Average (7D)
2011-11-16,71459,24,30.857142857142858,Moving Average (7D)
2011-11-17,71459,12,30.857142857142858,Moving Average (7D)
2011-11-18,71459,28,30.857142857142858,Moving Average (7D)
2011-11-19,71459,0,30.857142857142858,Moving Average (7D)
2011-11-20,71459,300,30.857142857142858,Moving Average (7D)
2011-11-21,71459,12,30.857142857142858,Moving Average (7D)
2011-11-22,71459,4,30.857142857142858,Moving Average (7D)
2011-11-23,71459,8,30.857142857142858,Moving Average (7D)
2011-11-24,71459,36,30.857142857142858,Moving Average (7D)
2011-11-25,71459,0,30.857142857142858,Moving Average (7D)
2011-11-26,71459,0,30.857142857142858,Moving Average (7D)
2011-11-27,71459,0,30.857142857142858,Moving Average (7D)
2011-11-28,71459,12,30.857142857142858,Moving Average (7D)
2011-11-29,71459,108,30.857142857142858,Moving Average (7D)
2011-11-30,71459,0,30.857142857142858,Moving Average (7D)
2011-12-01,71459,4,30.857142857142858,Moving Average (7D)
2011-12-02,71459,0,30.857142857142858,Moving Average (7D)
2011-12-03,71459,0,30.857142857142858,Moving Average (7D)
2011-12-04,71459,0,30.857142857142858,Moving Average (7D)
2011-12-05,71459,12,30.857142857142858,Moving Average (7D)
2011-12-06,71459,56,30.857142857142858,Moving Average (7D)
2011-12-07,71459,12,30.857142857142858,Moving Average (7D)
2011-12-08,71459,8,30.857142857142858,Moving Average (7D)
2011-12-09,71459,12,30.857142857142858,Moving Average (7D)
2011-11-10,71459,60,18.285714285714285,Moving Average (14D)
2011-11-11,71459,28,18.285714285714285,Moving Average (14D)
2011-11-12,71459,0,18.285714285714285,Moving Average (14D)
2011-11-13,71459,0,18.285714285714285,Moving Average (14D)
2011-11-14,71459,8,18.285714285714285,Moving Average (14D)
2011-11-15,71459,12,18.285714285714285,Moving Average (14D)
2011-11-16,71459,24,18.285714285714285,Moving Average (14D)
2011-11-17,71459,12,18.285714285714285,Moving Average (14D)
2011-11-18,71459,28,18.285714285714285,Moving Average (14D)
2011-11-19,71459,0,18.285714285714285,Moving Average (14D)
2011-11-20,71459,300,18.285714285714285,Moving Average (14D)
2011-11-21,71459,12,18.285714285714285,Moving Average (14D)
2011-11-22,71459,4,18.285714285714285,Moving Average (14D)
2011-11-23,71459,8,18.285714285714285,Moving Average (14D)
2011-11-24,71459,36,18.285714285714285,Moving Average (14D)
2011-11-25,71459,0,18.285714285714285,Moving Average (14D)
2011-11-26,71459,0,18.285714285714285,Moving Average (14D)
2011-11-27,71459,0,18.285714285714285,Moving Average (14D)
2011-11-28,71459,12,18.285714285714285,Moving Average (14D)
2011-11-29,71459,108,18.285714285714285,Moving Average (14D)
2011-11-30,71459,0,18.285714285714285,Moving Average (14D)
2011-12-01,71459,4,18.285714285714285,Moving Average (14D)
2011-12-02,71459,0,18.285714285714285,Moving Average (14D)
2011-12-03,71459,0,18.285714285714285,Moving Average (14D)
2011-12-04,71459,0,18.285714285714285,Moving Average (14D)
2011-12-05,71459,12,18.285714285714285,Moving Average (14D)
2011-12-06,71459,56,18.285714285714285,Moving Average (14D)
2011-12-07,71459,12,18.285714285714285,Moving Average (14D)
2011-12-08,71459,8,18.285714285714285,Moving Average (14D)
2011-12-09,71459,12,18.285714285714285,Moving Average (14D)
2011-11-10,71459,60,14.464285714285714,Moving Average (28D)
2011-11-11,71459,28,14.464285714285714,Moving Average (28D)
2011-11-12,71459,0,14.464285714285714,Moving Average (28D)
2011-11-13,71459,0,14.464285714285714,Moving Average (28D)
2011-11-14,71459,8,14.464285714285714,Moving Average (28D)
2011-11-15,71459,12,14.464285714285714,Moving Average (28D)
2011-11-16,71459,24,14.464285714285714,Moving Average (28D)
2011-11-17,71459,12,14.464285714285714,Moving Average (28D)
2011-11-18,71459,28,14.464285714285714,Moving Average (28D)
2011-11-19,71459,0,14.464285714285714,Moving Average (28D)
2011-11-20,71459,300,14.464285714285714,Moving Average (28D)
2011-11-21,71459,12,14.464285714285714,Moving Average (28D)
2011-11-22,71459,4,14.464285714285714,Moving Average (28D)
2011-11-23,71459,8,14.464285714285714,Moving Average (28D)
2011-11-24,71459,36,14.464285714285714,Moving Average (28D)
2011-11-25,71459,0,14.464285714285714,Moving Average (28D)
2011-11-26,71459,0,14.464285714285714,Moving Average (28D)
2011-11-27,71459,0,14.464285714285714,Moving Average (28D)
2011-11-28,71459,12,14.464285714285714,Moving Average (28D)
2011-11-29,71459,108,14.464285714285714,Moving Average (28D)
2011-11-30,71459,0,14.464285714285714,Moving Average (28D)
2011-12-01,71459,4,14.464285714285714,Moving Average (28D)
2011-12-02,71459,0,14.464285714285714,Moving Average (28D)
2011-12-03,71459,0,14.464285714285714,Moving Average (28D)
2011-12-04,71459,0,14.464285714285714,Moving Average (28D)
2011-12-05,71459,12,14.464285714285714,Moving Average (28D)
2011-12-06,71459,56,14.464285714285714,Moving Average (28D)
2011-12-07,71459,12,14.464285714285714,Moving Average (28D)
2011-12-08,71459,8,14.464285714285714,Moving Average (28D)
2011-12-09,71459,12,14.464285714285714,Moving Average (28D)
2011-11-10,22952,249,108.0,Naive (Last Value)
2011-11-11,22952,87,108.0,Naive (Last Value)
2011-11-12,22952,0,108.0,Naive (Last Value)
2011-11-13,22952,339,108.0,Naive (Last Value)
2011-11-14,22952,438,108.0,Naive (Last Value)
2011-11-15,22952,62,108.0,Naive (Last Value)
2011-11-16,22952,202,108.0,Naive (Last Value)
2011-11-17,22952,195,108.0,Naive (Last Value)
2011-11-18,22952,143,108.0,Naive (Last Value)
2011-11-19,22952,0,108.0,Naive (Last Value)
2011-11-20,22952,48,108.0,Naive (Last Value)
2011-11-21,22952,78,108.0,Naive (Last Value)
2011-11-22,22952,276,108.0,Naive (Last Value)
2011-11-23,22952,89,108.0,Naive (Last Value)
2011-11-24,22952,40,108.0,Naive (Last Value)
2011-11-25,22952,95,108.0,Naive (Last Value)
2011-11-26,22952,0,108.0,Naive (Last Value)
2011-11-27,22952,34,108.0,Naive (Last Value)
2011-11-28,22952,200,108.0,Naive (Last Value)
2011-11-29,22952,241,108.0,Naive (Last Value)
2011-11-30,22952,393,108.0,Naive (Last Value)
2011-12-01,22952,86,108.0,Naive (Last Value)
2011-12-02,22952,68,108.0,Naive (Last Value)
2011-12-03,22952,0,108.0,Naive (Last Value)
2011-12-04,22952,43,108.0,Naive (Last Value)
2011-12-05,22952,153,108.0,Naive (Last Value)
2011-12-06,22952,149,108.0,Naive (Last Value)
2011-12-07,22952,73,108.0,Naive (Last Value)
2011-12-08,22952,135,108.0,Naive (Last Value)
2011-12-09,22952,43,108.0,Naive (Last Value)
2011-11-10,22952,249,135.71428571428572,Moving Average (7D)
2011-11-11,22952,87,135.71428571428572,Moving Average (7D)
2011-11-12,22952,0,135.71428571428572,Moving Average (7D)
2011-11-13,22952,339,135.71428571428572,Moving Average (7D)
2011-11-14,22952,438,135.71428571428572,Moving Average (7D)
2011-11-15,22952,62,135.71428571428572,Moving Average (7D)
2011-11-16,22952,202,135.71428571428572,Moving Average (7D)
2011-11-17,22952,195,135.71428571428572,Moving Average (7D)
2011-11-18,22952,143,135.71428571428572,Moving Average (7D)
2011-11-19,22952,0,135.71428571428572,Moving Average (7D)
2011-11-20,22952,48,135.71428571428572,Moving Average (7D)
2011-11-21,22952,78,135.71428571428572,Moving Average (7D)
2011-11-22,22952,276,135.71428571428572,Moving Average (7D)
2011-11-23,22952,89,135.71428571428572,Moving Average (7D)
2011-11-24,22952,40,135.71428571428572,Moving Average (7D)
2011-11-25,22952,95,135.71428571428572,Moving Average (7D)
2011-11-26,22952,0,135.71428571428572,Moving Average (7D)
2011-11-27,22952,34,135.71428571428572,Moving Average (7D)
2011-11-28,22952,200,135.71428571428572,Moving Average (7D)
2011-11-29,22952,241,135.71428571428572,Moving Average (7D)
2011-11-30,22952,393,135.71428571428572,Moving Average (7D)
2011-12-01,22952,86,135.71428571428572,Moving Average (7D)
2011-12-02,22952,68,135.71428571428572,Moving Average (7D)
2011-12-03,22952,0,135.71428571428572,Moving Average (7D)
2011-12-04,22952,43,135.71428571428572,Moving Average (7D)
2011-12-05,22952,153,135.71428571428572,Moving Average (7D)
2011-12-06,22952,149,135.71428571428572,Moving Average (7D)
2011-12-07,22952,73,135.71428571428572,Moving Average (7D)
2011-12-08,22952,135,135.71428571428572,Moving Average (7D)
2011-12-09,22952,43,135.71428571428572,Moving Average (7D)
2011-11-10,22952,249,135.57142857142858,Moving Average (14D)
2011-11-11,22952,87,135.57142857142858,Moving Average (14D)
2011-11-12,22952,0,135.57142857142858,Moving Average (14D)
2011-11-13,22952,339,135.57142857142858,Moving Average (14D)
2011-11-14,22952,438,135.57142857142858,Moving Average (14D)
2011-11-15,22952,62,135.57142857142858,Moving Average (14D)
2011-11-16,22952,202,135.57142857142858,Moving Average (14D)
2011-11-17,22952,195,135.57142857142858,Moving Average (14D)
2011-11-18,22952,143,135.57142857142858,Moving Average (14D)
2011-11-19,22952,0,135.57142857142858,Moving Average (14D)
2011-11-20,22952,48,135.57142857142858,Moving Average (14D)
2011-11-21,22952,78,135.57142857142858,Moving Average (14D)
2011-11-22,22952,276,135.57142857142858,Moving Average (14D)
2011-11-23,22952,89,135.57142857142858,Moving Average (14D)
2011-11-24,22952,40,135.57142857142858,Moving Average (14D)
2011-11-25,22952,95,135.57142857142858,Moving Average (14D)
2011-11-26,22952,0,135.57142857142858,Moving Average (14D)
2011-11-27,22952,34,135.57142857142858,Moving Average (14D)
2011-11-28,22952,200,135.57142857142858,Moving Average (14D)
2011-11-29,22952,241,135.57142857142858,Moving Average (14D)
2011-11-30,22952,393,135.57142857142858,Moving Average (14D)
2011-12-01,22952,86,135.57142857142858,Moving Average (14D)
2011-12-02,22952,68,135.57142857142858,Moving Average (14D)
2011-12-03,22952,0,135.57142857142858,Moving Average (14D)
2011-12-04,22952,43,135.57142857142858,Moving Average (14D)
2011-12-05,22952,153,135.57142857142858,Moving Average (14D)
2011-12-06,22952,149,135.57142857142858,Moving Average (14D)
2011-12-07,22952,73,135.57142857142858,Moving Average (14D)
2011-12-08,22952,135,135.57142857142858,Moving Average (14D)
2011-12-09,22952,43,135.57142857142858,Moving Average (14D)
2011-11-10,22952,249,147.67857142857142,Moving Average (28D)
2011-11-11,22952,87,147.67857142857142,Moving Average (28D)
2011-11-12,22952,0,147.67857142857142,Moving Average (28D)
2011-11-13,22952,339,147.67857142857142,Moving Average (28D)
2011-11-14,22952,438,147.67857142857142,Moving Average (28D)
2011-11-15,22952,62,147.67857142857142,Moving Average (28D)
2011-11-16,22952,202,147.67857142857142,Moving Average (28D)
2011-11-17,22952,195,147.67857142857142,Moving Average (28D)
2011-11-18,22952,143,147.67857142857142,Moving Average (28D)
2011-11-19,22952,0,147.67857142857142,Moving Average (28D)
2011-11-20,22952,48,147.67857142857142,Moving Average (28D)
2011-11-21,22952,78,147.67857142857142,Moving Average (28D)
2011-11-22,22952,276,147.67857142857142,Moving Average (28D)
2011-11-23,22952,89,147.67857142857142,Moving Average (28D)
2011-11-24,22952,40,147.67857142857142,Moving Average (28D)
2011-11-25,22952,95,147.67857142857142,Moving Average (28D)
2011-11-26,22952,0,147.67857142857142,Moving Average (28D)
2011-11-27,22952,34,147.67857142857142,Moving Average (28D)
2011-11-28,22952,200,147.67857142857142,Moving Average (28D)
2011-11-29,22952,241,147.67857142857142,Moving Average (28D)
2011-11-30,22952,393,147.67857142857142,Moving Average (28D)
2011-12-01,22952,86,147.67857142857142,Moving Average (28D)
2011-12-02,22952,68,147.67857142857142,Moving Average (28D)
2011-12-03,22952,0,147.67857142857142,Moving Average (28D)
2011-12-04,22952,43,147.67857142857142,Moving Average (28D)
2011-12-05,22952,153,147.67857142857142,Moving Average (28D)
2011-12-06,22952,149,147.67857142857142,Moving Average (28D)
2011-12-07,22952,73,147.67857142857142,Moving Average (28D)
2011-12-08,22952,135,147.67857142857142,Moving Average (28D)
2011-12-09,22952,43,147.67857142857142,Moving Average (28D)
2011-11-10,20724,31,223.0,Naive (Last Value)
2011-11-11,20724,111,223.0,Naive (Last Value)
2011-11-12,20724,0,223.0,Naive (Last Value)
2011-11-13,20724,65,223.0,Naive (Last Value)
2011-11-14,20724,42,223.0,Naive (Last Value)
2011-11-15,20724,108,223.0,Naive (Last Value)
2011-11-16,20724,52,223.0,Naive (Last Value)
2011-11-17,20724,62,223.0,Naive (Last Value)
2011-11-18,20724,161,223.0,Naive (Last Value)
2011-11-19,20724,0,223.0,Naive (Last Value)
2011-11-20,20724,30,223.0,Naive (Last Value)
2011-11-21,20724,12,223.0,Naive (Last Value)
2011-11-22,20724,228,223.0,Naive (Last Value)
2011-11-23,20724,213,223.0,Naive (Last Value)
2011-11-24,20724,63,223.0,Naive (Last Value)
2011-11-25,20724,149,223.0,Naive (Last Value)
2011-11-26,20724,0,223.0,Naive (Last Value)
2011-11-27,20724,70,223.0,Naive (Last Value)
2011-11-28,20724,64,223.0,Naive (Last Value)
2011-11-29,20724,124,223.0,Naive (Last Value)
2011-11-30,20724,101,223.0,Naive (Last Value)
2011-12-01,20724,29,223.0,Naive (Last Value)
2011-12-02,20724,109,223.0,Naive (Last Value)
2011-12-03,20724,0,223.0,Naive (Last Value)
2011-12-04,20724,123,223.0,Naive (Last Value)
2011-12-05,20724,37,223.0,Naive (Last Value)
2011-12-06,20724,117,223.0,Naive (Last Value)
2011-12-07,20724,230,223.0,Naive (Last Value)
2011-12-08,20724,133,223.0,Naive (Last Value)
2011-12-09,20724,69,223.0,Naive (Last Value)
2011-11-10,20724,31,67.28571428571429,Moving Average (7D)
2011-11-11,20724,111,67.28571428571429,Moving Average (7D)
2011-11-12,20724,0,67.28571428571429,Moving Average (7D)
2011-11-13,20724,65,67.28571428571429,Moving Average (7D)
2011-11-14,20724,42,67.28571428571429,Moving Average (7D)
2011-11-15,20724,108,67.28571428571429,Moving Average (7D)
2011-11-16,20724,52,67.28571428571429,Moving Average (7D)
2011-11-17,20724,62,67.28571428571429,Moving Average (7D)
2011-11-18,20724,161,67.28571428571429,Moving Average (7D)
2011-11-19,20724,0,67.28571428571429,Moving Average (7D)
2011-11-20,20724,30,67.28571428571429,Moving Average (7D)
2011-11-21,20724,12,67.28571428571429,Moving Average (7D)
2011-11-22,20724,228,67.28571428571429,Moving Average (7D)
2011-11-23,20724,213,67.28571428571429,Moving Average (7D)
2011-11-24,20724,63,67.28571428571429,Moving Average (7D)
2011-11-25,20724,149,67.28571428571429,Moving Average (7D)
2011-11-26,20724,0,67.28571428571429,Moving Average (7D)
2011-11-27,20724,70,67.28571428571429,Moving Average (7D)
2011-11-28,20724,64,67.28571428571429,Moving Average (7D)
2011-11-29,20724,124,67.28571428571429,Moving Average (7D)
2011-11-30,20724,101,67.28571428571429,Moving Average (7D)
2011-12-01,20724,29,67.28571428571429,Moving Average (7D)
2011-12-02,20724,109,67.28571428571429,Moving Average (7D)
2011-12-03,20724,0,67.28571428571429,Moving Average (7D)
2011-12-04,20724,123,67.28571428571429,Moving Average (7D)
2011-12-05,20724,37,67.28571428571429,Moving Average (7D)
2011-12-06,20724,117,67.28571428571429,Moving Average (7D)
2011-12-07,20724,230,67.28571428571429,Moving Average (7D)
2011-12-08,20724,133,67.28571428571429,Moving Average (7D)
2011-12-09,20724,69,67.28571428571429,Moving Average (7D)
2011-11-10,20724,31,52.5,Moving Average (14D)
2011-11-11,20724,111,52.5,Moving Average (14D)
2011-11-12,20724,0,52.5,Moving Average (14D)
2011-11-13,20724,65,52.5,Moving Average (14D)
2011-11-14,20724,42,52.5,Moving Average (14D)
2011-11-15,20724,108,52.5,Moving Average (14D)
2011-11-16,20724,52,52.5,Moving Average (14D)
2011-11-17,20724,62,52.5,Moving Average (14D)
2011-11-18,20724,161,52.5,Moving Average (14D)
2011-11-19,20724,0,52.5,Moving Average (14D)
2011-11-20,20724,30,52.5,Moving Average (14D)
2011-11-21,20724,12,52.5,Moving Average (14D)
2011-11-22,20724,228,52.5,Moving Average (14D)
2011-11-23,20724,213,52.5,Moving Average (14D)
2011-11-24,20724,63,52.5,Moving Average (14D)
2011-11-25,20724,149,52.5,Moving Average (14D)
2011-11-26,20724,0,52.5,Moving Average (14D)
2011-11-27,20724,70,52.5,Moving Average (14D)
2011-11-28,20724,64,52.5,Moving Average (14D)
2011-11-29,20724,124,52.5,Moving Average (14D)
2011-11-30,20724,101,52.5,Moving Average (14D)
2011-12-01,20724,29,52.5,Moving Average (14D)
2011-12-02,20724,109,52.5,Moving Average (14D)
2011-12-03,20724,0,52.5,Moving Average (14D)
2011-12-04,20724,123,52.5,Moving Average (14D)
2011-12-05,20724,37,52.5,Moving Average (14D)
2011-12-06,20724,117,52.5,Moving Average (14D)
2011-12-07,20724,230,52.5,Moving Average (14D)
2011-12-08,20724,133,52.5,Moving Average (14D)
2011-12-09,20724,69,52.5,Moving Average (14D)
2011-11-10,20724,31,57.535714285714285,Moving Average (28D)
2011-11-11,20724,111,57.535714285714285,Moving Average (28D)
2011-11-12,20724,0,57.535714285714285,Moving Average (28D)
2011-11-13,20724,65,57.535714285714285,Moving Average (28D)
2011-11-14,20724,42,57.535714285714285,Moving Average (28D)
2011-11-15,20724,108,57.535714285714285,Moving Average (28D)
2011-11-16,20724,52,57.535714285714285,Moving Average (28D)
2011-11-17,20724,62,57.535714285714285,Moving Average (28D)
2011-11-18,20724,161,57.535714285714285,Moving Average (28D)
2011-11-19,20724,0,57.535714285714285,Moving Average (28D)
2011-11-20,20724,30,57.535714285714285,Moving Average (28D)
2011-11-21,20724,12,57.535714285714285,Moving Average (28D)
2011-11-22,20724,228,57.535714285714285,Moving Average (28D)
2011-11-23,20724,213,57.535714285714285,Moving Average (28D)
2011-11-24,20724,63,57.535714285714285,Moving Average (28D)
2011-11-25,20724,149,57.535714285714285,Moving Average (28D)
2011-11-26,20724,0,57.535714285714285,Moving Average (28D)
2011-11-27,20724,70,57.535714285714285,Moving Average (28D)
2011-11-28,20724,64,57.535714285714285,Moving Average (28D)
2011-11-29,20724,124,57.535714285714285,Moving Average (28D)
2011-11-30,20724,101,57.535714285714285,Moving Average (28D)
2011-12-01,20724,29,57.535714285714285,Moving Average (28D)
2011-12-02,20724,109,57.535714285714285,Moving Average (28D)
2011-12-03,20724,0,57.535714285714285,Moving Average (28D)
2011-12-04,20724,123,57.535714285714285,Moving Average (28D)
2011-12-05,20724,37,57.535714285714285,Moving Average (28D)
2011-12-06,20724,117,57.535714285714285,Moving Average (28D)
2011-12-07,20724,230,57.535714285714285,Moving Average (28D)
2011-12-08,20724,133,57.535714285714285,Moving Average (28D)
2011-12-09,20724,69,57.535714285714285,Moving Average (28D)
2011-11-10,21982,28,0.0,Naive (Last Value)
2011-11-11,21982,20,0.0,Naive (Last Value)
2011-11-12,21982,0,0.0,Naive (Last Value)
2011-11-13,21982,13,0.0,Naive (Last Value)
2011-11-14,21982,8,0.0,Naive (Last Value)
2011-11-15,21982,17,0.0,Naive (Last Value)
2011-11-16,21982,15,0.0,Naive (Last Value)
2011-11-17,21982,42,0.0,Naive (Last Value)
2011-11-18,21982,70,0.0,Naive (Last Value)
2011-11-19,21982,0,0.0,Naive (Last Value)
2011-11-20,21982,14,0.0,Naive (Last Value)
2011-11-21,21982,3,0.0,Naive (Last Value)
2011-11-22,21982,3,0.0,Naive (Last Value)
2011-11-23,21982,32,0.0,Naive (Last Value)
2011-11-24,21982,16,0.0,Naive (Last Value)
2011-11-25,21982,41,0.0,Naive (Last Value)
2011-11-26,21982,0,0.0,Naive (Last Value)
2011-11-27,21982,1,0.0,Naive (Last Value)
2011-11-28,21982,9,0.0,Naive (Last Value)
2011-11-29,21982,6,0.0,Naive (Last Value)
2011-11-30,21982,1,0.0,Naive (Last Value)
2011-12-01,21982,6,0.0,Naive (Last Value)
2011-12-02,21982,5,0.0,Naive (Last Value)
2011-12-03,21982,0,0.0,Naive (Last Value)
2011-12-04,21982,0,0.0,Naive (Last Value)
2011-12-05,21982,33,0.0,Naive (Last Value)
2011-12-06,21982,30,0.0,Naive (Last Value)
2011-12-07,21982,0,0.0,Naive (Last Value)
2011-12-08,21982,42,0.0,Naive (Last Value)
2011-12-09,21982,2,0.0,Naive (Last Value)
2011-11-10,21982,28,73.14285714285714,Moving Average (7D)
2011-11-11,21982,20,73.14285714285714,Moving Average (7D)
2011-11-12,21982,0,73.14285714285714,Moving Average (7D)
2011-11-13,21982,13,73.14285714285714,Moving Average (7D)
2011-11-14,21982,8,73.14285714285714,Moving Average (7D)
2011-11-15,21982,17,73.14285714285714,Moving Average (7D)
2011-11-16,21982,15,73.14285714285714,Moving Average (7D)
2011-11-17,21982,42,73.14285714285714,Moving Average (7D)
2011-11-18,21982,70,73.14285714285714,Moving Average (7D)
2011-11-19,21982,0,73.14285714285714,Moving Average (7D)
2011-11-20,21982,14,73.14285714285714,Moving Average (7D)
2011-11-21,21982,3,73.14285714285714,Moving Average (7D)
2011-11-22,21982,3,73.14285714285714,Moving Average (7D)
2011-11-23,21982,32,73.14285714285714,Moving Average (7D)
2011-11-24,21982,16,73.14285714285714,Moving Average (7D)
2011-11-25,21982,41,73.14285714285714,Moving Average (7D)
2011-11-26,21982,0,73.14285714285714,Moving Average (7D)
2011-11-27,21982,1,73.14285714285714,Moving Average (7D)
2011-11-28,21982,9,73.14285714285714,Moving Average (7D)
2011-11-29,21982,6,73.14285714285714,Moving Average (7D)
2011-11-30,21982,1,73.14285714285714,Moving Average (7D)
2011-12-01,21982,6,73.14285714285714,Moving Average (7D)
2011-12-02,21982,5,73.14285714285714,Moving Average (7D)
2011-12-03,21982,0,73.14285714285714,Moving Average (7D)
2011-12-04,21982,0,73.14285714285714,Moving Average (7D)
2011-12-05,21982,33,73.14285714285714,Moving Average (7D)
2011-12-06,21982,30,73.14285714285714,Moving Average (7D)
2011-12-07,21982,0,73.14285714285714,Moving Average (7D)
2011-12-08,21982,42,73.14285714285714,Moving Average (7D)
2011-12-09,21982,2,73.14285714285714,Moving Average (7D)
2011-11-10,21982,28,45.42857142857143,Moving Average (14D)
2011-11-11,21982,20,45.42857142857143,Moving Average (14D)
2011-11-12,21982,0,45.42857142857143,Moving Average (14D)
2011-11-13,21982,13,45.42857142857143,Moving Average (14D)
2011-11-14,21982,8,45.42857142857143,Moving Average (14D)
2011-11-15,21982,17,45.42857142857143,Moving Average (14D)
2011-11-16,21982,15,45.42857142857143,Moving Average (14D)
2011-11-17,21982,42,45.42857142857143,Moving Average (14D)
2011-11-18,21982,70,45.42857142857143,Moving Average (14D)
2011-11-19,21982,0,45.42857142857143,Moving Average (14D)
2011-11-20,21982,14,45.42857142857143,Moving Average (14D)
2011-11-21,21982,3,45.42857142857143,Moving Average (14D)
2011-11-22,21982,3,45.42857142857143,Moving Average (14D)
2011-11-23,21982,32,45.42857142857143,Moving Average (14D)
2011-11-24,21982,16,45.42857142857143,Moving Average (14D)
2011-11-25,21982,41,45.42857142857143,Moving Average (14D)
2011-11-26,21982,0,45.42857142857143,Moving Average (14D)
2011-11-27,21982,1,45.42857142857143,Moving Average (14D)
2011-11-28,21982,9,45.42857142857143,Moving Average (14D)
2011-11-29,21982,6,45.42857142857143,Moving Average (14D)
2011-11-30,21982,1,45.42857142857143,Moving Average (14D)
2011-12-01,21982,6,45.42857142857143,Moving Average (14D)
2011-12-02,21982,5,45.42857142857143,Moving Average (14D)
2011-12-03,21982,0,45.42857142857143,Moving Average (14D)
2011-12-04,21982,0,45.42857142857143,Moving Average (14D)
2011-12-05,21982,33,45.42857142857143,Moving Average (14D)
2011-12-06,21982,30,45.42857142857143,Moving Average (14D)
2011-12-07,21982,0,45.42857142857143,Moving Average (14D)
2011-12-08,21982,42,45.42857142857143,Moving Average (14D)
2011-12-09,21982,2,45.42857142857143,Moving Average (14D)
2011-11-10,21982,28,31.857142857142858,Moving Average (28D)
2011-11-11,21982,20,31.857142857142858,Moving Average (28D)
2011-11-12,21982,0,31.857142857142858,Moving Average (28D)
2011-11-13,21982,13,31.857142857142858,Moving Average (28D)
2011-11-14,21982,8,31.857142857142858,Moving Average (28D)
2011-11-15,21982,17,31.857142857142858,Moving Average (28D)
2011-11-16,21982,15,31.857142857142858,Moving Average (28D)
2011-11-17,21982,42,31.857142857142858,Moving Average (28D)
2011-11-18,21982,70,31.857142857142858,Moving Average (28D)
2011-11-19,21982,0,31.857142857142858,Moving Average (28D)
2011-11-20,21982,14,31.857142857142858,Moving Average (28D)
2011-11-21,21982,3,31.857142857142858,Moving Average (28D)
2011-11-22,21982,3,31.857142857142858,Moving Average (28D)
2011-11-23,21982,32,31.857142857142858,Moving Average (28D)
2011-11-24,21982,16,31.857142857142858,Moving Average (28D)
2011-11-25,21982,41,31.857142857142858,Moving Average (28D)
2011-11-26,21982,0,31.857142857142858,Moving Average (28D)
2011-11-27,21982,1,31.857142857142858,Moving Average (28D)
2011-11-28,21982,9,31.857142857142858,Moving Average (28D)
2011-11-29,21982,6,31.857142857142858,Moving Average (28D)
2011-11-30,21982,1,31.857142857142858,Moving Average (28D)
2011-12-01,21982,6,31.857142857142858,Moving Average (28D)
2011-12-02,21982,5,31.857142857142858,Moving Average (28D)
2011-12-03,21982,0,31.857142857142858,Moving Average (28D)
2011-12-04,21982,0,31.857142857142858,Moving Average (28D)
2011-12-05,21982,33,31.857142857142858,Moving Average (28D)
2011-12-06,21982,30,31.857142857142858,Moving Average (28D)
2011-12-07,21982,0,31.857142857142858,Moving Average (28D)
2011-12-08,21982,42,31.857142857142858,Moving Average (28D)
2011-12-09,21982,2,31.857142857142858,Moving Average (28D)
2011-11-10,22355,122,20.0,Naive (Last Value)
2011-11-11,22355,172,20.0,Naive (Last Value)
2011-11-12,22355,0,20.0,Naive (Last Value)
2011-11-13,22355,29,20.0,Naive (Last Value)
2011-11-14,22355,27,20.0,Naive (Last Value)
2011-11-15,22355,120,20.0,Naive (Last Value)
2011-11-16,22355,11,20.0,Naive (Last Value)
2011-11-17,22355,2,20.0,Naive (Last Value)
2011-11-18,22355,259,20.0,Naive (Last Value)
2011-11-19,22355,0,20.0,Naive (Last Value)
2011-11-20,22355,21,20.0,Naive (Last Value)
2011-11-21,22355,13,20.0,Naive (Last Value)
2011-11-22,22355,305,20.0,Naive (Last Value)
2011-11-23,22355,2,20.0,Naive (Last Value)
2011-11-24,22355,16,20.0,Naive (Last Value)
2011-11-25,22355,261,20.0,Naive (Last Value)
2011-11-26,22355,0,20.0,Naive (Last Value)
2011-11-27,22355,74,20.0,Naive (Last Value)
2011-11-28,22355,45,20.0,Naive (Last Value)
2011-11-29,22355,146,20.0,Naive (Last Value)
2011-11-30,22355,117,20.0,Naive (Last Value)
2011-12-01,22355,34,20.0,Naive (Last Value)
2011-12-02,22355,193,20.0,Naive (Last Value)
2011-12-03,22355,0,20.0,Naive (Last Value)
2011-12-04,22355,177,20.0,Naive (Last Value)
2011-12-05,22355,22,20.0,Naive (Last Value)
2011-12-06,22355,239,20.0,Naive (Last Value)
2011-12-07,22355,130,20.0,Naive (Last Value)
2011-12-08,22355,223,20.0,Naive (Last Value)
2011-12-09,22355,113,20.0,Naive (Last Value)
2011-11-10,22355,122,47.142857142857146,Moving Average (7D)
2011-11-11,22355,172,47.142857142857146,Moving Average (7D)
2011-11-12,22355,0,47.142857142857146,Moving Average (7D)
2011-11-13,22355,29,47.142857142857146,Moving Average (7D)
2011-11-14,22355,27,47.142857142857146,Moving Average (7D)
2011-11-15,22355,120,47.142857142857146,Moving Average (7D)
2011-11-16,22355,11,47.142857142857146,Moving Average (7D)
2011-11-17,22355,2,47.142857142857146,Moving Average (7D)
2011-11-18,22355,259,47.142857142857146,Moving Average (7D)
2011-11-19,22355,0,47.142857142857146,Moving Average (7D)
2011-11-20,22355,21,47.142857142857146,Moving Average (7D)
2011-11-21,22355,13,47.142857142857146,Moving Average (7D)
2011-11-22,22355,305,47.142857142857146,Moving Average (7D)
2011-11-23,22355,2,47.142857142857146,Moving Average (7D)
2011-11-24,22355,16,47.142857142857146,Moving Average (7D)
2011-11-25,22355,261,47.142857142857146,Moving Average (7D)
2011-11-26,22355,0,47.142857142857146,Moving Average (7D)
2011-11-27,22355,74,47.142857142857146,Moving Average (7D)
2011-11-28,22355,45,47.142857142857146,Moving Average (7D)
2011-11-29,22355,146,47.142857142857146,Moving Average (7D)
2011-11-30,22355,117,47.142857142857146,Moving Average (7D)
2011-12-01,22355,34,47.142857142857146,Moving Average (7D)
2011-12-02,22355,193,47.142857142857146,Moving Average (7D)
2011-12-03,22355,0,47.142857142857146,Moving Average (7D)
2011-12-04,22355,177,47.142857142857146,Moving Average (7D)
2011-12-05,22355,22,47.142857142857146,Moving Average (7D)
2011-12-06,22355,239,47.142857142857146,Moving Average (7D)
2011-12-07,22355,130,47.142857142857146,Moving Average (7D)
2011-12-08,22355,223,47.142857142857146,Moving Average (7D)
2011-12-09,22355,113,47.142857142857146,Moving Average (7D)
2011-11-10,22355,122,40.357142857142854,Moving Average (14D)
2011-11-11,22355,172,40.357142857142854,Moving Average (14D)
2011-11-12,22355,0,40.357142857142854,Moving Average (14D)
2011-11-13,22355,29,40.357142857142854,Moving Average (14D)
2011-11-14,22355,27,40.357142857142854,Moving Average (14D)
2011-11-15,22355,120,40.357142857142854,Moving Average (14D)
2011-11-16,22355,11,40.357142857142854,Moving Average (14D)
2011-11-17,22355,2,40.357142857142854,Moving Average (14D)
2011-11-18,22355,259,40.357142857142854,Moving Average (14D)
2011-11-19,22355,0,40.357142857142854,Moving Average (14D)
2011-11-20,22355,21,40.357142857142854,Moving Average (14D)
2011-11-21,22355,13,40.357142857142854,Moving Average (14D)
2011-11-22,22355,305,40.357142857142854,Moving Average (14D)
2011-11-23,22355,2,40.357142857142854,Moving Average (14D)
2011-11-24,22355,16,40.357142857142854,Moving Average (14D)
2011-11-25,22355,261,40.357142857142854,Moving Average (14D)
2011-11-26,22355,0,40.357142857142854,Moving Average (14D)
2011-11-27,22355,74,40.357142857142854,Moving Average (14D)
2011-11-28,22355,45,40.357142857142854,Moving Average (14D)
2011-11-29,22355,146,40.357142857142854,Moving Average (14D)
2011-11-30,22355,117,40.357142857142854,Moving Average (14D)
2011-12-01,22355,34,40.357142857142854,Moving Average (14D)
2011-12-02,22355,193,40.357142857142854,Moving Average (14D)
2011-12-03,22355,0,40.357142857142854,Moving Average (14D)
2011-12-04,22355,177,40.357142857142854,Moving Average (14D)
2011-12-05,22355,22,40.357142857142854,Moving Average (14D)
2011-12-06,22355,239,40.357142857142854,Moving Average (14D)
2011-12-07,22355,130,40.357142857142854,Moving Average (14D)
2011-12-08,22355,223,40.357142857142854,Moving Average (14D)
2011-12-09,22355,113,40.357142857142854,Moving Average (14D)
2011-11-10,22355,122,50.035714285714285,Moving Average (28D)
2011-11-11,22355,172,50.035714285714285,Moving Average (28D)
2011-11-12,22355,0,50.035714285714285,Moving Average (28D)
2011-11-13,22355,29,50.035714285714285,Moving Average (28D)
2011-11-14,22355,27,50.035714285714285,Moving Average (28D)
2011-11-15,22355,120,50.035714285714285,Moving Average (28D)
2011-11-16,22355,11,50.035714285714285,Moving Average (28D)
2011-11-17,22355,2,50.035714285714285,Moving Average (28D)
2011-11-18,22355,259,50.035714285714285,Moving Average (28D)
2011-11-19,22355,0,50.035714285714285,Moving Average (28D)
2011-11-20,22355,21,50.035714285714285,Moving Average (28D)
2011-11-21,22355,13,50.035714285714285,Moving Average (28D)
2011-11-22,22355,305,50.035714285714285,Moving Average (28D)
2011-11-23,22355,2,50.035714285714285,Moving Average (28D)
2011-11-24,22355,16,50.035714285714285,Moving Average (28D)
2011-11-25,22355,261,50.035714285714285,Moving Average (28D)
2011-11-26,22355,0,50.035714285714285,Moving Average (28D)
2011-11-27,22355,74,50.035714285714285,Moving Average (28D)
2011-11-28,22355,45,50.035714285714285,Moving Average (28D)
2011-11-29,22355,146,50.035714285714285,Moving Average (28D)
2011-11-30,22355,117,50.035714285714285,Moving Average (28D)
2011-12-01,22355,34,50.035714285714285,Moving Average (28D)
2011-12-02,22355,193,50.035714285714285,Moving Average (28D)
2011-12-03,22355,0,50.035714285714285,Moving Average (28D)
2011-12-04,22355,177,50.035714285714285,Moving Average (28D)
2011-12-05,22355,22,50.035714285714285,Moving Average (28D)
2011-12-06,22355,239,50.035714285714285,Moving Average (28D)
2011-12-07,22355,130,50.035714285714285,Moving Average (28D)
2011-12-08,22355,223,50.035714285714285,Moving Average (28D)
2011-12-09,22355,113,50.035714285714285,Moving Average (28D)
2011-11-10,84347,122,141.0,Naive (Last Value)
2011-11-11,84347,35,141.0,Naive (Last Value)
2011-11-12,84347,0,141.0,Naive (Last Value)
2011-11-13,84347,12,141.0,Naive (Last Value)
2011-11-14,84347,193,141.0,Naive (Last Value)
2011-11-15,84347,77,141.0,Naive (Last Value)
2011-11-16,84347,253,141.0,Naive (Last Value)
2011-11-17,84347,88,141.0,Naive (Last Value)
2011-11-18,84347,72,141.0,Naive (Last Value)
2011-11-19,84347,0,141.0,Naive (Last Value)
2011-11-20,84347,52,141.0,Naive (Last Value)
2011-11-21,84347,43,141.0,Naive (Last Value)
2011-11-22,84347,693,141.0,Naive (Last Value)
2011-11-23,84347,224,141.0,Naive (Last Value)
2011-11-24,84347,96,141.0,Naive (Last Value)
2011-11-25,84347,83,141.0,Naive (Last Value)
2011-11-26,84347,0,141.0,Naive (Last Value)
2011-11-27,84347,31,141.0,Naive (Last Value)
2011-11-28,84347,17,141.0,Naive (Last Value)
2011-11-29,84347,199,141.0,Naive (Last Value)
2011-11-30,84347,131,141.0,Naive (Last Value)
2011-12-01,84347,103,141.0,Naive (Last Value)
2011-12-02,84347,100,141.0,Naive (Last Value)
2011-12-03,84347,0,141.0,Naive (Last Value)
2011-12-04,84347,178,141.0,Naive (Last Value)
2011-12-05,84347,70,141.0,Naive (Last Value)
2011-12-06,84347,202,141.0,Naive (Last Value)
2011-12-07,84347,63,141.0,Naive (Last Value)
2011-12-08,84347,107,141.0,Naive (Last Value)
2011-12-09,84347,68,141.0,Naive (Last Value)
2011-11-10,84347,122,73.57142857142857,Moving Average (7D)
2011-11-11,84347,35,73.57142857142857,Moving Average (7D)
2011-11-12,84347,0,73.57142857142857,Moving Average (7D)
2011-11-13,84347,12,73.57142857142857,Moving Average (7D)
2011-11-14,84347,193,73.57142857142857,Moving Average (7D)
2011-11-15,84347,77,73.57142857142857,Moving Average (7D)
2011-11-16,84347,253,73.57142857142857,Moving Average (7D)
2011-11-17,84347,88,73.57142857142857,Moving Average (7D)
2011-11-18,84347,72,73.57142857142857,Moving Average (7D)
2011-11-19,84347,0,73.57142857142857,Moving Average (7D)
2011-11-20,84347,52,73.57142857142857,Moving Average (7D)
2011-11-21,84347,43,73.57142857142857,Moving Average (7D)
2011-11-22,84347,693,73.57142857142857,Moving Average (7D)
2011-11-23,84347,224,73.57142857142857,Moving Average (7D)
2011-11-24,84347,96,73.57142857142857,Moving Average (7D)
2011-11-25,84347,83,73.57142857142857,Moving Average (7D)
2011-11-26,84347,0,73.57142857142857,Moving Average (7D)
2011-11-27,84347,31,73.57142857142857,Moving Average (7D)
2011-11-28,84347,17,73.57142857142857,Moving Average (7D)
2011-11-29,84347,199,73.57142857142857,Moving Average (7D)
2011-11-30,84347,131,73.57142857142857,Moving Average (7D)
2011-12-01,84347,103,73.57142857142857,Moving Average (7D)
2011-12-02,84347,100,73.57142857142857,Moving Average (7D)
2011-12-03,84347,0,73.57142857142857,Moving Average (7D)
2011-12-04,84347,178,73.57142857142857,Moving Average (7D)
2011-12-05,84347,70,73.57142857142857,Moving Average (7D)
2011-12-06,84347,202,73.57142857142857,Moving Average (7D)
2011-12-07,84347,63,73.57142857142857,Moving Average (7D)
2011-12-08,84347,107,73.57142857142857,Moving Average (7D)
2011-12-09,84347,68,73.57142857142857,Moving Average (7D)
2011-11-10,84347,122,57.57142857142857,Moving Average (14D)
2011-11-11,84347,35,57.57142857142857,Moving Average (14D)
2011-11-12,84347,0,57.57142857142857,Moving Average (14D)
2011-11-13,84347,12,57.57142857142857,Moving Average (14D)
2011-11-14,84347,193,57.57142857142857,Moving Average (14D)
2011-11-15,84347,77,57.57142857142857,Moving Average (14D)
2011-11-16,84347,253,57.57142857142857,Moving Average (14D)
2011-11-17,84347,88,57.57142857142857,Moving Average (14D)
2011-11-18,84347,72,57.57142857142857,Moving Average (14D)
2011-11-19,84347,0,57.57142857142857,Moving Average (14D)
2011-11-20,84347,52,57.57142857142857,Moving Average (14D)
2011-11-21,84347,43,57.57142857142857,Moving Average (14D)
2011-11-22,84347,693,57.57142857142857,Moving Average (14D)
2011-11-23,84347,224,57.57142857142857,Moving Average (14D)
2011-11-24,84347,96,57.57142857142857,Moving Average (14D)
2011-11-25,84347,83,57.57142857142857,Moving Average (14D)
2011-11-26,84347,0,57.57142857142857,Moving Average (14D)
2011-11-27,84347,31,57.57142857142857,Moving Average (14D)
2011-11-28,84347,17,57.57142857142857,Moving Average (14D)
2011-11-29,84347,199,57.57142857142857,Moving Average (14D)
2011-11-30,84347,131,57.57142857142857,Moving Average (14D)
2011-12-01,84347,103,57.57142857142857,Moving Average (14D)
2011-12-02,84347,100,57.57142857142857,Moving Average (14D)
2011-12-03,84347,0,57.57142857142857,Moving Average (14D)
2011-12-04,84347,178,57.57142857142857,Moving Average (14D)
2011-12-05,84347,70,57.57142857142857,Moving Average (14D)
2011-12-06,84347,202,57.57142857142857,Moving Average (14D)
2011-12-07,84347,63,57.57142857142857,Moving Average (14D)
2011-12-08,84347,107,57.57142857142857,Moving Average (14D)
2011-12-09,84347,68,57.57142857142857,Moving Average (14D)
2011-11-10,84347,122,75.25,Moving Average (28D)
2011-11-11,84347,35,75.25,Moving Average (28D)
2011-11-12,84347,0,75.25,Moving Average (28D)
2011-11-13,84347,12,75.25,Moving Average (28D)
2011-11-14,84347,193,75.25,Moving Average (28D)
2011-11-15,84347,77,75.25,Moving Average (28D)
2011-11-16,84347,253,75.25,Moving Average (28D)
2011-11-17,84347,88,75.25,Moving Average (28D)
2011-11-18,84347,72,75.25,Moving Average (28D)
2011-11-19,84347,0,75.25,Moving Average (28D)
2011-11-20,84347,52,75.25,Moving Average (28D)
2011-11-21,84347,43,75.25,Moving Average (28D)
2011-11-22,84347,693,75.25,Moving Average (28D)
2011-11-23,84347,224,75.25,Moving Average (28D)
2011-11-24,84347,96,75.25,Moving Average (28D)
2011-11-25,84347,83,75.25,Moving Average (28D)
2011-11-26,84347,0,75.25,Moving Average (28D)
2011-11-27,84347,31,75.25,Moving Average (28D)
2011-11-28,84347,17,75.25,Moving Average (28D)
2011-11-29,84347,199,75.25,Moving Average (28D)
2011-11-30,84347,131,75.25,Moving Average (28D)
2011-12-01,84347,103,75.25,Moving Average (28D)
2011-12-02,84347,100,75.25,Moving Average (28D)
2011-12-03,84347,0,75.25,Moving Average (28D)
2011-12-04,84347,178,75.25,Moving Average (28D)
2011-12-05,84347,70,75.25,Moving Average (28D)
2011-12-06,84347,202,75.25,Moving Average (28D)
2011-12-07,84347,63,75.25,Moving Average (28D)
2011-12-08,84347,107,75.25,Moving Average (28D)
2011-12-09,84347,68,75.25,Moving Average (28D)
2011-11-10,21980,0,0.0,Naive (Last Value)
2011-11-11,21980,55,0.0,Naive (Last Value)
2011-11-12,21980,0,0.0,Naive (Last Value)
2011-11-13,21980,12,0.0,Naive (Last Value)
2011-11-14,21980,12,0.0,Naive (Last Value)
2011-11-15,21980,0,0.0,Naive (Last Value)
2011-11-16,21980,43,0.0,Naive (Last Value)
2011-11-17,21980,5,0.0,Naive (Last Value)
2011-11-18,21980,2,0.0,Naive (Last Value)
2011-11-19,21980,0,0.0,Naive (Last Value)
2011-11-20,21980,12,0.0,Naive (Last Value)
2011-11-21,21980,24,0.0,Naive (Last Value)
2011-11-22,21980,24,0.0,Naive (Last Value)
2011-11-23,21980,5,0.0,Naive (Last Value)
2011-11-24,21980,26,0.0,Naive (Last Value)
2011-11-25,21980,0,0.0,Naive (Last Value)
2011-11-26,21980,0,0.0,Naive (Last Value)
2011-11-27,21980,12,0.0,Naive (Last Value)
2011-11-28,21980,1,0.0,Naive (Last Value)
2011-11-29,21980,2,0.0,Naive (Last Value)
2011-11-30,21980,3,0.0,Naive (Last Value)
2011-12-01,21980,24,0.0,Naive (Last Value)
2011-12-02,21980,0,0.0,Naive (Last Value)
2011-12-03,21980,0,0.0,Naive (Last Value)
2011-12-04,21980,0,0.0,Naive (Last Value)
2011-12-05,21980,1,0.0,Naive (Last Value)
2011-12-06,21980,26,0.0,Naive (Last Value)
2011-12-07,21980,12,0.0,Naive (Last Value)
2011-12-08,21980,25,0.0,Naive (Last Value)
2011-12-09,21980,2,0.0,Naive (Last Value)
2011-11-10,21980,0,9.0,Moving Average (7D)
2011-11-11,21980,55,9.0,Moving Average (7D)
2011-11-12,21980,0,9.0,Moving Average (7D)
2011-11-13,21980,12,9.0,Moving Average (7D)
2011-11-14,21980,12,9.0,Moving Average (7D)
2011-11-15,21980,0,9.0,Moving Average (7D)
2011-11-16,21980,43,9.0,Moving Average (7D)
2011-11-17,21980,5,9.0,Moving Average (7D)
2011-11-18,21980,2,9.0,Moving Average (7D)
2011-11-19,21980,0,9.0,Moving Average (7D)
2011-11-20,21980,12,9.0,Moving Average (7D)
2011-11-21,21980,24,9.0,Moving Average (7D)
2011-11-22,21980,24,9.0,Moving Average (7D)
2011-11-23,21980,5,9.0,Moving Average (7D)
2011-11-24,21980,26,9.0,Moving Average (7D)
2011-11-25,21980,0,9.0,Moving Average (7D)
2011-11-26,21980,0,9.0,Moving Average (7D)
2011-11-27,21980,12,9.0,Moving Average (7D)
2011-11-28,21980,1,9.0,Moving Average (7D)
2011-11-29,21980,2,9.0,Moving Average (7D)
2011-11-30,21980,3,9.0,Moving Average (7D)
2011-12-01,21980,24,9.0,Moving Average (7D)
2011-12-02,21980,0,9.0,Moving Average (7D)
2011-12-03,21980,0,9.0,Moving Average (7D)
2011-12-04,21980,0,9.0,Moving Average (7D)
2011-12-05,21980,1,9.0,Moving Average (7D)
2011-12-06,21980,26,9.0,Moving Average (7D)
2011-12-07,21980,12,9.0,Moving Average (7D)
2011-12-08,21980,25,9.0,Moving Average (7D)
2011-12-09,21980,2,9.0,Moving Average (7D)
2011-11-10,21980,0,10.785714285714286,Moving Average (14D)
2011-11-11,21980,55,10.785714285714286,Moving Average (14D)
2011-11-12,21980,0,10.785714285714286,Moving Average (14D)
2011-11-13,21980,12,10.785714285714286,Moving Average (14D)
2011-11-14,21980,12,10.785714285714286,Moving Average (14D)
2011-11-15,21980,0,10.785714285714286,Moving Average (14D)
2011-11-16,21980,43,10.785714285714286,Moving Average (14D)
2011-11-17,21980,5,10.785714285714286,Moving Average (14D)
2011-11-18,21980,2,10.785714285714286,Moving Average (14D)
2011-11-19,21980,0,10.785714285714286,Moving Average (14D)
2011-11-20,21980,12,10.785714285714286,Moving Average (14D)
2011-11-21,21980,24,10.785714285714286,Moving Average (14D)
2011-11-22,21980,24,10.785714285714286,Moving Average (14D)
2011-11-23,21980,5,10.785714285714286,Moving Average (14D)
2011-11-24,21980,26,10.785714285714286,Moving Average (14D)
2011-11-25,21980,0,10.785714285714286,Moving Average (14D)
2011-11-26,21980,0,10.785714285714286,Moving Average (14D)
2011-11-27,21980,12,10.785714285714286,Moving Average (14D)
2011-11-28,21980,1,10.785714285714286,Moving Average (14D)
2011-11-29,21980,2,10.785714285714286,Moving Average (14D)
2011-11-30,21980,3,10.785714285714286,Moving Average (14D)
2011-12-01,21980,24,10.785714285714286,Moving Average (14D)
2011-12-02,21980,0,10.785714285714286,Moving Average (14D)
2011-12-03,21980,0,10.785714285714286,Moving Average (14D)
2011-12-04,21980,0,10.785714285714286,Moving Average (14D)
2011-12-05,21980,1,10.785714285714286,Moving Average (14D)
2011-12-06,21980,26,10.785714285714286,Moving Average (14D)
2011-12-07,21980,12,10.785714285714286,Moving Average (14D)
2011-12-08,21980,25,10.785714285714286,Moving Average (14D)
2011-12-09,21980,2,10.785714285714286,Moving Average (14D)
2011-11-10,21980,0,14.035714285714286,Moving Average (28D)
2011-11-11,21980,55,14.035714285714286,Moving Average (28D)
2011-11-12,21980,0,14.035714285714286,Moving Average (28D)
2011-11-13,21980,12,14.035714285714286,Moving Average (28D)
2011-11-14,21980,12,14.035714285714286,Moving Average (28D)
2011-11-15,21980,0,14.035714285714286,Moving Average (28D)
2011-11-16,21980,43,14.035714285714286,Moving Average (28D)
2011-11-17,21980,5,14.035714285714286,Moving Average (28D)
2011-11-18,21980,2,14.035714285714286,Moving Average (28D)
2011-11-19,21980,0,14.035714285714286,Moving Average (28D)
2011-11-20,21980,12,14.035714285714286,Moving Average (28D)
2011-11-21,21980,24,14.035714285714286,Moving Average (28D)
2011-11-22,21980,24,14.035714285714286,Moving Average (28D)
2011-11-23,21980,5,14.035714285714286,Moving Average (28D)
2011-11-24,21980,26,14.035714285714286,Moving Average (28D)
2011-11-25,21980,0,14.035714285714286,Moving Average (28D)
2011-11-26,21980,0,14.035714285714286,Moving Average (28D)
2011-11-27,21980,12,14.035714285714286,Moving Average (28D)
2011-11-28,21980,1,14.035714285714286,Moving Average (28D)
2011-11-29,21980,2,14.035714285714286,Moving Average (28D)
2011-11-30,21980,3,14.035714285714286,Moving Average (28D)
2011-12-01,21980,24,14.035714285714286,Moving Average (28D)
2011-12-02,21980,0,14.035714285714286,Moving Average (28D)
2011-12-03,21980,0,14.035714285714286,Moving Average (28D)
2011-12-04,21980,0,14.035714285714286,Moving Average (28D)
2011-12-05,21980,1,14.035714285714286,Moving Average (28D)
2011-12-06,21980,26,14.035714285714286,Moving Average (28D)
2011-12-07,21980,12,14.035714285714286,Moving Average (28D)
2011-12-08,21980,25,14.035714285714286,Moving Average (28D)
2011-12-09,21980,2,14.035714285714286,Moving Average (28D)
2011-11-10,21975,2,24.0,Naive (Last Value)
2011-11-11,21975,41,24.0,Naive (Last Value)
2011-11-12,21975,0,24.0,Naive (Last Value)
2011-11-13,21975,17,24.0,Naive (Last Value)
2011-11-14,21975,6,24.0,Naive (Last Value)
2011-11-15,21975,27,24.0,Naive (Last Value)
2011-11-16,21975,9,24.0,Naive (Last Value)
2011-11-17,21975,1,24.0,Naive (Last Value)
2011-11-18,21975,51,24.0,Naive (Last Value)
2011-11-19,21975,0,24.0,Naive (Last Value)
2011-11-20,21975,79,24.0,Naive (Last Value)
2011-11-21,21975,145,24.0,Naive (Last Value)
2011-11-22,21975,50,24.0,Naive (Last Value)
2011-11-23,21975,32,24.0,Naive (Last Value)
2011-11-24,21975,2,24.0,Naive (Last Value)
2011-11-25,21975,0,24.0,Naive (Last Value)
2011-11-26,21975,0,24.0,Naive (Last Value)
2011-11-27,21975,8,24.0,Naive (Last Value)
2011-11-28,21975,7,24.0,Naive (Last Value)
2011-11-29,21975,58,24.0,Naive (Last Value)
2011-11-30,21975,1,24.0,Naive (Last Value)
2011-12-01,21975,4,24.0,Naive (Last Value)
2011-12-02,21975,2,24.0,Naive (Last Value)
2011-12-03,21975,0,24.0,Naive (Last Value)
2011-12-04,21975,28,24.0,Naive (Last Value)
2011-12-05,21975,12,24.0,Naive (Last Value)
2011-12-06,21975,0,24.0,Naive (Last Value)
2011-12-07,21975,54,24.0,Naive (Last Value)
2011-12-08,21975,6,24.0,Naive (Last Value)
2011-12-09,21975,0,24.0,Naive (Last Value)
2011-11-10,21975,2,27.285714285714285,Moving Average (7D)
2011-11-11,21975,41,27.285714285714285,Moving Average (7D)
2011-11-12,21975,0,27.285714285714285,Moving Average (7D)
2011-11-13,21975,17,27.285714285714285,Moving Average (7D)
2011-11-14,21975,6,27.285714285714285,Moving Average (7D)
2011-11-15,21975,27,27.285714285714285,Moving Average (7D)
2011-11-16,21975,9,27.285714285714285,Moving Average (7D)
2011-11-17,21975,1,27.285714285714285,Moving Average (7D)
2011-11-18,21975,51,27.285714285714285,Moving Average (7D)
2011-11-19,21975,0,27.285714285714285,Moving Average (7D)
2011-11-20,21975,79,27.285714285714285,Moving Average (7D)
2011-11-21,21975,145,27.285714285714285,Moving Average (7D)
2011-11-22,21975,50,27.285714285714285,Moving Average (7D)
2011-11-23,21975,32,27.285714285714285,Moving Average (7D)
2011-11-24,21975,2,27.285714285714285,Moving Average (7D)
2011-11-25,21975,0,27.285714285714285,Moving Average (7D)
2011-11-26,21975,0,27.285714285714285,Moving Average (7D)
2011-11-27,21975,8,27.285714285714285,Moving Average (7D)
2011-11-28,21975,7,27.285714285714285,Moving Average (7D)
2011-11-29,21975,58,27.285714285714285,Moving Average (7D)
2011-11-30,21975,1,27.285714285714285,Moving Average (7D)
2011-12-01,21975,4,27.285714285714285,Moving Average (7D)
2011-12-02,21975,2,27.285714285714285,Moving Average (7D)
2011-12-03,21975,0,27.285714285714285,Moving Average (7D)
2011-12-04,21975,28,27.285714285714285,Moving Average (7D)
2011-12-05,21975,12,27.285714285714285,Moving Average (7D)
2011-12-06,21975,0,27.285714285714285,Moving Average (7D)
2011-12-07,21975,54,27.285714285714285,Moving Average (7D)
2011-12-08,21975,6,27.285714285714285,Moving Average (7D)
2011-12-09,21975,0,27.285714285714285,Moving Average (7D)
2011-11-10,21975,2,18.571428571428573,Moving Average (14D)
2011-11-11,21975,41,18.571428571428573,Moving Average (14D)
2011-11-12,21975,0,18.571428571428573,Moving Average (14D)
2011-11-13,21975,17,18.571428571428573,Moving Average (14D)
2011-11-14,21975,6,18.571428571428573,Moving Average (14D)
2011-11-15,21975,27,18.571428571428573,Moving Average (14D)
2011-11-16,21975,9,18.571428571428573,Moving Average (14D)
2011-11-17,21975,1,18.571428571428573,Moving Average (14D)
2011-11-18,21975,51,18.571428571428573,Moving Average (14D)
2011-11-19,21975,0,18.571428571428573,Moving Average (14D)
2011-11-20,21975,79,18.571428571428573,Moving Average (14D)
2011-11-21,21975,145,18.571428571428573,Moving Average (14D)
2011-11-22,21975,50,18.571428571428573,Moving Average (14D)
2011-11-23,21975,32,18.571428571428573,Moving Average (14D)
2011-11-24,21975,2,18.571428571428573,Moving Average (14D)
2011-11-25,21975,0,18.571428571428573,Moving Average (14D)
2011-11-26,21975,0,18.571428571428573,Moving Average (14D)
2011-11-27,21975,8,18.571428571428573,Moving Average (14D)
2011-11-28,21975,7,18.571428571428573,Moving Average (14D)
2011-11-29,21975,58,18.571428571428573,Moving Average (14D)
2011-11-30,21975,1,18.571428571428573,Moving Average (14D)
2011-12-01,21975,4,18.571428571428573,Moving Average (14D)
2011-12-02,21975,2,18.571428571428573,Moving Average (14D)
2011-12-03,21975,0,18.571428571428573,Moving Average (14D)
2011-12-04,21975,28,18.571428571428573,Moving Average (14D)
2011-12-05,21975,12,18.571428571428573,Moving Average (14D)
2011-12-06,21975,0,18.571428571428573,Moving Average (14D)
2011-12-07,21975,54,18.571428571428573,Moving Average (14D)
2011-12-08,21975,6,18.571428571428573,Moving Average (14D)
2011-12-09,21975,0,18.571428571428573,Moving Average (14D)
2011-11-10,21975,2,17.5,Moving Average (28D)
2011-11-11,21975,41,17.5,Moving Average (28D)
2011-11-12,21975,0,17.5,Moving Average (28D)
2011-11-13,21975,17,17.5,Moving Average (28D)
2011-11-14,21975,6,17.5,Moving Average (28D)
2011-11-15,21975,27,17.5,Moving Average (28D)
2011-11-16,21975,9,17.5,Moving Average (28D)
2011-11-17,21975,1,17.5,Moving Average (28D)
2011-11-18,21975,51,17.5,Moving Average (28D)
2011-11-19,21975,0,17.5,Moving Average (28D)
2011-11-20,21975,79,17.5,Moving Average (28D)
2011-11-21,21975,145,17.5,Moving Average (28D)
2011-11-22,21975,50,17.5,Moving Average (28D)
2011-11-23,21975,32,17.5,Moving Average (28D)
2011-11-24,21975,2,17.5,Moving Average (28D)
2011-11-25,21975,0,17.5,Moving Average (28D)
2011-11-26,21975,0,17.5,Moving Average (28D)
2011-11-27,21975,8,17.5,Moving Average (28D)
2011-11-28,21975,7,17.5,Moving Average (28D)
2011-11-29,21975,58,17.5,Moving Average (28D)
2011-11-30,21975,1,17.5,Moving Average (28D)
2011-12-01,21975,4,17.5,Moving Average (28D)
2011-12-02,21975,2,17.5,Moving Average (28D)
2011-12-03,21975,0,17.5,Moving Average (28D)
2011-12-04,21975,28,17.5,Moving Average (28D)
2011-12-05,21975,12,17.5,Moving Average (28D)
2011-12-06,21975,0,17.5,Moving Average (28D)
2011-12-07,21975,54,17.5,Moving Average (28D)
2011-12-08,21975,6,17.5,Moving Average (28D)
2011-12-09,21975,0,17.5,Moving Average (28D)
2011-11-10,21080,41,1.0,Naive (Last Value)
2011-11-11,21080,29,1.0,Naive (Last Value)
2011-11-12,21080,0,1.0,Naive (Last Value)
2011-11-13,21080,127,1.0,Naive (Last Value)
2011-11-14,21080,30,1.0,Naive (Last Value)
2011-11-15,21080,0,1.0,Naive (Last Value)
2011-11-16,21080,103,1.0,Naive (Last Value)
2011-11-17,21080,12,1.0,Naive (Last Value)
2011-11-18,21080,30,1.0,Naive (Last Value)
2011-11-19,21080,0,1.0,Naive (Last Value)
2011-11-20,21080,29,1.0,Naive (Last Value)
2011-11-21,21080,27,1.0,Naive (Last Value)
2011-11-22,21080,29,1.0,Naive (Last Value)
2011-11-23,21080,198,1.0,Naive (Last Value)
2011-11-24,21080,16,1.0,Naive (Last Value)
2011-11-25,21080,13,1.0,Naive (Last Value)
2011-11-26,21080,0,1.0,Naive (Last Value)
2011-11-27,21080,11,1.0,Naive (Last Value)
2011-11-28,21080,17,1.0,Naive (Last Value)
2011-11-29,21080,15,1.0,Naive (Last Value)
2011-11-30,21080,9,1.0,Naive (Last Value)
2011-12-01,21080,6,1.0,Naive (Last Value)
2011-12-02,21080,50,1.0,Naive (Last Value)
2011-12-03,21080,0,1.0,Naive (Last Value)
2011-12-04,21080,21,1.0,Naive (Last Value)
2011-12-05,21080,48,1.0,Naive (Last Value)
2011-12-06,21080,99,1.0,Naive (Last Value)
2011-12-07,21080,5,1.0,Naive (Last Value)
2011-12-08,21080,5,1.0,Naive (Last Value)
2011-12-09,21080,0,1.0,Naive (Last Value)
2011-11-10,21080,41,18.0,Moving Average (7D)
2011-11-11,21080,29,18.0,Moving Average (7D)
2011-11-12,21080,0,18.0,Moving Average (7D)
2011-11-13,21080,127,18.0,Moving Average (7D)
2011-11-14,21080,30,18.0,Moving Average (7D)
2011-11-15,21080,0,18.0,Moving Average (7D)
2011-11-16,21080,103,18.0,Moving Average (7D)
2011-11-17,21080,12,18.0,Moving Average (7D)
2011-11-18,21080,30,18.0,Moving Average (7D)
2011-11-19,21080,0,18.0,Moving Average (7D)
2011-11-20,21080,29,18.0,Moving Average (7D)
2011-11-21,21080,27,18.0,Moving Average (7D)
2011-11-22,21080,29,18.0,Moving Average (7D)
2011-11-23,21080,198,18.0,Moving Average (7D)
2011-11-24,21080,16,18.0,Moving Average (7D)
2011-11-25,21080,13,18.0,Moving Average (7D)
2011-11-26,21080,0,18.0,Moving Average (7D)
2011-11-27,21080,11,18.0,Moving Average (7D)
2011-11-28,21080,17,18.0,Moving Average (7D)
2011-11-29,21080,15,18.0,Moving Average (7D)
2011-11-30,21080,9,18.0,Moving Average (7D)
2011-12-01,21080,6,18.0,Moving Average (7D)
2011-12-02,21080,50,18.0,Moving Average (7D)
2011-12-03,21080,0,18.0,Moving Average (7D)
2011-12-04,21080,21,18.0,Moving Average (7D)
2011-12-05,21080,48,18.0,Moving Average (7D)
2011-12-06,21080,99,18.0,Moving Average (7D)
2011-12-07,21080,5,18.0,Moving Average (7D)
2011-12-08,21080,5,18.0,Moving Average (7D)
2011-12-09,21080,0,18.0,Moving Average (7D)
2011-11-10,21080,41,27.285714285714285,Moving Average (14D)
2011-11-11,21080,29,27.285714285714285,Moving Average (14D)
2011-11-12,21080,0,27.285714285714285,Moving Average (14D)
2011-11-13,21080,127,27.285714285714285,Moving Average (14D)
2011-11-14,21080,30,27.285714285714285,Moving Average (14D)
2011-11-15,21080,0,27.285714285714285,Moving Average (14D)
2011-11-16,21080,103,27.285714285714285,Moving Average (14D)
2011-11-17,21080,12,27.285714285714285,Moving Average (14D)
2011-11-18,21080,30,27.285714285714285,Moving Average (14D)
2011-11-19,21080,0,27.285714285714285,Moving Average (14D)
2011-11-20,21080,29,27.285714285714285,Moving Average (14D)
2011-11-21,21080,27,27.285714285714285,Moving Average (14D)
2011-11-22,21080,29,27.285714285714285,Moving Average (14D)
2011-11-23,21080,198,27.285714285714285,Moving Average (14D)
2011-11-24,21080,16,27.285714285714285,Moving Average (14D)
2011-11-25,21080,13,27.285714285714285,Moving Average (14D)
2011-11-26,21080,0,27.285714285714285,Moving Average (14D)
2011-11-27,21080,11,27.285714285714285,Moving Average (14D)
2011-11-28,21080,17,27.285714285714285,Moving Average (14D)
2011-11-29,21080,15,27.285714285714285,Moving Average (14D)
2011-11-30,21080,9,27.285714285714285,Moving Average (14D)
2011-12-01,21080,6,27.285714285714285,Moving Average (14D)
2011-12-02,21080,50,27.285714285714285,Moving Average (14D)
2011-12-03,21080,0,27.285714285714285,Moving Average (14D)
2011-12-04,21080,21,27.285714285714285,Moving Average (14D)
2011-12-05,21080,48,27.285714285714285,Moving Average (14D)
2011-12-06,21080,99,27.285714285714285,Moving Average (14D)
2011-12-07,21080,5,27.285714285714285,Moving Average (14D)
2011-12-08,21080,5,27.285714285714285,Moving Average (14D)
2011-12-09,21080,0,27.285714285714285,Moving Average (14D)
2011-11-10,21080,41,26.214285714285715,Moving Average (28D)
2011-11-11,21080,29,26.214285714285715,Moving Average (28D)
2011-11-12,21080,0,26.214285714285715,Moving Average (28D)
2011-11-13,21080,127,26.214285714285715,Moving Average (28D)
2011-11-14,21080,30,26.214285714285715,Moving Average (28D)
2011-11-15,21080,0,26.214285714285715,Moving Average (28D)
2011-11-16,21080,103,26.214285714285715,Moving Average (28D)
2011-11-17,21080,12,26.214285714285715,Moving Average (28D)
2011-11-18,21080,30,26.214285714285715,Moving Average (28D)
2011-11-19,21080,0,26.214285714285715,Moving Average (28D)
2011-11-20,21080,29,26.214285714285715,Moving Average (28D)
2011-11-21,21080,27,26.214285714285715,Moving Average (28D)
2011-11-22,21080,29,26.214285714285715,Moving Average (28D)
2011-11-23,21080,198,26.214285714285715,Moving Average (28D)
2011-11-24,21080,16,26.214285714285715,Moving Average (28D)
2011-11-25,21080,13,26.214285714285715,Moving Average (28D)
2011-11-26,21080,0,26.214285714285715,Moving Average (28D)
2011-11-27,21080,11,26.214285714285715,Moving Average (28D)
2011-11-28,21080,17,26.214285714285715,Moving Average (28D)
2011-11-29,21080,15,26.214285714285715,Moving Average (28D)
2011-11-30,21080,9,26.214285714285715,Moving Average (28D)
2011-12-01,21080,6,26.214285714285715,Moving Average (28D)
2011-12-02,21080,50,26.214285714285715,Moving Average (28D)
2011-12-03,21080,0,26.214285714285715,Moving Average (28D)
2011-12-04,21080,21,26.214285714285715,Moving Average (28D)
2011-12-05,21080,48,26.214285714285715,Moving Average (28D)
2011-12-06,21080,99,26.214285714285715,Moving Average (28D)
2011-12-07,21080,5,26.214285714285715,Moving Average (28D)
2011-12-08,21080,5,26.214285714285715,Moving Average (28D)
2011-12-09,21080,0,26.214285714285715,Moving Average (28D)
2011-11-10,85099C,2,146.0,Naive (Last Value)
2011-11-11,85099C,108,146.0,Naive (Last Value)
2011-11-12,85099C,0,146.0,Naive (Last Value)
2011-11-13,85099C,13,146.0,Naive (Last Value)
2011-11-14,85099C,201,146.0,Naive (Last Value)
2011-11-15,85099C,37,146.0,Naive (Last Value)
2011-11-16,85099C,223,146.0,Naive (Last Value)
2011-11-17,85099C,42,146.0,Naive (Last Value)
2011-11-18,85099C,11,146.0,Naive (Last Value)
2011-11-19,85099C,0,146.0,Naive (Last Value)
2011-11-20,85099C,106,146.0,Naive (Last Value)
2011-11-21,85099C,4,146.0,Naive (Last Value)
2011-11-22,85099C,14,146.0,Naive (Last Value)
2011-11-23,85099C,8,146.0,Naive (Last Value)
2011-11-24,85099C,54,146.0,Naive (Last Value)
2011-11-25,85099C,118,146.0,Naive (Last Value)
2011-11-26,85099C,0,146.0,Naive (Last Value)
2011-11-27,85099C,5,146.0,Naive (Last Value)
2011-11-28,85099C,5,146.0,Naive (Last Value)
2011-11-29,85099C,185,146.0,Naive (Last Value)
2011-11-30,85099C,128,146.0,Naive (Last Value)
2011-12-01,85099C,76,146.0,Naive (Last Value)
2011-12-02,85099C,10,146.0,Naive (Last Value)
2011-12-03,85099C,0,146.0,Naive (Last Value)
2011-12-04,85099C,10,146.0,Naive (Last Value)
2011-12-05,85099C,19,146.0,Naive (Last Value)
2011-12-06,85099C,44,146.0,Naive (Last Value)
2011-12-07,85099C,34,146.0,Naive (Last Value)
2011-12-08,85099C,51,146.0,Naive (Last Value)
2011-12-09,85099C,21,146.0,Naive (Last Value)
2011-11-10,85099C,2,38.714285714285715,Moving Average (7D)
2011-11-11,85099C,108,38.714285714285715,Moving Average (7D)
2011-11-12,85099C,0,38.714285714285715,Moving Average (7D)
2011-11-13,85099C,13,38.714285714285715,Moving Average (7D)
2011-11-14,85099C,201,38.714285714285715,Moving Average (7D)
2011-11-15,85099C,37,38.714285714285715,Moving Average (7D)
2011-11-16,85099C,223,38.714285714285715,Moving Average (7D)
2011-11-17,85099C,42,38.714285714285715,Moving Average (7D)
2011-11-18,85099C,11,38.714285714285715,Moving Average (7D)
2011-11-19,85099C,0,38.714285714285715,Moving Average (7D)
2011-11-20,85099C,106,38.714285714285715,Moving Average (7D)
2011-11-21,85099C,4,38.714285714285715,Moving Average (7D)
2011-11-22,85099C,14,38.714285714285715,Moving Average (7D)
2011-11-23,85099C,8,38.714285714285715,Moving Average (7D)
2011-11-24,85099C,54,38.714285714285715,Moving Average (7D)
2011-11-25,85099C,118,38.714285714285715,Moving Average (7D)
2011-11-26,85099C,0,38.714285714285715,Moving Average (7D)
2011-11-27,85099C,5,38.714285714285715,Moving Average (7D)
2011-11-28,85099C,5,38.714285714285715,Moving Average (7D)
2011-11-29,85099C,185,38.714285714285715,Moving Average (7D)
2011-11-30,85099C,128,38.714285714285715,Moving Average (7D)
2011-12-01,85099C,76,38.714285714285715,Moving Average (7D)
2011-12-02,85099C,10,38.714285714285715,Moving Average (7D)
2011-12-03,85099C,0,38.714285714285715,Moving Average (7D)
2011-12-04,85099C,10,38.714285714285715,Moving Average (7D)
2011-12-05,85099C,19,38.714285714285715,Moving Average (7D)
2011-12-06,85099C,44,38.714285714285715,Moving Average (7D)
2011-12-07,85099C,34,38.714285714285715,Moving Average (7D)
2011-12-08,85099C,51,38.714285714285715,Moving Average (7D)
2011-12-09,85099C,21,38.714285714285715,Moving Average (7D)
2011-11-10,85099C,2,39.857142857142854,Moving Average (14D)
2011-11-11,85099C,108,39.857142857142854,Moving Average (14D)
2011-11-12,85099C,0,39.857142857142854,Moving Average (14D)
2011-11-13,85099C,13,39.857142857142854,Moving Average (14D)
2011-11-14,85099C,201,39.857142857142854,Moving Average (14D)
2011-11-15,85099C,37,39.857142857142854,Moving Average (14D)
2011-11-16,85099C,223,39.857142857142854,Moving Average (14D)
2011-11-17,85099C,42,39.857142857142854,Moving Average (14D)
2011-11-18,85099C,11,39.857142857142854,Moving Average (14D)
2011-11-19,85099C,0,39.857142857142854,Moving Average (14D)
2011-11-20,85099C,106,39.857142857142854,Moving Average (14D)
2011-11-21,85099C,4,39.857142857142854,Moving Average (14D)
2011-11-22,85099C,14,39.857142857142854,Moving Average (14D)
2011-11-23,85099C,8,39.857142857142854,Moving Average (14D)
2011-11-24,85099C,54,39.857142857142854,Moving Average (14D)
2011-11-25,85099C,118,39.857142857142854,Moving Average (14D)
2011-11-26,85099C,0,39.857142857142854,Moving Average (14D)
2011-11-27,85099C,5,39.857142857142854,Moving Average (14D)
2011-11-28,85099C,5,39.857142857142854,Moving Average (14D)
2011-11-29,85099C,185,39.857142857142854,Moving Average (14D)
2011-11-30,85099C,128,39.857142857142854,Moving Average (14D)
2011-12-01,85099C,76,39.857142857142854,Moving Average (14D)
2011-12-02,85099C,10,39.857142857142854,Moving Average (14D)
2011-12-03,85099C,0,39.857142857142854,Moving Average (14D)
2011-12-04,85099C,10,39.857142857142854,Moving Average (14D)
2011-12-05,85099C,19,39.857142857142854,Moving Average (14D)
2011-12-06,85099C,44,39.857142857142854,Moving Average (14D)
2011-12-07,85099C,34,39.857142857142854,Moving Average (14D)
2011-12-08,85099C,51,39.857142857142854,Moving Average (14D)
2011-12-09,85099C,21,39.857142857142854,Moving Average (14D)
2011-11-10,85099C,2,34.5,Moving Average (28D)
2011-11-11,85099C,108,34.5,Moving Average (28D)
2011-11-12,85099C,0,34.5,Moving Average (28D)
2011-11-13,85099C,13,34.5,Moving Average (28D)
2011-11-14,85099C,201,34.5,Moving Average (28D)
2011-11-15,85099C,37,34.5,Moving Average (28D)
2011-11-16,85099C,223,34.5,Moving Average (28D)
2011-11-17,85099C,42,34.5,Moving Average (28D)
2011-11-18,85099C,11,34.5,Moving Average (28D)
2011-11-19,85099C,0,34.5,Moving Average (28D)
2011-11-20,85099C,106,34.5,Moving Average (28D)
2011-11-21,85099C,4,34.5,Moving Average (28D)
2011-11-22,85099C,14,34.5,Moving Average (28D)
2011-11-23,85099C,8,34.5,Moving Average (28D)
2011-11-24,85099C,54,34.5,Moving Average (28D)
2011-11-25,85099C,118,34.5,Moving Average (28D)
2011-11-26,85099C,0,34.5,Moving Average (28D)
2011-11-27,85099C,5,34.5,Moving Average (28D)
2011-11-28,85099C,5,34.5,Moving Average (28D)
2011-11-29,85099C,185,34.5,Moving Average (28D)
2011-11-30,85099C,128,34.5,Moving Average (28D)
2011-12-01,85099C,76,34.5,Moving Average (28D)
2011-12-02,85099C,10,34.5,Moving Average (28D)
2011-12-03,85099C,0,34.5,Moving Average (28D)
2011-12-04,85099C,10,34.5,Moving Average (28D)
2011-12-05,85099C,19,34.5,Moving Average (28D)
2011-12-06,85099C,44,34.5,Moving Average (28D)
2011-12-07,85099C,34,34.5,Moving Average (28D)
2011-12-08,85099C,51,34.5,Moving Average (28D)
2011-12-09,85099C,21,34.5,Moving Average (28D)
2011-11-10,21931,27,226.0,Naive (Last Value)
2011-11-11,21931,19,226.0,Naive (Last Value)
2011-11-12,21931,0,226.0,Naive (Last Value)
2011-11-13,21931,26,226.0,Naive (Last Value)
2011-11-14,21931,20,226.0,Naive (Last Value)
2011-11-15,21931,41,226.0,Naive (Last Value)
2011-11-16,21931,35,226.0,Naive (Last Value)
2011-11-17,21931,36,226.0,Naive (Last Value)
2011-11-18,21931,41,226.0,Naive (Last Value)
2011-11-19,21931,0,226.0,Naive (Last Value)
2011-11-20,21931,16,226.0,Naive (Last Value)
2011-11-21,21931,10,226.0,Naive (Last Value)
2011-11-22,21931,14,226.0,Naive (Last Value)
2011-11-23,21931,17,226.0,Naive (Last Value)
2011-11-24,21931,125,226.0,Naive (Last Value)
2011-11-25,21931,35,226.0,Naive (Last Value)
2011-11-26,21931,0,226.0,Naive (Last Value)
2011-11-27,21931,11,226.0,Naive (Last Value)
2011-11-28,21931,46,226.0,Naive (Last Value)
2011-11-29,21931,19,226.0,Naive (Last Value)
2011-11-30,21931,7,226.0,Naive (Last Value)
2011-12-01,21931,153,226.0,Naive (Last Value)
2011-12-02,21931,31,226.0,Naive (Last Value)
2011-12-03,21931,0,226.0,Naive (Last Value)
2011-12-04,21931,2,226.0,Naive (Last Value)
2011-12-05,21931,44,226.0,Naive (Last Value)
2011-12-06,21931,47,226.0,Naive (Last Value)
2011-12-07,21931,46,226.0,Naive (Last Value)
2011-12-08,21931,23,226.0,Naive (Last Value)
2011-12-09,21931,17,226.0,Naive (Last Value)
2011-11-10,21931,27,72.42857142857143,Moving Average (7D)
2011-11-11,21931,19,72.42857142857143,Moving Average (7D)
2011-11-12,21931,0,72.42857142857143,Moving Average (7D)
2011-11-13,21931,26,72.42857142857143,Moving Average (7D)
2011-11-14,21931,20,72.42857142857143,Moving Average (7D)
2011-11-15,21931,41,72.42857142857143,Moving Average (7D)
2011-11-16,21931,35,72.42857142857143,Moving Average (7D)
2011-11-17,21931,36,72.42857142857143,Moving Average (7D)
2011-11-18,21931,41,72.42857142857143,Moving Average (7D)
2011-11-19,21931,0,72.42857142857143,Moving Average (7D)
2011-11-20,21931,16,72.42857142857143,Moving Average (7D)
2011-11-21,21931,10,72.42857142857143,Moving Average (7D)
2011-11-22,21931,14,72.42857142857143,Moving Average (7D)
2011-11-23,21931,17,72.42857142857143,Moving Average (7D)
2011-11-24,21931,125,72.42857142857143,Moving Average (7D)
2011-11-25,21931,35,72.42857142857143,Moving Average (7D)
2011-11-26,21931,0,72.42857142857143,Moving Average (7D)
2011-11-27,21931,11,72.42857142857143,Moving Average (7D)
2011-11-28,21931,46,72.42857142857143,Moving Average (7D)
2011-11-29,21931,19,72.42857142857143,Moving Average (7D)
2011-11-30,21931,7,72.42857142857143,Moving Average (7D)
2011-12-01,21931,153,72.42857142857143,Moving Average (7D)
2011-12-02,21931,31,72.42857142857143,Moving Average (7D)
2011-12-03,21931,0,72.42857142857143,Moving Average (7D)
2011-12-04,21931,2,72.42857142857143,Moving Average (7D)
2011-12-05,21931,44,72.42857142857143,Moving Average (7D)
2011-12-06,21931,47,72.42857142857143,Moving Average (7D)
2011-12-07,21931,46,72.42857142857143,Moving Average (7D)
2011-12-08,21931,23,72.42857142857143,Moving Average (7D)
2011-12-09,21931,17,72.42857142857143,Moving Average (7D)
2011-11-10,21931,27,54.714285714285715,Moving Average (14D)
2011-11-11,21931,19,54.714285714285715,Moving Average (14D)
2011-11-12,21931,0,54.714285714285715,Moving Average (14D)
2011-11-13,21931,26,54.714285714285715,Moving Average (14D)
2011-11-14,21931,20,54.714285714285715,Moving Average (14D)
2011-11-15,21931,41,54.714285714285715,Moving Average (14D)
2011-11-16,21931,35,54.714285714285715,Moving Average (14D)
2011-11-17,21931,36,54.714285714285715,Moving Average (14D)
2011-11-18,21931,41,54.714285714285715,Moving Average (14D)
2011-11-19,21931,0,54.714285714285715,Moving Average (14D)
2011-11-20,21931,16,54.714285714285715,Moving Average (14D)
2011-11-21,21931,10,54.714285714285715,Moving Average (14D)
2011-11-22,21931,14,54.714285714285715,Moving Average (14D)
2011-11-23,21931,17,54.714285714285715,Moving Average (14D)
2011-11-24,21931,125,54.714285714285715,Moving Average (14D)
2011-11-25,21931,35,54.714285714285715,Moving Average (14D)
2011-11-26,21931,0,54.714285714285715,Moving Average (14D)
2011-11-27,21931,11,54.714285714285715,Moving Average (14D)
2011-11-28,21931,46,54.714285714285715,Moving Average (14D)
2011-11-29,21931,19,54.714285714285715,Moving Average (14D)
2011-11-30,21931,7,54.714285714285715,Moving Average (14D)
2011-12-01,21931,153,54.714285714285715,Moving Average (14D)
2011-12-02,21931,31,54.714285714285715,Moving Average (14D)
2011-12-03,21931,0,54.714285714285715,Moving Average (14D)
2011-12-04,21931,2,54.714285714285715,Moving Average (14D)
2011-12-05,21931,44,54.714285714285715,Moving Average (14D)
2011-12-06,21931,47,54.714285714285715,Moving Average (14D)
2011-12-07,21931,46,54.714285714285715,Moving Average (14D)
2011-12-08,21931,23,54.714285714285715,Moving Average (14D)
2011-12-09,21931,17,54.714285714285715,Moving Average (14D)
2011-11-10,21931,27,45.82142857142857,Moving Average (28D)
2011-11-11,21931,19,45.82142857142857,Moving Average (28D)
2011-11-12,21931,0,45.82142857142857,Moving Average (28D)
2011-11-13,21931,26,45.82142857142857,Moving Average (28D)
2011-11-14,21931,20,45.82142857142857,Moving Average (28D)
2011-11-15,21931,41,45.82142857142857,Moving Average (28D)
2011-11-16,21931,35,45.82142857142857,Moving Average (28D)
2011-11-17,21931,36,45.82142857142857,Moving Average (28D)
2011-11-18,21931,41,45.82142857142857,Moving Average (28D)
2011-11-19,21931,0,45.82142857142857,Moving Average (28D)
2011-11-20,21931,16,45.82142857142857,Moving Average (28D)
2011-11-21,21931,10,45.82142857142857,Moving Average (28D)
2011-11-22,21931,14,45.82142857142857,Moving Average (28D)
2011-11-23,21931,17,45.82142857142857,Moving Average (28D)
2011-11-24,21931,125,45.82142857142857,Moving Average (28D)
2011-11-25,21931,35,45.82142857142857,Moving Average (28D)
2011-11-26,21931,0,45.82142857142857,Moving Average (28D)
2011-11-27,21931,11,45.82142857142857,Moving Average (28D)
2011-11-28,21931,46,45.82142857142857,Moving Average (28D)
2011-11-29,21931,19,45.82142857142857,Moving Average (28D)
2011-11-30,21931,7,45.82142857142857,Moving Average (28D)
2011-12-01,21931,153,45.82142857142857,Moving Average (28D)
2011-12-02,21931,31,45.82142857142857,Moving Average (28D)
2011-12-03,21931,0,45.82142857142857,Moving Average (28D)
2011-12-04,21931,2,45.82142857142857,Moving Average (28D)
2011-12-05,21931,44,45.82142857142857,Moving Average (28D)
2011-12-06,21931,47,45.82142857142857,Moving Average (28D)
2011-12-07,21931,46,45.82142857142857,Moving Average (28D)
2011-12-08,21931,23,45.82142857142857,Moving Average (28D)
2011-12-09,21931,17,45.82142857142857,Moving Average (28D)
2011-11-10,21731,1,16.0,Naive (Last Value)
2011-11-11,21731,268,16.0,Naive (Last Value)
2011-11-12,21731,0,16.0,Naive (Last Value)
2011-11-13,21731,35,16.0,Naive (Last Value)
2011-11-14,21731,107,16.0,Naive (Last Value)
2011-11-15,21731,167,16.0,Naive (Last Value)
2011-11-16,21731,78,16.0,Naive (Last Value)
2011-11-17,21731,265,16.0,Naive (Last Value)
2011-11-18,21731,174,16.0,Naive (Last Value)
2011-11-19,21731,0,16.0,Naive (Last Value)
2011-11-20,21731,42,16.0,Naive (Last Value)
2011-11-21,21731,14,16.0,Naive (Last Value)
2011-11-22,21731,45,16.0,Naive (Last Value)
2011-11-23,21731,89,16.0,Naive (Last Value)
2011-11-24,21731,40,16.0,Naive (Last Value)
2011-11-25,21731,81,16.0,Naive (Last Value)
2011-11-26,21731,0,16.0,Naive (Last Value)
2011-11-27,21731,16,16.0,Naive (Last Value)
2011-11-28,21731,69,16.0,Naive (Last Value)
2011-11-29,21731,69,16.0,Naive (Last Value)
2011-11-30,21731,47,16.0,Naive (Last Value)
2011-12-01,21731,51,16.0,Naive (Last Value)
2011-12-02,21731,105,16.0,Naive (Last Value)
2011-12-03,21731,0,16.0,Naive (Last Value)
2011-12-04,21731,18,16.0,Naive (Last Value)
2011-12-05,21731,40,16.0,Naive (Last Value)
2011-12-06,21731,38,16.0,Naive (Last Value)
2011-12-07,21731,145,16.0,Naive (Last Value)
2011-12-08,21731,49,16.0,Naive (Last Value)
2011-12-09,21731,39,16.0,Naive (Last Value)
2011-11-10,21731,1,35.714285714285715,Moving Average (7D)
2011-11-11,21731,268,35.714285714285715,Moving Average (7D)
2011-11-12,21731,0,35.714285714285715,Moving Average (7D)
2011-11-13,21731,35,35.714285714285715,Moving Average (7D)
2011-11-14,21731,107,35.714285714285715,Moving Average (7D)
2011-11-15,21731,167,35.714285714285715,Moving Average (7D)
2011-11-16,21731,78,35.714285714285715,Moving Average (7D)
2011-11-17,21731,265,35.714285714285715,Moving Average (7D)
2011-11-18,21731,174,35.714285714285715,Moving Average (7D)
2011-11-19,21731,0,35.714285714285715,Moving Average (7D)
2011-11-20,21731,42,35.714285714285715,Moving Average (7D)
2011-11-21,21731,14,35.714285714285715,Moving Average (7D)
2011-11-22,21731,45,35.714285714285715,Moving Average (7D)
2011-11-23,21731,89,35.714285714285715,Moving Average (7D)
2011-11-24,21731,40,35.714285714285715,Moving Average (7D)
2011-11-25,21731,81,35.714285714285715,Moving Average (7D)
2011-11-26,21731,0,35.714285714285715,Moving Average (7D)
2011-11-27,21731,16,35.714285714285715,Moving Average (7D)
2011-11-28,21731,69,35.714285714285715,Moving Average (7D)
2011-11-29,21731,69,35.714285714285715,Moving Average (7D)
2011-11-30,21731,47,35.714285714285715,Moving Average (7D)
2011-12-01,21731,51,35.714285714285715,Moving Average (7D)
2011-12-02,21731,105,35.714285714285715,Moving Average (7D)
2011-12-03,21731,0,35.714285714285715,Moving Average (7D)
2011-12-04,21731,18,35.714285714285715,Moving Average (7D)
2011-12-05,21731,40,35.714285714285715,Moving Average (7D)
2011-12-06,21731,38,35.714285714285715,Moving Average (7D)
2011-12-07,21731,145,35.714285714285715,Moving Average (7D)
2011-12-08,21731,49,35.714285714285715,Moving Average (7D)
2011-12-09,21731,39,35.714285714285715,Moving Average (7D)
2011-11-10,21731,1,31.357142857142858,Moving Average (14D)
2011-11-11,21731,268,31.357142857142858,Moving Average (14D)
2011-11-12,21731,0,31.357142857142858,Moving Average (14D)
2011-11-13,21731,35,31.357142857142858,Moving Average (14D)
2011-11-14,21731,107,31.357142857142858,Moving Average (14D)
2011-11-15,21731,167,31.357142857142858,Moving Average (14D)
2011-11-16,21731,78,31.357142857142858,Moving Average (14D)
2011-11-17,21731,265,31.357142857142858,Moving Average (14D)
2011-11-18,21731,174,31.357142857142858,Moving Average (14D)
2011-11-19,21731,0,31.357142857142858,Moving Average (14D)
2011-11-20,21731,42,31.357142857142858,Moving Average (14D)
2011-11-21,21731,14,31.357142857142858,Moving Average (14D)
2011-11-22,21731,45,31.357142857142858,Moving Average (14D)
2011-11-23,21731,89,31.357142857142858,Moving Average (14D)
2011-11-24,21731,40,31.357142857142858,Moving Average (14D)
2011-11-25,21731,81,31.357142857142858,Moving Average (14D)
2011-11-26,21731,0,31.357142857142858,Moving Average (14D)
2011-11-27,21731,16,31.357142857142858,Moving Average (14D)
2011-11-28,21731,69,31.357142857142858,Moving Average (14D)
2011-11-29,21731,69,31.357142857142858,Moving Average (14D)
2011-11-30,21731,47,31.357142857142858,Moving Average (14D)
2011-12-01,21731,51,31.357142857142858,Moving Average (14D)
2011-12-02,21731,105,31.357142857142858,Moving Average (14D)
2011-12-03,21731,0,31.357142857142858,Moving Average (14D)
2011-12-04,21731,18,31.357142857142858,Moving Average (14D)
2011-12-05,21731,40,31.357142857142858,Moving Average (14D)
2011-12-06,21731,38,31.357142857142858,Moving Average (14D)
2011-12-07,21731,145,31.357142857142858,Moving Average (14D)
2011-12-08,21731,49,31.357142857142858,Moving Average (14D)
2011-12-09,21731,39,31.357142857142858,Moving Average (14D)
2011-11-10,21731,1,34.857142857142854,Moving Average (28D)
2011-11-11,21731,268,34.857142857142854,Moving Average (28D)
2011-11-12,21731,0,34.857142857142854,Moving Average (28D)
2011-11-13,21731,35,34.857142857142854,Moving Average (28D)
2011-11-14,21731,107,34.857142857142854,Moving Average (28D)
2011-11-15,21731,167,34.857142857142854,Moving Average (28D)
2011-11-16,21731,78,34.857142857142854,Moving Average (28D)
2011-11-17,21731,265,34.857142857142854,Moving Average (28D)
2011-11-18,21731,174,34.857142857142854,Moving Average (28D)
2011-11-19,21731,0,34.857142857142854,Moving Average (28D)
2011-11-20,21731,42,34.857142857142854,Moving Average (28D)
2011-11-21,21731,14,34.857142857142854,Moving Average (28D)
2011-11-22,21731,45,34.857142857142854,Moving Average (28D)
2011-11-23,21731,89,34.857142857142854,Moving Average (28D)
2011-11-24,21731,40,34.857142857142854,Moving Average (28D)
2011-11-25,21731,81,34.857142857142854,Moving Average (28D)
2011-11-26,21731,0,34.857142857142854,Moving Average (28D)
2011-11-27,21731,16,34.857142857142854,Moving Average (28D)
2011-11-28,21731,69,34.857142857142854,Moving Average (28D)
2011-11-29,21731,69,34.857142857142854,Moving Average (28D)
2011-11-30,21731,47,34.857142857142854,Moving Average (28D)
2011-12-01,21731,51,34.857142857142854,Moving Average (28D)
2011-12-02,21731,105,34.857142857142854,Moving Average (28D)
2011-12-03,21731,0,34.857142857142854,Moving Average (28D)
2011-12-04,21731,18,34.857142857142854,Moving Average (28D)
2011-12-05,21731,40,34.857142857142854,Moving Average (28D)
2011-12-06,21731,38,34.857142857142854,Moving Average (28D)
2011-12-07,21731,145,34.857142857142854,Moving Average (28D)
2011-12-08,21731,49,34.857142857142854,Moving Average (28D)
2011-12-09,21731,39,34.857142857142854,Moving Average (28D)
2011-11-10,47566,40,29.0,Naive (Last Value)
2011-11-11,47566,28,29.0,Naive (Last Value)
2011-11-12,47566,0,29.0,Naive (Last Value)
2011-11-13,47566,6,29.0,Naive (Last Value)
2011-11-14,47566,3,29.0,Naive (Last Value)
2011-11-15,47566,58,29.0,Naive (Last Value)
2011-11-16,47566,108,29.0,Naive (Last Value)
2011-11-17,47566,18,29.0,Naive (Last Value)
2011-11-18,47566,21,29.0,Naive (Last Value)
2011-11-19,47566,0,29.0,Naive (Last Value)
2011-11-20,47566,10,29.0,Naive (Last Value)
2011-11-21,47566,324,29.0,Naive (Last Value)
2011-11-22,47566,13,29.0,Naive (Last Value)
2011-11-23,47566,32,29.0,Naive (Last Value)
2011-11-24,47566,56,29.0,Naive (Last Value)
2011-11-25,47566,27,29.0,Naive (Last Value)
2011-11-26,47566,0,29.0,Naive (Last Value)
2011-11-27,47566,3,29.0,Naive (Last Value)
2011-11-28,47566,9,29.0,Naive (Last Value)
2011-11-29,47566,10,29.0,Naive (Last Value)
2011-11-30,47566,19,29.0,Naive (Last Value)
2011-12-01,47566,8,29.0,Naive (Last Value)
2011-12-02,47566,40,29.0,Naive (Last Value)
2011-12-03,47566,0,29.0,Naive (Last Value)
2011-12-04,47566,19,29.0,Naive (Last Value)
2011-12-05,47566,16,29.0,Naive (Last Value)
2011-12-06,47566,21,29.0,Naive (Last Value)
2011-12-07,47566,3,29.0,Naive (Last Value)
2011-12-08,47566,22,29.0,Naive (Last Value)
2011-12-09,47566,7,29.0,Naive (Last Value)
2011-11-10,47566,40,16.857142857142858,Moving Average (7D)
2011-11-11,47566,28,16.857142857142858,Moving Average (7D)
2011-11-12,47566,0,16.857142857142858,Moving Average (7D)
2011-11-13,47566,6,16.857142857142858,Moving Average (7D)
2011-11-14,47566,3,16.857142857142858,Moving Average (7D)
2011-11-15,47566,58,16.857142857142858,Moving Average (7D)
2011-11-16,47566,108,16.857142857142858,Moving Average (7D)
2011-11-17,47566,18,16.857142857142858,Moving Average (7D)
2011-11-18,47566,21,16.857142857142858,Moving Average (7D)
2011-11-19,47566,0,16.857142857142858,Moving Average (7D)
2011-11-20,47566,10,16.857142857142858,Moving Average (7D)
2011-11-21,47566,324,16.857142857142858,Moving Average (7D)
2011-11-22,47566,13,16.857142857142858,Moving Average (7D)
2011-11-23,47566,32,16.857142857142858,Moving Average (7D)
2011-11-24,47566,56,16.857142857142858,Moving Average (7D)
2011-11-25,47566,27,16.857142857142858,Moving Average (7D)
2011-11-26,47566,0,16.857142857142858,Moving Average (7D)
2011-11-27,47566,3,16.857142857142858,Moving Average (7D)
2011-11-28,47566,9,16.857142857142858,Moving Average (7D)
2011-11-29,47566,10,16.857142857142858,Moving Average (7D)
2011-11-30,47566,19,16.857142857142858,Moving Average (7D)
2011-12-01,47566,8,16.857142857142858,Moving Average (7D)
2011-12-02,47566,40,16.857142857142858,Moving Average (7D)
2011-12-03,47566,0,16.857142857142858,Moving Average (7D)
2011-12-04,47566,19,16.857142857142858,Moving Average (7D)
2011-12-05,47566,16,16.857142857142858,Moving Average (7D)
2011-12-06,47566,21,16.857142857142858,Moving Average (7D)
2011-12-07,47566,3,16.857142857142858,Moving Average (7D)
2011-12-08,47566,22,16.857142857142858,Moving Average (7D)
2011-12-09,47566,7,16.857142857142858,Moving Average (7D)
2011-11-10,47566,40,14.642857142857142,Moving Average (14D)
2011-11-11,47566,28,14.642857142857142,Moving Average (14D)
2011-11-12,47566,0,14.642857142857142,Moving Average (14D)
2011-11-13,47566,6,14.642857142857142,Moving Average (14D)
2011-11-14,47566,3,14.642857142857142,Moving Average (14D)
2011-11-15,47566,58,14.642857142857142,Moving Average (14D)
2011-11-16,47566,108,14.642857142857142,Moving Average (14D)
2011-11-17,47566,18,14.642857142857142,Moving Average (14D)
2011-11-18,47566,21,14.642857142857142,Moving Average (14D)
2011-11-19,47566,0,14.642857142857142,Moving Average (14D)
2011-11-20,47566,10,14.642857142857142,Moving Average (14D)
2011-11-21,47566,324,14.642857142857142,Moving Average (14D)
2011-11-22,47566,13,14.642857142857142,Moving Average (14D)
2011-11-23,47566,32,14.642857142857142,Moving Average (14D)
2011-11-24,47566,56,14.642857142857142,Moving Average (14D)
2011-11-25,47566,27,14.642857142857142,Moving Average (14D)
2011-11-26,47566,0,14.642857142857142,Moving Average (14D)
2011-11-27,47566,3,14.642857142857142,Moving Average (14D)
2011-11-28,47566,9,14.642857142857142,Moving Average (14D)
2011-11-29,47566,10,14.642857142857142,Moving Average (14D)
2011-11-30,47566,19,14.642857142857142,Moving Average (14D)
2011-12-01,47566,8,14.642857142857142,Moving Average (14D)
2011-12-02,47566,40,14.642857142857142,Moving Average (14D)
2011-12-03,47566,0,14.642857142857142,Moving Average (14D)
2011-12-04,47566,19,14.642857142857142,Moving Average (14D)
2011-12-05,47566,16,14.642857142857142,Moving Average (14D)
2011-12-06,47566,21,14.642857142857142,Moving Average (14D)
2011-12-07,47566,3,14.642857142857142,Moving Average (14D)
2011-12-08,47566,22,14.642857142857142,Moving Average (14D)
2011-12-09,47566,7,14.642857142857142,Moving Average (14D)
2011-11-10,47566,40,18.285714285714285,Moving Average (28D)
2011-11-11,47566,28,18.285714285714285,Moving Average (28D)
2011-11-12,47566,0,18.285714285714285,Moving Average (28D)
2011-11-13,47566,6,18.285714285714285,Moving Average (28D)
2011-11-14,47566,3,18.285714285714285,Moving Average (28D)
2011-11-15,47566,58,18.285714285714285,Moving Average (28D)
2011-11-16,47566,108,18.285714285714285,Moving Average (28D)
2011-11-17,47566,18,18.285714285714285,Moving Average (28D)
2011-11-18,47566,21,18.285714285714285,Moving Average (28D)
2011-11-19,47566,0,18.285714285714285,Moving Average (28D)
2011-11-20,47566,10,18.285714285714285,Moving Average (28D)
2011-11-21,47566,324,18.285714285714285,Moving Average (28D)
2011-11-22,47566,13,18.285714285714285,Moving Average (28D)
2011-11-23,47566,32,18.285714285714285,Moving Average (28D)
2011-11-24,47566,56,18.285714285714285,Moving Average (28D)
2011-11-25,47566,27,18.285714285714285,Moving Average (28D)
2011-11-26,47566,0,18.285714285714285,Moving Average (28D)
2011-11-27,47566,3,18.285714285714285,Moving Average (28D)
2011-11-28,47566,9,18.285714285714285,Moving Average (28D)
2011-11-29,47566,10,18.285714285714285,Moving Average (28D)
2011-11-30,47566,19,18.285714285714285,Moving Average (28D)
2011-12-01,47566,8,18.285714285714285,Moving Average (28D)
2011-12-02,47566,40,18.285714285714285,Moving Average (28D)
2011-12-03,47566,0,18.285714285714285,Moving Average (28D)
2011-12-04,47566,19,18.285714285714285,Moving Average (28D)
2011-12-05,47566,16,18.285714285714285,Moving Average (28D)
2011-12-06,47566,21,18.285714285714285,Moving Average (28D)
2011-12-07,47566,3,18.285714285714285,Moving Average (28D)
2011-12-08,47566,22,18.285714285714285,Moving Average (28D)
2011-12-09,47566,7,18.285714285714285,Moving Average (28D)
2011-11-10,22469,80,6.0,Naive (Last Value)
2011-11-11,22469,44,6.0,Naive (Last Value)
2011-11-12,22469,0,6.0,Naive (Last Value)
2011-11-13,22469,31,6.0,Naive (Last Value)
2011-11-14,22469,119,6.0,Naive (Last Value)
2011-11-15,22469,17,6.0,Naive (Last Value)
2011-11-16,22469,48,6.0,Naive (Last Value)
2011-11-17,22469,34,6.0,Naive (Last Value)
2011-11-18,22469,89,6.0,Naive (Last Value)
2011-11-19,22469,0,6.0,Naive (Last Value)
2011-11-20,22469,54,6.0,Naive (Last Value)
2011-11-21,22469,31,6.0,Naive (Last Value)
2011-11-22,22469,48,6.0,Naive (Last Value)
2011-11-23,22469,81,6.0,Naive (Last Value)
2011-11-24,22469,19,6.0,Naive (Last Value)
2011-11-25,22469,26,6.0,Naive (Last Value)
2011-11-26,22469,0,6.0,Naive (Last Value)
2011-11-27,22469,8,6.0,Naive (Last Value)
2011-11-28,22469,655,6.0,Naive (Last Value)
2011-11-29,22469,40,6.0,Naive (Last Value)
2011-11-30,22469,45,6.0,Naive (Last Value)
2011-12-01,22469,34,6.0,Naive (Last Value)
2011-12-02,22469,26,6.0,Naive (Last Value)
2011-12-03,22469,0,6.0,Naive (Last Value)
2011-12-04,22469,9,6.0,Naive (Last Value)
2011-12-05,22469,52,6.0,Naive (Last Value)
2011-12-06,22469,16,6.0,Naive (Last Value)
2011-12-07,22469,4,6.0,Naive (Last Value)
2011-12-08,22469,12,6.0,Naive (Last Value)
2011-12-09,22469,13,6.0,Naive (Last Value)
2011-11-10,22469,80,154.14285714285714,Moving Average (7D)
2011-11-11,22469,44,154.14285714285714,Moving Average (7D)
2011-11-12,22469,0,154.14285714285714,Moving Average (7D)
2011-11-13,22469,31,154.14285714285714,Moving Average (7D)
2011-11-14,22469,119,154.14285714285714,Moving Average (7D)
2011-11-15,22469,17,154.14285714285714,Moving Average (7D)
2011-11-16,22469,48,154.14285714285714,Moving Average (7D)
2011-11-17,22469,34,154.14285714285714,Moving Average (7D)
2011-11-18,22469,89,154.14285714285714,Moving Average (7D)
2011-11-19,22469,0,154.14285714285714,Moving Average (7D)
2011-11-20,22469,54,154.14285714285714,Moving Average (7D)
2011-11-21,22469,31,154.14285714285714,Moving Average (7D)
2011-11-22,22469,48,154.14285714285714,Moving Average (7D)
2011-11-23,22469,81,154.14285714285714,Moving Average (7D)
2011-11-24,22469,19,154.14285714285714,Moving Average (7D)
2011-11-25,22469,26,154.14285714285714,Moving Average (7D)
2011-11-26,22469,0,154.14285714285714,Moving Average (7D)
2011-11-27,22469,8,154.14285714285714,Moving Average (7D)
2011-11-28,22469,655,154.14285714285714,Moving Average (7D)
2011-11-29,22469,40,154.14285714285714,Moving Average (7D)
2011-11-30,22469,45,154.14285714285714,Moving Average (7D)
2011-12-01,22469,34,154.14285714285714,Moving Average (7D)
2011-12-02,22469,26,154.14285714285714,Moving Average (7D)
2011-12-03,22469,0,154.14285714285714,Moving Average (7D)
2011-12-04,22469,9,154.14285714285714,Moving Average (7D)
2011-12-05,22469,52,154.14285714285714,Moving Average (7D)
2011-12-06,22469,16,154.14285714285714,Moving Average (7D)
2011-12-07,22469,4,154.14285714285714,Moving Average (7D)
2011-12-08,22469,12,154.14285714285714,Moving Average (7D)
2011-12-09,22469,13,154.14285714285714,Moving Average (7D)
2011-11-10,22469,80,101.78571428571429,Moving Average (14D)
2011-11-11,22469,44,101.78571428571429,Moving Average (14D)
2011-11-12,22469,0,101.78571428571429,Moving Average (14D)
2011-11-13,22469,31,101.78571428571429,Moving Average (14D)
2011-11-14,22469,119,101.78571428571429,Moving Average (14D)
2011-11-15,22469,17,101.78571428571429,Moving Average (14D)
2011-11-16,22469,48,101.78571428571429,Moving Average (14D)
2011-11-17,22469,34,101.78571428571429,Moving Average (14D)
2011-11-18,22469,89,101.78571428571429,Moving Average (14D)
2011-11-19,22469,0,101.78571428571429,Moving Average (14D)
2011-11-20,22469,54,101.78571428571429,Moving Average (14D)
2011-11-21,22469,31,101.78571428571429,Moving Average (14D)
2011-11-22,22469,48,101.78571428571429,Moving Average (14D)
2011-11-23,22469,81,101.78571428571429,Moving Average (14D)
2011-11-24,22469,19,101.78571428571429,Moving Average (14D)
2011-11-25,22469,26,101.78571428571429,Moving Average (14D)
2011-11-26,22469,0,101.78571428571429,Moving Average (14D)
2011-11-27,22469,8,101.78571428571429,Moving Average (14D)
2011-11-28,22469,655,101.78571428571429,Moving Average (14D)
2011-11-29,22469,40,101.78571428571429,Moving Average (14D)
2011-11-30,22469,45,101.78571428571429,Moving Average (14D)
2011-12-01,22469,34,101.78571428571429,Moving Average (14D)
2011-12-02,22469,26,101.78571428571429,Moving Average (14D)
2011-12-03,22469,0,101.78571428571429,Moving Average (14D)
2011-12-04,22469,9,101.78571428571429,Moving Average (14D)
2011-12-05,22469,52,101.78571428571429,Moving Average (14D)
2011-12-06,22469,16,101.78571428571429,Moving Average (14D)
2011-12-07,22469,4,101.78571428571429,Moving Average (14D)
2011-12-08,22469,12,101.78571428571429,Moving Average (14D)
2011-12-09,22469,13,101.78571428571429,Moving Average (14D)
2011-11-10,22469,80,70.25,Moving Average (28D)
2011-11-11,22469,44,70.25,Moving Average (28D)
2011-11-12,22469,0,70.25,Moving Average (28D)
2011-11-13,22469,31,70.25,Moving Average (28D)
2011-11-14,22469,119,70.25,Moving Average (28D)
2011-11-15,22469,17,70.25,Moving Average (28D)
2011-11-16,22469,48,70.25,Moving Average (28D)
2011-11-17,22469,34,70.25,Moving Average (28D)
2011-11-18,22469,89,70.25,Moving Average (28D)
2011-11-19,22469,0,70.25,Moving Average (28D)
2011-11-20,22469,54,70.25,Moving Average (28D)
2011-11-21,22469,31,70.25,Moving Average (28D)
2011-11-22,22469,48,70.25,Moving Average (28D)
2011-11-23,22469,81,70.25,Moving Average (28D)
2011-11-24,22469,19,70.25,Moving Average (28D)
2011-11-25,22469,26,70.25,Moving Average (28D)
2011-11-26,22469,0,70.25,Moving Average (28D)
2011-11-27,22469,8,70.25,Moving Average (28D)
2011-11-28,22469,655,70.25,Moving Average (28D)
2011-11-29,22469,40,70.25,Moving Average (28D)
2011-11-30,22469,45,70.25,Moving Average (28D)
2011-12-01,22469,34,70.25,Moving Average (28D)
2011-12-02,22469,26,70.25,Moving Average (28D)
2011-12-03,22469,0,70.25,Moving Average (28D)
2011-12-04,22469,9,70.25,Moving Average (28D)
2011-12-05,22469,52,70.25,Moving Average (28D)
2011-12-06,22469,16,70.25,Moving Average (28D)
2011-12-07,22469,4,70.25,Moving Average (28D)
2011-12-08,22469,12,70.25,Moving Average (28D)
2011-12-09,22469,13,70.25,Moving Average (28D)
2011-11-10,22151,6,24.0,Naive (Last Value)
2011-11-11,22151,0,24.0,Naive (Last Value)
2011-11-12,22151,0,24.0,Naive (Last Value)
2011-11-13,22151,20,24.0,Naive (Last Value)
2011-11-14,22151,36,24.0,Naive (Last Value)
2011-11-15,22151,0,24.0,Naive (Last Value)
2011-11-16,22151,24,24.0,Naive (Last Value)
2011-11-17,22151,11,24.0,Naive (Last Value)
2011-11-18,22151,48,24.0,Naive (Last Value)
2011-11-19,22151,0,24.0,Naive (Last Value)
2011-11-20,22151,5,24.0,Naive (Last Value)
2011-11-21,22151,5,24.0,Naive (Last Value)
2011-11-22,22151,55,24.0,Naive (Last Value)
2011-11-23,22151,48,24.0,Naive (Last Value)
2011-11-24,22151,34,24.0,Naive (Last Value)
2011-11-25,22151,120,24.0,Naive (Last Value)
2011-11-26,22151,0,24.0,Naive (Last Value)
2011-11-27,22151,0,24.0,Naive (Last Value)
2011-11-28,22151,66,24.0,Naive (Last Value)
2011-11-29,22151,26,24.0,Naive (Last Value)
2011-11-30,22151,24,24.0,Naive (Last Value)
2011-12-01,22151,0,24.0,Naive (Last Value)
2011-12-02,22151,96,24.0,Naive (Last Value)
2011-12-03,22151,0,24.0,Naive (Last Value)
2011-12-04,22151,27,24.0,Naive (Last Value)
2011-12-05,22151,38,24.0,Naive (Last Value)
2011-12-06,22151,0,24.0,Naive (Last Value)
2011-12-07,22151,6,24.0,Naive (Last Value)
2011-12-08,22151,120,24.0,Naive (Last Value)
2011-12-09,22151,24,24.0,Naive (Last Value)
2011-11-10,22151,6,15.857142857142858,Moving Average (7D)
2011-11-11,22151,0,15.857142857142858,Moving Average (7D)
2011-11-12,22151,0,15.857142857142858,Moving Average (7D)
2011-11-13,22151,20,15.857142857142858,Moving Average (7D)
2011-11-14,22151,36,15.857142857142858,Moving Average (7D)
2011-11-15,22151,0,15.857142857142858,Moving Average (7D)
2011-11-16,22151,24,15.857142857142858,Moving Average (7D)
2011-11-17,22151,11,15.857142857142858,Moving Average (7D)
2011-11-18,22151,48,15.857142857142858,Moving Average (7D)
2011-11-19,22151,0,15.857142857142858,Moving Average (7D)
2011-11-20,22151,5,15.857142857142858,Moving Average (7D)
2011-11-21,22151,5,15.857142857142858,Moving Average (7D)
2011-11-22,22151,55,15.857142857142858,Moving Average (7D)
2011-11-23,22151,48,15.857142857142858,Moving Average (7D)
2011-11-24,22151,34,15.857142857142858,Moving Average (7D)
2011-11-25,22151,120,15.857142857142858,Moving Average (7D)
2011-11-26,22151,0,15.857142857142858,Moving Average (7D)
2011-11-27,22151,0,15.857142857142858,Moving Average (7D)
2011-11-28,22151,66,15.857142857142858,Moving Average (7D)
2011-11-29,22151,26,15.857142857142858,Moving Average (7D)
2011-11-30,22151,24,15.857142857142858,Moving Average (7D)
2011-12-01,22151,0,15.857142857142858,Moving Average (7D)
2011-12-02,22151,96,15.857142857142858,Moving Average (7D)
2011-12-03,22151,0,15.857142857142858,Moving Average (7D)
2011-12-04,22151,27,15.857142857142858,Moving Average (7D)
2011-12-05,22151,38,15.857142857142858,Moving Average (7D)
2011-12-06,22151,0,15.857142857142858,Moving Average (7D)
2011-12-07,22151,6,15.857142857142858,Moving Average (7D)
2011-12-08,22151,120,15.857142857142858,Moving Average (7D)
2011-12-09,22151,24,15.857142857142858,Moving Average (7D)
2011-11-10,22151,6,19.0,Moving Average (14D)
2011-11-11,22151,0,19.0,Moving Average (14D)
2011-11-12,22151,0,19.0,Moving Average (14D)
2011-11-13,22151,20,19.0,Moving Average (14D)
2011-11-14,22151,36,19.0,Moving Average (14D)
2011-11-15,22151,0,19.0,Moving Average (14D)
2011-11-16,22151,24,19.0,Moving Average (14D)
2011-11-17,22151,11,19.0,Moving Average (14D)
2011-11-18,22151,48,19.0,Moving Average (14D)
2011-11-19,22151,0,19.0,Moving Average (14D)
2011-11-20,22151,5,19.0,Moving Average (14D)
2011-11-21,22151,5,19.0,Moving Average (14D)
2011-11-22,22151,55,19.0,Moving Average (14D)
2011-11-23,22151,48,19.0,Moving Average (14D)
2011-11-24,22151,34,19.0,Moving Average (14D)
2011-11-25,22151,120,19.0,Moving Average (14D)
2011-11-26,22151,0,19.0,Moving Average (14D)
2011-11-27,22151,0,19.0,Moving Average (14D)
2011-11-28,22151,66,19.0,Moving Average (14D)
2011-11-29,22151,26,19.0,Moving Average (14D)
2011-11-30,22151,24,19.0,Moving Average (14D)
2011-12-01,22151,0,19.0,Moving Average (14D)
2011-12-02,22151,96,19.0,Moving Average (14D)
2011-12-03,22151,0,19.0,Moving Average (14D)
2011-12-04,22151,27,19.0,Moving Average (14D)
2011-12-05,22151,38,19.0,Moving Average (14D)
2011-12-06,22151,0,19.0,Moving Average (14D)
2011-12-07,22151,6,19.0,Moving Average (14D)
2011-12-08,22151,120,19.0,Moving Average (14D)
2011-12-09,22151,24,19.0,Moving Average (14D)
2011-11-10,22151,6,20.357142857142858,Moving Average (28D)
2011-11-11,22151,0,20.357142857142858,Moving Average (28D)
2011-11-12,22151,0,20.357142857142858,Moving Average (28D)
2011-11-13,22151,20,20.357142857142858,Moving Average (28D)
2011-11-14,22151,36,20.357142857142858,Moving Average (28D)
2011-11-15,22151,0,20.357142857142858,Moving Average (28D)
2011-11-16,22151,24,20.357142857142858,Moving Average (28D)
2011-11-17,22151,11,20.357142857142858,Moving Average (28D)
2011-11-18,22151,48,20.357142857142858,Moving Average (28D)
2011-11-19,22151,0,20.357142857142858,Moving Average (28D)
2011-11-20,22151,5,20.357142857142858,Moving Average (28D)
2011-11-21,22151,5,20.357142857142858,Moving Average (28D)
2011-11-22,22151,55,20.357142857142858,Moving Average (28D)
2011-11-23,22151,48,20.357142857142858,Moving Average (28D)
2011-11-24,22151,34,20.357142857142858,Moving Average (28D)
2011-11-25,22151,120,20.357142857142858,Moving Average (28D)
2011-11-26,22151,0,20.357142857142858,Moving Average (28D)
2011-11-27,22151,0,20.357142857142858,Moving Average (28D)
2011-11-28,22151,66,20.357142857142858,Moving Average (28D)
2011-11-29,22151,26,20.357142857142858,Moving Average (28D)
2011-11-30,22151,24,20.357142857142858,Moving Average (28D)
2011-12-01,22151,0,20.357142857142858,Moving Average (28D)
2011-12-02,22151,96,20.357142857142858,Moving Average (28D)
2011-12-03,22151,0,20.357142857142858,Moving Average (28D)
2011-12-04,22151,27,20.357142857142858,Moving Average (28D)
2011-12-05,22151,38,20.357142857142858,Moving Average (28D)
2011-12-06,22151,0,20.357142857142858,Moving Average (28D)
2011-12-07,22151,6,20.357142857142858,Moving Average (28D)
2011-12-08,22151,120,20.357142857142858,Moving Average (28D)
2011-12-09,22151,24,20.357142857142858,Moving Average (28D)
2011-11-10,22411,25,340.0,Naive (Last Value)
2011-11-11,22411,114,340.0,Naive (Last Value)
2011-11-12,22411,0,340.0,Naive (Last Value)
2011-11-13,22411,27,340.0,Naive (Last Value)
2011-11-14,22411,21,340.0,Naive (Last Value)
2011-11-15,22411,42,340.0,Naive (Last Value)
2011-11-16,22411,156,340.0,Naive (Last Value)
2011-11-17,22411,3,340.0,Naive (Last Value)
2011-11-18,22411,22,340.0,Naive (Last Value)
2011-11-19,22411,0,340.0,Naive (Last Value)
2011-11-20,22411,36,340.0,Naive (Last Value)
2011-11-21,22411,21,340.0,Naive (Last Value)
2011-11-22,22411,13,340.0,Naive (Last Value)
2011-11-23,22411,28,340.0,Naive (Last Value)
2011-11-24,22411,158,340.0,Naive (Last Value)
2011-11-25,22411,121,340.0,Naive (Last Value)
2011-11-26,22411,0,340.0,Naive (Last Value)
2011-11-27,22411,14,340.0,Naive (Last Value)
2011-11-28,22411,37,340.0,Naive (Last Value)
2011-11-29,22411,59,340.0,Naive (Last Value)
2011-11-30,22411,58,340.0,Naive (Last Value)
2011-12-01,22411,162,340.0,Naive (Last Value)
2011-12-02,22411,23,340.0,Naive (Last Value)
2011-12-03,22411,0,340.0,Naive (Last Value)
2011-12-04,22411,1,340.0,Naive (Last Value)
2011-12-05,22411,42,340.0,Naive (Last Value)
2011-12-06,22411,121,340.0,Naive (Last Value)
2011-12-07,22411,65,340.0,Naive (Last Value)
2011-12-08,22411,60,340.0,Naive (Last Value)
2011-12-09,22411,23,340.0,Naive (Last Value)
2011-11-10,22411,25,72.57142857142857,Moving Average (7D)
2011-11-11,22411,114,72.57142857142857,Moving Average (7D)
2011-11-12,22411,0,72.57142857142857,Moving Average (7D)
2011-11-13,22411,27,72.57142857142857,Moving Average (7D)
2011-11-14,22411,21,72.57142857142857,Moving Average (7D)
2011-11-15,22411,42,72.57142857142857,Moving Average (7D)
2011-11-16,22411,156,72.57142857142857,Moving Average (7D)
2011-11-17,22411,3,72.57142857142857,Moving Average (7D)
2011-11-18,22411,22,72.57142857142857,Moving Average (7D)
2011-11-19,22411,0,72.57142857142857,Moving Average (7D)
2011-11-20,22411,36,72.57142857142857,Moving Average (7D)
2011-11-21,22411,21,72.57142857142857,Moving Average (7D)
2011-11-22,22411,13,72.57142857142857,Moving Average (7D)
2011-11-23,22411,28,72.57142857142857,Moving Average (7D)
2011-11-24,22411,158,72.57142857142857,Moving Average (7D)
2011-11-25,22411,121,72.57142857142857,Moving Average (7D)
2011-11-26,22411,0,72.57142857142857,Moving Average (7D)
2011-11-27,22411,14,72.57142857142857,Moving Average (7D)
2011-11-28,22411,37,72.57142857142857,Moving Average (7D)
2011-11-29,22411,59,72.57142857142857,Moving Average (7D)
2011-11-30,22411,58,72.57142857142857,Moving Average (7D)
2011-12-01,22411,162,72.57142857142857,Moving Average (7D)
2011-12-02,22411,23,72.57142857142857,Moving Average (7D)
2011-12-03,22411,0,72.57142857142857,Moving Average (7D)
2011-12-04,22411,1,72.57142857142857,Moving Average (7D)
2011-12-05,22411,42,72.57142857142857,Moving Average (7D)
2011-12-06,22411,121,72.57142857142857,Moving Average (7D)
2011-12-07,22411,65,72.57142857142857,Moving Average (7D)
2011-12-08,22411,60,72.57142857142857,Moving Average (7D)
2011-12-09,22411,23,72.57142857142857,Moving Average (7D)
2011-11-10,22411,25,43.92857142857143,Moving Average (14D)
2011-11-11,22411,114,43.92857142857143,Moving Average (14D)
2011-11-12,22411,0,43.92857142857143,Moving Average (14D)
2011-11-13,22411,27,43.92857142857143,Moving Average (14D)
2011-11-14,22411,21,43.92857142857143,Moving Average (14D)
2011-11-15,22411,42,43.92857142857143,Moving Average (14D)
2011-11-16,22411,156,43.92857142857143,Moving Average (14D)
2011-11-17,22411,3,43.92857142857143,Moving Average (14D)
2011-11-18,22411,22,43.92857142857143,Moving Average (14D)
2011-11-19,22411,0,43.92857142857143,Moving Average (14D)
2011-11-20,22411,36,43.92857142857143,Moving Average (14D)
2011-11-21,22411,21,43.92857142857143,Moving Average (14D)
2011-11-22,22411,13,43.92857142857143,Moving Average (14D)
2011-11-23,22411,28,43.92857142857143,Moving Average (14D)
2011-11-24,22411,158,43.92857142857143,Moving Average (14D)
2011-11-25,22411,121,43.92857142857143,Moving Average (14D)
2011-11-26,22411,0,43.92857142857143,Moving Average (14D)
2011-11-27,22411,14,43.92857142857143,Moving Average (14D)
2011-11-28,22411,37,43.92857142857143,Moving Average (14D)
2011-11-29,22411,59,43.92857142857143,Moving Average (14D)
2011-11-30,22411,58,43.92857142857143,Moving Average (14D)
2011-12-01,22411,162,43.92857142857143,Moving Average (14D)
2011-12-02,22411,23,43.92857142857143,Moving Average (14D)
2011-12-03,22411,0,43.92857142857143,Moving Average (14D)
2011-12-04,22411,1,43.92857142857143,Moving Average (14D)
2011-12-05,22411,42,43.92857142857143,Moving Average (14D)
2011-12-06,22411,121,43.92857142857143,Moving Average (14D)
2011-12-07,22411,65,43.92857142857143,Moving Average (14D)
2011-12-08,22411,60,43.92857142857143,Moving Average (14D)
2011-12-09,22411,23,43.92857142857143,Moving Average (14D)
2011-11-10,22411,25,31.642857142857142,Moving Average (28D)
2011-11-11,22411,114,31.642857142857142,Moving Average (28D)
2011-11-12,22411,0,31.642857142857142,Moving Average (28D)
2011-11-13,22411,27,31.642857142857142,Moving Average (28D)
2011-11-14,22411,21,31.642857142857142,Moving Average (28D)
2011-11-15,22411,42,31.642857142857142,Moving Average (28D)
2011-11-16,22411,156,31.642857142857142,Moving Average (28D)
2011-11-17,22411,3,31.642857142857142,Moving Average (28D)
2011-11-18,22411,22,31.642857142857142,Moving Average (28D)
2011-11-19,22411,0,31.642857142857142,Moving Average (28D)
2011-11-20,22411,36,31.642857142857142,Moving Average (28D)
2011-11-21,22411,21,31.642857142857142,Moving Average (28D)
2011-11-22,22411,13,31.642857142857142,Moving Average (28D)
2011-11-23,22411,28,31.642857142857142,Moving Average (28D)
2011-11-24,22411,158,31.642857142857142,Moving Average (28D)
2011-11-25,22411,121,31.642857142857142,Moving Average (28D)
2011-11-26,22411,0,31.642857142857142,Moving Average (28D)
2011-11-27,22411,14,31.642857142857142,Moving Average (28D)
2011-11-28,22411,37,31.642857142857142,Moving Average (28D)
2011-11-29,22411,59,31.642857142857142,Moving Average (28D)
2011-11-30,22411,58,31.642857142857142,Moving Average (28D)
2011-12-01,22411,162,31.642857142857142,Moving Average (28D)
2011-12-02,22411,23,31.642857142857142,Moving Average (28D)
2011-12-03,22411,0,31.642857142857142,Moving Average (28D)
2011-12-04,22411,1,31.642857142857142,Moving Average (28D)
2011-12-05,22411,42,31.642857142857142,Moving Average (28D)
2011-12-06,22411,121,31.642857142857142,Moving Average (28D)
2011-12-07,22411,65,31.642857142857142,Moving Average (28D)
2011-12-08,22411,60,31.642857142857142,Moving Average (28D)
2011-12-09,22411,23,31.642857142857142,Moving Average (28D)
2011-11-10,21790,55,159.0,Naive (Last Value)
2011-11-11,21790,67,159.0,Naive (Last Value)
2011-11-12,21790,0,159.0,Naive (Last Value)
2011-11-13,21790,190,159.0,Naive (Last Value)
2011-11-14,21790,385,159.0,Naive (Last Value)
2011-11-15,21790,52,159.0,Naive (Last Value)
2011-11-16,21790,112,159.0,Naive (Last Value)
2011-11-17,21790,13,159.0,Naive (Last Value)
2011-11-18,21790,19,159.0,Naive (Last Value)
2011-11-19,21790,0,159.0,Naive (Last Value)
2011-11-20,21790,177,159.0,Naive (Last Value)
2011-11-21,21790,52,159.0,Naive (Last Value)
2011-11-22,21790,102,159.0,Naive (Last Value)
2011-11-23,21790,113,159.0,Naive (Last Value)
2011-11-24,21790,92,159.0,Naive (Last Value)
2011-11-25,21790,55,159.0,Naive (Last Value)
2011-11-26,21790,0,159.0,Naive (Last Value)
2011-11-27,21790,18,159.0,Naive (Last Value)
2011-11-28,21790,109,159.0,Naive (Last Value)
2011-11-29,21790,88,159.0,Naive (Last Value)
2011-11-30,21790,46,159.0,Naive (Last Value)
2011-12-01,21790,349,159.0,Naive (Last Value)
2011-12-02,21790,9,159.0,Naive (Last Value)
2011-12-03,21790,0,159.0,Naive (Last Value)
2011-12-04,21790,66,159.0,Naive (Last Value)
2011-12-05,21790,87,159.0,Naive (Last Value)
2011-12-06,21790,34,159.0,Naive (Last Value)
2011-12-07,21790,38,159.0,Naive (Last Value)
2011-12-08,21790,71,159.0,Naive (Last Value)
2011-12-09,21790,13,159.0,Naive (Last Value)
2011-11-10,21790,55,92.14285714285714,Moving Average (7D)
2011-11-11,21790,67,92.14285714285714,Moving Average (7D)
2011-11-12,21790,0,92.14285714285714,Moving Average (7D)
2011-11-13,21790,190,92.14285714285714,Moving Average (7D)
2011-11-14,21790,385,92.14285714285714,Moving Average (7D)
2011-11-15,21790,52,92.14285714285714,Moving Average (7D)
2011-11-16,21790,112,92.14285714285714,Moving Average (7D)
2011-11-17,21790,13,92.14285714285714,Moving Average (7D)
2011-11-18,21790,19,92.14285714285714,Moving Average (7D)
2011-11-19,21790,0,92.14285714285714,Moving Average (7D)
2011-11-20,21790,177,92.14285714285714,Moving Average (7D)
2011-11-21,21790,52,92.14285714285714,Moving Average (7D)
2011-11-22,21790,102,92.14285714285714,Moving Average (7D)
2011-11-23,21790,113,92.14285714285714,Moving Average (7D)
2011-11-24,21790,92,92.14285714285714,Moving Average (7D)
2011-11-25,21790,55,92.14285714285714,Moving Average (7D)
2011-11-26,21790,0,92.14285714285714,Moving Average (7D)
2011-11-27,21790,18,92.14285714285714,Moving Average (7D)
2011-11-28,21790,109,92.14285714285714,Moving Average (7D)
2011-11-29,21790,88,92.14285714285714,Moving Average (7D)
2011-11-30,21790,46,92.14285714285714,Moving Average (7D)
2011-12-01,21790,349,92.14285714285714,Moving Average (7D)
2011-12-02,21790,9,92.14285714285714,Moving Average (7D)
2011-12-03,21790,0,92.14285714285714,Moving Average (7D)
2011-12-04,21790,66,92.14285714285714,Moving Average (7D)
2011-12-05,21790,87,92.14285714285714,Moving Average (7D)
2011-12-06,21790,34,92.14285714285714,Moving Average (7D)
2011-12-07,21790,38,92.14285714285714,Moving Average (7D)
2011-12-08,21790,71,92.14285714285714,Moving Average (7D)
2011-12-09,21790,13,92.14285714285714,Moving Average (7D)
2011-11-10,21790,55,92.57142857142857,Moving Average (14D)
2011-11-11,21790,67,92.57142857142857,Moving Average (14D)
2011-11-12,21790,0,92.57142857142857,Moving Average (14D)
2011-11-13,21790,190,92.57142857142857,Moving Average (14D)
2011-11-14,21790,385,92.57142857142857,Moving Average (14D)
2011-11-15,21790,52,92.57142857142857,Moving Average (14D)
2011-11-16,21790,112,92.57142857142857,Moving Average (14D)
2011-11-17,21790,13,92.57142857142857,Moving Average (14D)
2011-11-18,21790,19,92.57142857142857,Moving Average (14D)
2011-11-19,21790,0,92.57142857142857,Moving Average (14D)
2011-11-20,21790,177,92.57142857142857,Moving Average (14D)
2011-11-21,21790,52,92.57142857142857,Moving Average (14D)
2011-11-22,21790,102,92.57142857142857,Moving Average (14D)
2011-11-23,21790,113,92.57142857142857,Moving Average (14D)
2011-11-24,21790,92,92.57142857142857,Moving Average (14D)
2011-11-25,21790,55,92.57142857142857,Moving Average (14D)
2011-11-26,21790,0,92.57142857142857,Moving Average (14D)
2011-11-27,21790,18,92.57142857142857,Moving Average (14D)
2011-11-28,21790,109,92.57142857142857,Moving Average (14D)
2011-11-29,21790,88,92.57142857142857,Moving Average (14D)
2011-11-30,21790,46,92.57142857142857,Moving Average (14D)
2011-12-01,21790,349,92.57142857142857,Moving Average (14D)
2011-12-02,21790,9,92.57142857142857,Moving Average (14D)
2011-12-03,21790,0,92.57142857142857,Moving Average (14D)
2011-12-04,21790,66,92.57142857142857,Moving Average (14D)
2011-12-05,21790,87,92.57142857142857,Moving Average (14D)
2011-12-06,21790,34,92.57142857142857,Moving Average (14D)
2011-12-07,21790,38,92.57142857142857,Moving Average (14D)
2011-12-08,21790,71,92.57142857142857,Moving Average (14D)
2011-12-09,21790,13,92.57142857142857,Moving Average (14D)
2011-11-10,21790,55,65.53571428571429,Moving Average (28D)
2011-11-11,21790,67,65.53571428571429,Moving Average (28D)
2011-11-12,21790,0,65.53571428571429,Moving Average (28D)
2011-11-13,21790,190,65.53571428571429,Moving Average (28D)
2011-11-14,21790,385,65.53571428571429,Moving Average (28D)
2011-11-15,21790,52,65.53571428571429,Moving Average (28D)
2011-11-16,21790,112,65.53571428571429,Moving Average (28D)
2011-11-17,21790,13,65.53571428571429,Moving Average (28D)
2011-11-18,21790,19,65.53571428571429,Moving Average (28D)
2011-11-19,21790,0,65.53571428571429,Moving Average (28D)
2011-11-20,21790,177,65.53571428571429,Moving Average (28D)
2011-11-21,21790,52,65.53571428571429,Moving Average (28D)
2011-11-22,21790,102,65.53571428571429,Moving Average (28D)
2011-11-23,21790,113,65.53571428571429,Moving Average (28D)
2011-11-24,21790,92,65.53571428571429,Moving Average (28D)
2011-11-25,21790,55,65.53571428571429,Moving Average (28D)
2011-11-26,21790,0,65.53571428571429,Moving Average (28D)
2011-11-27,21790,18,65.53571428571429,Moving Average (28D)
2011-11-28,21790,109,65.53571428571429,Moving Average (28D)
2011-11-29,21790,88,65.53571428571429,Moving Average (28D)
2011-11-30,21790,46,65.53571428571429,Moving Average (28D)
2011-12-01,21790,349,65.53571428571429,Moving Average (28D)
2011-12-02,21790,9,65.53571428571429,Moving Average (28D)
2011-12-03,21790,0,65.53571428571429,Moving Average (28D)
2011-12-04,21790,66,65.53571428571429,Moving Average (28D)
2011-12-05,21790,87,65.53571428571429,Moving Average (28D)
2011-12-06,21790,34,65.53571428571429,Moving Average (28D)
2011-12-07,21790,38,65.53571428571429,Moving Average (28D)
2011-12-08,21790,71,65.53571428571429,Moving Average (28D)
2011-12-09,21790,13,65.53571428571429,Moving Average (28D)
2011-11-10,84970S,2,0.0,Naive (Last Value)
2011-11-11,84970S,14,0.0,Naive (Last Value)
2011-11-12,84970S,0,0.0,Naive (Last Value)
2011-11-13,84970S,17,0.0,Naive (Last Value)
2011-11-14,84970S,27,0.0,Naive (Last Value)
2011-11-15,84970S,24,0.0,Naive (Last Value)
2011-11-16,84970S,0,0.0,Naive (Last Value)
2011-11-17,84970S,13,0.0,Naive (Last Value)
2011-11-18,84970S,12,0.0,Naive (Last Value)
2011-11-19,84970S,0,0.0,Naive (Last Value)
2011-11-20,84970S,8,0.0,Naive (Last Value)
2011-11-21,84970S,0,0.0,Naive (Last Value)
2011-11-22,84970S,0,0.0,Naive (Last Value)
2011-11-23,84970S,174,0.0,Naive (Last Value)
2011-11-24,84970S,16,0.0,Naive (Last Value)
2011-11-25,84970S,0,0.0,Naive (Last Value)
2011-11-26,84970S,0,0.0,Naive (Last Value)
2011-11-27,84970S,13,0.0,Naive (Last Value)
2011-11-28,84970S,10,0.0,Naive (Last Value)
2011-11-29,84970S,39,0.0,Naive (Last Value)
2011-11-30,84970S,14,0.0,Naive (Last Value)
2011-12-01,84970S,168,0.0,Naive (Last Value)
2011-12-02,84970S,20,0.0,Naive (Last Value)
2011-12-03,84970S,0,0.0,Naive (Last Value)
2011-12-04,84970S,14,0.0,Naive (Last Value)
2011-12-05,84970S,101,0.0,Naive (Last Value)
2011-12-06,84970S,36,0.0,Naive (Last Value)
2011-12-07,84970S,4,0.0,Naive (Last Value)
2011-12-08,84970S,4,0.0,Naive (Last Value)
2011-12-09,84970S,4,0.0,Naive (Last Value)
2011-11-10,84970S,2,6.0,Moving Average (7D)
2011-11-11,84970S,14,6.0,Moving Average (7D)
2011-11-12,84970S,0,6.0,Moving Average (7D)
2011-11-13,84970S,17,6.0,Moving Average (7D)
2011-11-14,84970S,27,6.0,Moving Average (7D)
2011-11-15,84970S,24,6.0,Moving Average (7D)
2011-11-16,84970S,0,6.0,Moving Average (7D)
2011-11-17,84970S,13,6.0,Moving Average (7D)
2011-11-18,84970S,12,6.0,Moving Average (7D)
2011-11-19,84970S,0,6.0,Moving Average (7D)
2011-11-20,84970S,8,6.0,Moving Average (7D)
2011-11-21,84970S,0,6.0,Moving Average (7D)
2011-11-22,84970S,0,6.0,Moving Average (7D)
2011-11-23,84970S,174,6.0,Moving Average (7D)
2011-11-24,84970S,16,6.0,Moving Average (7D)
2011-11-25,84970S,0,6.0,Moving Average (7D)
2011-11-26,84970S,0,6.0,Moving Average (7D)
2011-11-27,84970S,13,6.0,Moving Average (7D)
2011-11-28,84970S,10,6.0,Moving Average (7D)
2011-11-29,84970S,39,6.0,Moving Average (7D)
2011-11-30,84970S,14,6.0,Moving Average (7D)
2011-12-01,84970S,168,6.0,Moving Average (7D)
2011-12-02,84970S,20,6.0,Moving Average (7D)
2011-12-03,84970S,0,6.0,Moving Average (7D)
2011-12-04,84970S,14,6.0,Moving Average (7D)
2011-12-05,84970S,101,6.0,Moving Average (7D)
2011-12-06,84970S,36,6.0,Moving Average (7D)
2011-12-07,84970S,4,6.0,Moving Average (7D)
2011-12-08,84970S,4,6.0,Moving Average (7D)
2011-12-09,84970S,4,6.0,Moving Average (7D)
2011-11-10,84970S,2,11.785714285714286,Moving Average (14D)
2011-11-11,84970S,14,11.785714285714286,Moving Average (14D)
2011-11-12,84970S,0,11.785714285714286,Moving Average (14D)
2011-11-13,84970S,17,11.785714285714286,Moving Average (14D)
2011-11-14,84970S,27,11.785714285714286,Moving Average (14D)
2011-11-15,84970S,24,11.785714285714286,Moving Average (14D)
2011-11-16,84970S,0,11.785714285714286,Moving Average (14D)
2011-11-17,84970S,13,11.785714285714286,Moving Average (14D)
2011-11-18,84970S,12,11.785714285714286,Moving Average (14D)
2011-11-19,84970S,0,11.785714285714286,Moving Average (14D)
2011-11-20,84970S,8,11.785714285714286,Moving Average (14D)
2011-11-21,84970S,0,11.785714285714286,Moving Average (14D)
2011-11-22,84970S,0,11.785714285714286,Moving Average (14D)
2011-11-23,84970S,174,11.785714285714286,Moving Average (14D)
2011-11-24,84970S,16,11.785714285714286,Moving Average (14D)
2011-11-25,84970S,0,11.785714285714286,Moving Average (14D)
2011-11-26,84970S,0,11.785714285714286,Moving Average (14D)
2011-11-27,84970S,13,11.785714285714286,Moving Average (14D)
2011-11-28,84970S,10,11.785714285714286,Moving Average (14D)
2011-11-29,84970S,39,11.785714285714286,Moving Average (14D)
2011-11-30,84970S,14,11.785714285714286,Moving Average (14D)
2011-12-01,84970S,168,11.785714285714286,Moving Average (14D)
2011-12-02,84970S,20,11.785714285714286,Moving Average (14D)
2011-12-03,84970S,0,11.785714285714286,Moving Average (14D)
2011-12-04,84970S,14,11.785714285714286,Moving Average (14D)
2011-12-05,84970S,101,11.785714285714286,Moving Average (14D)
2011-12-06,84970S,36,11.785714285714286,Moving Average (14D)
2011-12-07,84970S,4,11.785714285714286,Moving Average (14D)
2011-12-08,84970S,4,11.785714285714286,Moving Average (14D)
2011-12-09,84970S,4,11.785714285714286,Moving Average (14D)
2011-11-10,84970S,2,11.75,Moving Average (28D)
2011-11-11,84970S,14,11.75,Moving Average (28D)
2011-11-12,84970S,0,11.75,Moving Average (28D)
2011-11-13,84970S,17,11.75,Moving Average (28D)
2011-11-14,84970S,27,11.75,Moving Average (28D)
2011-11-15,84970S,24,11.75,Moving Average (28D)
2011-11-16,84970S,0,11.75,Moving Average (28D)
2011-11-17,84970S,13,11.75,Moving Average (28D)
2011-11-18,84970S,12,11.75,Moving Average (28D)
2011-11-19,84970S,0,11.75,Moving Average (28D)
2011-11-20,84970S,8,11.75,Moving Average (28D)
2011-11-21,84970S,0,11.75,Moving Average (28D)
2011-11-22,84970S,0,11.75,Moving Average (28D)
2011-11-23,84970S,174,11.75,Moving Average (28D)
2011-11-24,84970S,16,11.75,Moving Average (28D)
2011-11-25,84970S,0,11.75,Moving Average (28D)
2011-11-26,84970S,0,11.75,Moving Average (28D)
2011-11-27,84970S,13,11.75,Moving Average (28D)
2011-11-28,84970S,10,11.75,Moving Average (28D)
2011-11-29,84970S,39,11.75,Moving Average (28D)
2011-11-30,84970S,14,11.75,Moving Average (28D)
2011-12-01,84970S,168,11.75,Moving Average (28D)
2011-12-02,84970S,20,11.75,Moving Average (28D)
2011-12-03,84970S,0,11.75,Moving Average (28D)
2011-12-04,84970S,14,11.75,Moving Average (28D)
2011-12-05,84970S,101,11.75,Moving Average (28D)
2011-12-06,84970S,36,11.75,Moving Average (28D)
2011-12-07,84970S,4,11.75,Moving Average (28D)
2011-12-08,84970S,4,11.75,Moving Average (28D)
2011-12-09,84970S,4,11.75,Moving Average (28D)
2011-11-10,21498,50,0.0,Naive (Last Value)
2011-11-11,21498,50,0.0,Naive (Last Value)
2011-11-12,21498,0,0.0,Naive (Last Value)
2011-11-13,21498,75,0.0,Naive (Last Value)
2011-11-14,21498,0,0.0,Naive (Last Value)
2011-11-15,21498,25,0.0,Naive (Last Value)
2011-11-16,21498,100,0.0,Naive (Last Value)
2011-11-17,21498,75,0.0,Naive (Last Value)
2011-11-18,21498,50,0.0,Naive (Last Value)
2011-11-19,21498,0,0.0,Naive (Last Value)
2011-11-20,21498,25,0.0,Naive (Last Value)
2011-11-21,21498,25,0.0,Naive (Last Value)
2011-11-22,21498,150,0.0,Naive (Last Value)
2011-11-23,21498,100,0.0,Naive (Last Value)
2011-11-24,21498,0,0.0,Naive (Last Value)
2011-11-25,21498,0,0.0,Naive (Last Value)
2011-11-26,21498,0,0.0,Naive (Last Value)
2011-11-27,21498,0,0.0,Naive (Last Value)
2011-11-28,21498,0,0.0,Naive (Last Value)
2011-11-29,21498,100,0.0,Naive (Last Value)
2011-11-30,21498,50,0.0,Naive (Last Value)
2011-12-01,21498,25,0.0,Naive (Last Value)
2011-12-02,21498,50,0.0,Naive (Last Value)
2011-12-03,21498,0,0.0,Naive (Last Value)
2011-12-04,21498,50,0.0,Naive (Last Value)
2011-12-05,21498,100,0.0,Naive (Last Value)
2011-12-06,21498,0,0.0,Naive (Last Value)
2011-12-07,21498,25,0.0,Naive (Last Value)
2011-12-08,21498,125,0.0,Naive (Last Value)
2011-12-09,21498,0,0.0,Naive (Last Value)
2011-11-10,21498,50,35.714285714285715,Moving Average (7D)
2011-11-11,21498,50,35.714285714285715,Moving Average (7D)
2011-11-12,21498,0,35.714285714285715,Moving Average (7D)
2011-11-13,21498,75,35.714285714285715,Moving Average (7D)
2011-11-14,21498,0,35.714285714285715,Moving Average (7D)
2011-11-15,21498,25,35.714285714285715,Moving Average (7D)
2011-11-16,21498,100,35.714285714285715,Moving Average (7D)
2011-11-17,21498,75,35.714285714285715,Moving Average (7D)
2011-11-18,21498,50,35.714285714285715,Moving Average (7D)
2011-11-19,21498,0,35.714285714285715,Moving Average (7D)
2011-11-20,21498,25,35.714285714285715,Moving Average (7D)
2011-11-21,21498,25,35.714285714285715,Moving Average (7D)
2011-11-22,21498,150,35.714285714285715,Moving Average (7D)
2011-11-23,21498,100,35.714285714285715,Moving Average (7D)
2011-11-24,21498,0,35.714285714285715,Moving Average (7D)
2011-11-25,21498,0,35.714285714285715,Moving Average (7D)
2011-11-26,21498,0,35.714285714285715,Moving Average (7D)
2011-11-27,21498,0,35.714285714285715,Moving Average (7D)
2011-11-28,21498,0,35.714285714285715,Moving Average (7D)
2011-11-29,21498,100,35.714285714285715,Moving Average (7D)
2011-11-30,21498,50,35.714285714285715,Moving Average (7D)
2011-12-01,21498,25,35.714285714285715,Moving Average (7D)
2011-12-02,21498,50,35.714285714285715,Moving Average (7D)
2011-12-03,21498,0,35.714285714285715,Moving Average (7D)
2011-12-04,21498,50,35.714285714285715,Moving Average (7D)
2011-12-05,21498,100,35.714285714285715,Moving Average (7D)
2011-12-06,21498,0,35.714285714285715,Moving Average (7D)
2011-12-07,21498,25,35.714285714285715,Moving Average (7D)
2011-12-08,21498,125,35.714285714285715,Moving Average (7D)
2011-12-09,21498,0,35.714285714285715,Moving Average (7D)
2011-11-10,21498,50,35.714285714285715,Moving Average (14D)
2011-11-11,21498,50,35.714285714285715,Moving Average (14D)
2011-11-12,21498,0,35.714285714285715,Moving Average (14D)
2011-11-13,21498,75,35.714285714285715,Moving Average (14D)
2011-11-14,21498,0,35.714285714285715,Moving Average (14D)
2011-11-15,21498,25,35.714285714285715,Moving Average (14D)
2011-11-16,21498,100,35.714285714285715,Moving Average (14D)
2011-11-17,21498,75,35.714285714285715,Moving Average (14D)
2011-11-18,21498,50,35.714285714285715,Moving Average (14D)
2011-11-19,21498,0,35.714285714285715,Moving Average (14D)
2011-11-20,21498,25,35.714285714285715,Moving Average (14D)
2011-11-21,21498,25,35.714285714285715,Moving Average (14D)
2011-11-22,21498,150,35.714285714285715,Moving Average (14D)
2011-11-23,21498,100,35.714285714285715,Moving Average (14D)
2011-11-24,21498,0,35.714285714285715,Moving Average (14D)
2011-11-25,21498,0,35.714285714285715,Moving Average (14D)
2011-11-26,21498,0,35.714285714285715,Moving Average (14D)
2011-11-27,21498,0,35.714285714285715,Moving Average (14D)
2011-11-28,21498,0,35.714285714285715,Moving Average (14D)
2011-11-29,21498,100,35.714285714285715,Moving Average (14D)
2011-11-30,21498,50,35.714285714285715,Moving Average (14D)
2011-12-01,21498,25,35.714285714285715,Moving Average (14D)
2011-12-02,21498,50,35.714285714285715,Moving Average (14D)
2011-12-03,21498,0,35.714285714285715,Moving Average (14D)
2011-12-04,21498,50,35.714285714285715,Moving Average (14D)
2011-12-05,21498,100,35.714285714285715,Moving Average (14D)
2011-12-06,21498,0,35.714285714285715,Moving Average (14D)
2011-12-07,21498,25,35.714285714285715,Moving Average (14D)
2011-12-08,21498,125,35.714285714285715,Moving Average (14D)
2011-12-09,21498,0,35.714285714285715,Moving Average (14D)
2011-11-10,21498,50,31.25,Moving Average (28D)
2011-11-11,21498,50,31.25,Moving Average (28D)
2011-11-12,21498,0,31.25,Moving Average (28D)
2011-11-13,21498,75,31.25,Moving Average (28D)
2011-11-14,21498,0,31.25,Moving Average (28D)
2011-11-15,21498,25,31.25,Moving Average (28D)
2011-11-16,21498,100,31.25,Moving Average (28D)
2011-11-17,21498,75,31.25,Moving Average (28D)
2011-11-18,21498,50,31.25,Moving Average (28D)
2011-11-19,21498,0,31.25,Moving Average (28D)
2011-11-20,21498,25,31.25,Moving Average (28D)
2011-11-21,21498,25,31.25,Moving Average (28D)
2011-11-22,21498,150,31.25,Moving Average (28D)
2011-11-23,21498,100,31.25,Moving Average (28D)
2011-11-24,21498,0,31.25,Moving Average (28D)
2011-11-25,21498,0,31.25,Moving Average (28D)
2011-11-26,21498,0,31.25,Moving Average (28D)
2011-11-27,21498,0,31.25,Moving Average (28D)
2011-11-28,21498,0,31.25,Moving Average (28D)
2011-11-29,21498,100,31.25,Moving Average (28D)
2011-11-30,21498,50,31.25,Moving Average (28D)
2011-12-01,21498,25,31.25,Moving Average (28D)
2011-12-02,21498,50,31.25,Moving Average (28D)
2011-12-03,21498,0,31.25,Moving Average (28D)
2011-12-04,21498,50,31.25,Moving Average (28D)
2011-12-05,21498,100,31.25,Moving Average (28D)
2011-12-06,21498,0,31.25,Moving Average (28D)
2011-12-07,21498,25,31.25,Moving Average (28D)
2011-12-08,21498,125,31.25,Moving Average (28D)
2011-12-09,21498,0,31.25,Moving Average (28D)
2011-11-10,20727,36,52.0,Naive (Last Value)
2011-11-11,20727,46,52.0,Naive (Last Value)
2011-11-12,20727,0,52.0,Naive (Last Value)
2011-11-13,20727,40,52.0,Naive (Last Value)
2011-11-14,20727,41,52.0,Naive (Last Value)
2011-11-15,20727,151,52.0,Naive (Last Value)
2011-11-16,20727,35,52.0,Naive (Last Value)
2011-11-17,20727,47,52.0,Naive (Last Value)
2011-11-18,20727,75,52.0,Naive (Last Value)
2011-11-19,20727,0,52.0,Naive (Last Value)
2011-11-20,20727,35,52.0,Naive (Last Value)
2011-11-21,20727,38,52.0,Naive (Last Value)
2011-11-22,20727,41,52.0,Naive (Last Value)
2011-11-23,20727,135,52.0,Naive (Last Value)
2011-11-24,20727,69,52.0,Naive (Last Value)
2011-11-25,20727,44,52.0,Naive (Last Value)
2011-11-26,20727,0,52.0,Naive (Last Value)
2011-11-27,20727,21,52.0,Naive (Last Value)
2011-11-28,20727,43,52.0,Naive (Last Value)
2011-11-29,20727,30,52.0,Naive (Last Value)
2011-11-30,20727,66,52.0,Naive (Last Value)
2011-12-01,20727,80,52.0,Naive (Last Value)
2011-12-02,20727,41,52.0,Naive (Last Value)
2011-12-03,20727,0,52.0,Naive (Last Value)
2011-12-04,20727,21,52.0,Naive (Last Value)
2011-12-05,20727,23,52.0,Naive (Last Value)
2011-12-06,20727,63,52.0,Naive (Last Value)
2011-12-07,20727,40,52.0,Naive (Last Value)
2011-12-08,20727,34,52.0,Naive (Last Value)
2011-12-09,20727,11,52.0,Naive (Last Value)
2011-11-10,20727,36,27.285714285714285,Moving Average (7D)
2011-11-11,20727,46,27.285714285714285,Moving Average (7D)
2011-11-12,20727,0,27.285714285714285,Moving Average (7D)
2011-11-13,20727,40,27.285714285714285,Moving Average (7D)
2011-11-14,20727,41,27.285714285714285,Moving Average (7D)
2011-11-15,20727,151,27.285714285714285,Moving Average (7D)
2011-11-16,20727,35,27.285714285714285,Moving Average (7D)
2011-11-17,20727,47,27.285714285714285,Moving Average (7D)
2011-11-18,20727,75,27.285714285714285,Moving Average (7D)
2011-11-19,20727,0,27.285714285714285,Moving Average (7D)
2011-11-20,20727,35,27.285714285714285,Moving Average (7D)
2011-11-21,20727,38,27.285714285714285,Moving Average (7D)
2011-11-22,20727,41,27.285714285714285,Moving Average (7D)
2011-11-23,20727,135,27.285714285714285,Moving Average (7D)
2011-11-24,20727,69,27.285714285714285,Moving Average (7D)
2011-11-25,20727,44,27.285714285714285,Moving Average (7D)
2011-11-26,20727,0,27.285714285714285,Moving Average (7D)
2011-11-27,20727,21,27.285714285714285,Moving Average (7D)
2011-11-28,20727,43,27.285714285714285,Moving Average (7D)
2011-11-29,20727,30,27.285714285714285,Moving Average (7D)
2011-11-30,20727,66,27.285714285714285,Moving Average (7D)
2011-12-01,20727,80,27.285714285714285,Moving Average (7D)
2011-12-02,20727,41,27.285714285714285,Moving Average (7D)
2011-12-03,20727,0,27.285714285714285,Moving Average (7D)
2011-12-04,20727,21,27.285714285714285,Moving Average (7D)
2011-12-05,20727,23,27.285714285714285,Moving Average (7D)
2011-12-06,20727,63,27.285714285714285,Moving Average (7D)
2011-12-07,20727,40,27.285714285714285,Moving Average (7D)
2011-12-08,20727,34,27.285714285714285,Moving Average (7D)
2011-12-09,20727,11,27.285714285714285,Moving Average (7D)
2011-11-10,20727,36,23.285714285714285,Moving Average (14D)
2011-11-11,20727,46,23.285714285714285,Moving Average (14D)
2011-11-12,20727,0,23.285714285714285,Moving Average (14D)
2011-11-13,20727,40,23.285714285714285,Moving Average (14D)
2011-11-14,20727,41,23.285714285714285,Moving Average (14D)
2011-11-15,20727,151,23.285714285714285,Moving Average (14D)
2011-11-16,20727,35,23.285714285714285,Moving Average (14D)
2011-11-17,20727,47,23.285714285714285,Moving Average (14D)
2011-11-18,20727,75,23.285714285714285,Moving Average (14D)
2011-11-19,20727,0,23.285714285714285,Moving Average (14D)
2011-11-20,20727,35,23.285714285714285,Moving Average (14D)
2011-11-21,20727,38,23.285714285714285,Moving Average (14D)
2011-11-22,20727,41,23.285714285714285,Moving Average (14D)
2011-11-23,20727,135,23.285714285714285,Moving Average (14D)
2011-11-24,20727,69,23.285714285714285,Moving Average (14D)
2011-11-25,20727,44,23.285714285714285,Moving Average (14D)
2011-11-26,20727,0,23.285714285714285,Moving Average (14D)
2011-11-27,20727,21,23.285714285714285,Moving Average (14D)
2011-11-28,20727,43,23.285714285714285,Moving Average (14D)
2011-11-29,20727,30,23.285714285714285,Moving Average (14D)
2011-11-30,20727,66,23.285714285714285,Moving Average (14D)
2011-12-01,20727,80,23.285714285714285,Moving Average (14D)
2011-12-02,20727,41,23.285714285714285,Moving Average (14D)
2011-12-03,20727,0,23.285714285714285,Moving Average (14D)
2011-12-04,20727,21,23.285714285714285,Moving Average (14D)
2011-12-05,20727,23,23.285714285714285,Moving Average (14D)
2011-12-06,20727,63,23.285714285714285,Moving Average (14D)
2011-12-07,20727,40,23.285714285714285,Moving Average (14D)
2011-12-08,20727,34,23.285714285714285,Moving Average (14D)
2011-12-09,20727,11,23.285714285714285,Moving Average (14D)
2011-11-10,20727,36,26.857142857142858,Moving Average (28D)
2011-11-11,20727,46,26.857142857142858,Moving Average (28D)
2011-11-12,20727,0,26.857142857142858,Moving Average (28D)
2011-11-13,20727,40,26.857142857142858,Moving Average (28D)
2011-11-14,20727,41,26.857142857142858,Moving Average (28D)
2011-11-15,20727,151,26.857142857142858,Moving Average (28D)
2011-11-16,20727,35,26.857142857142858,Moving Average (28D)
2011-11-17,20727,47,26.857142857142858,Moving Average (28D)
2011-11-18,20727,75,26.857142857142858,Moving Average (28D)
2011-11-19,20727,0,26.857142857142858,Moving Average (28D)
2011-11-20,20727,35,26.857142857142858,Moving Average (28D)
2011-11-21,20727,38,26.857142857142858,Moving Average (28D)
2011-11-22,20727,41,26.857142857142858,Moving Average (28D)
2011-11-23,20727,135,26.857142857142858,Moving Average (28D)
2011-11-24,20727,69,26.857142857142858,Moving Average (28D)
2011-11-25,20727,44,26.857142857142858,Moving Average (28D)
2011-11-26,20727,0,26.857142857142858,Moving Average (28D)
2011-11-27,20727,21,26.857142857142858,Moving Average (28D)
2011-11-28,20727,43,26.857142857142858,Moving Average (28D)
2011-11-29,20727,30,26.857142857142858,Moving Average (28D)
2011-11-30,20727,66,26.857142857142858,Moving Average (28D)
2011-12-01,20727,80,26.857142857142858,Moving Average (28D)
2011-12-02,20727,41,26.857142857142858,Moving Average (28D)
2011-12-03,20727,0,26.857142857142858,Moving Average (28D)
2011-12-04,20727,21,26.857142857142858,Moving Average (28D)
2011-12-05,20727,23,26.857142857142858,Moving Average (28D)
2011-12-06,20727,63,26.857142857142858,Moving Average (28D)
2011-12-07,20727,40,26.857142857142858,Moving Average (28D)
2011-12-08,20727,34,26.857142857142858,Moving Average (28D)
2011-12-09,20727,11,26.857142857142858,Moving Average (28D)
2011-11-10,22423,46,16.0,Naive (Last Value)
2011-11-11,22423,32,16.0,Naive (Last Value)
2011-11-12,22423,0,16.0,Naive (Last Value)
2011-11-13,22423,29,16.0,Naive (Last Value)
2011-11-14,22423,7,16.0,Naive (Last Value)
2011-11-15,22423,45,16.0,Naive (Last Value)
2011-11-16,22423,15,16.0,Naive (Last Value)
2011-11-17,22423,49,16.0,Naive (Last Value)
2011-11-18,22423,110,16.0,Naive (Last Value)
2011-11-19,22423,0,16.0,Naive (Last Value)
2011-11-20,22423,8,16.0,Naive (Last Value)
2011-11-21,22423,50,16.0,Naive (Last Value)
2011-11-22,22423,29,16.0,Naive (Last Value)
2011-11-23,22423,47,16.0,Naive (Last Value)
2011-11-24,22423,82,16.0,Naive (Last Value)
2011-11-25,22423,23,16.0,Naive (Last Value)
2011-11-26,22423,0,16.0,Naive (Last Value)
2011-11-27,22423,29,16.0,Naive (Last Value)
2011-11-28,22423,34,16.0,Naive (Last Value)
2011-11-29,22423,93,16.0,Naive (Last Value)
2011-11-30,22423,35,16.0,Naive (Last Value)
2011-12-01,22423,34,16.0,Naive (Last Value)
2011-12-02,22423,20,16.0,Naive (Last Value)
2011-12-03,22423,0,16.0,Naive (Last Value)
2011-12-04,22423,20,16.0,Naive (Last Value)
2011-12-05,22423,36,16.0,Naive (Last Value)
2011-12-06,22423,160,16.0,Naive (Last Value)
2011-12-07,22423,130,16.0,Naive (Last Value)
2011-12-08,22423,31,16.0,Naive (Last Value)
2011-12-09,22423,18,16.0,Naive (Last Value)
2011-11-10,22423,46,37.57142857142857,Moving Average (7D)
2011-11-11,22423,32,37.57142857142857,Moving Average (7D)
2011-11-12,22423,0,37.57142857142857,Moving Average (7D)
2011-11-13,22423,29,37.57142857142857,Moving Average (7D)
2011-11-14,22423,7,37.57142857142857,Moving Average (7D)
2011-11-15,22423,45,37.57142857142857,Moving Average (7D)
2011-11-16,22423,15,37.57142857142857,Moving Average (7D)
2011-11-17,22423,49,37.57142857142857,Moving Average (7D)
2011-11-18,22423,110,37.57142857142857,Moving Average (7D)
2011-11-19,22423,0,37.57142857142857,Moving Average (7D)
2011-11-20,22423,8,37.57142857142857,Moving Average (7D)
2011-11-21,22423,50,37.57142857142857,Moving Average (7D)
2011-11-22,22423,29,37.57142857142857,Moving Average (7D)
2011-11-23,22423,47,37.57142857142857,Moving Average (7D)
2011-11-24,22423,82,37.57142857142857,Moving Average (7D)
2011-11-25,22423,23,37.57142857142857,Moving Average (7D)
2011-11-26,22423,0,37.57142857142857,Moving Average (7D)
2011-11-27,22423,29,37.57142857142857,Moving Average (7D)
2011-11-28,22423,34,37.57142857142857,Moving Average (7D)
2011-11-29,22423,93,37.57142857142857,Moving Average (7D)
2011-11-30,22423,35,37.57142857142857,Moving Average (7D)
2011-12-01,22423,34,37.57142857142857,Moving Average (7D)
2011-12-02,22423,20,37.57142857142857,Moving Average (7D)
2011-12-03,22423,0,37.57142857142857,Moving Average (7D)
2011-12-04,22423,20,37.57142857142857,Moving Average (7D)
2011-12-05,22423,36,37.57142857142857,Moving Average (7D)
2011-12-06,22423,160,37.57142857142857,Moving Average (7D)
2011-12-07,22423,130,37.57142857142857,Moving Average (7D)
2011-12-08,22423,31,37.57142857142857,Moving Average (7D)
2011-12-09,22423,18,37.57142857142857,Moving Average (7D)
2011-11-10,22423,46,31.428571428571427,Moving Average (14D)
2011-11-11,22423,32,31.428571428571427,Moving Average (14D)
2011-11-12,22423,0,31.428571428571427,Moving Average (14D)
2011-11-13,22423,29,31.428571428571427,Moving Average (14D)
2011-11-14,22423,7,31.428571428571427,Moving Average (14D)
2011-11-15,22423,45,31.428571428571427,Moving Average (14D)
2011-11-16,22423,15,31.428571428571427,Moving Average (14D)
2011-11-17,22423,49,31.428571428571427,Moving Average (14D)
2011-11-18,22423,110,31.428571428571427,Moving Average (14D)
2011-11-19,22423,0,31.428571428571427,Moving Average (14D)
2011-11-20,22423,8,31.428571428571427,Moving Average (14D)
2011-11-21,22423,50,31.428571428571427,Moving Average (14D)
2011-11-22,22423,29,31.428571428571427,Moving Average (14D)
2011-11-23,22423,47,31.428571428571427,Moving Average (14D)
2011-11-24,22423,82,31.428571428571427,Moving Average (14D)
2011-11-25,22423,23,31.428571428571427,Moving Average (14D)
2011-11-26,22423,0,31.428571428571427,Moving Average (14D)
2011-11-27,22423,29,31.428571428571427,Moving Average (14D)
2011-11-28,22423,34,31.428571428571427,Moving Average (14D)
2011-11-29,22423,93,31.428571428571427,Moving Average (14D)
2011-11-30,22423,35,31.428571428571427,Moving Average (14D)
2011-12-01,22423,34,31.428571428571427,Moving Average (14D)
2011-12-02,22423,20,31.428571428571427,Moving Average (14D)
2011-12-03,22423,0,31.428571428571427,Moving Average (14D)
2011-12-04,22423,20,31.428571428571427,Moving Average (14D)
2011-12-05,22423,36,31.428571428571427,Moving Average (14D)
2011-12-06,22423,160,31.428571428571427,Moving Average (14D)
2011-12-07,22423,130,31.428571428571427,Moving Average (14D)
2011-12-08,22423,31,31.428571428571427,Moving Average (14D)
2011-12-09,22423,18,31.428571428571427,Moving Average (14D)
2011-11-10,22423,46,31.142857142857142,Moving Average (28D)
2011-11-11,22423,32,31.142857142857142,Moving Average (28D)
2011-11-12,22423,0,31.142857142857142,Moving Average (28D)
2011-11-13,22423,29,31.142857142857142,Moving Average (28D)
2011-11-14,22423,7,31.142857142857142,Moving Average (28D)
2011-11-15,22423,45,31.142857142857142,Moving Average (28D)
2011-11-16,22423,15,31.142857142857142,Moving Average (28D)
2011-11-17,22423,49,31.142857142857142,Moving Average (28D)
2011-11-18,22423,110,31.142857142857142,Moving Average (28D)
2011-11-19,22423,0,31.142857142857142,Moving Average (28D)
2011-11-20,22423,8,31.142857142857142,Moving Average (28D)
2011-11-21,22423,50,31.142857142857142,Moving Average (28D)
2011-11-22,22423,29,31.142857142857142,Moving Average (28D)
2011-11-23,22423,47,31.142857142857142,Moving Average (28D)
2011-11-24,22423,82,31.142857142857142,Moving Average (28D)
2011-11-25,22423,23,31.142857142857142,Moving Average (28D)
2011-11-26,22423,0,31.142857142857142,Moving Average (28D)
2011-11-27,22423,29,31.142857142857142,Moving Average (28D)
2011-11-28,22423,34,31.142857142857142,Moving Average (28D)
2011-11-29,22423,93,31.142857142857142,Moving Average (28D)
2011-11-30,22423,35,31.142857142857142,Moving Average (28D)
2011-12-01,22423,34,31.142857142857142,Moving Average (28D)
2011-12-02,22423,20,31.142857142857142,Moving Average (28D)
2011-12-03,22423,0,31.142857142857142,Moving Average (28D)
2011-12-04,22423,20,31.142857142857142,Moving Average (28D)
2011-12-05,22423,36,31.142857142857142,Moving Average (28D)
2011-12-06,22423,160,31.142857142857142,Moving Average (28D)
2011-12-07,22423,130,31.142857142857142,Moving Average (28D)
2011-12-08,22423,31,31.142857142857142,Moving Average (28D)
2011-12-09,22423,18,31.142857142857142,Moving Average (28D)
2011-11-10,21981,24,0.0,Naive (Last Value)
2011-11-11,21981,3,0.0,Naive (Last Value)
2011-11-12,21981,0,0.0,Naive (Last Value)
2011-11-13,21981,12,0.0,Naive (Last Value)
2011-11-14,21981,18,0.0,Naive (Last Value)
2011-11-15,21981,4,0.0,Naive (Last Value)
2011-11-16,21981,54,0.0,Naive (Last Value)
2011-11-17,21981,4,0.0,Naive (Last Value)
2011-11-18,21981,2,0.0,Naive (Last Value)
2011-11-19,21981,0,0.0,Naive (Last Value)
2011-11-20,21981,0,0.0,Naive (Last Value)
2011-11-21,21981,0,0.0,Naive (Last Value)
2011-11-22,21981,4,0.0,Naive (Last Value)
2011-11-23,21981,3,0.0,Naive (Last Value)
2011-11-24,21981,31,0.0,Naive (Last Value)
2011-11-25,21981,14,0.0,Naive (Last Value)
2011-11-26,21981,0,0.0,Naive (Last Value)
2011-11-27,21981,1,0.0,Naive (Last Value)
2011-11-28,21981,1,0.0,Naive (Last Value)
2011-11-29,21981,6,0.0,Naive (Last Value)
2011-11-30,21981,2,0.0,Naive (Last Value)
2011-12-01,21981,2,0.0,Naive (Last Value)
2011-12-02,21981,2,0.0,Naive (Last Value)
2011-12-03,21981,0,0.0,Naive (Last Value)
2011-12-04,21981,0,0.0,Naive (Last Value)
2011-12-05,21981,11,0.0,Naive (Last Value)
2011-12-06,21981,34,0.0,Naive (Last Value)
2011-12-07,21981,12,0.0,Naive (Last Value)
2011-12-08,21981,3,0.0,Naive (Last Value)
2011-12-09,21981,4,0.0,Naive (Last Value)
2011-11-10,21981,24,9.428571428571429,Moving Average (7D)
2011-11-11,21981,3,9.428571428571429,Moving Average (7D)
2011-11-12,21981,0,9.428571428571429,Moving Average (7D)
2011-11-13,21981,12,9.428571428571429,Moving Average (7D)
2011-11-14,21981,18,9.428571428571429,Moving Average (7D)
2011-11-15,21981,4,9.428571428571429,Moving Average (7D)
2011-11-16,21981,54,9.428571428571429,Moving Average (7D)
2011-11-17,21981,4,9.428571428571429,Moving Average (7D)
2011-11-18,21981,2,9.428571428571429,Moving Average (7D)
2011-11-19,21981,0,9.428571428571429,Moving Average (7D)
2011-11-20,21981,0,9.428571428571429,Moving Average (7D)
2011-11-21,21981,0,9.428571428571429,Moving Average (7D)
2011-11-22,21981,4,9.428571428571429,Moving Average (7D)
2011-11-23,21981,3,9.428571428571429,Moving Average (7D)
2011-11-24,21981,31,9.428571428571429,Moving Average (7D)
2011-11-25,21981,14,9.428571428571429,Moving Average (7D)
2011-11-26,21981,0,9.428571428571429,Moving Average (7D)
2011-11-27,21981,1,9.428571428571429,Moving Average (7D)
2011-11-28,21981,1,9.428571428571429,Moving Average (7D)
2011-11-29,21981,6,9.428571428571429,Moving Average (7D)
2011-11-30,21981,2,9.428571428571429,Moving Average (7D)
2011-12-01,21981,2,9.428571428571429,Moving Average (7D)
2011-12-02,21981,2,9.428571428571429,Moving Average (7D)
2011-12-03,21981,0,9.428571428571429,Moving Average (7D)
2011-12-04,21981,0,9.428571428571429,Moving Average (7D)
2011-12-05,21981,11,9.428571428571429,Moving Average (7D)
2011-12-06,21981,34,9.428571428571429,Moving Average (7D)
2011-12-07,21981,12,9.428571428571429,Moving Average (7D)
2011-12-08,21981,3,9.428571428571429,Moving Average (7D)
2011-12-09,21981,4,9.428571428571429,Moving Average (7D)
2011-11-10,21981,24,7.642857142857143,Moving Average (14D)
2011-11-11,21981,3,7.642857142857143,Moving Average (14D)
2011-11-12,21981,0,7.642857142857143,Moving Average (14D)
2011-11-13,21981,12,7.642857142857143,Moving Average (14D)
2011-11-14,21981,18,7.642857142857143,Moving Average (14D)
2011-11-15,21981,4,7.642857142857143,Moving Average (14D)
2011-11-16,21981,54,7.642857142857143,Moving Average (14D)
2011-11-17,21981,4,7.642857142857143,Moving Average (14D)
2011-11-18,21981,2,7.642857142857143,Moving Average (14D)
2011-11-19,21981,0,7.642857142857143,Moving Average (14D)
2011-11-20,21981,0,7.642857142857143,Moving Average (14D)
2011-11-21,21981,0,7.642857142857143,Moving Average (14D)
2011-11-22,21981,4,7.642857142857143,Moving Average (14D)
2011-11-23,21981,3,7.642857142857143,Moving Average (14D)
2011-11-24,21981,31,7.642857142857143,Moving Average (14D)
2011-11-25,21981,14,7.642857142857143,Moving Average (14D)
2011-11-26,21981,0,7.642857142857143,Moving Average (14D)
2011-11-27,21981,1,7.642857142857143,Moving Average (14D)
2011-11-28,21981,1,7.642857142857143,Moving Average (14D)
2011-11-29,21981,6,7.642857142857143,Moving Average (14D)
2011-11-30,21981,2,7.642857142857143,Moving Average (14D)
2011-12-01,21981,2,7.642857142857143,Moving Average (14D)
2011-12-02,21981,2,7.642857142857143,Moving Average (14D)
2011-12-03,21981,0,7.642857142857143,Moving Average (14D)
2011-12-04,21981,0,7.642857142857143,Moving Average (14D)
2011-12-05,21981,11,7.642857142857143,Moving Average (14D)
2011-12-06,21981,34,7.642857142857143,Moving Average (14D)
2011-12-07,21981,12,7.642857142857143,Moving Average (14D)
2011-12-08,21981,3,7.642857142857143,Moving Average (14D)
2011-12-09,21981,4,7.642857142857143,Moving Average (14D)
2011-11-10,21981,24,8.035714285714286,Moving Average (28D)
2011-11-11,21981,3,8.035714285714286,Moving Average (28D)
2011-11-12,21981,0,8.035714285714286,Moving Average (28D)
2011-11-13,21981,12,8.035714285714286,Moving Average (28D)
2011-11-14,21981,18,8.035714285714286,Moving Average (28D)
2011-11-15,21981,4,8.035714285714286,Moving Average (28D)
2011-11-16,21981,54,8.035714285714286,Moving Average (28D)
2011-11-17,21981,4,8.035714285714286,Moving Average (28D)
2011-11-18,21981,2,8.035714285714286,Moving Average (28D)
2011-11-19,21981,0,8.035714285714286,Moving Average (28D)
2011-11-20,21981,0,8.035714285714286,Moving Average (28D)
2011-11-21,21981,0,8.035714285714286,Moving Average (28D)
2011-11-22,21981,4,8.035714285714286,Moving Average (28D)
2011-11-23,21981,3,8.035714285714286,Moving Average (28D)
2011-11-24,21981,31,8.035714285714286,Moving Average (28D)
2011-11-25,21981,14,8.035714285714286,Moving Average (28D)
2011-11-26,21981,0,8.035714285714286,Moving Average (28D)
2011-11-27,21981,1,8.035714285714286,Moving Average (28D)
2011-11-28,21981,1,8.035714285714286,Moving Average (28D)
2011-11-29,21981,6,8.035714285714286,Moving Average (28D)
2011-11-30,21981,2,8.035714285714286,Moving Average (28D)
2011-12-01,21981,2,8.035714285714286,Moving Average (28D)
2011-12-02,21981,2,8.035714285714286,Moving Average (28D)
2011-12-03,21981,0,8.035714285714286,Moving Average (28D)
2011-12-04,21981,0,8.035714285714286,Moving Average (28D)
2011-12-05,21981,11,8.035714285714286,Moving Average (28D)
2011-12-06,21981,34,8.035714285714286,Moving Average (28D)
2011-12-07,21981,12,8.035714285714286,Moving Average (28D)
2011-12-08,21981,3,8.035714285714286,Moving Average (28D)
2011-12-09,21981,4,8.035714285714286,Moving Average (28D)
2011-11-10,21929,1,140.0,Naive (Last Value)
2011-11-11,21929,100,140.0,Naive (Last Value)
2011-11-12,21929,0,140.0,Naive (Last Value)
2011-11-13,21929,24,140.0,Naive (Last Value)
2011-11-14,21929,3,140.0,Naive (Last Value)
2011-11-15,21929,2,140.0,Naive (Last Value)
2011-11-16,21929,33,140.0,Naive (Last Value)
2011-11-17,21929,24,140.0,Naive (Last Value)
2011-11-18,21929,22,140.0,Naive (Last Value)
2011-11-19,21929,0,140.0,Naive (Last Value)
2011-11-20,21929,17,140.0,Naive (Last Value)
2011-11-21,21929,0,140.0,Naive (Last Value)
2011-11-22,21929,22,140.0,Naive (Last Value)
2011-11-23,21929,6,140.0,Naive (Last Value)
2011-11-24,21929,11,140.0,Naive (Last Value)
2011-11-25,21929,4,140.0,Naive (Last Value)
2011-11-26,21929,0,140.0,Naive (Last Value)
2011-11-27,21929,10,140.0,Naive (Last Value)
2011-11-28,21929,14,140.0,Naive (Last Value)
2011-11-29,21929,25,140.0,Naive (Last Value)
2011-11-30,21929,44,140.0,Naive (Last Value)
2011-12-01,21929,21,140.0,Naive (Last Value)
2011-12-02,21929,2,140.0,Naive (Last Value)
2011-12-03,21929,0,140.0,Naive (Last Value)
2011-12-04,21929,2,140.0,Naive (Last Value)
2011-12-05,21929,115,140.0,Naive (Last Value)
2011-12-06,21929,14,140.0,Naive (Last Value)
2011-12-07,21929,14,140.0,Naive (Last Value)
2011-12-08,21929,16,140.0,Naive (Last Value)
2011-12-09,21929,11,140.0,Naive (Last Value)
2011-11-10,21929,1,46.857142857142854,Moving Average (7D)
2011-11-11,21929,100,46.857142857142854,Moving Average (7D)
2011-11-12,21929,0,46.857142857142854,Moving Average (7D)
2011-11-13,21929,24,46.857142857142854,Moving Average (7D)
2011-11-14,21929,3,46.857142857142854,Moving Average (7D)
2011-11-15,21929,2,46.857142857142854,Moving Average (7D)
2011-11-16,21929,33,46.857142857142854,Moving Average (7D)
2011-11-17,21929,24,46.857142857142854,Moving Average (7D)
2011-11-18,21929,22,46.857142857142854,Moving Average (7D)
2011-11-19,21929,0,46.857142857142854,Moving Average (7D)
2011-11-20,21929,17,46.857142857142854,Moving Average (7D)
2011-11-21,21929,0,46.857142857142854,Moving Average (7D)
2011-11-22,21929,22,46.857142857142854,Moving Average (7D)
2011-11-23,21929,6,46.857142857142854,Moving Average (7D)
2011-11-24,21929,11,46.857142857142854,Moving Average (7D)
2011-11-25,21929,4,46.857142857142854,Moving Average (7D)
2011-11-26,21929,0,46.857142857142854,Moving Average (7D)
2011-11-27,21929,10,46.857142857142854,Moving Average (7D)
2011-11-28,21929,14,46.857142857142854,Moving Average (7D)
2011-11-29,21929,25,46.857142857142854,Moving Average (7D)
2011-11-30,21929,44,46.857142857142854,Moving Average (7D)
2011-12-01,21929,21,46.857142857142854,Moving Average (7D)
2011-12-02,21929,2,46.857142857142854,Moving Average (7D)
2011-12-03,21929,0,46.857142857142854,Moving Average (7D)
2011-12-04,21929,2,46.857142857142854,Moving Average (7D)
2011-12-05,21929,115,46.857142857142854,Moving Average (7D)
2011-12-06,21929,14,46.857142857142854,Moving Average (7D)
2011-12-07,21929,14,46.857142857142854,Moving Average (7D)
2011-12-08,21929,16,46.857142857142854,Moving Average (7D)
2011-12-09,21929,11,46.857142857142854,Moving Average (7D)
2011-11-10,21929,1,26.857142857142858,Moving Average (14D)
2011-11-11,21929,100,26.857142857142858,Moving Average (14D)
2011-11-12,21929,0,26.857142857142858,Moving Average (14D)
2011-11-13,21929,24,26.857142857142858,Moving Average (14D)
2011-11-14,21929,3,26.857142857142858,Moving Average (14D)
2011-11-15,21929,2,26.857142857142858,Moving Average (14D)
2011-11-16,21929,33,26.857142857142858,Moving Average (14D)
2011-11-17,21929,24,26.857142857142858,Moving Average (14D)
2011-11-18,21929,22,26.857142857142858,Moving Average (14D)
2011-11-19,21929,0,26.857142857142858,Moving Average (14D)
2011-11-20,21929,17,26.857142857142858,Moving Average (14D)
2011-11-21,21929,0,26.857142857142858,Moving Average (14D)
2011-11-22,21929,22,26.857142857142858,Moving Average (14D)
2011-11-23,21929,6,26.857142857142858,Moving Average (14D)
2011-11-24,21929,11,26.857142857142858,Moving Average (14D)
2011-11-25,21929,4,26.857142857142858,Moving Average (14D)
2011-11-26,21929,0,26.857142857142858,Moving Average (14D)
2011-11-27,21929,10,26.857142857142858,Moving Average (14D)
2011-11-28,21929,14,26.857142857142858,Moving Average (14D)
2011-11-29,21929,25,26.857142857142858,Moving Average (14D)
2011-11-30,21929,44,26.857142857142858,Moving Average (14D)
2011-12-01,21929,21,26.857142857142858,Moving Average (14D)
2011-12-02,21929,2,26.857142857142858,Moving Average (14D)
2011-12-03,21929,0,26.857142857142858,Moving Average (14D)
2011-12-04,21929,2,26.857142857142858,Moving Average (14D)
2011-12-05,21929,115,26.857142857142858,Moving Average (14D)
2011-12-06,21929,14,26.857142857142858,Moving Average (14D)
2011-12-07,21929,14,26.857142857142858,Moving Average (14D)
2011-12-08,21929,16,26.857142857142858,Moving Average (14D)
2011-12-09,21929,11,26.857142857142858,Moving Average (14D)
2011-11-10,21929,1,20.535714285714285,Moving Average (28D)
2011-11-11,21929,100,20.535714285714285,Moving Average (28D)
2011-11-12,21929,0,20.535714285714285,Moving Average (28D)
2011-11-13,21929,24,20.535714285714285,Moving Average (28D)
2011-11-14,21929,3,20.535714285714285,Moving Average (28D)
2011-11-15,21929,2,20.535714285714285,Moving Average (28D)
2011-11-16,21929,33,20.535714285714285,Moving Average (28D)
2011-11-17,21929,24,20.535714285714285,Moving Average (28D)
2011-11-18,21929,22,20.535714285714285,Moving Average (28D)
2011-11-19,21929,0,20.535714285714285,Moving Average (28D)
2011-11-20,21929,17,20.535714285714285,Moving Average (28D)
2011-11-21,21929,0,20.535714285714285,Moving Average (28D)
2011-11-22,21929,22,20.535714285714285,Moving Average (28D)
2011-11-23,21929,6,20.535714285714285,Moving Average (28D)
2011-11-24,21929,11,20.535714285714285,Moving Average (28D)
2011-11-25,21929,4,20.535714285714285,Moving Average (28D)
2011-11-26,21929,0,20.535714285714285,Moving Average (28D)
2011-11-27,21929,10,20.535714285714285,Moving Average (28D)
2011-11-28,21929,14,20.535714285714285,Moving Average (28D)
2011-11-29,21929,25,20.535714285714285,Moving Average (28D)
2011-11-30,21929,44,20.535714285714285,Moving Average (28D)
2011-12-01,21929,21,20.535714285714285,Moving Average (28D)
2011-12-02,21929,2,20.535714285714285,Moving Average (28D)
2011-12-03,21929,0,20.535714285714285,Moving Average (28D)
2011-12-04,21929,2,20.535714285714285,Moving Average (28D)
2011-12-05,21929,115,20.535714285714285,Moving Average (28D)
2011-12-06,21929,14,20.535714285714285,Moving Average (28D)
2011-12-07,21929,14,20.535714285714285,Moving Average (28D)
2011-12-08,21929,16,20.535714285714285,Moving Average (28D)
2011-12-09,21929,11,20.535714285714285,Moving Average (28D)
2011-11-10,21985,27,1.0,Naive (Last Value)
2011-11-11,21985,0,1.0,Naive (Last Value)
2011-11-12,21985,0,1.0,Naive (Last Value)
2011-11-13,21985,1,1.0,Naive (Last Value)
2011-11-14,21985,21,1.0,Naive (Last Value)
2011-11-15,21985,26,1.0,Naive (Last Value)
2011-11-16,21985,18,1.0,Naive (Last Value)
2011-11-17,21985,59,1.0,Naive (Last Value)
2011-11-18,21985,27,1.0,Naive (Last Value)
2011-11-19,21985,0,1.0,Naive (Last Value)
2011-11-20,21985,1,1.0,Naive (Last Value)
2011-11-21,21985,60,1.0,Naive (Last Value)
2011-11-22,21985,7,1.0,Naive (Last Value)
2011-11-23,21985,8,1.0,Naive (Last Value)
2011-11-24,21985,24,1.0,Naive (Last Value)
2011-11-25,21985,13,1.0,Naive (Last Value)
2011-11-26,21985,0,1.0,Naive (Last Value)
2011-11-27,21985,0,1.0,Naive (Last Value)
2011-11-28,21985,12,1.0,Naive (Last Value)
2011-11-29,21985,44,1.0,Naive (Last Value)
2011-11-30,21985,24,1.0,Naive (Last Value)
2011-12-01,21985,25,1.0,Naive (Last Value)
2011-12-02,21985,0,1.0,Naive (Last Value)
2011-12-03,21985,0,1.0,Naive (Last Value)
2011-12-04,21985,0,1.0,Naive (Last Value)
2011-12-05,21985,3,1.0,Naive (Last Value)
2011-12-06,21985,23,1.0,Naive (Last Value)
2011-12-07,21985,12,1.0,Naive (Last Value)
2011-12-08,21985,30,1.0,Naive (Last Value)
2011-12-09,21985,0,1.0,Naive (Last Value)
2011-11-10,21985,27,11.285714285714286,Moving Average (7D)
2011-11-11,21985,0,11.285714285714286,Moving Average (7D)
2011-11-12,21985,0,11.285714285714286,Moving Average (7D)
2011-11-13,21985,1,11.285714285714286,Moving Average (7D)
2011-11-14,21985,21,11.285714285714286,Moving Average (7D)
2011-11-15,21985,26,11.285714285714286,Moving Average (7D)
2011-11-16,21985,18,11.285714285714286,Moving Average (7D)
2011-11-17,21985,59,11.285714285714286,Moving Average (7D)
2011-11-18,21985,27,11.285714285714286,Moving Average (7D)
2011-11-19,21985,0,11.285714285714286,Moving Average (7D)
2011-11-20,21985,1,11.285714285714286,Moving Average (7D)
2011-11-21,21985,60,11.285714285714286,Moving Average (7D)
2011-11-22,21985,7,11.285714285714286,Moving Average (7D)
2011-11-23,21985,8,11.285714285714286,Moving Average (7D)
2011-11-24,21985,24,11.285714285714286,Moving Average (7D)
2011-11-25,21985,13,11.285714285714286,Moving Average (7D)
2011-11-26,21985,0,11.285714285714286,Moving Average (7D)
2011-11-27,21985,0,11.285714285714286,Moving Average (7D)
2011-11-28,21985,12,11.285714285714286,Moving Average (7D)
2011-11-29,21985,44,11.285714285714286,Moving Average (7D)
2011-11-30,21985,24,11.285714285714286,Moving Average (7D)
2011-12-01,21985,25,11.285714285714286,Moving Average (7D)
2011-12-02,21985,0,11.285714285714286,Moving Average (7D)
2011-12-03,21985,0,11.285714285714286,Moving Average (7D)
2011-12-04,21985,0,11.285714285714286,Moving Average (7D)
2011-12-05,21985,3,11.285714285714286,Moving Average (7D)
2011-12-06,21985,23,11.285714285714286,Moving Average (7D)
2011-12-07,21985,12,11.285714285714286,Moving Average (7D)
2011-12-08,21985,30,11.285714285714286,Moving Average (7D)
2011-12-09,21985,0,11.285714285714286,Moving Average (7D)
2011-11-10,21985,27,11.428571428571429,Moving Average (14D)
2011-11-11,21985,0,11.428571428571429,Moving Average (14D)
2011-11-12,21985,0,11.428571428571429,Moving Average (14D)
2011-11-13,21985,1,11.428571428571429,Moving Average (14D)
2011-11-14,21985,21,11.428571428571429,Moving Average (14D)
2011-11-15,21985,26,11.428571428571429,Moving Average (14D)
2011-11-16,21985,18,11.428571428571429,Moving Average (14D)
2011-11-17,21985,59,11.428571428571429,Moving Average (14D)
2011-11-18,21985,27,11.428571428571429,Moving Average (14D)
2011-11-19,21985,0,11.428571428571429,Moving Average (14D)
2011-11-20,21985,1,11.428571428571429,Moving Average (14D)
2011-11-21,21985,60,11.428571428571429,Moving Average (14D)
2011-11-22,21985,7,11.428571428571429,Moving Average (14D)
2011-11-23,21985,8,11.428571428571429,Moving Average (14D)
2011-11-24,21985,24,11.428571428571429,Moving Average (14D)
2011-11-25,21985,13,11.428571428571429,Moving Average (14D)
2011-11-26,21985,0,11.428571428571429,Moving Average (14D)
2011-11-27,21985,0,11.428571428571429,Moving Average (14D)
2011-11-28,21985,12,11.428571428571429,Moving Average (14D)
2011-11-29,21985,44,11.428571428571429,Moving Average (14D)
2011-11-30,21985,24,11.428571428571429,Moving Average (14D)
2011-12-01,21985,25,11.428571428571429,Moving Average (14D)
2011-12-02,21985,0,11.428571428571429,Moving Average (14D)
2011-12-03,21985,0,11.428571428571429,Moving Average (14D)
2011-12-04,21985,0,11.428571428571429,Moving Average (14D)
2011-12-05,21985,3,11.428571428571429,Moving Average (14D)
2011-12-06,21985,23,11.428571428571429,Moving Average (14D)
2011-12-07,21985,12,11.428571428571429,Moving Average (14D)
2011-12-08,21985,30,11.428571428571429,Moving Average (14D)
2011-12-09,21985,0,11.428571428571429,Moving Average (14D)
2011-11-10,21985,27,10.714285714285714,Moving Average (28D)
2011-11-11,21985,0,10.714285714285714,Moving Average (28D)
2011-11-12,21985,0,10.714285714285714,Moving Average (28D)
2011-11-13,21985,1,10.714285714285714,Moving Average (28D)
2011-11-14,21985,21,10.714285714285714,Moving Average (28D)
2011-11-15,21985,26,10.714285714285714,Moving Average (28D)
2011-11-16,21985,18,10.714285714285714,Moving Average (28D)
2011-11-17,21985,59,10.714285714285714,Moving Average (28D)
2011-11-18,21985,27,10.714285714285714,Moving Average (28D)
2011-11-19,21985,0,10.714285714285714,Moving Average (28D)
2011-11-20,21985,1,10.714285714285714,Moving Average (28D)
2011-11-21,21985,60,10.714285714285714,Moving Average (28D)
2011-11-22,21985,7,10.714285714285714,Moving Average (28D)
2011-11-23,21985,8,10.714285714285714,Moving Average (28D)
2011-11-24,21985,24,10.714285714285714,Moving Average (28D)
2011-11-25,21985,13,10.714285714285714,Moving Average (28D)
2011-11-26,21985,0,10.714285714285714,Moving Average (28D)
2011-11-27,21985,0,10.714285714285714,Moving Average (28D)
2011-11-28,21985,12,10.714285714285714,Moving Average (28D)
2011-11-29,21985,44,10.714285714285714,Moving Average (28D)
2011-11-30,21985,24,10.714285714285714,Moving Average (28D)
2011-12-01,21985,25,10.714285714285714,Moving Average (28D)
2011-12-02,21985,0,10.714285714285714,Moving Average (28D)
2011-12-03,21985,0,10.714285714285714,Moving Average (28D)
2011-12-04,21985,0,10.714285714285714,Moving Average (28D)
2011-12-05,21985,3,10.714285714285714,Moving Average (28D)
2011-12-06,21985,23,10.714285714285714,Moving Average (28D)
2011-12-07,21985,12,10.714285714285714,Moving Average (28D)
2011-12-08,21985,30,10.714285714285714,Moving Average (28D)
2011-12-09,21985,0,10.714285714285714,Moving Average (28D)
2011-11-10,21984,2,0.0,Naive (Last Value)
2011-11-11,21984,9,0.0,Naive (Last Value)
2011-11-12,21984,0,0.0,Naive (Last Value)
2011-11-13,21984,0,0.0,Naive (Last Value)
2011-11-14,21984,1,0.0,Naive (Last Value)
2011-11-15,21984,6,0.0,Naive (Last Value)
2011-11-16,21984,3,0.0,Naive (Last Value)
2011-11-17,21984,1,0.0,Naive (Last Value)
2011-11-18,21984,1,0.0,Naive (Last Value)
2011-11-19,21984,0,0.0,Naive (Last Value)
2011-11-20,21984,0,0.0,Naive (Last Value)
2011-11-21,21984,24,0.0,Naive (Last Value)
2011-11-22,21984,1,0.0,Naive (Last Value)
2011-11-23,21984,2,0.0,Naive (Last Value)
2011-11-24,21984,26,0.0,Naive (Last Value)
2011-11-25,21984,1,0.0,Naive (Last Value)
2011-11-26,21984,0,0.0,Naive (Last Value)
2011-11-27,21984,1,0.0,Naive (Last Value)
2011-11-28,21984,3,0.0,Naive (Last Value)
2011-11-29,21984,0,0.0,Naive (Last Value)
2011-11-30,21984,1,0.0,Naive (Last Value)
2011-12-01,21984,7,0.0,Naive (Last Value)
2011-12-02,21984,3,0.0,Naive (Last Value)
2011-12-03,21984,0,0.0,Naive (Last Value)
2011-12-04,21984,0,0.0,Naive (Last Value)
2011-12-05,21984,0,0.0,Naive (Last Value)
2011-12-06,21984,0,0.0,Naive (Last Value)
2011-12-07,21984,0,0.0,Naive (Last Value)
2011-12-08,21984,30,0.0,Naive (Last Value)
2011-12-09,21984,1,0.0,Naive (Last Value)
2011-11-10,21984,2,8.428571428571429,Moving Average (7D)
2011-11-11,21984,9,8.428571428571429,Moving Average (7D)
2011-11-12,21984,0,8.428571428571429,Moving Average (7D)
2011-11-13,21984,0,8.428571428571429,Moving Average (7D)
2011-11-14,21984,1,8.428571428571429,Moving Average (7D)
2011-11-15,21984,6,8.428571428571429,Moving Average (7D)
2011-11-16,21984,3,8.428571428571429,Moving Average (7D)
2011-11-17,21984,1,8.428571428571429,Moving Average (7D)
2011-11-18,21984,1,8.428571428571429,Moving Average (7D)
2011-11-19,21984,0,8.428571428571429,Moving Average (7D)
2011-11-20,21984,0,8.428571428571429,Moving Average (7D)
2011-11-21,21984,24,8.428571428571429,Moving Average (7D)
2011-11-22,21984,1,8.428571428571429,Moving Average (7D)
2011-11-23,21984,2,8.428571428571429,Moving Average (7D)
2011-11-24,21984,26,8.428571428571429,Moving Average (7D)
2011-11-25,21984,1,8.428571428571429,Moving Average (7D)
2011-11-26,21984,0,8.428571428571429,Moving Average (7D)
2011-11-27,21984,1,8.428571428571429,Moving Average (7D)
2011-11-28,21984,3,8.428571428571429,Moving Average (7D)
2011-11-29,21984,0,8.428571428571429,Moving Average (7D)
2011-11-30,21984,1,8.428571428571429,Moving Average (7D)
2011-12-01,21984,7,8.428571428571429,Moving Average (7D)
2011-12-02,21984,3,8.428571428571429,Moving Average (7D)
2011-12-03,21984,0,8.428571428571429,Moving Average (7D)
2011-12-04,21984,0,8.428571428571429,Moving Average (7D)
2011-12-05,21984,0,8.428571428571429,Moving Average (7D)
2011-12-06,21984,0,8.428571428571429,Moving Average (7D)
2011-12-07,21984,0,8.428571428571429,Moving Average (7D)
2011-12-08,21984,30,8.428571428571429,Moving Average (7D)
2011-12-09,21984,1,8.428571428571429,Moving Average (7D)
2011-11-10,21984,2,5.428571428571429,Moving Average (14D)
2011-11-11,21984,9,5.428571428571429,Moving Average (14D)
2011-11-12,21984,0,5.428571428571429,Moving Average (14D)
2011-11-13,21984,0,5.428571428571429,Moving Average (14D)
2011-11-14,21984,1,5.428571428571429,Moving Average (14D)
2011-11-15,21984,6,5.428571428571429,Moving Average (14D)
2011-11-16,21984,3,5.428571428571429,Moving Average (14D)
2011-11-17,21984,1,5.428571428571429,Moving Average (14D)
2011-11-18,21984,1,5.428571428571429,Moving Average (14D)
2011-11-19,21984,0,5.428571428571429,Moving Average (14D)
2011-11-20,21984,0,5.428571428571429,Moving Average (14D)
2011-11-21,21984,24,5.428571428571429,Moving Average (14D)
2011-11-22,21984,1,5.428571428571429,Moving Average (14D)
2011-11-23,21984,2,5.428571428571429,Moving Average (14D)
2011-11-24,21984,26,5.428571428571429,Moving Average (14D)
2011-11-25,21984,1,5.428571428571429,Moving Average (14D)
2011-11-26,21984,0,5.428571428571429,Moving Average (14D)
2011-11-27,21984,1,5.428571428571429,Moving Average (14D)
2011-11-28,21984,3,5.428571428571429,Moving Average (14D)
2011-11-29,21984,0,5.428571428571429,Moving Average (14D)
2011-11-30,21984,1,5.428571428571429,Moving Average (14D)
2011-12-01,21984,7,5.428571428571429,Moving Average (14D)
2011-12-02,21984,3,5.428571428571429,Moving Average (14D)
2011-12-03,21984,0,5.428571428571429,Moving Average (14D)
2011-12-04,21984,0,5.428571428571429,Moving Average (14D)
2011-12-05,21984,0,5.428571428571429,Moving Average (14D)
2011-12-06,21984,0,5.428571428571429,Moving Average (14D)
2011-12-07,21984,0,5.428571428571429,Moving Average (14D)
2011-12-08,21984,30,5.428571428571429,Moving Average (14D)
2011-12-09,21984,1,5.428571428571429,Moving Average (14D)
2011-11-10,21984,2,6.714285714285714,Moving Average (28D)
2011-11-11,21984,9,6.714285714285714,Moving Average (28D)
2011-11-12,21984,0,6.714285714285714,Moving Average (28D)
2011-11-13,21984,0,6.714285714285714,Moving Average (28D)
2011-11-14,21984,1,6.714285714285714,Moving Average (28D)
2011-11-15,21984,6,6.714285714285714,Moving Average (28D)
2011-11-16,21984,3,6.714285714285714,Moving Average (28D)
2011-11-17,21984,1,6.714285714285714,Moving Average (28D)
2011-11-18,21984,1,6.714285714285714,Moving Average (28D)
2011-11-19,21984,0,6.714285714285714,Moving Average (28D)
2011-11-20,21984,0,6.714285714285714,Moving Average (28D)
2011-11-21,21984,24,6.714285714285714,Moving Average (28D)
2011-11-22,21984,1,6.714285714285714,Moving Average (28D)
2011-11-23,21984,2,6.714285714285714,Moving Average (28D)
2011-11-24,21984,26,6.714285714285714,Moving Average (28D)
2011-11-25,21984,1,6.714285714285714,Moving Average (28D)
2011-11-26,21984,0,6.714285714285714,Moving Average (28D)
2011-11-27,21984,1,6.714285714285714,Moving Average (28D)
2011-11-28,21984,3,6.714285714285714,Moving Average (28D)
2011-11-29,21984,0,6.714285714285714,Moving Average (28D)
2011-11-30,21984,1,6.714285714285714,Moving Average (28D)
2011-12-01,21984,7,6.714285714285714,Moving Average (28D)
2011-12-02,21984,3,6.714285714285714,Moving Average (28D)
2011-12-03,21984,0,6.714285714285714,Moving Average (28D)
2011-12-04,21984,0,6.714285714285714,Moving Average (28D)
2011-12-05,21984,0,6.714285714285714,Moving Average (28D)
2011-12-06,21984,0,6.714285714285714,Moving Average (28D)
2011-12-07,21984,0,6.714285714285714,Moving Average (28D)
2011-12-08,21984,30,6.714285714285714,Moving Average (28D)
2011-12-09,21984,1,6.714285714285714,Moving Average (28D)
2011-11-10,22383,50,52.0,Naive (Last Value)
2011-11-11,22383,30,52.0,Naive (Last Value)
2011-11-12,22383,0,52.0,Naive (Last Value)
2011-11-13,22383,18,52.0,Naive (Last Value)
2011-11-14,22383,37,52.0,Naive (Last Value)
2011-11-15,22383,9,52.0,Naive (Last Value)
2011-11-16,22383,35,52.0,Naive (Last Value)
2011-11-17,22383,25,52.0,Naive (Last Value)
2011-11-18,22383,40,52.0,Naive (Last Value)
2011-11-19,22383,0,52.0,Naive (Last Value)
2011-11-20,22383,10,52.0,Naive (Last Value)
2011-11-21,22383,14,52.0,Naive (Last Value)
2011-11-22,22383,29,52.0,Naive (Last Value)
2011-11-23,22383,152,52.0,Naive (Last Value)
2011-11-24,22383,23,52.0,Naive (Last Value)
2011-11-25,22383,33,52.0,Naive (Last Value)
2011-11-26,22383,0,52.0,Naive (Last Value)
2011-11-27,22383,37,52.0,Naive (Last Value)
2011-11-28,22383,56,52.0,Naive (Last Value)
2011-11-29,22383,19,52.0,Naive (Last Value)
2011-11-30,22383,12,52.0,Naive (Last Value)
2011-12-01,22383,5,52.0,Naive (Last Value)
2011-12-02,22383,36,52.0,Naive (Last Value)
2011-12-03,22383,0,52.0,Naive (Last Value)
2011-12-04,22383,8,52.0,Naive (Last Value)
2011-12-05,22383,23,52.0,Naive (Last Value)
2011-12-06,22383,37,52.0,Naive (Last Value)
2011-12-07,22383,17,52.0,Naive (Last Value)
2011-12-08,22383,33,52.0,Naive (Last Value)
2011-12-09,22383,2,52.0,Naive (Last Value)
2011-11-10,22383,50,41.57142857142857,Moving Average (7D)
2011-11-11,22383,30,41.57142857142857,Moving Average (7D)
2011-11-12,22383,0,41.57142857142857,Moving Average (7D)
2011-11-13,22383,18,41.57142857142857,Moving Average (7D)
2011-11-14,22383,37,41.57142857142857,Moving Average (7D)
2011-11-15,22383,9,41.57142857142857,Moving Average (7D)
2011-11-16,22383,35,41.57142857142857,Moving Average (7D)
2011-11-17,22383,25,41.57142857142857,Moving Average (7D)
2011-11-18,22383,40,41.57142857142857,Moving Average (7D)
2011-11-19,22383,0,41.57142857142857,Moving Average (7D)
2011-11-20,22383,10,41.57142857142857,Moving Average (7D)
2011-11-21,22383,14,41.57142857142857,Moving Average (7D)
2011-11-22,22383,29,41.57142857142857,Moving Average (7D)
2011-11-23,22383,152,41.57142857142857,Moving Average (7D)
2011-11-24,22383,23,41.57142857142857,Moving Average (7D)
2011-11-25,22383,33,41.57142857142857,Moving Average (7D)
2011-11-26,22383,0,41.57142857142857,Moving Average (7D)
2011-11-27,22383,37,41.57142857142857,Moving Average (7D)
2011-11-28,22383,56,41.57142857142857,Moving Average (7D)
2011-11-29,22383,19,41.57142857142857,Moving Average (7D)
2011-11-30,22383,12,41.57142857142857,Moving Average (7D)
2011-12-01,22383,5,41.57142857142857,Moving Average (7D)
2011-12-02,22383,36,41.57142857142857,Moving Average (7D)
2011-12-03,22383,0,41.57142857142857,Moving Average (7D)
2011-12-04,22383,8,41.57142857142857,Moving Average (7D)
2011-12-05,22383,23,41.57142857142857,Moving Average (7D)
2011-12-06,22383,37,41.57142857142857,Moving Average (7D)
2011-12-07,22383,17,41.57142857142857,Moving Average (7D)
2011-12-08,22383,33,41.57142857142857,Moving Average (7D)
2011-12-09,22383,2,41.57142857142857,Moving Average (7D)
2011-11-10,22383,50,35.42857142857143,Moving Average (14D)
2011-11-11,22383,30,35.42857142857143,Moving Average (14D)
2011-11-12,22383,0,35.42857142857143,Moving Average (14D)
2011-11-13,22383,18,35.42857142857143,Moving Average (14D)
2011-11-14,22383,37,35.42857142857143,Moving Average (14D)
2011-11-15,22383,9,35.42857142857143,Moving Average (14D)
2011-11-16,22383,35,35.42857142857143,Moving Average (14D)
2011-11-17,22383,25,35.42857142857143,Moving Average (14D)
2011-11-18,22383,40,35.42857142857143,Moving Average (14D)
2011-11-19,22383,0,35.42857142857143,Moving Average (14D)
2011-11-20,22383,10,35.42857142857143,Moving Average (14D)
2011-11-21,22383,14,35.42857142857143,Moving Average (14D)
2011-11-22,22383,29,35.42857142857143,Moving Average (14D)
2011-11-23,22383,152,35.42857142857143,Moving Average (14D)
2011-11-24,22383,23,35.42857142857143,Moving Average (14D)
2011-11-25,22383,33,35.42857142857143,Moving Average (14D)
2011-11-26,22383,0,35.42857142857143,Moving Average (14D)
2011-11-27,22383,37,35.42857142857143,Moving Average (14D)
2011-11-28,22383,56,35.42857142857143,Moving Average (14D)
2011-11-29,22383,19,35.42857142857143,Moving Average (14D)
2011-11-30,22383,12,35.42857142857143,Moving Average (14D)
2011-12-01,22383,5,35.42857142857143,Moving Average (14D)
2011-12-02,22383,36,35.42857142857143,Moving Average (14D)
2011-12-03,22383,0,35.42857142857143,Moving Average (14D)
2011-12-04,22383,8,35.42857142857143,Moving Average (14D)
2011-12-05,22383,23,35.42857142857143,Moving Average (14D)
2011-12-06,22383,37,35.42857142857143,Moving Average (14D)
2011-12-07,22383,17,35.42857142857143,Moving Average (14D)
2011-12-08,22383,33,35.42857142857143,Moving Average (14D)
2011-12-09,22383,2,35.42857142857143,Moving Average (14D)
2011-11-10,22383,50,26.785714285714285,Moving Average (28D)
2011-11-11,22383,30,26.785714285714285,Moving Average (28D)
2011-11-12,22383,0,26.785714285714285,Moving Average (28D)
2011-11-13,22383,18,26.785714285714285,Moving Average (28D)
2011-11-14,22383,37,26.785714285714285,Moving Average (28D)
2011-11-15,22383,9,26.785714285714285,Moving Average (28D)
2011-11-16,22383,35,26.785714285714285,Moving Average (28D)
2011-11-17,22383,25,26.785714285714285,Moving Average (28D)
2011-11-18,22383,40,26.785714285714285,Moving Average (28D)
2011-11-19,22383,0,26.785714285714285,Moving Average (28D)
2011-11-20,22383,10,26.785714285714285,Moving Average (28D)
2011-11-21,22383,14,26.785714285714285,Moving Average (28D)
2011-11-22,22383,29,26.785714285714285,Moving Average (28D)
2011-11-23,22383,152,26.785714285714285,Moving Average (28D)
2011-11-24,22383,23,26.785714285714285,Moving Average (28D)
2011-11-25,22383,33,26.785714285714285,Moving Average (28D)
2011-11-26,22383,0,26.785714285714285,Moving Average (28D)
2011-11-27,22383,37,26.785714285714285,Moving Average (28D)
2011-11-28,22383,56,26.785714285714285,Moving Average (28D)
2011-11-29,22383,19,26.785714285714285,Moving Average (28D)
2011-11-30,22383,12,26.785714285714285,Moving Average (28D)
2011-12-01,22383,5,26.785714285714285,Moving Average (28D)
2011-12-02,22383,36,26.785714285714285,Moving Average (28D)
2011-12-03,22383,0,26.785714285714285,Moving Average (28D)
2011-12-04,22383,8,26.785714285714285,Moving Average (28D)
2011-12-05,22383,23,26.785714285714285,Moving Average (28D)
2011-12-06,22383,37,26.785714285714285,Moving Average (28D)
2011-12-07,22383,17,26.785714285714285,Moving Average (28D)
2011-12-08,22383,33,26.785714285714285,Moving Average (28D)
2011-12-09,22383,2,26.785714285714285,Moving Average (28D)
