CustomerID,Recency,Frequency,Monetary,Cluster,Churn,Avg_Order_Value
12346.0,303,17,-64.67999999999302,1,1,-3.8047058823525304
12347.0,17,7,5408.5,0,0,772.6428571428571
12348.0,53,5,2019.4,0,0,403.88
12349.0,385,4,2646.99,1,1,661.7475
12350.0,287,1,334.4,1,1,334.4
12351.0,353,1,300.93,1,1,300.93
12352.0,14,13,1889.21,0,0,145.32384615384615
12353.0,181,2,406.76,0,1,203.38
12354.0,210,1,1079.4,0,1,1079.4
12355.0,192,2,947.61,0,1,473.805
12356.0,223,5,6315.33,0,1,1263.066
12357.0,10,3,18287.66,0,0,6095.886666666666
12358.0,128,4,3203.87,0,1,800.9675
12359.0,35,13,8806.14,0,0,677.3953846153846
12360.0,30,9,4212.89,0,0,468.09888888888895
12361.0,265,4,511.25,1,1,127.8125
12362.0,13,12,4804.39,0,0,400.36583333333334
12363.0,87,2,552.0,0,0,276.0
12364.0,17,3,1002.78,0,0,334.26
12365.0,269,3,320.69,1,1,106.89666666666666
12366.0,611,1,500.24,1,1,500.24
12368.0,605,1,917.6999999999999,1,1,917.6999999999999
12369.0,391,3,1791.15,1,1,597.0500000000001
12370.0,29,7,4320.31,0,0,617.1871428571429
12371.0,22,5,4067.38,0,0,813.476
12372.0,49,3,1298.04,0,0,432.68
12373.0,289,3,1127.65,1,1,375.8833333333334
12374.0,2,4,2989.2200000000003,0,0,747.3050000000001
12375.0,76,1,230.3,0,0,230.3
12376.0,367,2,503.15,1,1,251.575
12377.0,292,4,3426.32,1,1,856.58
12378.0,107,2,5416.32,0,1,2708.16
12379.0,59,5,1618.27,0,0,323.654
12380.0,23,14,6847.61,0,0,489.11499999999995
12381.0,11,5,1656.95,0,0,331.39
12382.0,659,1,-18.38,1,1,-18.38
12383.0,162,6,1839.31,0,1,306.5516666666667
12384.0,6,3,566.16,0,0,188.72
12385.0,357,2,1923.4,1,1,961.7
12386.0,315,2,660.8,1,1,330.4
12387.0,392,1,143.94,1,1,143.94
12388.0,53,7,3614.71,0,0,516.3871428571429
12389.0,380,3,1433.33,1,1,477.77666666666664
12390.0,57,1,549.84,0,0,549.84
12391.0,442,6,2286.93,1,1,381.155
12392.0,569,1,234.75000000000003,1,1,234.75000000000003
12393.0,49,7,2376.75,0,0,339.5357142857143
12394.0,41,2,1272.48,0,0,636.24
12395.0,8,16,4783.64,0,0,298.9775
12396.0,652,1,931.43,1,1,931.43
12397.0,13,2,2409.9,0,0,1204.95
12398.0,23,1,1635.6599999999999,0,0,1635.6599999999999
12399.0,97,7,1962.3,0,1,280.3285714285714
12400.0,392,1,205.25,1,1,205.25
12401.0,281,1,84.3,1,1,84.3
12402.0,301,7,1244.15,1,1,177.7357142857143
12403.0,27,3,1001.36,0,0,333.7866666666667
12404.0,659,1,63.24,1,1,63.24
12405.0,126,1,1710.39,0,1,1710.39
12406.0,100,6,4278.16,0,1,713.0266666666666
12407.0,27,5,1708.1200000000001,0,0,341.624
12408.0,10,14,4279.64,0,0,305.68857142857144
12409.0,56,13,23090.47,0,0,1776.19
12410.0,278,4,1001.46,1,1,250.365
12411.0,387,1,346.9,1,1,346.9
12412.0,52,8,2581.03,0,0,322.62875
12413.0,44,6,935.5,0,0,155.91666666666666
12414.0,195,8,692.41,0,1,86.55125
12415.0,2,33,143269.29,2,0,4341.493636363637
12416.0,634,1,202.56,1,1,202.56
12417.0,7,26,6338.4800000000005,0,0,243.78769230769234
12418.0,90,5,2016.95,0,0,403.39
12419.0,363,2,503.01,1,1,251.505
12420.0,41,1,600.39,0,0,600.39
12421.0,92,7,914.35,0,1,130.62142857142857
12422.0,73,21,4119.35,0,0,196.15952380952382
12423.0,76,10,2403.55,0,0,240.35500000000002
12424.0,140,7,3289.78,0,1,469.96857142857147
12425.0,55,3,1680.81,0,0,560.27
12426.0,172,3,1311.41,0,1,437.1366666666667
12427.0,38,3,832.63,0,0,277.54333333333335
12428.0,3,12,7877.2,0,0,656.4333333333333
12429.0,150,8,6529.99,0,1,816.24875
12430.0,21,1,256.4,0,0,256.4
12431.0,13,33,10719.41,0,0,324.83060606060604
12432.0,20,5,5059.32,0,0,1011.8639999999999
12433.0,21,8,14946.88,0,0,1868.36
12434.0,62,5,1062.48,0,0,212.496
12435.0,57,6,13925.93,0,0,2320.9883333333332
12436.0,77,1,509.01,0,0,509.01
12437.0,14,44,11737.94,0,0,266.7713636363637
12438.0,118,1,890.0699999999999,0,1,890.0699999999999
12439.0,660,3,1104.48,1,1,368.16
12440.0,434,3,768.15,1,1,256.05
12441.0,344,1,347.1,1,1,347.1
12443.0,709,1,485.31,1,1,485.31
12444.0,36,4,4068.82,0,0,1017.205
12445.0,377,2,293.08000000000004,1,1,146.54000000000002
12446.0,35,1,1002.3100000000001,0,0,1002.3100000000001
12447.0,221,1,476.49,0,1,476.49
12448.0,22,1,449.45,0,0,449.45
12449.0,69,5,3493.18,0,0,698.636
12450.0,134,7,666.95,0,1,95.27857142857144
12451.0,43,8,11358.39,0,0,1419.79875
12453.0,112,1,707.09,0,1,707.09
12454.0,31,9,4292.71,0,0,476.96777777777777
12455.0,50,10,5879.95,0,0,587.995
12456.0,22,4,3153.89,0,0,788.4725
12457.0,36,14,2472.31,0,0,176.59357142857144
12458.0,48,4,1777.49,0,0,444.3725
12459.0,583,1,454.36,1,1,454.36
12460.0,434,1,326.65,1,1,326.65
12461.0,71,2,826.88,0,0,413.44
12462.0,272,2,741.3100000000001,1,1,370.65500000000003
12463.0,24,7,1303.63,0,0,186.23285714285717
12464.0,84,6,780.55,0,0,130.09166666666667
12465.0,147,1,440.94,0,1,440.94
12466.0,659,1,56.73,1,1,56.73
12467.0,363,2,0.0,1,1,0.0
12468.0,121,10,3624.55,0,1,362.45500000000004
12469.0,500,2,3070.54,1,1,1535.27
12470.0,667,1,211.95,1,1,211.95
12471.0,8,122,33052.42,2,0,270.92147540983603
12472.0,8,37,16956.69,0,0,458.2889189189189
12473.0,7,9,2848.23,0,0,316.47
12474.0,1,52,11561.33,0,0,222.33326923076922
12475.0,31,2,1149.64,0,0,574.82
12476.0,3,36,12063.91,0,0,335.1086111111111
12477.0,34,11,18135.95,0,0,1648.7227272727273
12480.0,6,8,5435.1,0,0,679.3875
12481.0,43,17,12030.23,0,0,707.6605882352941
12482.0,427,32,21893.53,1,1,684.1728125
12483.0,9,25,4520.150000000001,0,0,180.806
12484.0,10,16,6303.85,0,0,393.990625
12485.0,507,1,708.1,1,1,708.1
12486.0,409,1,1037.28,1,1,1037.28
12487.0,708,2,259.79999999999995,1,1,129.89999999999998
12488.0,17,2,767.45,0,0,383.725
12489.0,314,1,334.93,1,1,334.93
12490.0,3,20,8998.46,0,0,449.92299999999994
12491.0,16,1,460.40000000000003,0,0,460.40000000000003
12492.0,41,3,715.21,0,0,238.40333333333334
12493.0,143,3,416.79,0,1,138.93
12494.0,17,15,1638.82,0,0,109.25466666666667
12495.0,612,2,323.4,1,1,161.7
12496.0,598,2,54.09,1,1,27.045
12497.0,59,4,6211.75,0,0,1552.9375
12498.0,35,1,247.25,0,0,247.25
12499.0,538,1,393.72,1,1,393.72
12500.0,13,24,5255.27,0,0,218.96958333333336
12501.0,293,2,2089.68,1,1,1044.84
12502.0,73,5,3723.87,0,0,744.774
12503.0,315,2,0.0,1,1,0.0
12504.0,8,3,746.4,0,0,248.79999999999998
12505.0,279,3,908.0,1,1,302.6666666666667
12506.0,210,1,73.5,0,1,73.5
12507.0,111,5,1797.31,0,1,359.462
12508.0,3,2,398.27,0,0,199.135
12509.0,262,1,176.5,1,1,176.5
12510.0,120,16,3689.33,0,1,230.583125
12511.0,392,2,3065.77,1,1,1532.885
12512.0,44,2,138.03,0,0,69.015
12513.0,62,2,586.79,0,0,293.395
12514.0,244,2,1597.76,0,1,798.88
12515.0,330,1,383.7,1,1,383.7
12516.0,55,4,2648.62,0,0,662.155
12517.0,6,6,2464.89,0,0,410.815
12518.0,6,4,1717.75,0,0,429.4375
12519.0,41,3,695.19,0,0,231.73000000000002
12520.0,57,6,2582.51,0,0,430.41833333333335
12521.0,120,1,599.68,0,1,599.68
12522.0,16,2,192.72,0,0,96.36
12523.0,16,28,3977.63,0,0,142.05821428571429
12524.0,41,17,10783.56,0,0,634.3270588235293
12525.0,468,8,835.1800000000001,1,1,104.39750000000001
12526.0,31,2,1039.58,0,0,519.79
12527.0,59,5,735.51,0,0,147.102
12528.0,41,7,1550.68,0,0,221.5257142857143
12529.0,500,2,311.78000000000003,1,1,155.89000000000001
12530.0,37,12,3689.86,0,0,307.48833333333334
12531.0,658,2,1773.83,1,1,886.915
12532.0,8,1,349.83000000000004,0,0,349.83000000000004
12533.0,596,6,1149.99,1,1,191.665
12534.0,108,1,1089.18,0,1,1089.18
12535.0,69,2,716.35,0,0,358.175
12536.0,21,4,4279.71,0,0,1069.9275
12537.0,386,1,732.94,1,1,732.94
12538.0,6,2,640.45,0,0,320.225
12539.0,239,7,8448.24,0,1,1206.8914285714286
12540.0,8,35,21219.02,0,0,606.2577142857143
12541.0,7,3,981.18,0,0,327.06
12542.0,461,4,423.38,1,1,105.845
12543.0,425,1,980.25,1,1,980.25
12544.0,7,2,355.7,0,0,177.85
12545.0,53,2,1000.39,0,0,500.195
12546.0,24,3,1141.5,0,0,380.5
12547.0,175,3,383.58,0,1,127.86
12548.0,143,1,95.19999999999999,0,1,95.19999999999999
12549.0,553,6,1575.68,1,1,262.61333333333334
12550.0,57,1,964.83,0,0,964.83
12551.0,335,1,168.0,1,1,168.0
12552.0,16,2,437.82,0,0,218.91
12553.0,3,15,4275.53,0,0,285.0353333333333
12554.0,426,1,468.5,1,1,468.5
12555.0,659,1,129.23,1,1,129.23
12556.0,28,2,603.71,0,0,301.855
12557.0,136,7,15726.14,0,1,2246.5914285714284
12559.0,288,3,536.21,1,1,178.73666666666668
12560.0,78,3,1403.69,0,0,467.8966666666667
12561.0,280,1,238.85,1,1,238.85
12562.0,34,7,3692.65,0,0,527.5214285714286
12563.0,386,1,249.24,1,1,249.24
12564.0,239,1,456.9,0,1,456.9
12565.0,259,2,131.17,1,1,65.585
12566.0,50,2,346.7,0,0,173.35
12567.0,74,16,11842.52,0,0,740.1575
12568.0,622,1,70.0,1,1,70.0
12569.0,1,28,3165.67,0,0,113.05964285714286
12570.0,659,1,77.52,1,1,77.52
12571.0,17,2,519.61,0,0,259.805
12572.0,25,2,517.04,0,0,258.52
12573.0,204,5,717.41,0,1,143.482
12574.0,293,1,218.45,1,1,218.45
12575.0,435,2,622.8199999999999,1,1,311.40999999999997
12576.0,13,11,2083.87,0,0,189.44272727272727
12577.0,13,9,1591.35,0,0,176.81666666666666
12578.0,294,6,3386.6,1,1,564.4333333333333
12579.0,51,3,410.72,0,0,136.90666666666667
12580.0,224,2,1052.9,0,1,526.45
12581.0,17,1,197.71,0,0,197.71
12582.0,216,4,1980.4,0,1,495.1
12583.0,9,29,13252.41,0,0,456.9796551724138
12584.0,3,14,1477.05,0,0,105.50357142857142
12585.0,212,4,1982.81,0,1,495.7025
12586.0,346,4,1831.73,1,1,457.9325
12588.0,17,5,938.98,0,0,187.796
12589.0,6,11,3094.17,0,0,281.28818181818184
12590.0,168,5,9853.48,0,1,1970.696
12591.0,295,3,1352.15,1,1,450.7166666666667
12592.0,70,8,1152.62,0,0,144.0775
12593.0,86,3,418.09999999999997,0,0,139.36666666666665
12594.0,15,17,5044.51,0,0,296.7358823529412
12595.0,482,1,299.02,1,1,299.02
12596.0,29,2,618.27,0,0,309.135
12597.0,10,4,3477.17,0,0,869.2925
12598.0,6,13,3674.5299999999997,0,0,282.6561538461538
12599.0,7,13,2296.72,0,0,176.67076923076922
12600.0,6,26,4955.79,0,0,190.6073076923077
12601.0,167,7,673.76,0,1,96.25142857142858
12602.0,36,1,153.12,0,0,153.12
12604.0,57,2,254.18,0,0,127.09
12605.0,342,5,1217.95,1,1,243.59
12606.0,659,1,21.0,1,1,21.0
12607.0,35,2,3.552713678800501e-15,0,0,1.7763568394002505e-15
12608.0,382,1,415.79,1,1,415.79
12609.0,55,10,3417.86,0,0,341.786
12610.0,3,6,1809.79,0,0,301.63166666666666
12611.0,30,1,1193.32,0,0,1193.32
12612.0,35,2,643.59,0,0,321.795
12613.0,9,13,6591.52,0,0,507.04
12614.0,255,1,315.6,1,1,315.6
12615.0,14,10,5142.03,0,0,514.203
12616.0,62,7,1045.35,0,0,149.33571428571426
12617.0,7,1,355.53,0,0,355.53
12619.0,7,13,2956.25,0,0,227.40384615384616
12620.0,58,2,939.3199999999999,0,0,469.65999999999997
12621.0,1,43,23391.11,0,0,543.9793023255814
12622.0,209,1,180.1,0,1,180.1
12623.0,254,9,3639.84,0,1,404.4266666666667
12624.0,84,2,641.13,0,0,320.565
12625.0,189,5,5095.38,0,1,1019.076
12626.0,21,12,6136.38,0,0,511.365
12627.0,41,6,3911.55,0,0,651.9250000000001
12628.0,11,2,571.21,0,0,285.605
12629.0,363,2,1558.22,1,1,779.11
12630.0,21,1,701.79,0,0,701.79
12631.0,35,7,3452.27,0,0,493.18142857142857
12632.0,498,4,738.88,1,1,184.72
12633.0,36,10,5595.21,0,0,559.521
12634.0,513,2,490.0,1,1,245.0
12635.0,67,4,2930.41,0,0,732.6025
12636.0,716,1,141.0,1,1,141.0
12637.0,45,14,8271.66,0,0,590.8328571428572
12638.0,11,2,921.49,0,0,460.745
12639.0,216,3,1312.37,0,1,437.45666666666665
12640.0,1,3,1174.58,0,0,391.52666666666664
12641.0,93,1,185.9,0,1,185.9
12642.0,3,3,1013.26,0,0,337.75333333333333
12643.0,106,14,7880.9,0,1,562.9214285714286
12644.0,107,6,1815.54,0,1,302.59
12645.0,11,10,3499.1,0,0,349.90999999999997
12646.0,27,1,731.6899999999999,0,0,731.6899999999999
12647.0,55,44,17361.64,0,0,394.58272727272725
12648.0,132,5,1097.0,0,1,219.4
12649.0,85,10,2238.7,0,0,223.86999999999998
12651.0,312,5,365.3,1,1,73.06
12652.0,299,3,1011.58,1,1,337.1933333333333
12653.0,126,3,4160.83,0,1,1386.9433333333334
12654.0,15,4,508.98,0,0,127.245
12655.0,401,1,261.35,1,1,261.35
12656.0,9,11,5735.03,0,0,521.3663636363636
12657.0,19,2,660.94,0,0,330.47
12659.0,7,1,91.68,0,0,91.68
12661.0,413,1,162.0,1,1,162.0
12662.0,30,19,6274.67,0,0,330.2457894736842
12663.0,602,3,204.0,1,1,68.0
12664.0,13,10,4852.04,0,0,485.204
12665.0,302,5,301.45,1,1,60.29
12666.0,337,2,1020.98,1,1,510.49
12667.0,35,1,620.13,0,0,620.13
12668.0,226,10,10527.2,0,1,1052.72
12669.0,128,4,1607.73,0,1,401.9325
12670.0,7,6,3064.17,0,0,510.695
12671.0,583,1,2622.481,1,1,2622.481
12672.0,307,3,410.5,1,1,136.83333333333334
12673.0,304,2,840.4,1,1,420.2
12674.0,14,6,1922.26,0,0,320.37666666666667
12675.0,531,4,934.8,1,1,233.7
12676.0,2,12,2773.09,0,0,231.09083333333334
12677.0,533,3,389.3,1,1,129.76666666666668
12678.0,20,23,33851.13,0,0,1471.7882608695652
12679.0,30,9,1058.67,0,0,117.63000000000001
12680.0,51,3,613.36,0,0,204.45333333333335
12681.0,8,52,28806.44,0,0,553.97
12682.0,7,49,22273.82,0,0,454.5677551020408
12683.0,14,25,11621.12,0,0,464.8448
12684.0,2,6,2104.23,0,0,350.705
12685.0,6,6,2863.08,0,0,477.18
12686.0,349,1,178.28,1,1,178.28
12687.0,458,2,2138.91,1,1,1069.455
12688.0,91,1,4873.8099999999995,0,1,4873.8099999999995
12689.0,3,2,1247.61,0,0,623.805
12690.0,183,1,389.01,0,1,389.01
12691.0,5,7,1170.4,0,0,167.20000000000002
12692.0,615,1,110.95,1,1,110.95
12693.0,98,11,1640.42,0,1,149.1290909090909
12694.0,48,4,1839.45,0,0,459.8625
12695.0,44,6,1322.02,0,0,220.33666666666667
12696.0,412,3,801.15,1,1,267.05
12697.0,6,4,947.69,0,0,236.9225
12698.0,567,1,339.75,1,1,339.75
12699.0,395,1,638.11,1,1,638.11
12700.0,43,4,3589.24,0,0,897.31
12701.0,57,6,2446.41,0,0,407.73499999999996
12703.0,41,7,892.18,0,0,127.4542857142857
12704.0,13,6,1827.75,0,0,304.625
12705.0,20,19,10659.3,0,0,561.0157894736842
12706.0,659,1,-91.89,1,1,-91.89
12707.0,269,1,603.42,1,1,603.42
12708.0,7,30,5118.16,0,0,170.60533333333333
12709.0,20,53,29435.16,0,0,555.3803773584906
12710.0,74,4,1130.57,0,0,282.6425
12711.0,589,2,1339.05,1,1,669.525
12712.0,6,27,7004.66,0,0,259.43185185185183
12714.0,84,11,12774.55,0,0,1161.3227272727272
12715.0,84,1,353.86,0,0,353.86
12716.0,111,1,677.9,0,1,677.9
12717.0,129,4,1258.91,0,1,314.7275
12718.0,48,1,238.25,0,0,238.25
12719.0,37,2,246.75,0,0,123.375
12720.0,1,38,7229.33,0,0,190.24552631578948
12721.0,9,10,3906.68,0,0,390.668
12722.0,63,6,904.33,0,0,150.72166666666666
12723.0,42,2,299.40999999999997,0,0,149.70499999999998
12724.0,59,6,2109.2799999999997,0,0,351.5466666666666
12725.0,348,4,2694.56,1,1,673.64
12726.0,6,11,4014.6,0,0,364.96363636363634
12727.0,73,11,5003.53,0,0,454.8663636363636
12728.0,48,5,1070.17,0,0,214.03400000000002
12729.0,91,1,453.01,0,1,453.01
12730.0,499,1,829.25,1,1,829.25
12731.0,1,19,25673.21,0,0,1351.2215789473685
12732.0,157,1,236.26000000000002,0,1,236.26000000000002
12733.0,211,6,2326.82,0,1,387.80333333333334
12734.0,330,3,639.65,1,1,213.21666666666667
12735.0,293,2,779.5699999999999,1,1,389.78499999999997
12736.0,310,1,234.0,1,1,234.0
12737.0,476,2,3710.5,1,1,1855.25
12738.0,349,1,310.7,1,1,310.7
12739.0,56,4,2726.73,0,0,681.6825
12740.0,41,1,427.6,0,0,427.6
12741.0,507,2,406.07,1,1,203.035
12742.0,577,2,1185.02,1,1,592.51
12743.0,111,2,546.43,0,1,273.215
12744.0,29,14,13158.16,0,0,939.8685714285714
12745.0,464,3,925.41,1,1,308.46999999999997
12746.0,505,3,230.85000000000002,1,1,76.95
12747.0,44,30,8413.36,0,0,280.44533333333334
12748.0,1,323,43060.15,2,0,133.31315789473683
12749.0,91,14,4992.84,0,1,356.63142857142856
12750.0,106,1,275.88,0,1,275.88
12751.0,422,1,268.27,1,1,268.27
12752.0,59,1,4366.78,0,0,4366.78
12753.0,86,9,16332.46,0,0,1814.7177777777777
12754.0,213,5,2949.12,0,1,589.824
12755.0,227,22,6406.349999999999,0,1,291.19772727272726
12756.0,64,1,112.07999999999998,0,0,112.07999999999998
12757.0,3,18,3887.0,0,0,215.94444444444446
12758.0,94,8,9779.0,0,1,1222.375
12759.0,30,8,5020.74,0,0,627.5925
12760.0,433,1,347.8,1,1,347.8
12761.0,435,2,782.95,1,1,391.475
12762.0,3,1,461.59,0,0,461.59
12763.0,116,2,814.16,0,1,407.08
12764.0,294,1,1693.88,1,1,1693.88
12765.0,450,6,1404.58,1,1,234.09666666666666
12766.0,35,10,9308.0,0,0,930.8
12767.0,353,1,949.82,1,1,949.82
12768.0,409,2,3.552713678800501e-15,1,1,1.7763568394002505e-15
12769.0,216,1,1143.6,0,1,1143.6
12770.0,188,7,2975.95,0,1,425.13571428571424
12771.0,442,2,262.5,1,1,131.25
12772.0,37,1,892.47,0,0,892.47
12773.0,541,2,1.7763568394002505e-15,1,1,8.881784197001252e-16
12774.0,513,1,98.7,1,1,98.7
12775.0,167,7,1429.96,0,1,204.28
12776.0,645,1,55.5,1,1,55.5
12777.0,435,1,519.45,1,1,519.45
12778.0,41,8,1617.44,0,0,202.18
12779.0,15,20,6426.12,0,0,321.306
12780.0,576,1,337.4,1,1,337.4
12781.0,41,3,769.23,0,0,256.41
12782.0,127,13,4273.79,0,1,328.75307692307695
12783.0,10,7,1203.29,0,0,171.89857142857142
12784.0,507,1,1230.33,1,1,1230.33
12785.0,342,4,1085.55,1,1,271.3875
12786.0,587,1,728.5,1,1,728.5
12787.0,69,4,740.18,0,0,185.045
12788.0,441,4,444.9,1,1,111.225
12789.0,43,3,273.35,0,0,91.11666666666667
12790.0,170,3,563.45,0,1,187.8166666666667
12791.0,351,8,777.75,1,1,97.21875
12792.0,234,3,813.88,0,1,271.29333333333335
12793.0,312,3,1017.33,1,1,339.11
12794.0,31,2,860.41,0,0,430.205
12796.0,605,1,381.0,1,1,381.0
12797.0,337,6,725.46,1,1,120.91000000000001
12798.0,22,3,4859.33,0,0,1619.7766666666666
12799.0,506,1,219.35,1,1,219.35
12800.0,448,3,584.25,1,1,194.75
12801.0,455,2,1031.87,1,1,515.935
12802.0,161,9,2350.42,0,1,261.15777777777777
12803.0,371,1,1092.81,1,1,1092.81
12804.0,443,2,327.02,1,1,163.51
12805.0,359,4,1434.95,1,1,358.7375
12806.0,413,4,2878.96,1,1,719.74
12807.0,360,3,269.95,1,1,89.98333333333333
12808.0,14,5,906.1,0,0,181.22
12809.0,146,8,1705.34,0,1,213.1675
12810.0,512,2,534.99,1,1,267.495
12811.0,238,5,1033.9,0,1,206.78000000000003
12812.0,22,1,229.64000000000001,0,0,229.64000000000001
12813.0,479,3,1687.8,1,1,562.6
12814.0,79,1,125.92,0,0,125.92
12815.0,125,2,1063.46,0,1,531.73
12816.0,73,2,572.2,0,0,286.1
12817.0,258,3,690.98,1,1,230.32666666666668
12818.0,156,2,1517.88,0,1,758.94
12819.0,436,1,540.52,1,1,540.52
12820.0,22,12,2437.59,0,0,203.13250000000002
12821.0,191,2,220.8,0,1,110.4
12822.0,48,3,918.98,0,0,306.32666666666665
12823.0,52,18,6501.5,0,0,361.19444444444446
12824.0,37,1,397.12,0,0,397.12
12825.0,499,2,518.63,1,1,259.315
12826.0,6,14,2786.09,0,0,199.0064285714286
12827.0,10,2,318.7,0,0,159.35
12828.0,43,4,661.3100000000001,0,0,165.32750000000001
12829.0,300,4,345.35,1,1,86.3375
12830.0,15,7,6748.4,0,0,964.0571428571428
12831.0,240,3,451.11,0,1,150.37
12832.0,10,2,383.03,0,0,191.515
12833.0,123,1,417.38,0,1,417.38
12834.0,260,1,312.38,1,1,312.38
12835.0,395,49,6018.67,1,1,122.83
12836.0,37,17,6546.47,0,0,385.08647058823533
12837.0,150,2,688.41,0,1,344.205
12838.0,11,12,3376.03,0,0,281.33583333333337
12839.0,2,28,8613.18,0,0,307.61357142857145
12840.0,121,11,4013.87,0,1,364.8972727272727
12841.0,21,38,6950.03,0,0,182.89552631578945
12842.0,47,4,1917.99,0,0,479.4975
12843.0,43,34,6345.61,0,0,186.6355882352941
12844.0,7,4,648.6,0,0,162.15
12845.0,245,4,354.09,0,1,88.5225
12846.0,659,1,15.58,1,1,15.58
12847.0,365,1,765.36,1,1,765.36
12848.0,653,1,208.0,1,1,208.0
12849.0,9,6,3090.56,0,0,515.0933333333334
12850.0,423,1,330.0,1,1,330.0
12851.0,74,2,284.13,0,0,142.065
12852.0,268,2,299.75,1,1,149.875
12853.0,85,16,3728.5,0,0,233.03125
12854.0,56,11,2922.37,0,0,265.67
12855.0,350,4,650.9399999999999,1,1,162.73499999999999
12856.0,6,6,1600.19,0,0,266.6983333333333
12857.0,188,7,3684.25,0,1,526.3214285714286
12858.0,361,2,151.73,1,1,75.865
12859.0,436,1,575.1,1,1,575.1
12860.0,671,1,55.47,1,1,55.47
12861.0,597,1,68.25,1,1,68.25
12862.0,403,2,1008.3199999999999,1,1,504.15999999999997
12863.0,30,7,2775.5499999999997,0,0,396.5071428571428
12864.0,116,2,299.57,0,1,149.785
12865.0,4,5,3303.31,0,0,660.662
12866.0,261,3,1227.35,1,1,409.1166666666666
12867.0,3,16,7862.69,0,0,491.418125
12868.0,163,8,2247.06,0,1,280.8825
12869.0,659,1,337.66999999999996,1,1,337.66999999999996
12870.0,344,4,1647.15,1,1,411.7875
12871.0,62,3,744.02,0,0,248.00666666666666
12872.0,304,13,3678.34,1,1,282.9492307692308
12873.0,260,3,2027.3,1,1,675.7666666666667
12874.0,363,3,933.42,1,1,311.14
12875.0,120,5,1356.99,0,1,271.398
12876.0,35,5,4068.59,0,0,813.7180000000001
12877.0,2,19,2855.51,0,0,150.29000000000002
12878.0,214,2,854.99,0,1,427.495
12879.0,22,4,552.5699999999999,0,0,138.14249999999998
12880.0,359,2,640.13,1,1,320.065
12881.0,253,1,298.0,1,1,298.0
12882.0,11,1,471.84000000000003,0,0,471.84000000000003
12883.0,2,4,703.47,0,0,175.8675
12884.0,66,1,309.05,0,0,309.05
12885.0,41,4,1158.27,0,0,289.5675
12886.0,45,3,1351.09,0,0,450.3633333333333
12887.0,361,1,222.4,1,1,222.4
12888.0,191,4,313.77,0,1,78.4425
12889.0,358,6,365.66,1,1,60.943333333333335
12890.0,1,2,717.27,0,0,358.635
12891.0,163,12,819.5,0,1,68.29166666666667
12892.0,374,1,263.38,1,1,263.38
12893.0,8,1,188.14,0,0,188.14
12894.0,553,1,157.35,1,1,157.35
12895.0,20,3,347.3,0,0,115.76666666666667
12896.0,708,1,-29.75,1,1,-29.75
12897.0,182,4,514.25,0,1,128.5625
12898.0,441,2,310.96000000000004,1,1,155.48000000000002
12899.0,391,1,366.4,1,1,366.4
12900.0,400,1,340.33,1,1,340.33
12901.0,1,33,14474.79,0,0,438.63000000000005
12902.0,242,1,138.68,0,1,138.68
12903.0,406,1,833.53,1,1,833.53
12904.0,150,1,244.69,0,1,244.69
12905.0,554,3,1011.82,1,1,337.27333333333337
12906.0,56,2,1936.5900000000001,0,0,968.2950000000001
12907.0,373,3,440.36,1,1,146.78666666666666
12908.0,36,7,1272.0,0,0,181.71428571428572
12909.0,17,13,3034.77,0,0,233.44384615384615
12910.0,1,14,5747.02,0,0,410.5014285714286
12911.0,529,1,1680.47,1,1,1680.47
12912.0,1,2,457.98,0,0,228.99
12913.0,260,11,5083.62,0,1,462.1472727272727
12914.0,378,1,223.98,1,1,223.98
12915.0,126,8,1084.85,0,1,135.60625
12916.0,116,8,4630.22,0,1,578.7775
12917.0,105,8,4329.5,0,1,541.1875
12918.0,603,3,-10953.5,1,1,-3651.1666666666665
12919.0,9,6,744.02,0,0,124.00333333333333
12920.0,549,3,323.86,1,1,107.95333333333333
12921.0,8,98,31622.66,2,0,322.68020408163267
12922.0,138,1,405.38,0,1,405.38
12923.0,41,3,789.87,0,0,263.29
12924.0,66,14,2423.15,0,0,173.08214285714286
12925.0,52,2,403.59,0,0,201.795
12926.0,388,4,1548.46,1,1,387.115
12927.0,372,1,197.31,1,1,197.31
12928.0,13,12,4304.89,0,0,358.74083333333334
12929.0,100,2,105.1,0,1,52.55
12930.0,56,4,409.9,0,0,102.475
12931.0,5,69,68644.97,2,0,994.8546376811595
12932.0,517,8,1698.56,1,1,212.32
12933.0,1,11,1627.28,0,0,147.93454545454546
12934.0,714,1,181.65,1,1,181.65
12935.0,4,17,3838.23,0,0,225.77823529411765
12936.0,56,1,798.46,0,0,798.46
12937.0,49,8,2419.78,0,0,302.4725
12938.0,3,1,114.14,0,0,114.14
12939.0,42,20,25264.8,0,0,1263.24
12940.0,24,4,876.29,0,0,219.0725
12941.0,702,1,377.49,1,1,377.49
12942.0,109,3,942.65,0,1,314.21666666666664
12943.0,279,4,489.0,1,1,122.25
12944.0,13,2,604.51,0,0,302.255
12945.0,266,2,900.11,1,1,450.055
12946.0,414,1,324.45,1,1,324.45
12947.0,121,11,1711.33,0,1,155.57545454545453
12948.0,21,9,2096.2400000000002,0,0,232.91555555555558
12949.0,8,28,15391.0,0,0,549.6785714285714
12950.0,2,1,311.6,0,0,311.6
12951.0,141,19,2852.13,0,1,150.1121052631579
12952.0,7,4,1085.1100000000001,0,0,271.27750000000003
12953.0,500,1,498.96000000000004,1,1,498.96000000000004
12954.0,616,1,162.45,1,1,162.45
12955.0,15,11,3085.02,0,0,280.4563636363636
12956.0,283,4,521.89,1,1,130.4725
12957.0,3,19,7669.42,0,0,403.6536842105263
12958.0,377,2,539.49,1,1,269.745
12959.0,461,2,133.35,1,1,66.675
12960.0,391,4,1322.07,1,1,330.5175
12961.0,356,1,211.99,1,1,211.99
12962.0,91,1,170.54000000000002,0,1,170.54000000000002
12963.0,1,11,3017.36,0,0,274.30545454545455
12964.0,414,1,132.24,1,1,132.24
12965.0,66,1,771.91,0,0,771.91
12967.0,279,4,4276.97,1,1,1069.2425
12968.0,89,1,135.95,0,0,135.95
12969.0,580,1,122.45,1,1,122.45
12970.0,300,8,1096.53,1,1,137.06625
12971.0,3,111,13971.58,2,0,125.87009009009009
12972.0,391,6,1115.95,1,1,185.99166666666667
12973.0,391,1,385.55,1,1,385.55
12974.0,175,2,408.95,0,1,204.475
12975.0,407,8,1993.99,1,1,249.24875
12976.0,189,8,3156.38,0,1,394.5475
12977.0,133,4,517.63,0,1,129.4075
12978.0,363,6,2496.07,1,1,416.0116666666667
12979.0,706,2,479.53999999999996,1,1,239.76999999999998
12980.0,133,26,15909.390000000001,0,1,611.8996153846155
12981.0,7,2,372.21999999999997,0,0,186.10999999999999
12982.0,217,17,2562.12,0,1,150.7129411764706
12983.0,576,1,490.08000000000004,1,1,490.08000000000004
12985.0,6,1,754.38,0,0,754.38
12986.0,380,12,1991.5900000000001,1,1,165.96583333333334
12987.0,51,6,1298.51,0,0,216.41833333333332
12988.0,270,1,535.32,1,1,535.32
12989.0,31,35,12423.91,0,0,354.96885714285713
12990.0,9,7,955.5,0,0,136.5
12991.0,90,2,564.62,0,0,282.31
12992.0,702,1,93.35000000000001,1,1,93.35000000000001
12993.0,98,9,1148.9,0,1,127.65555555555557
12994.0,85,4,573.27,0,0,143.3175
12995.0,55,2,200.72,0,0,100.36
12996.0,353,1,355.5,1,1,355.5
12997.0,63,15,1754.6100000000001,0,0,116.974
12998.0,470,4,897.38,1,1,224.345
12999.0,174,3,455.88,0,1,151.96
13000.0,84,5,965.0,0,0,193.0
13001.0,135,35,22932.65,0,1,655.2185714285715
13002.0,296,3,414.13,1,1,138.04333333333332
13003.0,83,3,149.05,0,0,49.68333333333334
13004.0,4,45,10798.55,0,0,239.96777777777777
13005.0,151,6,935.03,0,1,155.83833333333334
13006.0,34,1,81.57,0,0,81.57
13007.0,557,1,175.25,1,1,175.25
13008.0,301,7,543.28,1,1,77.61142857142856
13009.0,650,1,234.0,1,1,234.0
13010.0,352,2,330.12,1,1,165.06
13011.0,349,1,101.10000000000001,1,1,101.10000000000001
13012.0,55,11,2150.1800000000003,0,0,195.47090909090912
13013.0,13,29,12009.07,0,0,414.1058620689655
13014.0,10,15,4611.23,0,0,307.4153333333333
13015.0,31,14,6465.72,0,0,461.83714285714285
13016.0,51,3,789.89,0,0,263.2966666666667
13018.0,4,36,9336.28,0,0,259.3411111111111
13019.0,357,8,1212.95,1,1,151.61875
13020.0,525,5,606.96,1,1,121.39200000000001
13021.0,3,23,4480.95,0,0,194.82391304347826
13022.0,407,1,65.3,1,1,65.3
13023.0,41,3,1449.03,0,0,483.01
13024.0,442,3,535.42,1,1,178.47333333333333
13025.0,709,1,323.39,1,1,323.39
13026.0,2,12,1489.6,0,0,124.13333333333333
13027.0,91,23,17148.0,0,1,745.5652173913044
13028.0,16,2,354.3,0,0,177.15
13029.0,8,5,1927.3,0,0,385.46
13030.0,346,1,855.48,1,1,855.48
13031.0,384,5,3419.27,1,1,683.854
13032.0,16,11,2817.59,0,0,256.1445454545455
13033.0,335,2,220.55,1,1,110.275
13034.0,32,3,922.68,0,0,307.56
13035.0,35,4,1328.95,0,0,332.2375
13036.0,662,1,307.1,1,1,307.1
13037.0,115,16,3842.55,0,1,240.159375
13038.0,58,3,908.46,0,0,302.82
13039.0,561,4,1010.73,1,1,252.6825
13040.0,11,1,303.25,0,0,303.25
13041.0,428,4,799.13,1,1,199.7825
13042.0,562,4,1522.79,1,1,380.6975
13043.0,231,2,471.57,0,1,235.785
13044.0,269,13,4824.2,0,1,371.09230769230766
13045.0,77,3,808.92,0,0,269.64
13046.0,8,3,949.25,0,0,316.4166666666667
13047.0,9,42,8466.72,0,0,201.5885714285714
13048.0,90,12,3574.3,0,0,297.85833333333335
13049.0,41,5,1384.14,0,0,276.82800000000003
13050.0,13,54,11124.94,0,0,206.0174074074074
13051.0,556,2,155.8,1,1,77.9
13052.0,190,7,3168.53,0,1,452.6471428571429
13053.0,599,1,127.65,1,1,127.65
13054.0,659,1,-14.0,1,1,-14.0
13055.0,41,6,2292.5099999999998,0,0,382.085
13056.0,529,1,209.48,1,1,209.48
13057.0,507,4,540.74,1,1,135.185
13058.0,2,3,271.40000000000003,0,0,90.46666666666668
13059.0,227,12,2272.62,0,1,189.385
13060.0,231,1,307.53,0,1,307.53
13061.0,49,1,248.61,0,0,248.61
13062.0,169,1,346.98,0,1,346.98
13063.0,458,1,188.4,1,1,188.4
13064.0,66,5,1403.58,0,0,280.716
13065.0,350,6,1255.96,1,1,209.32666666666668
13066.0,2,3,430.9,0,0,143.63333333333333
13067.0,60,3,508.51,0,0,169.50333333333333
13068.0,297,1,165.0,1,1,165.0
13069.0,31,39,8615.1,0,0,220.9
13070.0,170,5,743.9,0,1,148.78
13071.0,590,1,129.22,1,1,129.22
13072.0,244,1,177.15,0,1,177.15
13073.0,389,2,418.08,1,1,209.04
13074.0,488,5,1362.8400000000001,1,1,272.56800000000004
13075.0,107,1,919.61,0,1,919.61
13076.0,435,1,135.4,1,1,135.4
13077.0,267,13,2888.34,0,1,222.18
13078.0,2,88,27328.65,2,0,310.55284090909095
13079.0,53,4,371.48,0,0,92.87
13080.0,157,5,260.83,0,1,52.166
13081.0,2,40,56240.58,0,0,1406.0145
13082.0,103,25,7268.92,0,1,290.7568
13083.0,53,2,284.07,0,0,142.035
13084.0,465,2,116.44999999999999,1,1,58.224999999999994
13085.0,135,10,1459.46,0,1,145.946
13086.0,360,1,439.33000000000004,1,1,439.33000000000004
13087.0,704,1,313.64,1,1,313.64
13088.0,394,1,236.11,1,1,236.11
13089.0,1,239,106886.61,2,0,447.22430962343094
13090.0,9,28,12840.14,0,0,458.57642857142855
13091.0,5,5,-104.21999999999997,0,0,-20.843999999999994
13092.0,48,15,2007.33,0,0,133.822
13093.0,244,88,54073.729999999996,2,1,614.4742045454545
13094.0,58,16,2062.02,0,0,128.87625
13095.0,48,1,74.39999999999999,0,0,74.39999999999999
13096.0,372,1,419.70000000000005,1,1,419.70000000000005
13097.0,10,40,12861.73,0,0,321.54325
13098.0,6,34,24518.95,0,0,721.1455882352941
13099.0,76,1,207.35999999999999,0,0,207.35999999999999
13100.0,602,1,-1598.67,1,1,-1598.67
13101.0,212,4,695.4,0,1,173.85
13102.0,1,40,10937.99,0,0,273.44975
13103.0,17,3,709.64,0,0,236.54666666666665
13104.0,24,8,1369.62,0,0,171.2025
13105.0,414,1,72.0,1,1,72.0
13106.0,106,3,586.46,0,1,195.48666666666668
13107.0,22,15,5109.62,0,0,340.6413333333333
13108.0,350,2,1098.52,1,1,549.26
13109.0,28,6,1119.38,0,0,186.56333333333336
13110.0,9,14,2896.17,0,0,206.86928571428572
13111.0,696,1,321.88000000000005,1,1,321.88000000000005
13112.0,518,3,-5.44,1,1,-1.8133333333333335
13113.0,18,58,15924.09,0,0,274.553275862069
13114.0,708,1,234.38,1,1,234.38
13115.0,28,21,4891.39,0,0,232.92333333333335
13116.0,95,2,485.19,0,1,242.595
13117.0,99,18,2498.97,0,1,138.83166666666665
13118.0,186,9,1995.39,0,1,221.71
13119.0,646,1,134.9,1,1,134.9
13120.0,216,1,30.599999999999998,0,1,30.599999999999998
13121.0,246,2,254.73,0,1,127.365
13122.0,71,2,922.39,0,0,461.195
13123.0,450,2,506.75,1,1,253.375
13124.0,67,4,4782.45,0,0,1195.6125
13125.0,501,1,158.57,1,1,158.57
13126.0,16,18,3533.03,0,0,196.27944444444447
13127.0,55,1,259.17,0,0,259.17
13128.0,609,1,263.5,1,1,263.5
13129.0,430,2,233.25,1,1,116.625
13130.0,71,1,64.0,0,0,64.0
13131.0,1,8,3279.77,0,0,409.97125
13132.0,239,1,77.3,0,1,77.3
13133.0,251,3,200.45000000000002,1,1,66.81666666666668
13134.0,50,9,2422.28,0,0,269.14222222222224
13135.0,174,2,3371.45,0,1,1685.725
13136.0,27,24,6077.8,0,0,253.24166666666667
13137.0,6,16,7206.54,0,0,450.40875
13138.0,24,7,1323.79,0,0,189.11285714285714
13139.0,3,8,7840.31,0,0,980.03875
13140.0,85,5,1215.68,0,0,243.13600000000002
13141.0,62,21,7536.63,0,0,358.88714285714286
13143.0,559,2,399.2,1,1,199.6
13144.0,310,2,135.35,1,1,67.675
13145.0,17,8,1419.77,0,0,177.47125
13146.0,3,1,228.91,0,0,228.91
13147.0,8,3,475.20000000000005,0,0,158.4
13148.0,7,36,8123.6,0,0,225.65555555555557
13149.0,84,3,1132.62,0,0,377.53999999999996
13150.0,448,4,435.02,1,1,108.755
13151.0,181,5,2511.69,0,1,502.338
13152.0,395,9,2114.98,1,1,234.99777777777777
13154.0,122,5,997.4300000000001,0,1,199.48600000000002
13155.0,10,6,1750.18,0,0,291.69666666666666
13156.0,363,3,1586.54,1,1,528.8466666666667
13157.0,27,10,5667.71,0,0,566.771
13158.0,72,5,1508.18,0,0,301.636
13159.0,28,4,1097.19,0,0,274.2975
13161.0,291,2,478.88,1,1,239.44
13162.0,99,19,9116.94,0,1,479.8389473684211
13163.0,587,2,0.0,1,1,0.0
13164.0,547,3,297.46000000000004,1,1,99.15333333333335
13165.0,24,3,1451.16,0,0,483.72
13166.0,260,3,881.68,1,1,293.8933333333333
13167.0,45,4,993.49,0,0,248.3725
13168.0,14,6,1866.26,0,0,311.04333333333335
13169.0,41,3,840.08,0,0,280.0266666666667
13170.0,4,1,116.00999999999999,0,0,116.00999999999999
13171.0,26,2,272.89,0,0,136.445
13172.0,378,1,69.6,1,1,69.6
13173.0,345,12,2432.79,1,1,202.7325
13174.0,293,11,8786.08,1,1,798.7345454545455
13175.0,531,4,793.1,1,1,198.275
13176.0,23,1,492.84,0,0,492.84
13177.0,42,2,512.2,0,0,256.1
13178.0,3,25,13997.89,0,0,559.9155999999999
13179.0,596,1,572.3100000000001,1,1,572.3100000000001
13180.0,585,1,86.10000000000001,1,1,86.10000000000001
13181.0,359,1,359.69,1,1,359.69
13182.0,23,1,121.18,0,0,121.18
13183.0,15,17,6581.820000000001,0,0,387.1658823529412
13184.0,108,11,1451.94,0,1,131.99454545454546
13185.0,245,1,71.4,1,1,71.4
13186.0,17,5,1539.69,0,0,307.938
13187.0,314,5,348.31,1,1,69.662
13189.0,93,1,127.0,0,1,127.0
13190.0,521,4,518.76,1,1,129.69
13191.0,635,1,164.69,1,1,164.69
13192.0,73,8,2544.53,0,0,318.06625
13193.0,39,1,117.88,0,0,117.88
13194.0,113,2,472.78,0,1,236.39
13195.0,392,1,172.38,1,1,172.38
13196.0,62,6,2848.81,0,0,474.8016666666667
13197.0,587,1,373.01000000000005,1,1,373.01000000000005
13198.0,41,11,4520.22,0,0,410.9290909090909
13199.0,1,61,14717.64,0,0,241.2727868852459
13200.0,52,2,627.01,0,0,313.505
13201.0,480,4,1240.6100000000001,1,1,310.15250000000003
13202.0,356,8,1571.35,1,1,196.41875
13203.0,17,10,2467.33,0,0,246.733
13204.0,709,1,966.6600000000001,1,1,966.6600000000001
13205.0,420,1,2803.2,1,1,2803.2
13206.0,377,15,8280.13,1,1,552.0086666666666
13207.0,128,3,483.12000000000006,0,1,161.04000000000002
13208.0,36,10,1970.5,0,0,197.05
13209.0,8,16,8438.06,0,0,527.37875
13210.0,71,1,353.48,0,0,353.48
13211.0,72,11,2396.09,0,0,217.82636363636365
13212.0,39,2,291.47,0,0,145.735
13213.0,34,14,3834.62,0,0,273.90142857142854
13214.0,395,7,3264.23,1,1,466.31857142857143
13215.0,379,1,81.6,1,1,81.6
13216.0,245,1,333.74,1,1,333.74
13217.0,99,6,266.12,0,1,44.35333333333333
13218.0,104,1,62.63999999999999,0,1,62.63999999999999
13219.0,596,1,76.23,1,1,76.23
13220.0,56,5,1336.0900000000001,0,0,267.218
13221.0,217,2,847.41,0,1,423.705
13222.0,555,1,88.5,1,1,88.5
13223.0,178,6,969.1200000000001,0,1,161.52
13224.0,38,3,2150.85,0,0,716.9499999999999
13225.0,38,16,14516.07,0,0,907.254375
13226.0,251,2,312.46,1,1,156.23
13227.0,179,1,257.7,0,1,257.7
13228.0,59,1,358.0,0,0,358.0
13229.0,203,1,160.95,0,1,160.95
13230.0,6,30,5919.96,0,0,197.332
13231.0,523,1,-355.2,1,1,-355.2
13232.0,4,6,1169.7,0,0,194.95000000000002
13233.0,52,4,1176.46,0,0,294.115
13234.0,650,2,356.95,1,1,178.475
13235.0,189,2,101.17000000000007,0,1,50.585000000000036
13236.0,2,3,727.27,0,0,242.42333333333332
13237.0,365,1,643.0,1,1,643.0
13238.0,141,4,624.75,0,1,156.1875
13239.0,239,6,1579.84,0,1,263.3066666666667
13240.0,74,9,1661.17,0,0,184.57444444444445
13241.0,389,1,115.58,1,1,115.58
13242.0,90,7,699.4,0,0,99.91428571428571
13243.0,181,5,1278.04,0,1,255.608
13244.0,70,1,121.74000000000001,0,0,121.74000000000001
13245.0,28,2,989.22,0,0,494.61
13246.0,154,12,3216.57,0,1,268.0475
13247.0,29,2,390.87,0,0,195.435
13248.0,102,2,465.68,0,1,232.84
13249.0,70,9,1608.93,0,0,178.77
13250.0,430,3,248.54000000000002,1,1,82.84666666666668
13251.0,380,1,252.68,1,1,252.68
13252.0,371,3,341.3,1,1,113.76666666666667
13253.0,134,4,2951.11,0,1,737.7775
13254.0,353,1,51.410000000000004,1,1,51.410000000000004
13255.0,351,2,730.65,1,1,365.325
13257.0,405,3,117.95,1,1,39.31666666666667
13258.0,1,4,931.5799999999999,0,0,232.89499999999998
13259.0,39,9,1433.38,0,0,159.26444444444445
13260.0,39,1,557.62,0,0,557.62
13261.0,246,2,944.1,0,1,472.05
13262.0,241,3,573.45,0,1,191.15
13263.0,21,35,7834.76,0,0,223.85028571428572
13264.0,420,1,722.5600000000001,1,1,722.5600000000001
13265.0,31,5,2107.66,0,0,421.532
13266.0,7,28,5687.89,0,0,203.13892857142858
13267.0,2,47,8877.630000000001,0,0,188.88574468085108
13268.0,2,13,2843.38,0,0,218.72153846153847
13269.0,23,26,7433.01,0,0,285.885
13270.0,344,1,1180.0,1,1,1180.0
13271.0,15,2,178.26,0,0,89.13
13272.0,9,2,276.56,0,0,138.28
13273.0,91,1,138.98,0,1,138.98
13274.0,387,1,360.85,1,1,360.85
13275.0,361,2,241.66,1,1,120.83
13276.0,41,7,1918.56,0,0,274.08
13277.0,3,6,440.3,0,0,73.38333333333334
13278.0,18,5,1428.2,0,0,285.64
13279.0,41,2,126.30000000000001,0,0,63.150000000000006
13280.0,100,8,2297.13,0,1,287.14125
13281.0,414,3,306.45,1,1,102.14999999999999
13282.0,56,6,869.85,0,0,144.975
13283.0,37,4,373.36,0,0,93.34
13284.0,300,2,196.15,1,1,98.075
13285.0,1,6,3364.59,0,0,560.765
13286.0,577,1,734.91,1,1,734.91
13287.0,561,7,519.67,1,1,74.23857142857142
13288.0,420,6,892.16,1,1,148.69333333333333
13289.0,701,1,307.95,1,1,307.95
13290.0,408,3,-208.63,1,1,-69.54333333333334
13291.0,133,11,3320.84,0,1,301.8945454545455
13292.0,16,6,987.79,0,0,164.63166666666666
13293.0,370,7,1180.34,1,1,168.61999999999998
13294.0,167,3,1689.53,0,1,563.1766666666666
13295.0,337,9,1058.02,1,1,117.55777777777777
13296.0,115,6,792.51,0,1,132.085
13297.0,1,7,4029.15,0,0,575.5928571428572
13299.0,246,5,1173.3,0,1,234.66
13300.0,142,5,1267.21,0,1,253.442
13301.0,81,4,618.09,0,0,154.5225
13302.0,132,2,159.2,0,1,79.6
13303.0,378,1,61.72,1,1,61.72
13304.0,329,7,1120.79,1,1,160.11285714285714
13305.0,70,14,3225.1,0,0,230.3642857142857
13306.0,408,1,53.65,1,1,53.65
13307.0,97,3,273.34,0,1,91.11333333333333
13308.0,30,4,1366.59,0,0,341.6475
13309.0,23,5,1471.49,0,0,294.298
13310.0,5,7,1509.4,0,0,215.62857142857143
13311.0,128,1,490.11,0,1,490.11
13312.0,429,1,124.75,1,1,124.75
13313.0,13,14,3110.59,0,0,222.185
13314.0,29,3,392.19,0,0,130.73
13315.0,666,1,310.26,1,1,310.26
13316.0,15,12,12906.93,0,0,1075.5775
13317.0,41,31,6068.531,0,0,195.75906451612903
13318.0,15,1,302.96,0,0,302.96
13319.0,7,76,21102.11,2,0,277.6593421052632
13320.0,48,9,2160.95,0,0,240.10555555555553
13321.0,49,2,567.36,0,0,283.68
13323.0,9,2,218.0,0,0,109.0
13324.0,9,23,10421.369999999999,0,0,453.1030434782608
13325.0,59,1,675.3,0,0,675.3
13326.0,409,1,281.76,1,1,281.76
13327.0,16,22,9741.03,0,0,442.77409090909094
13328.0,294,1,1308.48,1,1,1308.48
13329.0,9,14,4977.0199999999995,0,0,355.50142857142856
13330.0,70,6,2806.18,0,0,467.69666666666666
13331.0,379,1,262.4,1,1,262.4
13333.0,389,3,1015.74,1,1,338.58
13334.0,60,6,6257.0,0,0,1042.8333333333333
13335.0,518,1,-955.06,1,1,-955.06
13336.0,55,1,795.12,0,0,795.12
13337.0,496,2,1548.55,1,1,774.275
13338.0,132,10,2223.62,0,1,222.362
13339.0,178,1,860.12,0,1,860.12
13340.0,23,12,22100.56,0,0,1841.7133333333334
13341.0,238,1,775.85,0,1,775.85
13342.0,559,1,-14.100000000000001,1,1,-14.100000000000001
13343.0,150,2,303.93,0,1,151.965
13344.0,45,3,2543.72,0,0,847.9066666666666
13345.0,254,2,377.6,1,1,188.8
13346.0,440,6,299.4,1,1,49.9
13347.0,48,1,341.36,0,0,341.36
13348.0,41,1,233.76,0,0,233.76
13350.0,27,2,578.17,0,0,289.085
13351.0,44,1,373.94,0,0,373.94
13352.0,38,1,397.97999999999996,0,0,397.97999999999996
13353.0,366,1,-28.849999999999998,1,1,-28.849999999999998
13354.0,49,1,743.53,0,0,743.53
13355.0,100,1,674.7,0,1,674.7
13356.0,58,1,768.24,0,0,768.24
13357.0,235,5,3838.36,0,1,767.672
13358.0,246,1,439.03,1,1,439.03
13359.0,36,4,1001.96,0,0,250.49
13360.0,405,7,1464.1,1,1,209.15714285714284
13361.0,450,2,1450.5,1,1,725.25
13362.0,30,8,4609.72,0,0,576.215
13363.0,21,2,1335.18,0,0,667.59
13364.0,44,2,0.0,0,0,0.0
13365.0,11,3,2198.47,0,0,732.8233333333333
13366.0,28,1,56.160000000000004,0,0,56.160000000000004
13367.0,409,1,510.20000000000005,1,1,510.20000000000005
13368.0,234,5,1086.1,0,1,217.21999999999997
13369.0,332,2,572.03,1,1,286.015
13370.0,343,2,1442.64,1,1,721.32
13371.0,476,4,2271.46,1,1,567.865
13372.0,67,1,378.64,0,0,378.64
13373.0,38,6,7587.1900000000005,0,0,1264.5316666666668
13374.0,392,2,422.8,1,1,211.4
13375.0,58,3,1786.48,0,0,595.4933333333333
13376.0,76,3,1019.76,0,0,339.92
13377.0,374,4,1495.43,1,1,373.8575
13378.0,400,1,-756.4,1,1,-756.4
13379.0,4,3,572.56,0,0,190.85333333333332
13380.0,410,1,62.4,1,1,62.4
13381.0,9,14,8197.52,0,0,585.5371428571428
13382.0,258,5,1387.58,1,1,277.51599999999996
13383.0,521,1,305.28000000000003,1,1,305.28000000000003
13384.0,8,15,6635.09,0,0,442.33933333333334
13385.0,307,1,534.57,1,1,534.57
13386.0,392,2,835.46,1,1,417.73
13387.0,395,1,189.44,1,1,189.44
13388.0,99,4,1135.7,0,1,283.925
13389.0,52,2,580.15,0,0,290.075
13390.0,52,1,544.08,0,0,544.08
13391.0,181,1,59.8,0,1,59.8
13392.0,655,1,91.14,1,1,91.14
13393.0,561,6,1105.85,1,1,184.3083333333333
13394.0,15,23,6021.78,0,0,261.81652173913045
13395.0,163,3,1180.23,0,1,393.41
13396.0,6,3,1344.64,0,0,448.21333333333337
13397.0,50,13,3094.11,0,0,238.00846153846155
13398.0,170,2,670.34,0,1,335.17
13399.0,442,3,275.4,1,1,91.8
13400.0,552,2,300.93,1,1,150.465
13401.0,601,1,-1834.14,1,1,-1834.14
13402.0,104,4,1535.13,0,1,383.7825
13403.0,365,2,154.5,1,1,77.25
13404.0,190,1,217.81,0,1,217.81
13405.0,51,9,1196.561,0,0,132.9512222222222
13406.0,405,3,557.22,1,1,185.74
13407.0,556,6,2111.89,1,1,351.9816666666666
13408.0,1,127,47641.062,2,0,375.1264724409449
13409.0,601,1,-525.65,1,1,-525.65
13410.0,1,11,2180.81,0,0,198.25545454545454
13411.0,85,1,213.55,0,0,213.55
13412.0,597,1,487.34999999999997,1,1,487.34999999999997
13413.0,617,8,345.8,1,1,43.225
13414.0,111,7,2482.24,0,1,354.60571428571427
13415.0,450,5,681.92,1,1,136.384
13416.0,21,3,940.8000000000001,0,0,313.6
13417.0,182,6,1189.06,0,1,198.17666666666665
13418.0,36,36,11227.54,0,0,311.87611111111113
13419.0,41,1,221.06,0,0,221.06
13420.0,112,4,140.35,0,1,35.0875
13421.0,18,11,4088.82,0,0,371.7109090909091
13422.0,29,2,2601.55,0,0,1300.775
13423.0,406,1,217.03,1,1,217.03
13424.0,421,2,557.92,1,1,278.96
13425.0,85,8,3375.9300000000003,0,0,421.99125000000004
13426.0,4,22,7486.5,0,0,340.29545454545456
13427.0,98,5,888.79,0,1,177.75799999999998
13428.0,492,2,281.51,1,1,140.755
13429.0,27,3,693.0,0,0,231.0
13430.0,50,3,305.55,0,0,101.85000000000001
13431.0,45,9,3289.24,0,0,365.4711111111111
13432.0,549,2,439.1,1,1,219.55
13433.0,414,5,656.87,1,1,131.374
13434.0,52,5,1666.8600000000001,0,0,333.372
13435.0,2,9,4021.6800000000003,0,0,446.85333333333335
13437.0,2,6,2948.2400000000002,0,0,491.3733333333334
13438.0,524,1,46.5,1,1,46.5
13439.0,233,3,986.61,0,1,328.87
13440.0,400,10,1213.95,1,1,121.39500000000001
13441.0,69,2,720.9,0,0,360.45
13442.0,645,3,419.87,1,1,139.95666666666668
13443.0,426,7,1247.71,1,1,178.24428571428572
13444.0,352,2,631.6800000000001,1,1,315.84000000000003
13445.0,603,1,241.89999999999998,1,1,241.89999999999998
13446.0,397,18,3608.86,1,1,200.49222222222224
13447.0,1,4,1104.23,0,0,276.0575
13448.0,57,18,7397.43,0,0,410.96833333333336
13449.0,1,1,291.88,0,0,291.88
13450.0,4,14,4117.54,0,0,294.11
13451.0,3,13,7119.97,0,0,547.69
13452.0,237,3,729.8,0,1,243.26666666666665
13453.0,143,5,758.99,0,1,151.798
13454.0,619,1,219.87,1,1,219.87
13455.0,2,11,2773.82,0,0,252.16545454545457
13456.0,41,5,1280.92,0,0,256.184
13457.0,666,4,143.27,1,1,35.8175
13458.0,1,22,11299.3,0,0,513.6045454545455
13459.0,602,2,1160.4099999999999,1,1,580.2049999999999
13460.0,6,2,183.44,0,0,91.72
13461.0,16,8,4138.5,0,0,517.3125
13462.0,160,6,1145.6,0,1,190.9333333333333
13463.0,398,1,-158.65,1,1,-158.65
13464.0,36,7,3083.89,0,0,440.55571428571426
13465.0,424,2,931.12,1,1,465.56
13466.0,77,7,952.25,0,0,136.03571428571428
13467.0,13,1,782.46,0,0,782.46
13468.0,7,83,12695.14,2,0,152.9534939759036
13469.0,631,1,82.4,1,1,82.4
13470.0,77,2,165.0,0,0,82.5
13471.0,25,1,941.67,0,0,941.67
13472.0,441,2,592.24,1,1,296.12
13473.0,38,10,2410.98,0,0,241.098
13474.0,214,3,663.79,0,1,221.26333333333332
13475.0,169,4,1431.78,0,1,357.945
13476.0,156,7,1915.77,0,1,273.68142857142857
13477.0,15,13,2821.12,0,0,217.00923076923075
13478.0,447,7,2068.03,1,1,295.4328571428572
13479.0,175,7,808.5,0,1,115.5
13480.0,394,2,627.82,1,1,313.91
13481.0,23,14,3798.84,0,0,271.3457142857143
13482.0,209,2,336.09,0,1,168.045
13483.0,43,1,140.34,0,0,140.34
13484.0,218,4,767.32,0,1,191.83
13485.0,211,15,2957.92,0,1,197.19466666666668
13486.0,56,3,1122.41,0,0,374.1366666666667
13487.0,35,5,846.87,0,0,169.374
13488.0,21,28,14791.59,0,0,528.2710714285714
13489.0,83,4,449.52,0,0,112.38
13490.0,632,1,154.25,1,1,154.25
13491.0,29,27,4566.56,0,0,169.13185185185188
13492.0,114,3,1269.84,0,1,423.28
13493.0,252,2,618.63,1,1,309.315
13494.0,289,1,316.26000000000005,1,1,316.26000000000005
13495.0,13,12,4933.97,0,0,411.1641666666667
13496.0,335,2,465.61,1,1,232.805
13497.0,260,7,1266.33,0,1,180.9042857142857
13498.0,707,1,327.38,1,1,327.38
13499.0,7,6,925.3199999999999,0,0,154.22
13500.0,6,4,938.33,0,0,234.5825
13501.0,220,5,2840.26,0,1,568.052
13502.0,252,5,671.76,0,1,134.352
13503.0,49,12,1793.54,0,0,149.46166666666667
13504.0,42,1,295.93,0,0,295.93
13505.0,45,8,4282.88,0,0,535.36
13506.0,289,8,1609.65,1,1,201.20625
13507.0,75,3,2022.79,0,0,674.2633333333333
13508.0,221,2,287.05,0,1,143.525
13509.0,30,7,1016.62,0,0,145.23142857142858
13510.0,23,16,4146.53,0,0,259.158125
13511.0,461,2,244.61,1,1,122.305
13512.0,238,4,713.39,0,1,178.3475
13513.0,104,4,796.99,0,1,199.2475
13514.0,51,4,815.9000000000001,0,0,203.97500000000002
13515.0,50,6,1265.82,0,0,210.97
13516.0,50,3,916.26,0,0,305.42
13517.0,37,5,2109.07,0,0,421.814
13518.0,63,1,659.4399999999999,0,0,659.4399999999999
13519.0,27,3,331.26,0,0,110.42
13520.0,36,15,6680.65,0,0,445.37666666666667
13522.0,8,1,125.80000000000001,0,0,125.80000000000001
13523.0,11,7,4892.02,0,0,698.86
13524.0,18,5,680.1800000000001,0,0,136.036
13525.0,225,1,282.88,0,1,282.88
13526.0,716,4,942.5999999999999,1,1,235.64999999999998
13527.0,11,14,4650.04,0,0,332.1457142857143
13528.0,659,1,-40.0,1,1,-40.0
13529.0,56,2,307.76,0,0,153.88
13530.0,612,1,402.97999999999996,1,1,402.97999999999996
13531.0,182,6,1738.52,0,1,289.75333333333333
13532.0,11,1,210.31,0,0,210.31
13533.0,160,3,270.79,0,1,90.26333333333334
13534.0,10,59,6967.3,0,0,118.08983050847458
13535.0,380,1,89.5,1,1,89.5
13536.0,4,3,1497.9,0,0,499.3
13537.0,403,2,717.85,1,1,358.925
13538.0,20,12,3112.73,0,0,259.39416666666665
13539.0,63,9,1531.26,0,0,170.14
13540.0,445,3,632.39,1,1,210.79666666666665
13541.0,400,3,717.9,1,1,239.29999999999998
13542.0,354,18,3970.77,1,1,220.59833333333333
13543.0,612,2,1439.6100000000001,1,1,719.8050000000001
13544.0,17,7,820.5,0,0,117.21428571428571
13545.0,368,3,347.35,1,1,115.78333333333335
13546.0,31,4,883.4300000000001,0,0,220.85750000000002
13547.0,386,1,175.53,1,1,175.53
13548.0,74,3,908.99,0,0,302.99666666666667
13549.0,3,9,1003.72,0,0,111.52444444444444
13550.0,360,1,349.51,1,1,349.51
13551.0,297,2,244.2,1,1,122.1
13552.0,44,32,6618.63,0,0,206.8321875
13553.0,652,1,517.8,1,1,517.8
13554.0,358,10,1556.3899999999999,1,1,155.63899999999998
13555.0,51,16,8906.34,0,0,556.64625
13556.0,406,2,200.82,1,1,100.41
13557.0,5,16,2980.08,0,0,186.255
13558.0,1,3,482.38,0,0,160.79333333333332
13559.0,490,2,990.0,1,1,495.0
13561.0,193,11,1820.72,0,1,165.52
13562.0,59,8,4838.18,0,0,604.7725
13563.0,62,2,777.53,0,0,388.765
13564.0,122,54,15786.720000000001,0,1,292.3466666666667
13565.0,312,2,284.76,1,1,142.38
13566.0,18,5,1708.1200000000001,0,0,341.624
13567.0,406,5,1078.59,1,1,215.718
13568.0,151,1,192.85,0,1,192.85
13569.0,345,3,638.35,1,1,212.78333333333333
13570.0,221,1,239.49,0,1,239.49
13571.0,4,25,4322.75,0,0,172.91
13572.0,183,1,1384.25,0,1,1384.25
13573.0,28,6,916.47,0,0,152.745
13574.0,389,1,421.25,1,1,421.25
13575.0,1,5,732.0699999999999,0,0,146.414
13576.0,7,30,10969.44,0,0,365.648
13577.0,3,14,3346.62,0,0,239.0442857142857
13578.0,387,1,147.66,1,1,147.66
13579.0,346,5,1233.5,1,1,246.7
13580.0,384,1,107.75,1,1,107.75
13581.0,287,2,280.53000000000003,1,1,140.26500000000001
13582.0,367,2,241.68,1,1,120.84
13583.0,133,2,1445.031,0,1,722.5155
13584.0,284,5,347.15,1,1,69.42999999999999
13585.0,508,4,674.46,1,1,168.615
13586.0,519,1,131.53,1,1,131.53
13587.0,9,6,1308.1,0,0,218.01666666666665
13588.0,6,12,2224.92,0,0,185.41
13589.0,157,5,888.09,0,1,177.618
13590.0,29,20,5985.15,0,0,299.2575
13591.0,42,8,2081.19,0,0,260.14875
13592.0,13,4,247.95999999999998,0,0,61.989999999999995
13593.0,86,16,5475.21,0,0,342.200625
13594.0,30,3,508.42,0,0,169.47333333333333
13595.0,494,3,818.22,1,1,272.74
13597.0,366,3,372.21,1,1,124.07
13598.0,25,6,776.84,0,0,129.47333333333333
13599.0,7,42,8517.44,0,0,202.79619047619047
13600.0,289,2,518.42,1,1,259.21
13601.0,22,4,1185.14,0,0,296.285
13602.0,42,4,1025.17,0,0,256.2925
13603.0,3,1,164.34,0,0,164.34
13604.0,629,2,713.39,1,1,356.695
13605.0,364,2,522.67,1,1,261.335
13606.0,6,3,280.53999999999996,0,0,93.51333333333332
13607.0,17,3,1060.6100000000001,0,0,353.5366666666667
13608.0,518,1,236.2,1,1,236.2
13609.0,571,1,167.35,1,1,167.35
13610.0,31,16,2025.89,0,0,126.618125
13611.0,67,14,3281.03,0,0,234.35928571428573
13612.0,495,2,777.79,1,1,388.895
13613.0,430,5,1039.8500000000001,1,1,207.97000000000003
13614.0,2,6,2359.19,0,0,393.1983333333333
13615.0,290,12,6212.2300000000005,1,1,517.6858333333333
13616.0,546,2,288.1,1,1,144.05
13617.0,18,9,1263.8,0,0,140.42222222222222
13618.0,151,1,177.34,0,1,177.34
13619.0,522,2,231.69,1,1,115.845
13620.0,506,1,112.34,1,1,112.34
13621.0,94,1,213.85,0,1,213.85
13622.0,666,2,651.45,1,1,325.725
13623.0,8,15,2446.36,0,0,163.09066666666666
13624.0,358,2,427.18,1,1,213.59
13625.0,574,1,301.26,1,1,301.26
13626.0,230,3,689.49,0,1,229.83
13627.0,37,10,2217.55,0,0,221.75500000000002
13628.0,654,1,310.14,1,1,310.14
13629.0,1,19,13370.86,0,0,703.7294736842106
13630.0,53,10,1763.68,0,0,176.368
13631.0,77,12,3021.77,0,0,251.81416666666667
13632.0,2,10,3634.7000000000003,0,0,363.47
13633.0,580,1,-306.66,1,1,-306.66
13634.0,11,17,4519.55,0,0,265.8558823529412
13635.0,45,6,2948.22,0,0,491.36999999999995
13636.0,14,6,941.62,0,0,156.93666666666667
13637.0,30,3,810.5,0,0,270.1666666666667
13639.0,52,2,1346.27,0,0,673.135
13640.0,588,1,405.0,1,1,405.0
13641.0,618,7,921.82,1,1,131.68857142857144
13642.0,193,5,501.97,0,1,100.394
13643.0,8,15,2112.17,0,0,140.81133333333335
13644.0,22,3,1845.3400000000001,0,0,615.1133333333333
13645.0,97,1,252.1,0,1,252.1
13646.0,377,3,323.3,1,1,107.76666666666667
13647.0,41,8,2661.56,0,0,332.695
13648.0,378,11,1679.01,1,1,152.63727272727272
13649.0,234,6,1678.88,0,1,279.81333333333333
13650.0,44,15,2800.26,0,0,186.68400000000003
13651.0,13,4,208.95,0,0,52.2375
13652.0,23,5,2570.85,0,0,514.17
13653.0,465,1,152.2,1,1,152.2
13654.0,20,11,6308.0,0,0,573.4545454545455
13655.0,92,8,2259.3,0,1,282.4125
13656.0,142,7,1053.35,0,1,150.47857142857143
13657.0,179,1,152.34,0,1,152.34
13658.0,63,11,5229.67,0,0,475.42454545454547
13659.0,174,17,4716.63,0,1,277.44882352941175
13660.0,373,2,303.69,1,1,151.845
13661.0,581,1,325.24,1,1,325.24
13662.0,63,17,2183.13,0,0,128.4194117647059
13663.0,156,6,2013.6100000000001,0,1,335.6016666666667
13664.0,659,1,-13.14,1,1,-13.14
13665.0,364,3,1711.6599999999999,1,1,570.5533333333333
13666.0,37,5,127.89999999999999,0,0,25.58
13667.0,126,1,305.02,0,1,305.02
13668.0,9,42,11737.9,0,0,279.4738095238095
13669.0,28,3,413.55,0,0,137.85
13670.0,52,1,349.7,0,0,349.7
13671.0,372,1,194.95,1,1,194.95
13672.0,279,7,162.07000000000002,1,1,23.152857142857147
13673.0,9,1,213.6,0,0,213.6
13674.0,407,2,215.88,1,1,107.94
13675.0,129,2,486.82000000000005,0,1,243.41000000000003
13676.0,516,3,153.15,1,1,51.050000000000004
13677.0,382,2,556.1899999999999,1,1,278.09499999999997
13678.0,129,1,232.6,0,1,232.6
13679.0,471,3,281.26,1,1,93.75333333333333
13680.0,17,12,9277.18,0,0,773.0983333333334
13681.0,3,3,710.75,0,0,236.91666666666666
13682.0,165,1,59.5,0,1,59.5
13683.0,435,1,258.6,1,1,258.6
13684.0,263,6,546.52,1,1,91.08666666666666
13685.0,23,3,1934.45,0,0,644.8166666666667
13686.0,160,3,409.04,0,1,136.34666666666666
13687.0,415,1,11880.84,1,1,11880.84
13688.0,613,1,375.5,1,1,375.5
13689.0,41,2,1259.5,0,0,629.75
13690.0,37,1,172.25,0,0,172.25
13691.0,373,1,212.78,1,1,212.78
13692.0,2,8,3016.4500000000003,0,0,377.05625000000003
13693.0,303,13,1948.32,1,1,149.8707692307692
13694.0,3,161,187694.36,2,0,1165.8034782608695
13695.0,9,16,2770.73,0,0,173.170625
13696.0,399,4,2008.7,1,1,502.175
13697.0,16,1,151.29999999999998,0,0,151.29999999999998
13698.0,574,2,465.53000000000003,1,1,232.76500000000001
13699.0,132,3,711.4,0,1,237.13333333333333
13700.0,4,14,2586.21,0,0,184.7292857142857
13701.0,414,2,159.55,1,1,79.775
13702.0,423,1,135.18,1,1,135.18
13703.0,296,3,99.5,1,1,33.166666666666664
13704.0,24,8,1893.27,0,0,236.65875
13705.0,122,6,1846.15,0,1,307.69166666666666
13706.0,280,2,631.17,1,1,315.585
13707.0,244,5,3365.86,0,1,673.172
13708.0,249,1,296.88,1,1,296.88
13709.0,8,20,6984.5,0,0,349.225
13710.0,9,3,509.52,0,0,169.84
13711.0,196,15,1632.6100000000001,0,1,108.84066666666668
13712.0,224,2,766.42,0,1,383.21
13713.0,385,3,743.26,1,1,247.75333333333333
13714.0,443,1,161.35,1,1,161.35
13715.0,258,21,8438.34,0,1,401.8257142857143
13716.0,247,1,138.28,1,1,138.28
13717.0,10,11,1748.05,0,0,158.91363636363636
13718.0,224,2,306.55,0,1,153.275
13719.0,11,10,2693.59,0,0,269.35900000000004
13720.0,94,4,799.9,0,1,199.975
13721.0,14,2,741.54,0,0,370.77
13722.0,97,11,5629.16,0,1,511.7418181818182
13723.0,194,6,1209.2,0,1,201.53333333333333
13724.0,614,1,213.01,1,1,213.01
13725.0,27,11,1809.81,0,0,164.52818181818182
13726.0,16,2,1079.6599999999999,0,0,539.8299999999999
13727.0,6,9,1067.3,0,0,118.58888888888889
13728.0,14,16,2855.17,0,0,178.448125
13729.0,413,5,676.4300000000001,1,1,135.286
13730.0,113,2,752.6,0,1,376.3
13731.0,197,2,610.59,0,1,305.295
13732.0,5,1,491.86,0,0,491.86
13733.0,388,3,484.53000000000003,1,1,161.51000000000002
13734.0,486,6,3451.2900000000004,1,1,575.215
13735.0,2,22,9472.81,0,0,430.5822727272727
13736.0,238,11,2340.64,0,1,212.78545454545454
13737.0,177,1,339.59999999999997,0,1,339.59999999999997
13738.0,374,1,440.93,1,1,440.93
13739.0,505,1,75.3,1,1,75.3
13740.0,218,5,1597.77,0,1,319.554
13741.0,49,4,666.33,0,0,166.5825
13742.0,67,13,2763.02,0,0,212.54
13743.0,66,7,1064.3899999999999,0,0,152.05571428571426
13744.0,73,2,1156.36,0,0,578.18
13745.0,129,4,761.27,0,1,190.3175
13746.0,391,1,176.69,1,1,176.69
13747.0,351,2,249.39999999999998,1,1,124.69999999999999
13748.0,73,9,2268.35,0,0,252.0388888888889
13749.0,678,1,-10.25,1,1,-10.25
13750.0,31,13,3563.6,0,0,274.1230769230769
13751.0,265,1,296.25,1,1,296.25
13752.0,102,7,1590.73,0,1,227.24714285714285
13753.0,265,4,2094.57,1,1,523.6425
13754.0,129,3,447.05,0,1,149.01666666666668
13755.0,3,6,1392.99,0,0,232.165
13756.0,13,20,7878.160000000001,0,0,393.908
13757.0,652,1,195.55,1,1,195.55
13758.0,16,18,8750.33,0,0,486.12944444444446
13759.0,11,2,659.4100000000001,0,0,329.70500000000004
13760.0,31,6,1358.6399999999999,0,0,226.43999999999997
13761.0,28,6,1952.17,0,0,325.3616666666667
13762.0,182,6,2165.76,0,1,360.96000000000004
13763.0,41,6,5181.99,0,0,863.665
13764.0,48,6,2953.26,0,0,492.21000000000004
13765.0,631,1,352.821,1,1,352.821
13766.0,473,1,190.35,1,1,190.35
13767.0,3,95,34229.700000000004,2,0,360.3126315789474
13768.0,541,8,758.07,1,1,94.75875
13769.0,7,28,5448.71,0,0,194.59678571428572
13770.0,400,4,785.37,1,1,196.3425
13771.0,42,10,5726.07,0,0,572.607
13772.0,11,9,3094.72,0,0,343.85777777777776
13773.0,374,2,301.54,1,1,150.77
13774.0,59,1,345.0,0,0,345.0
13775.0,568,1,1049.66,1,1,1049.66
13776.0,405,8,-340.17,1,1,-42.52125
13777.0,2,68,53516.38,2,0,787.0055882352941
13778.0,80,5,1116.54,0,0,223.308
13779.0,493,1,161.13,1,1,161.13
13780.0,148,2,492.09000000000003,0,1,246.04500000000002
13781.0,228,4,770.88,0,1,192.72
13782.0,25,13,1615.71,0,0,124.28538461538461
13783.0,465,4,1542.09,1,1,385.5225
13784.0,35,14,2859.02,0,0,204.21571428571428
13785.0,406,4,542.49,1,1,135.6225
13786.0,345,8,2736.41,1,1,342.05125
13787.0,53,9,1173.7,0,0,130.41111111111113
13788.0,482,1,3.75,1,1,3.75
13789.0,365,1,239.45999999999998,1,1,239.45999999999998
13791.0,21,3,1047.68,0,0,349.2266666666667
13792.0,44,3,383.95,0,0,127.98333333333333
13793.0,624,1,96.0,1,1,96.0
13794.0,524,1,126.03,1,1,126.03
13795.0,365,4,836.3,1,1,209.075
13796.0,477,1,289.7,1,1,289.7
13797.0,414,4,1168.45,1,1,292.1125
13798.0,4,120,70993.77,2,0,591.6147500000001
13799.0,94,13,2039.82,0,1,156.90923076923076
13800.0,287,3,1679.56,1,1,559.8533333333334
13801.0,44,1,324.8,0,0,324.8
13802.0,116,24,25491.56,0,1,1062.1483333333333
13803.0,233,4,1319.1100000000001,0,1,329.77750000000003
13804.0,8,9,3208.52,0,0,356.5022222222222
13805.0,30,2,924.6,0,0,462.3
13806.0,41,1,256.38,0,0,256.38
13807.0,344,4,509.9,1,1,127.475
13808.0,24,4,1518.5,0,0,379.625
13809.0,283,3,679.7,1,1,226.5666666666667
13810.0,6,4,899.51,0,0,224.8775
13811.0,161,4,591.75,0,1,147.9375
13812.0,20,3,539.0,0,0,179.66666666666666
13813.0,17,12,2686.42,0,0,223.86833333333334
13814.0,33,5,2239.07,0,0,447.814
13815.0,1,9,7182.59,0,0,798.0655555555555
13816.0,1,4,555.04,0,0,138.76
13817.0,6,2,382.98,0,0,191.49
13818.0,407,1,61.28,1,1,61.28
13819.0,279,7,2631.1,1,1,375.87142857142857
13820.0,396,5,640.4,1,1,128.07999999999998
13821.0,122,7,1387.03,0,1,198.14714285714285
13822.0,17,1,468.38,0,0,468.38
13823.0,69,7,3051.31,0,0,435.90142857142854
13824.0,10,14,3273.36,0,0,233.8114285714286
13825.0,599,2,255.59,1,1,127.795
13826.0,135,2,174.65,0,1,87.325
13827.0,35,3,412.05,0,0,137.35
13829.0,336,2,0.0,1,1,0.0
13830.0,552,2,135.95000000000002,1,1,67.97500000000001
13831.0,65,19,6601.78,0,0,347.46210526315787
13832.0,400,1,561.49,1,1,561.49
13833.0,137,2,701.36,0,1,350.68
13834.0,554,3,247.89,1,1,82.63
13835.0,2,8,1044.82,0,0,130.6025
13836.0,377,3,602.52,1,1,200.84
13837.0,189,2,271.24,0,1,135.62
13838.0,95,9,1753.95,0,1,194.88333333333333
13839.0,464,1,139.95000000000002,1,1,139.95000000000002
13840.0,394,1,651.4,1,1,651.4
13841.0,230,1,85.0,0,1,85.0
13842.0,36,19,5604.96,0,0,294.9978947368421
13843.0,358,1,319.75,1,1,319.75
13845.0,42,1,312.98,0,0,312.98
13846.0,2,5,1290.34,0,0,258.068
13847.0,697,1,310.72,1,1,310.72
13848.0,70,8,3335.0,0,0,416.875
13849.0,29,6,3443.8,0,0,573.9666666666667
13850.0,65,2,1586.81,0,0,793.405
13851.0,73,9,4516.76,0,0,501.8622222222223
13852.0,584,2,170.45000000000002,1,1,85.22500000000001
13853.0,35,1,1090.14,0,0,1090.14
13854.0,1,44,11855.93,0,0,269.45295454545453
13855.0,478,5,1253.94,1,1,250.788
13856.0,146,15,1058.88,0,1,70.59200000000001
13857.0,371,7,997.11,1,1,142.4442857142857
13858.0,34,1,216.17,0,0,216.17
13859.0,303,2,515.86,1,1,257.93
13860.0,30,4,611.91,0,0,152.9775
13861.0,407,3,251.31,1,1,83.77
13862.0,50,10,2414.38,0,0,241.43800000000002
13863.0,222,6,1217.63,0,1,202.93833333333336
13864.0,364,1,662.4000000000001,1,1,662.4000000000001
13865.0,36,4,501.56,0,0,125.39
13866.0,52,1,145.67000000000002,0,0,145.67000000000002
13867.0,8,3,1015.29,0,0,338.43
13868.0,16,1,507.54,0,0,507.54
13869.0,101,10,8111.57,0,1,811.1569999999999
13870.0,15,17,5537.09,0,0,325.71117647058827
13871.0,23,20,7272.1900000000005,0,0,363.6095
13872.0,490,6,891.32,1,1,148.55333333333334
13873.0,97,9,1031.02,0,1,114.55777777777777
13874.0,335,10,1989.2,1,1,198.92000000000002
13875.0,31,14,4814.37,0,0,343.88357142857143
13876.0,41,1,122.7,0,0,122.7
13877.0,63,5,446.33,0,0,89.26599999999999
13878.0,32,4,2473.06,0,0,618.265
13879.0,623,1,395.5,1,1,395.5
13880.0,30,16,3995.01,0,0,249.688125
13881.0,2,47,41533.22,0,0,883.6855319148937
13882.0,8,4,672.96,0,0,168.24
13883.0,178,24,5447.19,0,1,226.96624999999997
13884.0,67,13,1605.28,0,0,123.48307692307692
13885.0,167,2,506.8,0,1,253.4
13886.0,49,1,243.56,0,0,243.56
13887.0,181,1,349.55,0,1,349.55
13888.0,97,7,2169.05,0,1,309.86428571428576
13889.0,70,8,1855.73,0,0,231.96625
13890.0,1,17,2204.13,0,0,129.65470588235294
13891.0,355,3,863.5600000000001,1,1,287.85333333333335
13892.0,4,6,1267.6499999999999,0,0,211.27499999999998
13893.0,275,1,821.1,1,1,821.1
13894.0,1,4,554.72,0,0,138.68
13895.0,5,7,3928.57,0,0,561.2242857142858
13896.0,603,1,388.55,1,1,388.55
13897.0,28,3,1160.72,0,0,386.9066666666667
13898.0,303,2,686.4,1,1,343.2
13899.0,252,1,298.5,1,1,298.5
13900.0,160,7,1608.09,0,1,229.72714285714284
13901.0,50,20,5599.34,0,0,279.967
13902.0,610,8,30411.26,1,1,3801.4075
13903.0,377,1,165.45000000000002,1,1,165.45000000000002
13904.0,15,2,332.64,0,0,166.32
13905.0,548,3,244.45,1,1,81.48333333333333
13906.0,387,1,42.0,1,1,42.0
13907.0,669,1,136.8,1,1,136.8
13908.0,57,5,2347.05,0,0,469.41
13909.0,400,2,286.6,1,1,143.3
13910.0,420,1,-127.66,1,1,-127.66
13911.0,34,22,4200.04,0,0,190.9109090909091
13912.0,401,1,124.95,1,1,124.95
13913.0,484,1,42.22,1,1,42.22
13914.0,13,1,321.07,0,0,321.07
13915.0,372,2,31.200000000000003,1,1,15.600000000000001
13916.0,441,5,1260.51,1,1,252.102
13917.0,27,2,272.04,0,0,136.02
13918.0,27,2,1212.8400000000001,0,0,606.4200000000001
13919.0,30,5,1326.03,0,0,265.206
13920.0,409,5,1734.88,1,1,346.976
13921.0,377,5,720.75,1,1,144.15
13922.0,329,5,824.7,1,1,164.94
13923.0,31,1,351.13,0,0,351.13
13924.0,9,6,1049.07,0,0,174.845
13925.0,14,6,616.65,0,0,102.77499999999999
13926.0,1,1,223.85000000000002,0,0,223.85000000000002
13927.0,52,3,689.96,0,0,229.98666666666668
13928.0,9,3,356.67,0,0,118.89
13929.0,146,14,3318.1,0,1,237.00714285714284
13930.0,35,2,337.34,0,0,168.67
13931.0,63,12,5250.78,0,0,437.565
13932.0,272,1,307.4,1,1,307.4
13933.0,87,2,608.7900000000001,0,0,304.39500000000004
13934.0,241,1,922.1,0,1,922.1
13935.0,574,3,6116.92,1,1,2038.9733333333334
13936.0,148,4,924.36,0,1,231.09
13937.0,146,3,867.38,0,1,289.12666666666667
13938.0,13,1,71.66,0,0,71.66
13939.0,1,10,1533.66,0,0,153.366
13940.0,41,3,616.3,0,0,205.4333333333333
13941.0,67,16,9592.49,0,0,599.530625
13942.0,512,1,320.0,1,1,320.0
13943.0,555,1,246.54,1,1,246.54
13944.0,631,1,200.43,1,1,200.43
13945.0,372,2,854.15,1,1,427.075
13946.0,57,7,1745.43,0,0,249.34714285714287
13947.0,43,1,90.6,0,0,90.6
13948.0,338,5,536.86,1,1,107.372
13949.0,2,5,1909.09,0,0,381.818
13950.0,2,4,448.09999999999997,0,0,112.02499999999999
13951.0,153,3,674.45,0,1,224.8166666666667
13952.0,188,17,12790.891,0,1,752.4053529411765
13953.0,30,11,6229.36,0,0,566.3054545454545
13954.0,35,2,166.07999999999998,0,0,83.03999999999999
13955.0,131,3,545.17,0,1,181.72333333333333
13956.0,31,4,869.92,0,0,217.48
13957.0,395,3,458.25,1,1,152.75
13958.0,349,12,4402.33,1,1,366.86083333333335
13959.0,57,6,1076.18,0,0,179.36333333333334
13960.0,49,1,128.1,0,0,128.1
13961.0,363,2,498.7,1,1,249.35
13962.0,223,2,310.85,0,1,155.425
13963.0,286,18,2899.62,0,1,161.09
13964.0,365,3,421.9,1,1,140.63333333333333
13965.0,432,5,777.6600000000001,1,1,155.532
13966.0,413,1,390.86,1,1,390.86
13967.0,123,2,166.3,0,1,83.15
13968.0,401,1,123.66,1,1,123.66
13969.0,15,34,10660.41,0,0,313.5414705882353
13970.0,364,2,846.55,1,1,423.275
13971.0,37,16,4201.43,0,0,262.589375
13972.0,48,2,190.25,0,0,95.125
13973.0,265,1,264.7,1,1,264.7
13974.0,27,4,663.52,0,0,165.88
13975.0,9,14,5327.29,0,0,380.5207142857143
13976.0,184,4,1192.36,0,1,298.09
13977.0,389,1,519.8100000000001,1,1,519.8100000000001
13978.0,23,1,158.99,0,0,158.99
13979.0,51,11,3326.83,0,0,302.4390909090909
13980.0,38,9,753.12,0,0,83.68
13981.0,378,2,327.39,1,1,163.695
13982.0,16,13,4418.79,0,0,339.9069230769231
13983.0,7,30,6993.41,0,0,233.11366666666666
13984.0,4,13,1616.1200000000001,0,0,124.31692307692309
13985.0,9,20,8302.72,0,0,415.13599999999997
13987.0,357,2,682.54,1,1,341.27
13988.0,7,10,4246.2,0,0,424.62
13989.0,43,5,2026.06,0,0,405.212
13990.0,191,1,311.3,0,1,311.3
13991.0,21,4,534.91,0,0,133.7275
13992.0,8,3,219.5,0,0,73.16666666666667
13993.0,10,24,6690.36,0,0,278.765
13994.0,17,5,2197.04,0,0,439.408
13995.0,34,17,3620.5,0,0,212.97058823529412
13996.0,363,2,895.76,1,1,447.88
13997.0,496,3,382.31,1,1,127.43666666666667
13998.0,424,3,566.7,1,1,188.9
13999.0,6,35,9042.04,0,0,258.34400000000005
14000.0,184,8,1877.5900000000001,0,1,234.69875000000002
14001.0,23,10,4517.34,0,0,451.73400000000004
14002.0,111,2,529.73,0,1,264.865
14003.0,710,1,209.41,1,1,209.41
14004.0,21,11,6258.45,0,0,568.9499999999999
14005.0,53,4,977.68,0,0,244.42
14006.0,93,7,2196.67,0,1,313.81
14007.0,490,1,79.48,1,1,79.48
14008.0,353,2,493.74,1,1,246.87
14009.0,175,4,1090.23,0,1,272.5575
14010.0,543,3,288.09999999999997,1,1,96.03333333333332
14011.0,457,3,451.91999999999996,1,1,150.64
14012.0,255,1,328.8,1,1,328.8
14013.0,88,6,1006.22,0,0,167.70333333333335
14014.0,55,3,1948.21,0,0,649.4033333333333
14015.0,30,1,917.34,0,0,917.34
14016.0,132,13,11379.71,0,1,875.3623076923076
14017.0,549,1,229.75,1,1,229.75
14018.0,623,1,367.15000000000003,1,1,367.15000000000003
14019.0,24,4,1398.96,0,0,349.74
14020.0,65,4,901.6,0,0,225.4
14021.0,132,7,1716.58,0,1,245.22571428571428
14022.0,203,2,792.15,0,1,396.075
14023.0,227,1,273.14,0,1,273.14
14024.0,99,3,645.74,0,1,215.24666666666667
14025.0,442,10,3969.1,1,1,396.90999999999997
14026.0,448,2,713.11,1,1,356.555
14027.0,38,1,104.82,0,0,104.82
14028.0,476,5,3175.5,1,1,635.1
14029.0,41,2,467.66,0,0,233.83
14030.0,66,21,7602.3099999999995,0,0,362.0147619047619
14031.0,26,53,35450.76,0,0,668.8822641509435
14032.0,7,21,4064.52,0,0,193.54857142857142
14033.0,533,1,109.44,1,1,109.44
14034.0,135,3,334.11,0,1,111.37
14035.0,6,11,2852.47,0,0,259.31545454545454
14036.0,262,1,626.65,1,1,626.65
14037.0,154,7,755.95,0,1,107.99285714285715
14038.0,56,8,3000.93,0,0,375.11625
14039.0,11,2,267.28000000000003,0,0,133.64000000000001
14040.0,18,42,12457.84,0,0,296.6152380952381
14041.0,244,1,141.41,0,1,141.41
14042.0,703,1,431.98,1,1,431.98
14043.0,468,3,301.3,1,1,100.43333333333334
14044.0,4,11,3106.15,0,0,282.3772727272727
14045.0,86,19,9660.63,0,0,508.45421052631576
14046.0,262,1,154.99,1,1,154.99
14047.0,51,18,3807.58,0,0,211.53222222222223
14048.0,255,4,713.89,1,1,178.4725
14049.0,136,16,10698.25,0,1,668.640625
14050.0,9,2,746.36,0,0,373.18
14051.0,8,39,19183.100000000002,0,0,491.87435897435904
14052.0,368,1,255.45,1,1,255.45
14053.0,102,4,572.3,0,1,143.075
14054.0,42,1,92.46,0,0,92.46
14055.0,84,3,1520.96,0,0,506.9866666666667
14056.0,12,27,7164.65,0,0,265.3574074074074
14057.0,1,23,8338.28,0,0,362.53391304347826
14058.0,440,2,469.19,1,1,234.595
14059.0,244,1,183.6,0,1,183.6
14060.0,34,30,8793.1,0,0,293.10333333333335
14061.0,484,3,917.4300000000001,1,1,305.81
14062.0,49,26,24195.45,0,0,930.5942307692308
14063.0,408,13,-3767.1999999999994,1,1,-289.78461538461534
14064.0,7,21,3039.75,0,0,144.75
14065.0,366,4,889.37,1,1,222.3425
14066.0,244,1,152.55,0,1,152.55
14067.0,41,2,374.7,0,0,187.35
14068.0,297,5,1504.97,1,1,300.994
14069.0,492,2,230.06,1,1,115.03
14070.0,662,1,326.55,1,1,326.55
14071.0,9,6,811.59,0,0,135.26500000000001
14072.0,644,1,390.85,1,1,390.85
14073.0,9,1,151.04,0,0,151.04
14074.0,601,1,219.39999999999998,1,1,219.39999999999998
14075.0,238,4,1100.53,0,1,275.1325
14076.0,107,1,122.47,0,1,122.47
14077.0,18,6,615.0799999999999,0,0,102.51333333333332
14078.0,79,9,1692.6299999999999,0,0,188.07
14079.0,102,2,618.73,0,1,309.365
14080.0,10,6,1075.73,0,0,179.28833333333333
14081.0,245,16,5250.05,0,1,328.128125
14082.0,342,2,413.36,1,1,206.68
14083.0,104,9,937.75,0,1,104.19444444444444
14084.0,490,1,150.5,1,1,150.5
14085.0,22,30,9182.41,0,0,306.08033333333333
14086.0,440,1,39.95,1,1,39.95
14087.0,382,3,621.8,1,1,207.26666666666665
14088.0,15,16,49511.26,0,0,3094.45375
14089.0,34,1,161.0,0,0,161.0
14090.0,302,1,76.32000000000001,1,1,76.32000000000001
14091.0,632,2,9530.08,1,1,4765.04
14092.0,1,25,6855.28,0,0,274.21119999999996
14094.0,417,2,334.27,1,1,167.135
14095.0,700,1,2.95,1,1,2.95
14096.0,2,28,36078.2,0,0,1288.5071428571428
14097.0,459,2,422.85999999999996,1,1,211.42999999999998
14098.0,14,1,147.35,0,0,147.35
14099.0,21,21,5486.71,0,0,261.27190476190475
14100.0,115,1,194.9,0,1,194.9
14101.0,51,14,9942.13,0,0,710.1521428571428
14102.0,15,3,745.35,0,0,248.45000000000002
14103.0,643,1,0.0,1,1,0.0
14104.0,132,5,771.5799999999999,0,1,154.31599999999997
14105.0,62,9,5703.9800000000005,0,0,633.7755555555556
14106.0,715,1,214.79999999999998,1,1,214.79999999999998
14107.0,29,13,4853.7,0,0,373.36153846153843
14108.0,8,5,1041.21,0,0,208.24200000000002
14109.0,1,2,80.2,0,0,40.1
14110.0,14,33,12306.720000000001,0,0,372.93090909090915
14111.0,62,4,291.25,0,0,72.8125
14112.0,13,26,5313.41,0,0,204.36192307692306
14113.0,27,29,5242.71,0,0,180.78310344827585
14114.0,251,7,1364.09,0,1,194.86999999999998
14115.0,479,2,622.6700000000001,1,1,311.33500000000004
14116.0,8,4,1169.82,0,0,292.455
14117.0,121,1,90.0,0,1,90.0
14118.0,406,1,458.45,1,1,458.45
14119.0,332,3,163.47,1,1,54.49
14120.0,407,1,-23.8,1,1,-23.8
14121.0,7,3,1465.66,0,0,488.55333333333334
14122.0,372,5,309.77,1,1,61.95399999999999
14123.0,710,1,436.18,1,1,436.18
14124.0,62,1,419.58000000000004,0,0,419.58000000000004
14125.0,6,2,2406.51,0,0,1203.255
14126.0,422,1,466.33000000000004,1,1,466.33000000000004
14127.0,100,6,1900.0800000000002,0,1,316.68
14128.0,38,4,909.36,0,0,227.34
14129.0,73,7,2193.71,0,0,313.38714285714286
14130.0,296,4,1882.67,1,1,470.6675
14131.0,626,1,187.87,1,1,187.87
14132.0,8,9,2933.5,0,0,325.94444444444446
14133.0,107,6,895.8399999999999,0,1,149.30666666666664
14134.0,360,15,11123.35,1,1,741.5566666666667
14135.0,9,23,9162.15,0,0,398.35434782608695
14136.0,378,7,1553.96,1,1,221.99428571428572
14137.0,659,2,294.1,1,1,147.05
14138.0,41,1,638.21,0,0,638.21
14139.0,24,4,1086.8,0,0,271.7
14140.0,9,1,540.99,0,0,540.99
14141.0,37,5,652.6800000000001,0,0,130.536
14142.0,350,4,967.75,1,1,241.9375
14143.0,111,1,115.8,0,1,115.8
14144.0,464,1,30.599999999999998,1,1,30.599999999999998
14145.0,24,8,7006.05,0,0,875.75625
14146.0,59,12,6983.71,0,0,581.9758333333333
14147.0,27,12,2019.3,0,0,168.275
14148.0,211,2,466.29,0,1,233.145
14149.0,190,3,259.43,0,1,86.47666666666667
14150.0,13,2,658.64,0,0,329.32
14151.0,650,3,666.7,1,1,222.23333333333335
14152.0,53,9,1975.44,0,0,219.49333333333334
14153.0,461,1,233.4,1,1,233.4
14154.0,216,10,6263.6,0,1,626.36
14155.0,244,1,118.75,0,1,118.75
14156.0,1,199,295840.23,3,0,1486.6343216080402
14157.0,263,5,814.62,1,1,162.924
14158.0,18,1,507.66,0,0,507.66
14159.0,18,24,6724.06,0,0,280.1691666666667
14160.0,588,7,8421.47,1,1,1203.0671428571427
14161.0,193,7,3318.88,0,1,474.1257142857143
14162.0,151,2,289.36,0,1,144.68
14163.0,65,5,2594.62,0,0,518.924
14164.0,48,2,1631.77,0,0,815.885
14165.0,253,1,122.53999999999999,1,1,122.53999999999999
14166.0,482,2,256.85,1,1,128.425
14167.0,17,8,1296.49,0,0,162.06125
14168.0,398,3,305.9,1,1,101.96666666666665
14169.0,408,2,624.4300000000001,1,1,312.21500000000003
14170.0,353,3,597.33,1,1,199.11
14171.0,75,2,498.79,0,0,249.395
14172.0,583,4,389.97,1,1,97.4925
14173.0,23,5,359.92,0,0,71.98400000000001
14174.0,11,1,134.46,0,0,134.46
14175.0,29,17,7350.44,0,0,432.37882352941176
14176.0,275,6,913.11,1,1,152.185
14177.0,62,14,2224.39,0,0,158.885
14178.0,6,6,1200.81,0,0,200.135
14179.0,18,2,719.78,0,0,359.89
14180.0,6,41,5950.4,0,0,145.13170731707316
14181.0,388,2,310.55,1,1,155.275
14182.0,421,5,660.07,1,1,132.014
14183.0,389,2,286.29,1,1,143.145
14184.0,44,1,452.89,0,0,452.89
14185.0,309,1,197.65,1,1,197.65
14186.0,405,5,1550.63,1,1,310.12600000000003
14187.0,451,1,123.5,1,1,123.5
14188.0,8,9,2042.6100000000001,0,0,226.95666666666668
14189.0,6,20,5183.52,0,0,259.17600000000004
14190.0,644,1,79.9,1,1,79.9
14191.0,16,14,3178.4900000000002,0,0,227.03500000000003
14192.0,365,1,293.74,1,1,293.74
14193.0,45,3,1210.19,0,0,403.3966666666667
14194.0,2,51,16857.81,0,0,330.5452941176471
14195.0,179,10,2381.24,0,1,238.12399999999997
14196.0,84,1,335.52,0,0,335.52
14197.0,388,1,390.05,1,1,390.05
14198.0,57,11,1363.18,0,0,123.92545454545456
14199.0,196,6,916.4999999999999,0,1,152.74999999999997
14200.0,595,1,379.2,1,1,379.2
14201.0,38,12,1134.14,0,0,94.51166666666667
14202.0,358,3,847.76,1,1,282.58666666666664
14203.0,375,1,339.34,1,1,339.34
14204.0,400,3,901.9300000000001,1,1,300.6433333333334
14205.0,242,10,1674.3,0,1,167.43
14206.0,216,5,1145.21,0,1,229.042
14207.0,665,1,157.8,1,1,157.8
14208.0,72,2,567.05,0,0,283.525
14209.0,98,18,4740.27,0,1,263.34833333333336
14210.0,69,21,5814.320000000001,0,0,276.872380952381
14211.0,31,26,4301.69,0,0,165.44961538461536
14212.0,67,2,2190.14,0,0,1095.07
14213.0,349,2,-1192.2,1,1,-596.1
14214.0,8,7,1000.23,0,0,142.89000000000001
14215.0,55,9,2958.7200000000003,0,0,328.74666666666667
14216.0,15,3,762.89,0,0,254.29666666666665
14217.0,1,29,2992.69,0,0,103.19620689655173
14218.0,20,1,169.48000000000002,0,0,169.48000000000002
14219.0,387,2,543.89,1,1,271.945
14220.0,225,4,1515.0,0,1,378.75
14221.0,20,19,6506.59,0,0,342.4521052631579
14222.0,154,1,683.17,0,1,683.17
14223.0,70,4,975.23,0,0,243.8075
14224.0,88,9,1897.9,0,0,210.8777777777778
14225.0,412,5,2015.12,1,1,403.024
14226.0,6,9,2967.78,0,0,329.75333333333333
14227.0,3,22,6327.31,0,0,287.605
14228.0,415,3,745.5,1,1,248.5
14229.0,29,11,2468.99,0,0,224.45363636363635
14230.0,413,3,979.8000000000001,1,1,326.6
14231.0,156,6,1131.97,0,1,188.66166666666666
14232.0,9,8,2043.93,0,0,255.49125
14233.0,21,10,2766.96,0,0,276.696
14234.0,7,3,661.82,0,0,220.60666666666668
14235.0,53,9,4717.99,0,0,524.2211111111111
14236.0,58,7,1732.74,0,0,247.53428571428572
14237.0,351,3,627.04,1,1,209.01333333333332
14238.0,304,3,434.23,1,1,144.74333333333334
14239.0,21,24,4203.72,0,0,175.155
14240.0,8,3,1247.49,0,0,415.83
14241.0,161,2,333.70000000000005,0,1,166.85000000000002
14242.0,212,2,280.55,0,1,140.275
14243.0,16,22,7257.9400000000005,0,0,329.90636363636366
14244.0,636,2,354.82,1,1,177.41
14245.0,154,5,1677.48,0,1,335.496
14246.0,88,3,1474.06,0,0,491.3533333333333
14247.0,256,6,769.71,0,1,128.285
14248.0,296,3,1032.95,1,1,344.31666666666666
14249.0,388,12,5625.461,1,1,468.7884166666667
14250.0,67,1,1228.83,0,0,1228.83
14251.0,35,1,1259.46,0,0,1259.46
14252.0,359,1,350.99,1,1,350.99
14253.0,471,2,363.40000000000003,1,1,181.70000000000002
14254.0,410,1,601.03,1,1,601.03
14255.0,523,4,-1441.6,1,1,-360.4
14256.0,231,9,2397.34,0,1,266.37111111111113
14257.0,29,10,5942.0,0,0,594.2
14258.0,67,31,29655.75,0,0,956.6370967741935
14259.0,119,1,120.0,0,1,120.0
14260.0,449,3,824.28,1,1,274.76
14261.0,28,2,1163.45,0,0,581.725
14262.0,7,6,2107.91,0,0,351.3183333333333
14263.0,401,1,322.93,1,1,322.93
14264.0,132,8,1461.3600000000001,0,1,182.67000000000002
14265.0,87,4,1373.35,0,0,343.3375
14266.0,406,1,40.56,1,1,40.56
14267.0,128,9,1259.19,0,1,139.91
14268.0,448,1,354.85,1,1,354.85
14269.0,412,2,261.68,1,1,130.84
14270.0,309,1,492.65000000000003,1,1,492.65000000000003
14271.0,203,2,219.13,0,1,109.565
14272.0,51,4,920.81,0,0,230.2025
14273.0,29,4,559.97,0,0,139.9925
14274.0,664,1,256.6,1,1,256.6
14275.0,373,6,1189.3799999999999,1,1,198.23
14276.0,65,13,1929.32,0,0,148.40923076923076
14277.0,190,11,2004.8999999999999,0,1,182.26363636363635
14278.0,387,1,205.83,1,1,205.83
14279.0,498,2,191.86,1,1,95.93
14280.0,174,1,134.04,0,1,134.04
14281.0,386,1,245.15,1,1,245.15
14282.0,9,22,7161.76,0,0,325.5345454545455
14283.0,441,4,628.4399999999999,1,1,157.10999999999999
14284.0,8,4,1282.85,0,0,320.7125
14285.0,15,8,2802.66,0,0,350.3325
14286.0,1,12,8396.7,0,0,699.725
14287.0,160,3,57.88,0,1,19.293333333333333
14288.0,190,2,413.85,0,1,206.925
14289.0,112,5,832.78,0,1,166.55599999999998
14290.0,34,13,3944.4,0,0,303.4153846153846
14291.0,35,23,7286.71,0,0,316.81347826086954
14292.0,13,25,8474.58,0,0,338.9832
14293.0,124,9,2867.1800000000003,0,1,318.5755555555556
14294.0,384,1,375.34,1,1,375.34
14295.0,17,8,2316.06,0,0,289.5075
14296.0,391,3,448.45,1,1,149.48333333333332
14297.0,20,5,703.68,0,0,140.736
14298.0,8,82,90516.57,2,0,1103.8606097560976
14299.0,36,38,12014.57,0,0,316.1728947368421
14301.0,85,7,1956.23,0,0,279.4614285714286
14302.0,408,3,742.9000000000001,1,1,247.63333333333335
14303.0,384,2,277.94,1,1,138.97
14304.0,200,5,1523.81,0,1,304.762
14305.0,48,5,1803.76,0,0,360.752
14306.0,29,7,3141.5,0,0,448.7857142857143
14307.0,66,11,5063.08,0,0,460.28
14308.0,526,5,-849.45,1,1,-169.89000000000001
14309.0,6,11,3358.09,0,0,305.2809090909091
14310.0,410,1,492.1,1,1,492.1
14311.0,202,3,435.90000000000003,0,1,145.3
14312.0,24,11,3090.29,0,0,280.93545454545455
14313.0,601,1,-302.31,1,1,-302.31
14314.0,84,3,221.9,0,0,73.96666666666667
14315.0,22,9,3192.87,0,0,354.7633333333333
14316.0,399,6,1355.34,1,1,225.89
14317.0,42,1,508.58000000000004,0,0,508.58000000000004
14318.0,437,1,158.02,1,1,158.02
14319.0,402,2,476.95000000000005,1,1,238.47500000000002
14320.0,184,7,1204.1200000000001,0,1,172.0171428571429
14321.0,51,7,1898.42,0,0,271.20285714285717
14322.0,405,6,384.3,1,1,64.05
14323.0,92,4,574.26,0,1,143.565
14324.0,387,2,701.61,1,1,350.805
14325.0,547,1,245.48000000000002,1,1,245.48000000000002
14326.0,212,4,923.98,0,1,230.995
14327.0,141,6,1894.93,0,1,315.82166666666666
14328.0,408,3,-445.06,1,1,-148.35333333333332
14329.0,9,25,9371.17,0,0,374.84680000000003
14330.0,601,1,200.63,1,1,200.63
14331.0,102,2,462.65999999999997,0,1,231.32999999999998
14332.0,44,4,1662.54,0,0,415.635
14333.0,41,2,351.45,0,0,175.725
14334.0,71,13,4069.48,0,0,313.0369230769231
14335.0,74,1,359.25,0,0,359.25
14336.0,176,3,1114.39,0,1,371.46333333333337
14337.0,709,1,-658.63,1,1,-658.63
14338.0,135,5,894.1,0,1,178.82
14339.0,212,5,600.66,0,1,120.13199999999999
14340.0,196,1,134.7,0,1,134.7
14341.0,22,20,4443.47,0,0,222.17350000000002
14342.0,8,8,684.96,0,0,85.62
14343.0,399,4,1088.91,1,1,272.2275
14344.0,105,20,3333.7000000000003,0,1,166.685
14345.0,16,1,108.97999999999999,0,0,108.97999999999999
14346.0,98,5,2315.75,0,1,463.15
14347.0,714,1,82.6,1,1,82.6
14348.0,237,1,409.57,0,1,409.57
14350.0,248,4,947.8,0,1,236.95
14351.0,142,1,51.0,0,1,51.0
14352.0,134,4,1078.96,0,1,269.74
14353.0,192,3,376.5,0,1,125.5
14354.0,7,1,87.78,0,0,87.78
14355.0,343,3,1014.45,1,1,338.15000000000003
14356.0,37,4,666.9399999999999,0,0,166.73499999999999
14357.0,20,1,225.77,0,0,225.77
14358.0,366,3,384.29999999999995,1,1,128.1
14359.0,13,4,764.73,0,0,191.1825
14360.0,9,4,2128.23,0,0,532.0575
14361.0,556,1,214.70999999999998,1,1,214.70999999999998
14363.0,379,2,227.47000000000003,1,1,113.73500000000001
14364.0,86,8,3717.35,0,0,464.66875
14365.0,372,2,634.68,1,1,317.34
14366.0,502,1,136.0,1,1,136.0
14367.0,8,17,8219.44,0,0,483.4964705882353
14368.0,297,1,155.0,1,1,155.0
14369.0,619,2,469.13,1,1,234.565
14370.0,428,9,1092.13,1,1,121.3477777777778
14371.0,272,1,100.5,1,1,100.5
14372.0,420,3,830.1800000000001,1,1,276.7266666666667
14373.0,335,1,76.55,1,1,76.55
14374.0,519,1,108.0,1,1,108.0
14375.0,163,3,1132.99,0,1,377.66333333333336
14376.0,660,1,215.46,1,1,215.46
14377.0,169,2,617.05,0,1,308.525
14378.0,599,1,131.25,1,1,131.25
14379.0,21,4,1268.91,0,0,317.2275
14380.0,580,2,-99.72999999999999,1,1,-49.864999999999995
14381.0,29,2,631.34,0,0,315.67
14382.0,3,3,1240.85,0,0,413.6166666666666
14383.0,15,3,1247.69,0,0,415.8966666666667
14384.0,478,1,58.5,1,1,58.5
14385.0,1,1,55.16,0,0,55.16
14386.0,274,1,142.4,1,1,142.4
14387.0,10,3,1770.56,0,0,590.1866666666666
14388.0,13,18,6144.67,0,0,341.37055555555554
14389.0,43,10,1846.47,0,0,184.647
14390.0,15,15,4707.38,0,0,313.82533333333333
14391.0,554,1,135.6,1,1,135.6
14392.0,410,1,266.4,1,1,266.4
14393.0,195,1,67.95,0,1,67.95
14394.0,542,1,93.8,1,1,93.8
14395.0,22,23,7601.82,0,0,330.5139130434782
14396.0,42,7,2121.93,0,0,303.1328571428571
14397.0,6,17,1883.91,0,0,110.81823529411766
14398.0,379,2,707.79,1,1,353.895
14399.0,372,9,2098.16,1,1,233.12888888888887
14400.0,118,5,1703.0,0,1,340.6
14401.0,7,24,6349.62,0,0,264.5675
14402.0,630,1,285.6,1,1,285.6
14403.0,108,9,1822.76,0,1,202.5288888888889
14404.0,11,15,2800.11,0,0,186.674
14405.0,364,1,195.0,1,1,195.0
14406.0,96,1,156.75,0,1,156.75
14407.0,85,9,2111.08,0,0,234.56444444444443
14408.0,72,10,3801.55,0,0,380.15500000000003
14409.0,48,10,3453.69,0,0,345.369
14410.0,70,16,2259.22,0,0,141.20125
14411.0,288,1,1063.0,1,1,1063.0
14412.0,13,4,1417.49,0,0,354.3725
14413.0,340,4,770.37,1,1,192.5925
14414.0,69,9,2387.48,0,0,265.27555555555557
14415.0,20,30,10708.0,0,0,356.93333333333334
14416.0,20,1,361.0,0,0,361.0
14417.0,365,1,604.2,1,1,604.2
14418.0,3,2,1039.9,0,0,519.95
14419.0,16,6,1044.16,0,0,174.02666666666667
14420.0,62,7,1627.72,0,0,232.53142857142856
14421.0,35,7,2456.62,0,0,350.94571428571425
14422.0,31,19,9488.36,0,0,499.38736842105266
14423.0,196,4,914.9599999999999,0,1,228.73999999999998
14425.0,405,5,635.89,1,1,127.178
14426.0,1,26,11125.85,0,0,427.9173076923077
14427.0,28,4,1263.52,0,0,315.88
14428.0,13,6,1028.28,0,0,171.38
14429.0,381,1,516.28,1,1,516.28
14430.0,489,5,956.4000000000001,1,1,191.28000000000003
14431.0,276,5,2541.6,1,1,508.32
14432.0,3,5,1971.13,0,0,394.226
14433.0,443,1,289.6,1,1,289.6
14434.0,15,5,1032.0,0,0,206.4
14435.0,479,1,90.42,1,1,90.42
14436.0,76,2,271.70000000000005,0,0,135.85000000000002
14437.0,121,7,829.94,0,1,118.56285714285715
14438.0,284,1,131.9,1,1,131.9
14439.0,297,5,9443.04,1,1,1888.6080000000002
14440.0,19,14,5909.58,0,0,422.11285714285714
14441.0,3,16,4110.89,0,0,256.930625
14442.0,175,11,5276.27,0,1,479.6609090909091
14443.0,31,8,2351.58,0,0,293.9475
14444.0,433,1,132.04,1,1,132.04
14445.0,433,1,221.65,1,1,221.65
14446.0,6,4,1044.22,0,0,261.055
14447.0,28,5,1420.97,0,0,284.194
14448.0,341,1,102.35000000000001,1,1,102.35000000000001
14449.0,42,7,2290.4,0,0,327.2
14450.0,158,7,1128.44,0,1,161.2057142857143
14451.0,38,18,3265.59,0,0,181.42166666666668
14452.0,71,3,528.52,0,0,176.17333333333332
14453.0,168,1,119.93,0,1,119.93
14454.0,354,6,970.7,1,1,161.78333333333333
14455.0,409,5,594.86,1,1,118.97200000000001
14456.0,7,10,2334.33,0,0,233.433
14457.0,288,1,113.64,1,1,113.64
14458.0,358,1,237.42,1,1,237.42
14459.0,133,3,5339.1410000000005,0,1,1779.7136666666668
14460.0,88,12,919.6,0,0,76.63333333333334
14461.0,125,14,6697.6,0,1,478.40000000000003
14462.0,41,16,2231.89,0,0,139.493125
14463.0,76,4,786.5699999999999,0,0,196.64249999999998
14464.0,545,2,111.0,1,1,55.5
14465.0,224,11,3946.03,0,1,358.73
14466.0,7,13,4646.9,0,0,357.45384615384614
14467.0,2,11,2106.85,0,0,191.53181818181818
14468.0,711,1,204.24,1,1,204.24
14469.0,394,4,2112.21,1,1,528.0525
14470.0,265,2,548.49,1,1,274.245
14471.0,568,2,400.95,1,1,200.475
14472.0,81,9,2228.22,0,0,247.57999999999998
14473.0,52,2,234.34000000000003,0,0,117.17000000000002
14474.0,21,3,1268.1299999999999,0,0,422.71
14475.0,49,7,1025.1200000000001,0,0,146.4457142857143
14476.0,234,1,215.7,0,1,215.7
14477.0,28,9,1615.21,0,0,179.46777777777777
14478.0,359,4,1276.66,1,1,319.165
14479.0,231,4,1299.11,0,1,324.7775
14480.0,380,4,1016.22,1,1,254.055
14481.0,142,6,1935.32,0,1,322.55333333333334
14482.0,8,13,3803.45,0,0,292.5730769230769
14483.0,127,3,249.2,0,1,83.06666666666666
14484.0,28,4,1070.98,0,0,267.745
14485.0,16,1,165.75,0,0,165.75
14486.0,489,2,175.5,1,1,87.75
14487.0,4,8,1428.11,0,0,178.51375
14488.0,29,2,1047.43,0,0,523.715
14489.0,185,4,1574.93,0,1,393.7325
14490.0,384,2,1273.47,1,1,636.735
14491.0,153,2,468.13,0,1,234.065
14492.0,408,10,1574.3600000000001,1,1,157.436
14493.0,8,11,4142.9,0,0,376.62727272727267
14494.0,3,3,401.46,0,0,133.82
14495.0,28,4,166.3,0,0,41.575
14496.0,289,10,2645.88,1,1,264.588
14497.0,279,3,679.16,1,1,226.38666666666666
14498.0,20,10,3911.27,0,0,391.127
14499.0,4,10,2120.62,0,0,212.06199999999998
14500.0,65,3,356.85,0,0,118.95
14501.0,41,3,190.31,0,0,63.43666666666667
14502.0,11,13,1999.89,0,0,153.83769230769232
14503.0,48,2,1284.45,0,0,642.225
14504.0,24,4,673.26,0,0,168.315
14505.0,14,26,11023.61,0,0,423.985
14506.0,44,6,2793.75,0,0,465.625
14507.0,1,14,3172.4900000000002,0,0,226.60642857142858
14508.0,67,5,717.23,0,0,143.446
14509.0,512,1,110.95,1,1,110.95
14510.0,353,4,991.98,1,1,247.995
14511.0,11,5,966.0899999999999,0,0,193.218
14512.0,165,7,1223.47,0,1,174.78142857142856
14513.0,78,7,770.9100000000001,0,0,110.13000000000001
14514.0,38,10,4594.7300000000005,0,0,459.47300000000007
14515.0,44,12,2965.88,0,0,247.15666666666667
14516.0,494,1,163.92,1,1,163.92
14517.0,11,2,330.45,0,0,165.225
14518.0,42,1,174.37,0,0,174.37
14519.0,661,2,206.09,1,1,103.045
14520.0,268,1,165.0,1,1,165.0
14521.0,455,2,167.65,1,1,83.825
14522.0,2,8,1758.6200000000001,0,0,219.82750000000001
14523.0,86,1,241.09,0,0,241.09
14524.0,9,13,2933.71,0,0,225.67000000000002
14525.0,20,19,7144.84,0,0,376.0442105263158
14526.0,367,1,262.4,1,1,262.4
14527.0,1,183,24730.59,2,0,135.13983606557377
14528.0,14,1,364.21999999999997,0,0,364.21999999999997
14529.0,37,3,620.04,0,0,206.67999999999998
14530.0,3,19,6077.15,0,0,319.84999999999997
14531.0,457,1,376.34,1,1,376.34
14532.0,214,12,3846.4300000000003,0,1,320.53583333333336
14533.0,2,15,3185.12,0,0,212.34133333333332
14534.0,1,34,5464.84,0,0,160.73058823529414
14535.0,36,11,5872.63,0,0,533.8754545454545
14536.0,237,1,171.8,0,1,171.8
14537.0,35,3,635.45,0,0,211.8166666666667
14538.0,42,5,1370.8400000000001,0,0,274.168
14539.0,22,1,72.13,0,0,72.13
14540.0,53,11,3470.71,0,0,315.5190909090909
14541.0,36,14,2499.68,0,0,178.54857142857142
14542.0,163,1,103.25,0,1,103.25
14543.0,6,49,12226.06,0,0,249.51142857142855
14544.0,2,3,2982.43,0,0,994.1433333333333
14545.0,652,1,349.25,1,1,349.25
14546.0,18,18,4516.04,0,0,250.89111111111112
14547.0,4,4,2064.58,0,0,516.145
14548.0,128,9,2627.49,0,1,291.9433333333333
14549.0,289,4,916.5500000000001,1,1,229.13750000000002
14550.0,22,3,928.48,0,0,309.49333333333334
14551.0,181,8,797.79,0,1,99.72375
14552.0,129,3,511.28000000000003,0,1,170.42666666666668
14553.0,11,9,1674.56,0,0,186.0622222222222
14554.0,1,2,1571.08,0,0,785.54
14555.0,34,7,2306.48,0,0,329.4971428571429
14556.0,574,3,835.34,1,1,278.44666666666666
14557.0,41,2,0.0,0,0,0.0
14558.0,630,5,614.1,1,1,122.82000000000001
14559.0,367,1,75.6,1,1,75.6
14560.0,6,44,5917.24,0,0,134.48272727272726
14561.0,53,3,1080.76,0,0,360.25333333333333
14562.0,1,25,5806.04,0,0,232.2416
14563.0,487,2,679.44,1,1,339.72
14564.0,405,5,2519.32,1,1,503.86400000000003
14565.0,73,7,3833.87,0,0,547.6957142857143
14566.0,88,4,4092.0,0,0,1023.0
14567.0,13,3,1524.46,0,0,508.15333333333336
14568.0,401,2,909.5,1,1,454.75
14569.0,430,3,371.59,1,1,123.86333333333333
14570.0,258,3,613.75,1,1,204.58333333333334
14571.0,403,1,161.65,1,1,161.65
14572.0,18,14,5438.2300000000005,0,0,388.44500000000005
14573.0,157,17,2571.72,0,1,151.2776470588235
14574.0,710,1,143.70000000000002,1,1,143.70000000000002
14575.0,466,1,460.71,1,1,460.71
14576.0,349,1,70.80000000000001,1,1,70.80000000000001
14577.0,141,6,1161.18,0,1,193.53
14579.0,410,1,105.56,1,1,105.56
14580.0,496,1,14.850000000000001,1,1,14.850000000000001
14581.0,521,1,295.2,1,1,295.2
14582.0,18,1,114.11,0,0,114.11
14583.0,122,7,1516.12,0,1,216.5885714285714
14584.0,146,9,1734.91,0,1,192.76777777777778
14585.0,28,5,1143.27,0,0,228.654
14586.0,204,3,134.16,0,1,44.72
14587.0,162,9,1470.6299999999999,0,1,163.4033333333333
14588.0,556,1,135.39,1,1,135.39
14589.0,349,1,79.5,1,1,79.5
14590.0,402,28,2884.29,1,1,103.01035714285715
14591.0,191,1,250.22,0,1,250.22
14592.0,12,3,570.46,0,0,190.15333333333334
14593.0,176,17,3336.77,0,1,196.28058823529412
14594.0,351,1,510.0,1,1,510.0
14595.0,2,7,2038.46,0,0,291.2085714285714
14596.0,604,1,229.47,1,1,229.47
14597.0,169,5,1483.49,0,1,296.698
14598.0,22,3,221.97,0,0,73.99
14599.0,368,2,474.54,1,1,237.27
14600.0,283,2,865.1700000000001,1,1,432.58500000000004
14602.0,633,1,205.35999999999999,1,1,205.35999999999999
14603.0,252,1,660.0,1,1,660.0
14604.0,611,1,143.85999999999999,1,1,143.85999999999999
14605.0,352,4,937.16,1,1,234.29
14606.0,3,252,29052.75,2,0,115.28869047619048
14607.0,14,23,15706.26,0,0,682.8808695652174
14608.0,6,11,2765.89,0,0,251.44454545454545
14609.0,50,11,1366.2,0,0,124.2
14610.0,373,2,24.35,1,1,12.175
14611.0,416,3,599.38,1,1,199.79333333333332
14612.0,392,1,877.7,1,1,877.7
14613.0,658,1,76.32000000000001,1,1,76.32000000000001
14614.0,364,1,295.13,1,1,295.13
14615.0,372,6,934.26,1,1,155.71
14616.0,220,5,527.78,0,1,105.556
14617.0,380,2,190.47000000000003,1,1,95.23500000000001
14618.0,315,7,954.03,1,1,136.29
14619.0,216,3,1276.31,0,1,425.43666666666667
14620.0,182,3,393.28000000000003,0,1,131.09333333333333
14621.0,8,15,2575.41,0,0,171.694
14622.0,162,1,320.58000000000004,0,1,320.58000000000004
14623.0,10,12,2030.83,0,0,169.23583333333332
14624.0,35,6,814.07,0,0,135.67833333333334
14625.0,162,18,4391.53,0,1,243.97388888888887
14626.0,1,14,5378.72,0,0,384.19428571428574
14627.0,289,3,406.40000000000003,1,1,135.46666666666667
14628.0,69,5,1998.0,0,0,399.6
14629.0,13,2,585.03,0,0,292.515
14630.0,461,1,338.65,1,1,338.65
14631.0,28,7,2023.17,0,0,289.0242857142857
14632.0,240,1,114.56,0,1,114.56
14633.0,243,1,344.90000000000003,0,1,344.90000000000003
14634.0,415,7,1971.82,1,1,281.68857142857144
14635.0,431,1,215.22,1,1,215.22
14636.0,13,2,609.85,0,0,304.925
14637.0,654,1,106.67999999999999,1,1,106.67999999999999
14638.0,28,1,443.6,0,0,443.6
14639.0,30,11,4946.81,0,0,449.71000000000004
14640.0,2,15,3530.31,0,0,235.35399999999998
14642.0,36,1,96.12,0,0,96.12
14643.0,148,6,1654.69,0,1,275.7816666666667
14644.0,37,11,2088.42,0,0,189.85636363636365
14645.0,134,4,840.24,0,1,210.06
14646.0,1,156,500781.17,3,0,3210.1357051282052
14647.0,179,2,519.97,0,1,259.985
14648.0,381,19,4458.21,1,1,234.64263157894737
14649.0,49,10,3240.17,0,0,324.017
14650.0,566,1,62.5,1,1,62.5
14651.0,44,9,2034.1200000000001,0,0,226.01333333333335
14652.0,55,1,114.18,0,0,114.18
14653.0,10,9,2907.21,0,0,323.0233333333333
14654.0,716,1,246.86,1,1,246.86
14655.0,48,9,3110.25,0,0,345.5833333333333
14656.0,147,5,814.65,0,1,162.93
14657.0,132,6,1241.64,0,1,206.94000000000003
14658.0,94,1,123.14,0,1,123.14
14659.0,13,11,2307.13,0,0,209.73909090909092
14660.0,64,2,285.74,0,0,142.87
14661.0,4,1,107.95,0,0,107.95
14662.0,6,7,1416.33,0,0,202.33285714285714
14663.0,408,2,490.6,1,1,245.3
14664.0,11,1,389.04,0,0,389.04
14665.0,38,9,2172.33,0,0,241.37
14666.0,2,1,195.25,0,0,195.25
14667.0,3,59,20878.12,0,0,353.86644067796607
14668.0,423,1,111.63,1,1,111.63
14669.0,219,7,3243.93,0,1,463.4185714285714
14670.0,258,3,602.0,1,1,200.66666666666666
14671.0,527,2,1127.45,1,1,563.725
14672.0,212,4,1113.14,0,1,278.285
14673.0,15,4,2352.58,0,0,588.145
14674.0,487,1,173.66,1,1,173.66
14675.0,366,1,462.15,1,1,462.15
14676.0,9,16,8285.49,0,0,517.843125
14677.0,570,1,184.91,1,1,184.91
14678.0,549,2,386.44,1,1,193.22
14679.0,349,5,1270.3999999999999,1,1,254.07999999999998
14680.0,2,87,54801.34,2,0,629.9004597701149
14681.0,48,6,875.1500000000001,0,0,145.85833333333335
14682.0,165,6,1514.81,0,1,252.46833333333333
14683.0,565,1,146.56,1,1,146.56
14684.0,3,6,1468.55,0,0,244.75833333333333
14685.0,554,13,4324.31,1,1,332.6392307692308
14686.0,391,6,877.88,1,1,146.31333333333333
14687.0,84,3,1402.06,0,0,467.3533333333333
14688.0,17,31,6553.35,0,0,211.3983870967742
14689.0,186,1,112.8,0,1,112.8
14690.0,21,5,781.24,0,0,156.248
14691.0,8,5,2114.33,0,0,422.866
14692.0,115,13,1735.59,0,1,133.50692307692307
14693.0,242,8,1139.86,0,1,142.4825
14694.0,594,1,244.31,1,1,244.31
14695.0,497,4,1552.57,1,1,388.1425
14696.0,49,9,2458.13,0,0,273.1255555555556
14697.0,195,2,188.60999999999999,0,1,94.30499999999999
14698.0,4,3,956.95,0,0,318.98333333333335
14699.0,192,4,702.6,0,1,175.65
14700.0,10,5,3116.26,0,0,623.2520000000001
14701.0,150,16,3907.85,0,1,244.240625
14702.0,10,29,6236.74,0,0,215.06
14704.0,17,8,1401.52,0,0,175.19
14705.0,176,1,179.0,0,1,179.0
14706.0,596,1,390.69,1,1,390.69
14707.0,413,2,139.2,1,1,69.6
14708.0,131,5,1757.3899999999999,0,1,351.47799999999995
14709.0,8,26,8554.48,0,0,329.0184615384615
14710.0,18,11,1635.69,0,0,148.69909090909093
14711.0,2,11,2598.49,0,0,236.22636363636363
14712.0,7,4,1328.0700000000002,0,0,332.01750000000004
14713.0,6,24,5100.72,0,0,212.53
14714.0,2,7,896.4,0,0,128.05714285714285
14715.0,2,8,1840.45,0,0,230.05625
14716.0,20,3,565.45,0,0,188.48333333333335
14717.0,711,2,72.8,1,1,36.4
14718.0,388,1,226.42,1,1,226.42
14719.0,37,4,795.39,0,0,198.8475
14720.0,67,2,401.13,0,0,200.565
14721.0,357,1,115.77,1,1,115.77
14722.0,125,3,513.37,0,1,171.12333333333333
14723.0,14,10,1770.99,0,0,177.099
14724.0,568,1,345.25,1,1,345.25
14725.0,2,5,1264.84,0,0,252.968
14726.0,632,1,124.75,1,1,124.75
14727.0,252,4,291.13,0,1,72.7825
14728.0,390,1,190.58,1,1,190.58
14729.0,351,3,907.38,1,1,302.46
14730.0,43,7,1760.13,0,0,251.44714285714286
14731.0,24,3,380.02,0,0,126.67333333333333
14732.0,8,22,4989.66,0,0,226.80272727272725
14733.0,88,16,15521.34,0,0,970.08375
14734.0,394,5,1045.47,1,1,209.094
14735.0,3,55,10561.07,0,0,192.01945454545455
14736.0,463,2,401.08,1,1,200.54
14737.0,106,3,3471.37,0,1,1157.1233333333332
14738.0,17,12,1763.64,0,0,146.97
14739.0,43,25,11227.83,0,0,449.1132
14740.0,169,13,4068.86,0,1,312.9892307692308
14741.0,31,6,1665.64,0,0,277.6066666666667
14742.0,413,1,579.85,1,1,579.85
14743.0,570,1,50.48,1,1,50.48
14744.0,37,16,3732.82,0,0,233.30125
14745.0,90,17,2491.46,0,0,146.5564705882353
14746.0,384,4,593.5,1,1,148.375
14747.0,225,2,294.3,0,1,147.15
14748.0,6,16,2672.25,0,0,167.015625
14749.0,457,1,310.15,1,1,310.15
14750.0,713,1,112.03,1,1,112.03
14751.0,662,2,126.45,1,1,63.225
14752.0,21,1,389.64,0,0,389.64
14753.0,65,2,869.51,0,0,434.755
14754.0,22,7,1546.28,0,0,220.89714285714285
14755.0,2,29,9113.65,0,0,314.2637931034483
14756.0,352,3,1874.5,1,1,624.8333333333334
14757.0,53,1,420.5,0,0,420.5
14758.0,122,7,2864.97,0,1,409.28142857142853
14759.0,90,2,870.85,0,0,435.425
14760.0,272,2,53.8,1,1,26.9
14761.0,36,3,447.92,0,0,149.30666666666667
14762.0,241,2,417.57,0,1,208.785
14763.0,709,1,-9.95,1,1,-9.95
14764.0,21,2,250.55,0,0,125.275
14765.0,6,3,254.11,0,0,84.70333333333333
14766.0,58,13,6009.46,0,0,462.2661538461538
14767.0,452,1,382.81,1,1,382.81
14768.0,56,2,80.10000000000001,0,0,40.050000000000004
14769.0,55,20,15354.7,0,0,767.735
14770.0,210,9,3624.89,0,1,402.7655555555555
14771.0,583,3,579.92,1,1,193.30666666666664
14772.0,90,1,139.26,0,0,139.26
14773.0,566,2,125.7,1,1,62.85
14774.0,506,1,241.45,1,1,241.45
14775.0,35,3,1418.46,0,0,472.82
14776.0,28,19,3339.02,0,0,175.7378947368421
14777.0,335,3,242.21,1,1,80.73666666666666
14778.0,105,2,730.86,0,1,365.43
14779.0,258,3,386.15,1,1,128.71666666666667
14780.0,32,2,447.68,0,0,223.84
14781.0,397,1,-530.31,1,1,-530.31
14782.0,297,1,200.10000000000002,1,1,200.10000000000002
14783.0,632,2,305.35,1,1,152.675
14784.0,4,3,449.93,0,0,149.97666666666666
14786.0,528,1,90.96,1,1,90.96
14787.0,449,1,110.65,1,1,110.65
14788.0,3,2,845.33,0,0,422.665
14789.0,6,1,197.64,0,0,197.64
14790.0,6,9,2362.34,0,0,262.4822222222222
14791.0,584,1,303.63,1,1,303.63
14792.0,41,2,0.0,0,0,0.0
14793.0,512,1,396.91,1,1,396.91
14794.0,2,11,1395.93,0,0,126.90272727272728
14795.0,144,1,131.45000000000002,0,1,131.45000000000002
14796.0,34,37,9862.11,0,0,266.5435135135135
14797.0,485,1,300.31,1,1,300.31
14798.0,30,9,715.11,0,0,79.45666666666666
14799.0,28,2,338.15,0,0,169.075
14800.0,25,23,7415.59,0,0,322.4169565217391
14801.0,38,1,193.14,0,0,193.14
14802.0,408,6,-1502.98,1,1,-250.49666666666667
14803.0,140,3,845.55,0,1,281.84999999999997
14805.0,31,5,803.89,0,0,160.778
14806.0,52,2,303.43,0,0,151.715
14807.0,368,2,519.29,1,1,259.645
14808.0,17,15,2175.37,0,0,145.02466666666666
14809.0,598,2,686.76,1,1,343.38
14810.0,18,13,2537.02,0,0,195.1553846153846
14811.0,365,1,170.5,1,1,170.5
14812.0,576,1,185.8,1,1,185.8
14813.0,347,4,1090.87,1,1,272.7175
14814.0,559,1,160.46,1,1,160.46
14815.0,14,2,778.5,0,0,389.25
14816.0,175,1,271.85,0,1,271.85
14817.0,178,9,3889.21,0,1,432.13444444444445
14818.0,51,6,1170.41,0,0,195.06833333333336
14819.0,42,4,470.16,0,0,117.54
14820.0,11,8,1148.76,0,0,143.595
14821.0,344,7,1286.45,1,1,183.77857142857144
14822.0,463,1,157.70000000000002,1,1,157.70000000000002
14823.0,158,3,321.43,0,1,107.14333333333333
14824.0,11,11,3635.81,0,0,330.5281818181818
14825.0,40,24,4310.18,0,0,179.59083333333334
14826.0,559,2,385.2,1,1,192.6
14827.0,642,1,0.0,1,1,0.0
14828.0,174,14,9803.460000000001,0,1,700.2471428571429
14829.0,6,9,1639.94,0,0,182.21555555555557
14830.0,31,1,197.13,0,0,197.13
14831.0,552,7,1623.97,1,1,231.99571428571429
14832.0,608,3,-274.63,1,1,-91.54333333333334
14833.0,476,1,94.8,1,1,94.8
14834.0,36,7,1659.05,0,0,237.00714285714284
14835.0,504,3,293.09999999999997,1,1,97.69999999999999
14836.0,5,2,79.05,0,0,39.525
14837.0,67,12,3445.82,0,0,287.1516666666667
14838.0,400,2,773.6700000000001,1,1,386.83500000000004
14839.0,396,3,915.28,1,1,305.0933333333333
14840.0,245,3,340.21,0,1,113.40333333333332
14841.0,31,14,7163.0,0,0,511.64285714285717
14842.0,13,8,2456.8,0,0,307.1
14843.0,414,1,211.79999999999998,1,1,211.79999999999998
14844.0,41,12,6688.43,0,0,557.3691666666667
14845.0,577,1,150.0,1,1,150.0
14846.0,400,2,406.79999999999995,1,1,203.39999999999998
14847.0,126,4,1320.6,0,1,330.15
14848.0,382,1,310.56,1,1,310.56
14849.0,14,48,14739.52,0,0,307.0733333333333
14850.0,289,9,1575.21,1,1,175.02333333333334
14851.0,1,3,829.4100000000001,0,0,276.47
14852.0,36,21,6123.63,0,0,291.6014285714286
14853.0,1,6,1364.12,0,0,227.35333333333332
14854.0,55,14,4302.17,0,0,307.29785714285714
14855.0,97,7,6520.3,0,1,931.4714285714286
14856.0,14,3,1311.3799999999999,0,0,437.1266666666666
14857.0,37,10,3578.931,0,0,357.8931
14858.0,483,1,180.75,1,1,180.75
14859.0,58,4,1277.32,0,0,319.33
14861.0,30,14,1318.4,0,0,94.17142857142858
14862.0,3,2,841.1999999999999,0,0,420.59999999999997
14863.0,7,1,266.76,0,0,266.76
14864.0,708,1,-48.75,1,1,-48.75
14865.0,349,3,114.72,1,1,38.24
14866.0,16,18,20123.21,0,0,1117.956111111111
14867.0,163,19,2901.46,0,1,152.7084210526316
14868.0,3,11,3409.83,0,0,309.98454545454547
14869.0,80,7,2446.16,0,0,349.45142857142855
14870.0,239,9,1794.6000000000001,0,1,199.4
14871.0,156,8,1091.34,0,1,136.4175
14872.0,458,4,802.6800000000001,1,1,200.67000000000002
14873.0,188,2,854.13,0,1,427.065
14874.0,513,1,116.18,1,1,116.18
14875.0,85,6,2845.3,0,0,474.2166666666667
14876.0,499,2,256.7,1,1,128.35
14877.0,396,2,437.0,1,1,218.5
14878.0,14,27,3663.37,0,0,135.68037037037035
14879.0,662,1,185.06,1,1,185.06
14880.0,55,3,706.19,0,0,235.39666666666668
14882.0,4,15,3426.55,0,0,228.43666666666667
14883.0,17,6,661.12,0,0,110.18666666666667
14884.0,647,1,120.6,1,1,120.6
14885.0,109,4,1496.12,0,1,374.03
14886.0,230,1,364.8,0,1,364.8
14887.0,56,1,1862.0,0,0,1862.0
14888.0,185,1,369.2,0,1,369.2
14889.0,314,1,135.9,1,1,135.9
14890.0,231,3,817.25,0,1,272.4166666666667
14891.0,125,4,1106.73,0,1,276.6825
14892.0,668,1,202.35000000000002,1,1,202.35000000000002
14893.0,545,4,544.41,1,1,136.1025
14894.0,63,5,1412.21,0,0,282.442
14895.0,7,45,23563.2,0,0,523.6266666666667
14896.0,182,10,1973.47,0,1,197.347
14897.0,30,8,2480.68,0,0,310.085
14898.0,1,18,3356.86,0,0,186.49222222222224
14899.0,373,1,1384.88,1,1,1384.88
14900.0,500,1,13.919999999999998,1,1,13.919999999999998
14901.0,9,12,2082.23,0,0,173.51916666666668
14902.0,3,4,1018.82,0,0,254.705
14903.0,99,9,2345.67,0,1,260.63
14904.0,3,3,1012.16,0,0,337.38666666666666
14905.0,132,10,1939.69,0,1,193.969
14906.0,422,3,-66.98,1,1,-22.326666666666668
14907.0,6,21,5625.83,0,0,267.89666666666665
14908.0,52,2,381.9,0,0,190.95
14909.0,405,5,1380.98,1,1,276.196
14910.0,2,6,279.06,0,0,46.51
14911.0,2,480,252558.32,3,0,526.1631666666667
14912.0,224,9,389.84999999999985,0,1,43.31666666666665
14913.0,13,8,4073.13,0,0,509.14125
14914.0,583,1,-5.85,1,1,-5.85
14915.0,63,13,1752.65,0,0,134.81923076923078
14916.0,48,11,2888.21,0,0,262.56454545454545
14917.0,574,2,1123.75,1,1,561.875
14918.0,93,9,5955.81,0,1,661.7566666666667
14919.0,517,1,359.35,1,1,359.35
14920.0,190,3,1607.17,0,1,535.7233333333334
14921.0,8,2,1316.07,0,0,658.035
14922.0,371,2,843.74,1,1,421.87
14923.0,28,1,749.1,0,0,749.1
14924.0,223,3,931.01,0,1,310.33666666666664
14925.0,709,1,-7.95,1,1,-7.95
14926.0,359,3,337.65,1,1,112.55
14927.0,374,1,308.2,1,1,308.2
14928.0,596,2,204.46,1,1,102.23
14929.0,9,2,836.69,0,0,418.345
14930.0,86,9,5136.64,0,0,570.7377777777779
14931.0,52,4,554.65,0,0,138.6625
14932.0,343,2,1029.66,1,1,514.83
14933.0,421,5,885.0,1,1,177.0
14934.0,50,9,2444.1,0,0,271.56666666666666
14935.0,275,2,2849.83,1,1,1424.915
14936.0,11,13,12398.06,0,0,953.696923076923
14937.0,34,4,1617.63,0,0,404.4075
14938.0,479,4,2289.43,1,1,572.3575
14939.0,608,1,-934.66,1,1,-934.66
14940.0,395,2,531.49,1,1,265.745
14941.0,556,1,182.1,1,1,182.1
14942.0,379,5,706.56,1,1,141.31199999999998
14943.0,640,1,107.62,1,1,107.62
14944.0,7,24,9674.92,0,0,403.12166666666667
14945.0,391,1,179.4,1,1,179.4
14947.0,49,6,1049.79,0,0,174.965
14948.0,9,6,798.87,0,0,133.145
14949.0,437,6,498.55,1,1,83.09166666666667
14951.0,57,1,311.69,0,0,311.69
14952.0,24,43,17244.25,0,0,401.02906976744185
14953.0,3,5,1005.37,0,0,201.074
14954.0,680,1,167.27,1,1,167.27
14955.0,710,1,163.77,1,1,163.77
14956.0,398,1,1325.0,1,1,1325.0
14957.0,230,2,333.29,0,1,166.645
14958.0,125,6,957.9399999999999,0,1,159.65666666666667
14959.0,36,5,684.97,0,0,136.994
14960.0,149,1,88.3,0,1,88.3
14961.0,59,27,15184.15,0,0,562.3759259259259
14962.0,248,4,366.91,0,1,91.7275
14963.0,11,11,2589.57,0,0,235.41545454545457
14964.0,225,1,206.21,0,1,206.21
14965.0,74,2,599.0,0,0,299.5
14966.0,365,5,924.5200000000001,1,1,184.90400000000002
14967.0,27,7,1680.52,0,0,240.0742857142857
14968.0,8,2,504.99,0,0,252.495
14969.0,681,1,906.23,1,1,906.23
14970.0,46,16,3593.4,0,0,224.5875
14971.0,12,3,1116.57,0,0,372.19
14972.0,106,2,145.07,0,1,72.535
14973.0,84,3,1314.45,0,0,438.15000000000003
14974.0,15,1,114.39,0,0,114.39
14975.0,35,2,472.39,0,0,236.195
14976.0,34,8,765.86,0,0,95.7325
14977.0,703,1,31.929999999999996,1,1,31.929999999999996
14978.0,50,12,3106.34,0,0,258.8616666666667
14979.0,713,1,439.46,1,1,439.46
14980.0,715,1,150.68,1,1,150.68
14981.0,224,3,313.52,0,1,104.50666666666666
14982.0,549,1,237.78,1,1,237.78
14983.0,666,1,183.20000000000002,1,1,183.20000000000002
14984.0,158,5,1168.32,0,1,233.664
14985.0,176,2,296.75,0,1,148.375
14986.0,353,2,566.9,1,1,283.45
14987.0,343,8,1469.05,1,1,183.63125
14988.0,189,7,2066.6,0,1,295.2285714285714
14989.0,639,1,342.4,1,1,342.4
14990.0,590,2,305.42,1,1,152.71
14991.0,408,1,314.67,1,1,314.67
14992.0,419,1,210.5,1,1,210.5
14993.0,541,1,36.13,1,1,36.13
14994.0,360,8,886.33,1,1,110.79125
14995.0,16,2,233.23000000000002,0,0,116.61500000000001
14996.0,459,2,442.28999999999996,1,1,221.14499999999998
14997.0,24,5,771.38,0,0,154.276
14998.0,147,4,770.73,0,1,192.6825
14999.0,570,1,129.48000000000002,1,1,129.48000000000002
15000.0,25,1,490.52,0,0,490.52
15001.0,372,2,230.85999999999999,1,1,115.42999999999999
15002.0,93,9,4817.28,0,1,535.2533333333333
15003.0,450,7,1055.7,1,1,150.81428571428572
15004.0,125,1,1246.32,0,1,1246.32
15005.0,3,75,13574.51,0,0,180.99346666666668
15006.0,29,2,825.14,0,0,412.57
15007.0,136,1,156.91,0,1,156.91
15008.0,458,2,360.0,1,1,180.0
15009.0,2,1,592.5600000000001,0,0,592.5600000000001
15010.0,13,1,308.94,0,0,308.94
15011.0,373,2,416.6,1,1,208.3
15012.0,31,3,860.62,0,0,286.87333333333333
15013.0,465,10,1641.3,1,1,164.13
15014.0,20,2,260.17,0,0,130.085
15015.0,479,20,2275.82,1,1,113.79100000000001
15016.0,150,6,622.3,0,1,103.71666666666665
15017.0,11,1,125.58,0,0,125.58
15018.0,16,4,567.51,0,0,141.8775
15019.0,244,1,266.0,0,1,266.0
15020.0,357,1,203.42,1,1,203.42
15021.0,4,15,2470.86,0,0,164.72400000000002
15022.0,4,4,962.53,0,0,240.6325
15023.0,16,22,11400.55,0,0,518.2068181818181
15024.0,6,14,3771.1,0,0,269.3642857142857
15025.0,11,2,1013.09,0,0,506.545
15026.0,58,5,1061.61,0,0,212.32199999999997
15027.0,8,13,2974.04,0,0,228.7723076923077
15028.0,20,5,1043.01,0,0,208.602
15029.0,595,2,362.15,1,1,181.075
15030.0,49,9,1964.66,0,0,218.29555555555555
15031.0,7,15,2681.84,0,0,178.78933333333333
15032.0,233,10,13285.65,0,1,1328.565
15033.0,3,10,2403.22,0,0,240.32199999999997
15034.0,6,16,8086.45,0,0,505.403125
15035.0,67,1,252.73000000000002,0,0,252.73000000000002
15036.0,49,3,465.55,0,0,155.18333333333334
15037.0,354,2,402.51,1,1,201.255
15038.0,21,10,1269.96,0,0,126.99600000000001
15039.0,3,105,39452.57,2,0,375.73876190476193
15040.0,519,1,7.49,1,1,7.49
15041.0,147,2,294.02,0,1,147.01
15042.0,176,2,315.45,0,1,157.725
15043.0,9,6,2873.7999999999997,0,0,478.96666666666664
15044.0,17,46,14974.560000000001,0,0,325.53391304347826
15045.0,129,3,633.66,0,1,211.22
15046.0,7,27,7267.72,0,0,269.17481481481485
15047.0,247,1,343.62,1,1,343.62
15048.0,43,5,479.27,0,0,95.854
15049.0,251,1,121.17000000000002,1,1,121.17000000000002
15050.0,2,7,4138.87,0,0,591.2671428571429
15051.0,27,9,3674.48,0,0,408.27555555555557
15052.0,296,1,215.78,1,1,215.78
15053.0,134,2,478.6,0,1,239.3
15054.0,18,1,168.42,0,0,168.42
15055.0,452,3,560.07,1,1,186.69000000000003
15056.0,497,1,133.45,1,1,133.45
15057.0,253,6,3184.56,0,1,530.76
15058.0,3,17,3377.18,0,0,198.65764705882353
15059.0,18,27,3427.62,0,0,126.94888888888889
15061.0,13,135,128824.81999999999,2,0,954.2579259259259
15062.0,48,8,2585.62,0,0,323.2025
15063.0,191,1,370.79999999999995,0,1,370.79999999999995
15064.0,388,4,1254.41,1,1,313.6025
15065.0,15,7,3304.71,0,0,472.1014285714286
15066.0,9,2,760.59,0,0,380.295
15067.0,56,6,3865.13,0,0,644.1883333333334
15068.0,24,4,1176.85,0,0,294.2125
15069.0,157,1,1109.53,0,1,1109.53
15070.0,350,3,843.25,1,1,281.0833333333333
15071.0,71,4,1455.56,0,0,363.89
15072.0,456,1,187.51999999999998,1,1,187.51999999999998
15073.0,163,8,2175.59,0,1,271.94875
15074.0,83,3,1566.33,0,0,522.11
15075.0,55,1,773.03,0,0,773.03
15076.0,150,5,1425.84,0,1,285.168
15077.0,433,4,2423.88,1,1,605.97
15078.0,11,60,16445.88,0,0,274.098
15079.0,190,17,3686.75,0,1,216.86764705882354
15080.0,405,2,546.25,1,1,273.125
15081.0,43,12,1860.02,0,0,155.00166666666667
15082.0,646,1,93.35000000000001,1,1,93.35000000000001
15083.0,234,1,88.2,0,1,88.2
15084.0,357,2,965.2,1,1,482.6
15085.0,707,1,347.54,1,1,347.54
15086.0,542,2,218.53,1,1,109.265
15087.0,259,1,306.94,1,1,306.94
15088.0,21,2,844.39,0,0,422.195
15089.0,22,4,2182.93,0,0,545.7325
15090.0,286,1,381.32,1,1,381.32
15091.0,31,6,1023.11,0,0,170.51833333333335
15092.0,193,4,773.16,0,1,193.29
15093.0,94,33,13087.960000000001,0,1,396.6048484848485
15094.0,440,2,83.0,1,1,41.5
15095.0,81,11,3135.74,0,0,285.0672727272727
15096.0,20,1,219.39000000000001,0,0,219.39000000000001
15097.0,561,4,338.97,1,1,84.7425
15098.0,159,5,649.5,0,1,129.9
15099.0,62,1,410.48,0,0,410.48
15100.0,307,14,2319.5,1,1,165.67857142857142
15101.0,314,10,1088.24,1,1,108.824
15102.0,508,2,554.67,1,1,277.335
15103.0,9,2,703.36,0,0,351.68
15104.0,144,3,1002.54,0,1,334.18
15105.0,2,7,2846.01,0,0,406.5728571428572
15106.0,30,6,1287.67,0,0,214.61166666666668
15107.0,289,12,856.26,1,1,71.355
15108.0,119,5,1291.75,0,1,258.35
15109.0,218,4,961.9,0,1,240.475
15110.0,1,9,1480.0,0,0,164.44444444444446
15111.0,6,5,2730.87,0,0,546.174
15112.0,589,1,209.4,1,1,209.4
15113.0,3,3,2150.77,0,0,716.9233333333333
15114.0,8,12,3400.12,0,0,283.3433333333333
15115.0,695,2,187.99,1,1,93.995
15116.0,35,3,1202.75,0,0,400.9166666666667
15117.0,27,6,2136.2200000000003,0,0,356.0366666666667
15118.0,112,1,244.8,0,1,244.8
15119.0,223,1,266.4,0,1,266.4
15120.0,107,2,343.82,0,1,171.91
15121.0,28,2,457.72,0,0,228.86
15122.0,62,16,4461.42,0,0,278.83875
15123.0,184,4,3526.33,0,1,881.5825
15124.0,169,3,357.38,0,1,119.12666666666667
15125.0,3,36,16124.33,0,0,447.8980555555556
15126.0,514,2,449.49,1,1,224.745
15127.0,43,2,711.5,0,0,355.75
15128.0,38,9,1732.22,0,0,192.4688888888889
15129.0,28,23,6860.18,0,0,298.2686956521739
15130.0,147,1,330.11,0,1,330.11
15131.0,372,1,80.28,1,1,80.28
15132.0,34,4,948.4300000000001,0,0,237.10750000000002
15133.0,105,5,1806.9,0,1,361.38
15134.0,8,9,1444.91,0,0,160.54555555555555
15135.0,210,3,293.78,0,1,97.92666666666666
15136.0,65,2,578.65,0,0,289.325
15137.0,498,5,747.55,1,1,149.51
15138.0,363,2,486.59000000000003,1,1,243.29500000000002
15139.0,217,2,178.96,0,1,89.48
15140.0,30,9,3239.44,0,0,359.9377777777778
15141.0,435,9,1378.31,1,1,153.14555555555555
15142.0,24,7,2608.97,0,0,372.71
15143.0,203,2,563.63,0,1,281.815
15144.0,2,32,11480.61,0,0,358.7690625
15145.0,21,3,1036.37,0,0,345.45666666666665
15146.0,142,3,1313.66,0,1,437.8866666666667
15147.0,196,2,608.65,0,1,304.325
15149.0,111,5,1554.6100000000001,0,1,310.922
15150.0,10,13,8697.99,0,0,669.0761538461538
15151.0,400,2,2085.61,1,1,1042.805
15152.0,8,15,4089.9,0,0,272.66
15153.0,8,1,329.25,0,0,329.25
15154.0,51,4,1332.26,0,0,333.065
15155.0,361,1,383.96999999999997,1,1,383.96999999999997
15156.0,11,1,317.8,0,0,317.8
15157.0,101,6,2156.84,0,1,359.47333333333336
15158.0,23,3,437.66,0,0,145.88666666666668
15159.0,6,34,18777.11,0,0,552.2679411764706
15160.0,335,4,589.27,1,1,147.3175
15161.0,365,1,119.92,1,1,119.92
15162.0,706,2,241.5,1,1,120.75
15163.0,170,1,155.0,0,1,155.0
15164.0,46,10,2052.02,0,0,205.202
15165.0,351,1,975.5,1,1,975.5
15166.0,445,1,167.16,1,1,167.16
15167.0,298,5,1659.67,1,1,331.934
15168.0,3,1,106.56,0,0,106.56
15169.0,360,2,569.22,1,1,284.61
15170.0,384,1,81.15,1,1,81.15
15171.0,302,2,1034.5,1,1,517.25
15172.0,48,4,1247.95,0,0,311.9875
15173.0,358,8,1399.26,1,1,174.9075
15174.0,300,2,481.46,1,1,240.73
15175.0,49,1,224.14,0,0,224.14
15176.0,574,2,985.09,1,1,492.545
15177.0,403,1,948.93,1,1,948.93
15178.0,238,1,40.5,0,1,40.5
15179.0,27,16,6863.54,0,0,428.97125
15180.0,345,3,904.4300000000001,1,1,301.4766666666667
15181.0,44,8,948.4499999999999,0,0,118.55624999999999
15182.0,132,14,2942.752,0,1,210.19657142857142
15183.0,525,4,637.03,1,1,159.2575
15184.0,7,4,689.95,0,0,172.4875
15185.0,48,1,310.62,0,0,310.62
15186.0,146,4,1221.05,0,1,305.2625
15187.0,8,12,2885.96,0,0,240.49666666666667
15188.0,703,1,310.43,1,1,310.43
15189.0,8,52,14647.31,0,0,281.6790384615384
15190.0,412,1,834.4399999999999,1,1,834.4399999999999
15191.0,440,3,588.05,1,1,196.01666666666665
15192.0,97,5,1981.39,0,1,396.278
15193.0,38,1,499.32,0,0,499.32
15194.0,9,38,11481.04,0,0,302.1326315789474
15196.0,410,2,316.25,1,1,158.125
15197.0,230,8,1125.25,0,1,140.65625
15198.0,70,6,559.45,0,0,93.24166666666667
15199.0,37,10,3122.4,0,0,312.24
15200.0,472,1,549.05,1,1,549.05
15201.0,56,14,1525.9,0,0,108.99285714285715
15202.0,398,8,-2570.1800000000003,1,1,-321.27250000000004
15203.0,3,15,4400.18,0,0,293.3453333333334
15204.0,335,1,316.58,1,1,316.58
15205.0,62,3,648.8299999999999,0,0,216.27666666666664
15206.0,77,3,236.7,0,0,78.89999999999999
15207.0,387,5,653.77,1,1,130.754
15208.0,9,6,760.42,0,0,126.73666666666666
15209.0,707,1,178.98000000000002,1,1,178.98000000000002
15210.0,202,3,1176.19,0,1,392.06333333333333
15211.0,38,2,1277.48,0,0,638.74
15212.0,217,3,195.42999999999998,0,1,65.14333333333333
15213.0,296,3,325.05,1,1,108.35000000000001
15214.0,2,6,1352.98,0,0,225.49666666666667
15215.0,22,11,1496.46,0,0,136.04181818181817
15216.0,65,2,486.09,0,0,243.045
15217.0,541,1,426.24,1,1,426.24
15218.0,31,24,10648.32,0,0,443.68
15219.0,153,2,685.45,0,1,342.725
15220.0,29,7,1758.92,0,0,251.27428571428572
15221.0,344,7,1816.1000000000001,1,1,259.4428571428572
15222.0,296,17,3415.66,1,1,200.92117647058822
15223.0,203,6,1117.1,0,1,186.1833333333333
15224.0,336,8,837.26,1,1,104.6575
15225.0,212,1,409.40000000000003,0,1,409.40000000000003
15226.0,288,1,154.41,1,1,154.41
15227.0,14,9,2488.4900000000002,0,0,276.4988888888889
15228.0,44,7,5570.5199999999995,0,0,795.7885714285713
15229.0,564,1,160.5,1,1,160.5
15230.0,217,2,429.6,0,1,214.8
15231.0,573,2,228.35999999999999,1,1,114.17999999999999
15232.0,90,2,612.06,0,0,306.03
15233.0,379,1,59.400000000000006,1,1,59.400000000000006
15234.0,254,1,197.0,1,1,197.0
15235.0,195,16,2937.81,0,1,183.613125
15236.0,276,1,321.05,1,1,321.05
15237.0,55,3,1328.72,0,0,442.9066666666667
15238.0,7,5,1056.54,0,0,211.308
15239.0,35,2,445.54,0,0,222.77
15240.0,22,20,4315.0,0,0,215.75
15241.0,44,12,3032.31,0,0,252.6925
15242.0,399,1,302.04,1,1,302.04
15243.0,52,2,927.2800000000001,0,0,463.64000000000004
15244.0,43,4,850.1800000000001,0,0,212.54500000000002
15245.0,111,8,4610.84,0,1,576.355
15246.0,216,3,780.4,0,1,260.1333333333333
15247.0,100,4,967.11,0,1,241.7775
15248.0,389,4,1865.03,1,1,466.2575
15249.0,9,21,9147.15,0,0,435.5785714285714
15250.0,618,1,60.0,1,1,60.0
15251.0,8,30,19731.72,0,0,657.724
15252.0,14,7,2053.06,0,0,293.2942857142857
15253.0,57,10,1755.69,0,0,175.56900000000002
15254.0,105,4,1073.4,0,1,268.35
15255.0,44,11,3670.77,0,0,333.7063636363636
15256.0,126,2,170.4,0,1,85.2
15257.0,259,3,600.9,1,1,200.29999999999998
15258.0,146,2,623.16,0,1,311.58
15259.0,490,4,1182.3799999999999,1,1,295.59499999999997
15260.0,78,30,9098.38,0,0,303.2793333333333
15261.0,113,4,1508.0,0,1,377.0
15262.0,301,3,418.82,1,1,139.60666666666665
15263.0,84,1,156.51,0,0,156.51
15264.0,42,3,844.2,0,0,281.40000000000003
15265.0,129,4,3345.64,0,1,836.41
15266.0,316,6,841.7,1,1,140.28333333333333
15267.0,20,4,1587.76,0,0,396.94
15268.0,456,4,941.2500000000001,1,1,235.31250000000003
15269.0,1,3,1225.3600000000001,0,0,408.4533333333334
15270.0,85,29,6664.79,0,0,229.8203448275862
15271.0,4,25,4447.21,0,0,177.8884
15272.0,35,6,2085.48,0,0,347.58
15273.0,577,1,228.96,1,1,228.96
15275.0,8,2,609.19,0,0,304.595
15276.0,43,5,631.03,0,0,126.20599999999999
15277.0,24,2,476.34,0,0,238.17
15278.0,539,4,496.15999999999997,1,1,124.03999999999999
15279.0,332,7,1541.74,1,1,220.24857142857144
15280.0,149,3,406.21999999999997,0,1,135.40666666666667
15281.0,36,22,8317.62,0,0,378.0736363636364
15282.0,547,1,348.59,1,1,348.59
15283.0,368,4,135.43,1,1,33.8575
15284.0,478,1,24.75,1,1,24.75
15285.0,385,1,94.92,1,1,94.92
15286.0,27,1,240.55,0,0,240.55
15287.0,20,5,708.87,0,0,141.774
15288.0,20,10,3883.13,0,0,388.313
15289.0,7,7,1570.71,0,0,224.38714285714286
15290.0,8,27,8817.869999999999,0,0,326.5877777777777
15291.0,3,53,13451.24,0,0,253.79698113207547
15292.0,179,1,180.94,0,1,180.94
15293.0,643,1,247.5,1,1,247.5
15294.0,377,2,222.3,1,1,111.15
15295.0,632,1,217.23999999999998,1,1,217.23999999999998
15296.0,21,20,10223.93,0,0,511.1965
15297.0,7,2,380.26,0,0,190.13
15298.0,2,26,7390.65,0,0,284.2557692307692
15299.0,45,15,7243.62,0,0,482.908
15300.0,41,1,496.44,0,0,496.44
15301.0,28,19,7561.21,0,0,397.9584210526316
15302.0,699,2,291.05,1,1,145.525
15303.0,268,4,1178.78,1,1,294.695
15304.0,38,11,905.45,0,0,82.31363636363636
15305.0,533,1,93.6,1,1,93.6
15306.0,42,10,3480.98,0,0,348.098
15307.0,73,1,205.3,0,0,205.3
15308.0,248,2,302.27,1,1,151.135
15309.0,588,10,715.53,1,1,71.553
15310.0,456,1,1634.64,1,1,1634.64
15311.0,2,259,110257.5,2,0,425.7046332046332
15312.0,53,14,2916.4900000000002,0,0,208.3207142857143
15313.0,87,1,52.0,0,0,52.0
15314.0,177,4,800.65,0,1,200.1625
15315.0,42,3,551.54,0,0,183.84666666666666
15316.0,304,1,165.0,1,1,165.0
15317.0,654,2,112.05000000000001,1,1,56.025000000000006
15319.0,261,1,204.5,1,1,204.5
15320.0,22,1,267.13,0,0,267.13
15321.0,27,18,6560.650000000001,0,0,364.4805555555556
15322.0,41,3,1314.15,0,0,438.05
15323.0,510,4,320.9,1,1,80.225
15324.0,679,1,140.22000000000003,1,1,140.22000000000003
15325.0,81,9,1596.81,0,0,177.42333333333332
15326.0,311,10,1529.82,1,1,152.982
15327.0,30,1,208.75,0,0,208.75
15328.0,385,1,107.24,1,1,107.24
15329.0,13,20,2742.98,0,0,137.149
15330.0,9,2,714.96,0,0,357.48
15331.0,477,4,755.41,1,1,188.8525
15332.0,344,6,6553.74,1,1,1092.29
15333.0,186,1,1028.56,0,1,1028.56
15334.0,134,3,351.67,0,1,117.22333333333334
15335.0,31,1,173.97,0,0,173.97
15336.0,379,1,240.5,1,1,240.5
15337.0,380,2,344.72,1,1,172.36
15338.0,655,1,283.43,1,1,283.43
15339.0,44,11,1634.09,0,0,148.55363636363634
15340.0,539,1,105.5,1,1,105.5
15341.0,58,3,2401.02,0,0,800.34
15342.0,93,2,391.76,0,1,195.88
15343.0,65,1,364.5,0,0,364.5
15344.0,1,4,373.28,0,0,93.32
15345.0,13,2,367.69,0,0,183.845
15346.0,310,4,591.65,1,1,147.9125
15347.0,343,6,1333.9,1,1,222.3166666666667
15348.0,50,1,158.04,0,0,158.04
15349.0,135,2,473.81,0,1,236.905
15350.0,351,2,663.25,1,1,331.625
15351.0,10,13,3332.64,0,0,256.35692307692307
15352.0,526,1,114.95,1,1,114.95
15353.0,232,8,3154.05,0,1,394.25625
15354.0,576,7,-94.8,1,1,-13.542857142857143
15355.0,7,2,277.05,0,0,138.525
15356.0,9,13,3464.95,0,0,266.5346153846154
15357.0,659,1,-36.75,1,1,-36.75
15358.0,7,53,16007.29,0,0,302.02433962264155
15359.0,532,9,162.6,1,1,18.066666666666666
15360.0,17,1,427.93,0,0,427.93
15361.0,339,4,689.07,1,1,172.2675
15362.0,426,2,613.08,1,1,306.54
15363.0,218,3,996.16,0,1,332.05333333333334
15364.0,73,2,913.19,0,0,456.595
15365.0,3,15,3573.26,0,0,238.21733333333336
15366.0,53,7,2389.08,0,0,341.29714285714283
15367.0,35,13,5005.7300000000005,0,0,385.0561538461539
15368.0,371,1,275.8,1,1,275.8
15369.0,122,13,1713.39,0,1,131.79923076923077
15370.0,18,9,3713.51,0,0,412.6122222222223
15371.0,640,1,59.400000000000006,1,1,59.400000000000006
15372.0,114,10,5954.42,0,1,595.442
15373.0,1,16,2510.58,0,0,156.91125
15374.0,106,2,307.32,0,1,153.66
15375.0,667,1,60.959999999999994,1,1,60.959999999999994
15376.0,18,3,1233.3600000000001,0,0,411.12000000000006
15377.0,360,5,1179.95,1,1,235.99
15378.0,440,2,246.5,1,1,123.25
15379.0,147,9,4806.4400000000005,0,1,534.048888888889
15380.0,24,12,3036.9,0,0,253.07500000000002
15381.0,191,6,1887.62,0,1,314.6033333333333
15382.0,62,19,12400.69,0,0,652.6678947368422
15383.0,659,1,-10.5,1,1,-10.5
15384.0,147,5,2014.49,0,1,402.898
15385.0,18,3,942.08,0,0,314.0266666666667
15386.0,164,1,394.14,0,1,394.14
15387.0,469,1,468.65,1,1,468.65
15388.0,248,1,140.54,1,1,140.54
15389.0,149,5,2733.8,0,1,546.76
15390.0,374,2,1216.66,1,1,608.33
15391.0,548,2,282.92,1,1,141.46
15392.0,8,7,2587.41,0,0,369.63
15393.0,258,4,783.58,1,1,195.895
15394.0,55,12,4922.0,0,0,410.1666666666667
15395.0,303,1,107.45,1,1,107.45
15396.0,90,2,796.38,0,0,398.19
15397.0,267,1,94.0,1,1,94.0
15398.0,51,2,628.95,0,0,314.475
15399.0,56,1,305.17,0,0,305.17
15400.0,70,9,1252.8,0,0,139.2
15401.0,430,2,216.95000000000002,1,1,108.47500000000001
15402.0,126,7,1816.64,0,1,259.52000000000004
15403.0,469,2,170.88,1,1,85.44
15404.0,353,1,257.06,1,1,257.06
15405.0,167,2,659.84,0,1,329.92
15406.0,9,4,975.87,0,0,243.9675
15407.0,11,4,1056.44,0,0,264.11
15408.0,242,1,267.18,0,1,267.18
15409.0,679,2,117.2,1,1,58.6
15410.0,62,10,4685.72,0,0,468.572
15411.0,4,5,1346.38,0,0,269.276
15412.0,148,1,190.53,0,1,190.53
15413.0,408,7,-2531.3799999999997,1,1,-361.62571428571425
15414.0,15,2,421.5,0,0,210.75
15415.0,291,1,572.8100000000001,1,1,572.8100000000001
15416.0,42,9,4554.65,0,0,506.0722222222222
15417.0,62,1,508.8,0,0,508.8
15418.0,403,2,452.32,1,1,226.16
15419.0,2,1,135.86,0,0,135.86
15420.0,411,6,743.0,1,1,123.83333333333333
15421.0,36,10,3805.34,0,0,380.534
15422.0,300,8,1615.02,1,1,201.8775
15423.0,16,4,219.14,0,0,54.785
15424.0,232,3,597.78,0,1,199.26
15425.0,377,4,1944.57,1,1,486.1425
15426.0,11,10,2146.79,0,0,214.679
15427.0,11,3,1483.14,0,0,494.38000000000005
15428.0,365,3,668.97,1,1,222.99
15429.0,4,3,364.90000000000003,0,0,121.63333333333334
15430.0,445,3,903.75,1,1,301.25
15431.0,480,1,153.24,1,1,153.24
15432.0,505,3,130.07,1,1,43.35666666666666
15433.0,56,3,417.87,0,0,139.29
15434.0,9,12,2366.21,0,0,197.18416666666667
15436.0,24,2,859.32,0,0,429.66
15437.0,240,2,393.45,0,1,196.725
15438.0,109,1,156.57999999999998,0,1,156.57999999999998
15439.0,382,4,1269.05,1,1,317.2625
15440.0,32,3,383.68,0,0,127.89333333333333
15441.0,373,3,1254.21,1,1,418.07
15442.0,226,1,594.0,0,1,594.0
15443.0,23,13,3556.2599999999998,0,0,273.55846153846153
15444.0,17,1,342.9,0,0,342.9
15445.0,242,2,284.5,0,1,142.25
15446.0,354,5,398.85,1,1,79.77000000000001
15447.0,308,6,484.93,1,1,80.82166666666667
15448.0,290,2,788.81,1,1,394.405
15449.0,4,5,971.22,0,0,194.244
15450.0,7,1,429.84,0,0,429.84
15451.0,412,2,233.21,1,1,116.605
15452.0,7,6,1799.1100000000001,0,0,299.8516666666667
15453.0,13,6,1253.09,0,0,208.84833333333333
15454.0,340,2,307.69,1,1,153.845
15455.0,575,1,38.25,1,1,38.25
15456.0,261,10,2119.27,0,1,211.927
15457.0,239,1,237.07,0,1,237.07
15458.0,3,2,370.43999999999994,0,0,185.21999999999997
15459.0,394,2,202.82999999999998,1,1,101.41499999999999
15460.0,331,1,216.76,1,1,216.76
15461.0,438,3,391.29999999999995,1,1,130.4333333333333
15462.0,72,4,737.05,0,0,184.2625
15463.0,7,1,126.14,0,0,126.14
15464.0,315,1,1048.85,1,1,1048.85
15465.0,39,38,11439.71,0,0,301.04499999999996
15466.0,63,4,1571.01,0,0,392.7525
15467.0,122,2,402.56,0,1,201.28
15468.0,13,7,1387.48,0,0,198.21142857142857
15469.0,20,6,834.4,0,0,139.06666666666666
15470.0,553,1,63.419999999999995,1,1,63.419999999999995
15471.0,358,2,847.0799999999999,1,1,423.53999999999996
15472.0,91,1,371.56,0,1,371.56
15473.0,5,10,1332.0,0,0,133.2
15474.0,573,1,163.1,1,1,163.1
15475.0,55,1,454.10999999999996,0,0,454.10999999999996
15476.0,358,5,2180.28,1,1,436.05600000000004
15477.0,627,1,368.4,1,1,368.4
15478.0,18,3,2024.98,0,0,674.9933333333333
15479.0,711,1,147.4,1,1,147.4
15480.0,94,7,3592.25,0,1,513.1785714285714
15481.0,379,1,1993.34,1,1,1993.34
15482.0,3,21,7015.73,0,0,334.08238095238096
15483.0,139,10,862.2,0,1,86.22
15484.0,34,4,3092.37,0,0,773.0925
15485.0,8,8,5624.51,0,0,703.06375
15486.0,505,1,102.0,1,1,102.0
15487.0,657,1,231.32,1,1,231.32
15488.0,70,5,431.92,0,0,86.384
15489.0,16,11,1983.98,0,0,180.3618181818182
15490.0,408,2,188.1,1,1,94.05
15491.0,72,7,3090.85,0,0,441.55
15492.0,6,2,659.4599999999999,0,0,329.72999999999996
15493.0,10,11,4280.43,0,0,389.13000000000005
15494.0,98,5,3599.1,0,1,719.8199999999999
15495.0,357,1,246.5,1,1,246.5
15496.0,609,1,146.14000000000001,1,1,146.14000000000001
15497.0,290,10,8351.86,1,1,835.186
15498.0,20,52,22557.9,0,0,433.8057692307693
15499.0,701,1,161.6,1,1,161.6
15500.0,4,2,718.26,0,0,359.13
15501.0,382,2,402.5,1,1,201.25
15502.0,3,24,8386.630000000001,0,0,349.4429166666667
15503.0,340,2,267.15,1,1,133.575
15504.0,59,5,413.9,0,0,82.78
15505.0,30,7,3497.14,0,0,499.59142857142854
15506.0,23,5,1575.18,0,0,315.036
15507.0,149,1,492.36,0,1,492.36
15508.0,166,6,1000.27,0,1,166.71166666666667
15509.0,358,1,166.51,1,1,166.51
15510.0,308,1,250.0,1,1,250.0
15511.0,15,4,744.3,0,0,186.075
15512.0,133,4,331.58,0,1,82.895
15513.0,8,41,27264.45,0,0,664.9865853658537
15514.0,2,18,4785.08,0,0,265.8377777777778
15515.0,365,1,171.81,1,1,171.81
15516.0,22,3,62.43,0,0,20.81
15517.0,211,1,267.03,0,1,267.03
15518.0,42,23,4103.78,0,0,178.42521739130433
15519.0,361,2,344.61,1,1,172.305
15521.0,14,24,6674.44,0,0,278.10166666666663
15522.0,10,2,398.84,0,0,199.42
15523.0,61,18,17220.04,0,0,956.6688888888889
15524.0,2,2,591.4,0,0,295.7
15525.0,351,2,783.71,1,1,391.855
15526.0,11,2,148.44,0,0,74.22
15527.0,14,30,4861.4400000000005,0,0,162.04800000000003
15528.0,231,1,229.33,0,1,229.33
15529.0,44,11,4760.41,0,0,432.76454545454544
15530.0,127,4,1480.1,0,1,370.025
15531.0,7,1,1522.31,0,0,1522.31
15532.0,3,12,3708.05,0,0,309.00416666666666
15533.0,60,3,501.34000000000003,0,0,167.11333333333334
15534.0,703,1,162.25,1,1,162.25
15535.0,150,10,985.82,0,1,98.58200000000001
15536.0,386,1,259.09,1,1,259.09
15537.0,141,1,110.92,0,1,110.92
15538.0,515,11,3027.15,1,1,275.19545454545454
15540.0,353,1,247.38,1,1,247.38
15541.0,92,1,85.13000000000001,0,1,85.13000000000001
15542.0,490,4,895.9,1,1,223.975
15543.0,265,2,242.84,1,1,121.42
15544.0,6,24,7808.35,0,0,325.34791666666666
15545.0,32,2,428.05,0,0,214.025
15546.0,584,3,539.5500000000001,1,1,179.85000000000002
15547.0,18,27,9618.48,0,0,356.24
15548.0,573,1,158.09,1,1,158.09
15549.0,54,9,2308.46,0,0,256.49555555555554
15550.0,84,13,1853.25,0,0,142.55769230769232
15551.0,14,9,1659.28,0,0,184.36444444444444
15552.0,195,2,252.52,0,1,126.26
15553.0,38,1,437.23,0,0,437.23
15554.0,255,1,217.2,1,1,217.2
15555.0,8,44,11279.16,0,0,256.3445454545454
15556.0,1,1,279.77,0,0,279.77
15557.0,6,1,473.65000000000003,0,0,473.65000000000003
15558.0,616,2,143.32999999999998,1,1,71.66499999999999
15559.0,546,1,1109.4,1,1,1109.4
15560.0,375,2,153.52,1,1,76.76
15561.0,74,8,1505.62,0,0,188.2025
15562.0,329,3,673.3800000000001,1,1,224.46000000000004
15563.0,178,6,2197.14,0,1,366.19
15564.0,440,2,70.74000000000001,1,1,35.370000000000005
15565.0,28,2,173.16,0,0,86.58
15566.0,370,2,227.87,1,1,113.935
15568.0,22,2,422.52,0,0,211.26
15569.0,81,10,3586.35,0,0,358.635
15570.0,14,25,8866.97,0,0,354.67879999999997
15571.0,1,13,3921.58,0,0,301.65999999999997
15572.0,3,9,3873.69,0,0,430.41
15573.0,9,5,1207.18,0,0,241.436
15574.0,155,7,1476.7,0,1,210.95714285714286
15575.0,597,1,30.1,1,1,30.1
15576.0,15,1,940.6700000000001,0,0,940.6700000000001
15577.0,128,5,397.98,0,1,79.596
15578.0,140,1,127.1,0,1,127.1
15579.0,46,7,1267.25,0,0,181.03571428571428
15580.0,354,14,1221.95,1,1,87.28214285714286
15581.0,98,43,5797.780000000001,0,1,134.83209302325582
15582.0,2,3,682.9100000000001,0,0,227.63666666666668
15583.0,354,1,107.86,1,1,107.86
15584.0,1,7,1275.0,0,0,182.14285714285714
15585.0,154,1,455.3,0,1,455.3
15586.0,568,4,1128.66,1,1,282.165
15587.0,28,7,1522.0800000000002,0,0,217.44000000000003
15588.0,655,1,579.6,1,1,579.6
15589.0,230,4,456.58,0,1,114.145
15590.0,266,6,1466.41,1,1,244.40166666666667
15591.0,560,3,217.9,1,1,72.63333333333334
15592.0,24,1,388.58,0,0,388.58
15593.0,48,1,199.8,0,0,199.8
15594.0,7,5,1684.73,0,0,336.946
15595.0,465,1,357.6,1,1,357.6
15596.0,78,16,3023.59,0,0,188.974375
15597.0,7,3,554.52,0,0,184.84
15598.0,13,4,543.02,0,0,135.755
15599.0,4,3,1250.06,0,0,416.68666666666667
15600.0,406,5,1178.71,1,1,235.74200000000002
15601.0,34,34,14740.82,0,0,433.5535294117647
15602.0,6,23,2748.33,0,0,119.49260869565217
15603.0,56,3,74.73,0,0,24.91
15604.0,30,1,216.39,0,0,216.39
15605.0,14,10,1933.4,0,0,193.34
15606.0,35,19,4733.47,0,0,249.13000000000002
15607.0,314,13,1578.57,1,1,121.42846153846153
15608.0,6,5,1785.98,0,0,357.196
15609.0,160,2,270.03000000000003,0,1,135.01500000000001
15610.0,29,1,112.46000000000001,0,0,112.46000000000001
15611.0,20,30,2607.26,0,0,86.90866666666668
15612.0,14,2,195.15,0,0,97.575
15613.0,588,1,433.71999999999997,1,1,433.71999999999997
15614.0,405,7,3008.86,1,1,429.83714285714285
15615.0,8,53,20242.98,0,0,381.94301886792454
15616.0,416,1,317.11,1,1,317.11
15617.0,373,3,828.5500000000001,1,1,276.18333333333334
15618.0,10,5,747.031,0,0,149.40619999999998
15620.0,27,8,1909.93,0,0,238.74125
15622.0,20,29,7700.03,0,0,265.51827586206895
15623.0,118,8,2437.05,0,1,304.63125
15624.0,94,4,588.13,0,1,147.0325
15625.0,77,14,3203.25,0,0,228.80357142857142
15626.0,52,4,1049.37,0,0,262.3425
15627.0,435,2,566.9,1,1,283.45
15628.0,2,20,5400.41,0,0,270.02049999999997
15629.0,428,4,2240.9,1,1,560.225
15630.0,22,4,1475.45,0,0,368.8625
15631.0,620,1,596.67,1,1,596.67
15632.0,24,9,2840.96,0,0,315.6622222222222
15633.0,487,18,4173.41,1,1,231.8561111111111
15634.0,360,1,311.1,1,1,311.1
15635.0,373,1,100.35,1,1,100.35
15636.0,67,4,1444.58,0,0,361.145
15637.0,30,5,797.59,0,0,159.518
15638.0,279,9,2137.2,1,1,237.46666666666664
15639.0,112,5,1028.33,0,1,205.666
15640.0,13,32,21762.07,0,0,680.0646875
15641.0,83,12,5345.55,0,0,445.46250000000003
15642.0,707,1,105.78000000000002,1,1,105.78000000000002
15643.0,156,6,647.4,0,1,107.89999999999999
15644.0,144,4,813.0,0,1,203.25
15645.0,380,3,430.56,1,1,143.52
15646.0,135,6,952.11,0,1,158.685
15647.0,393,1,169.0,1,1,169.0
15648.0,181,4,599.9,0,1,149.975
15649.0,314,4,2170.35,1,1,542.5875
15650.0,492,3,539.03,1,1,179.67666666666665
15651.0,14,5,1259.06,0,0,251.81199999999998
15652.0,69,6,1411.84,0,0,235.30666666666664
15653.0,70,2,877.4399999999999,0,0,438.71999999999997
15654.0,4,1,595.02,0,0,595.02
15655.0,210,2,511.32,0,1,255.66
15656.0,23,4,748.5,0,0,187.125
15658.0,168,13,2270.34,0,1,174.64153846153846
15659.0,21,3,532.49,0,0,177.49666666666667
15660.0,2,18,2764.14,0,0,153.56333333333333
15661.0,295,8,1215.95,1,1,151.99375
15662.0,638,2,283.73,1,1,141.865
15663.0,83,1,138.14,0,0,138.14
15664.0,28,7,1212.35,0,0,173.19285714285712
15665.0,146,5,4015.12,0,1,803.024
15666.0,449,2,632.9399999999999,1,1,316.46999999999997
15667.0,17,1,301.32,0,0,301.32
15668.0,195,1,76.32000000000001,0,1,76.32000000000001
15669.0,17,5,677.69,0,0,135.538
15670.0,274,3,315.2,1,1,105.06666666666666
15671.0,3,9,2272.73,0,0,252.52555555555557
15672.0,702,1,45.300000000000004,1,1,45.300000000000004
15673.0,65,10,6409.84,0,0,640.984
15674.0,51,18,6217.85,0,0,345.43611111111113
15675.0,59,4,542.04,0,0,135.51
15676.0,13,3,3247.44,0,0,1082.48
15677.0,26,3,1305.63,0,0,435.21000000000004
15678.0,30,3,1893.89,0,0,631.2966666666667
15679.0,1,4,781.28,0,0,195.32
15680.0,18,11,4152.51,0,0,377.5009090909091
15681.0,2,15,2960.0,0,0,197.33333333333334
15682.0,576,3,316.99,1,1,105.66333333333334
15683.0,95,2,524.54,0,1,262.27
15684.0,524,6,147.8,1,1,24.633333333333336
15685.0,428,1,55.980000000000004,1,1,55.980000000000004
15686.0,398,1,90.0,1,1,90.0
15687.0,1,10,2729.91,0,0,272.991
15688.0,396,1,190.57,1,1,190.57
15689.0,97,3,521.03,0,1,173.67666666666665
15690.0,78,1,111.0,0,0,111.0
15691.0,230,5,511.8,0,1,102.36
15692.0,6,1,191.04,0,0,191.04
15693.0,637,1,37.5,1,1,37.5
15694.0,3,27,9694.78,0,0,359.06592592592597
15695.0,244,4,1131.04,0,1,282.76
15696.0,11,21,3757.4700000000003,0,0,178.92714285714288
15697.0,667,1,246.75,1,1,246.75
15698.0,601,1,46.2,1,1,46.2
15700.0,149,3,664.03,0,1,221.34333333333333
15701.0,46,3,1223.2,0,0,407.73333333333335
15702.0,454,2,140.39000000000001,1,1,70.19500000000001
15703.0,242,1,211.5,0,1,211.5
15704.0,118,8,3744.1800000000003,0,1,468.02250000000004
15705.0,178,1,143.1,0,1,143.1
15706.0,37,7,1001.8100000000001,0,0,143.1157142857143
15707.0,13,4,945.58,0,0,236.395
15708.0,18,14,4323.9800000000005,0,0,308.8557142857143
15709.0,261,2,327.85,1,1,163.925
15710.0,394,1,898.87,1,1,898.87
15711.0,534,2,420.25,1,1,210.125
15712.0,49,12,3261.01,0,0,271.75083333333333
15713.0,121,6,985.99,0,1,164.33166666666668
15714.0,55,4,586.4100000000001,0,0,146.60250000000002
15715.0,533,5,658.02,1,1,131.60399999999998
15716.0,123,11,3056.81,0,1,277.89181818181817
15717.0,212,5,607.0,0,1,121.4
15718.0,517,1,293.79,1,1,293.79
15719.0,10,39,10134.36,0,0,259.85538461538465
15720.0,2,2,741.92,0,0,370.96
15722.0,13,15,5120.05,0,0,341.3366666666667
15723.0,342,4,947.65,1,1,236.9125
15724.0,179,5,299.8,0,1,59.96
15726.0,367,1,321.91,1,1,321.91
15727.0,85,14,8875.84,0,0,633.9885714285714
15728.0,27,3,409.80000000000007,0,0,136.60000000000002
15729.0,175,5,154.70000000000002,0,1,30.940000000000005
15730.0,43,7,1708.18,0,0,244.0257142857143
15731.0,531,1,125.3,1,1,125.3
15732.0,190,12,1637.52,0,1,136.46
15733.0,260,1,162.3,1,1,162.3
15734.0,92,4,2263.3,0,1,565.825
15735.0,399,1,327.68,1,1,327.68
15736.0,407,3,1717.27,1,1,572.4233333333333
15737.0,50,10,997.6,0,0,99.76
15738.0,20,44,13025.220000000001,0,0,296.0277272727273
15739.0,44,1,449.12,0,0,449.12
15740.0,27,1,154.88,0,0,154.88
15741.0,435,2,208.62,1,1,104.31
15742.0,596,1,156.87,1,1,156.87
15743.0,15,3,571.61,0,0,190.53666666666666
15744.0,55,1,34.8,0,0,34.8
15745.0,11,4,908.4300000000001,0,0,227.10750000000002
15746.0,111,2,182.96,0,1,91.48
15747.0,98,9,2136.09,0,1,237.34333333333336
15748.0,18,3,614.7600000000001,0,0,204.92000000000004
15749.0,213,4,21535.9,0,1,5383.975
15750.0,15,22,6165.021,0,0,280.2282272727273
15751.0,438,14,1318.84,1,1,94.20285714285714
15752.0,17,10,4199.09,0,0,419.909
15753.0,282,1,79.2,1,1,79.2
15754.0,28,12,3001.86,0,0,250.155
15755.0,51,18,5676.69,0,0,315.37166666666667
15756.0,39,4,532.96,0,0,133.24
15757.0,43,6,2940.36,0,0,490.06
15758.0,2,1,205.25,0,0,205.25
15759.0,196,10,810.98,0,1,81.098
15760.0,608,5,-5795.87,1,1,-1159.174
15761.0,420,1,143.05,1,1,143.05
15762.0,42,2,583.75,0,0,291.875
15763.0,9,3,1048.67,0,0,349.5566666666667
15764.0,58,14,4453.28,0,0,318.09142857142854
15765.0,644,1,370.63,1,1,370.63
15766.0,41,4,799.66,0,0,199.915
15767.0,618,2,-242.70000000000002,1,1,-121.35000000000001
15768.0,93,36,15559.46,0,1,432.2072222222222
15769.0,8,50,80865.38,2,0,1617.3076
15770.0,590,1,321.45,1,1,321.45
15771.0,582,3,1006.54,1,1,335.5133333333333
15772.0,396,1,280.88,1,1,280.88
15773.0,386,1,138.84,1,1,138.84
15774.0,46,7,1324.2,0,0,189.17142857142858
15775.0,223,2,150.5,0,1,75.25
15776.0,111,1,241.62,0,1,241.62
15777.0,218,9,1732.1599999999999,0,1,192.4622222222222
15778.0,409,1,307.95,1,1,307.95
15779.0,440,2,124.08000000000001,1,1,62.040000000000006
15780.0,161,3,475.28000000000003,0,1,158.42666666666668
15781.0,3,4,333.56,0,0,83.39
15782.0,23,5,3535.25,0,0,707.05
15784.0,445,2,848.3299999999999,1,1,424.16499999999996
15785.0,7,26,5825.33,0,0,224.05115384615385
15786.0,21,9,8392.85,0,0,932.5388888888889
15787.0,4,3,948.05,0,0,316.01666666666665
15788.0,478,2,215.53,1,1,107.765
15789.0,336,7,1932.01,1,1,276.00142857142856
15791.0,21,9,3541.79,0,0,393.53222222222223
15792.0,377,2,933.84,1,1,466.92
15793.0,17,7,2045.96,0,0,292.28000000000003
15794.0,714,2,777.0,1,1,388.5
15795.0,127,8,1979.8700000000001,0,1,247.48375000000001
15796.0,49,20,4196.1,0,0,209.805
15797.0,90,6,2821.08,0,0,470.18
15798.0,470,3,1535.37,1,1,511.78999999999996
15799.0,53,4,1424.29,0,0,356.0725
15800.0,85,7,1242.58,0,0,177.51142857142855
15801.0,24,4,1042.19,0,0,260.5475
15802.0,120,3,-451.42,0,1,-150.47333333333333
15803.0,29,4,1929.66,0,0,482.415
15804.0,14,15,3189.81,0,0,212.654
15805.0,7,39,9338.52,0,0,239.44923076923078
15806.0,24,3,784.58,0,0,261.5266666666667
15807.0,28,6,1807.57,0,0,301.26166666666666
15808.0,284,24,18248.83,0,1,760.3679166666667
15809.0,13,9,862.88,0,0,95.87555555555555
15810.0,56,13,2724.8,0,0,209.60000000000002
15811.0,83,8,3404.3,0,0,425.5375
15812.0,85,13,5186.17,0,0,398.93615384615384
15813.0,185,2,1303.9099999999999,0,1,651.9549999999999
15814.0,7,6,2240.2,0,0,373.3666666666666
15815.0,41,5,2100.6,0,0,420.12
15816.0,520,3,93.3,1,1,31.099999999999998
15817.0,398,3,2766.4,1,1,922.1333333333333
15818.0,566,1,340.5,1,1,340.5
15819.0,27,11,3911.28,0,0,355.5709090909091
15820.0,297,1,206.98,1,1,206.98
15821.0,21,2,570.96,0,0,285.48
15822.0,337,7,1332.64,1,1,190.37714285714287
15823.0,315,6,3033.86,1,1,505.6433333333334
15824.0,431,2,890.94,1,1,445.47
15825.0,150,1,532.94,0,1,532.94
15826.0,29,6,2583.13,0,0,430.5216666666667
15827.0,50,42,3430.96,0,0,81.6895238095238
15828.0,352,1,1108.82,1,1,1108.82
15829.0,76,2,636.14,0,0,318.07
15830.0,7,2,547.7,0,0,273.85
15831.0,36,4,747.76,0,0,186.94
15832.0,231,1,836.79,0,1,836.79
15833.0,715,1,80.4,1,1,80.4
15834.0,48,9,3600.29,0,0,400.03222222222223
15835.0,21,4,954.09,0,0,238.5225
15836.0,22,2,117.47,0,0,58.735
15837.0,42,2,777.01,0,0,388.505
15838.0,3,36,72431.99,2,0,2011.9997222222223
15839.0,3,5,1020.74,0,0,204.148
15840.0,36,3,345.66,0,0,115.22000000000001
15841.0,41,12,2716.5,0,0,226.375
15842.0,365,3,528.75,1,1,176.25
15843.0,281,1,118.95000000000002,1,1,118.95000000000002
15844.0,24,1,130.73999999999998,0,0,130.73999999999998
15845.0,13,13,3972.36,0,0,305.56615384615384
15846.0,363,1,107.01,1,1,107.01
15847.0,16,5,822.57,0,0,164.514
15848.0,599,1,139.94,1,1,139.94
15849.0,574,1,-5876.34,1,1,-5876.34
15850.0,146,5,938.75,0,1,187.75
15851.0,504,1,109.73,1,1,109.73
15852.0,164,3,257.26,0,1,85.75333333333333
15853.0,29,1,110.8,0,0,110.8
15854.0,64,19,5449.1,0,0,286.7947368421053
15855.0,114,6,1052.72,0,1,175.45333333333335
15856.0,22,52,30706.74,0,0,590.5142307692308
15857.0,407,1,273.48,1,1,273.48
15858.0,37,14,3726.86,0,0,266.20428571428573
15859.0,410,1,438.46,1,1,438.46
15860.0,18,17,2505.21,0,0,147.36529411764707
15861.0,3,12,3618.37,0,0,301.5308333333333
15862.0,89,12,2755.14,0,0,229.595
15863.0,3,5,358.7,0,0,71.74
15864.0,4,7,2014.22,0,0,287.7457142857143
15865.0,18,5,2248.92,0,0,449.784
15866.0,79,1,230.53,0,0,230.53
15867.0,48,32,8484.68,0,0,265.14625
15868.0,561,1,94.53,1,1,94.53
15869.0,254,3,323.65999999999997,1,1,107.88666666666666
15870.0,10,4,862.61,0,0,215.6525
15871.0,415,1,33.099999999999994,1,1,33.099999999999994
15872.0,356,2,434.75,1,1,217.375
15873.0,470,5,138.23999999999998,1,1,27.647999999999996
15874.0,41,25,11135.0,0,0,445.4
15875.0,623,1,111.72,1,1,111.72
15876.0,386,2,1449.1399999999999,1,1,724.5699999999999
15878.0,539,2,330.77,1,1,165.385
15879.0,381,4,1157.3,1,1,289.325
15880.0,347,2,626.5600000000001,1,1,313.28000000000003
15881.0,289,8,438.24,1,1,54.78
15882.0,176,10,1448.91,0,1,144.89100000000002
15883.0,11,1,143.76,0,0,143.76
15884.0,409,3,243.75000000000003,1,1,81.25000000000001
15885.0,70,20,1737.57,0,0,86.8785
15886.0,38,4,1052.8700000000001,0,0,263.21750000000003
15887.0,384,3,1027.15,1,1,342.3833333333334
15888.0,57,4,402.12,0,0,100.53
15889.0,134,9,1795.83,0,1,199.53666666666666
15890.0,372,5,535.65,1,1,107.13
15891.0,204,1,524.52,0,1,524.52
15892.0,646,1,128.2,1,1,128.2
15893.0,459,1,305.28000000000003,1,1,305.28000000000003
15894.0,231,2,420.29,0,1,210.145
15895.0,127,1,179.17,0,1,179.17
15896.0,602,1,-1899.67,1,1,-1899.67
15897.0,172,2,222.05,0,1,111.025
15898.0,198,28,5148.47,0,1,183.8739285714286
15899.0,346,1,112.5,1,1,112.5
15900.0,1,5,890.5,0,0,178.1
15901.0,55,8,553.7,0,0,69.2125
15902.0,357,1,145.01,1,1,145.01
15903.0,4,14,8130.22,0,0,580.73
15905.0,520,1,114.69,1,1,114.69
15906.0,46,10,2288.4,0,0,228.84
15907.0,154,2,529.52,0,1,264.76
15908.0,468,2,764.57,1,1,382.285
15909.0,151,1,191.94,0,1,191.94
15910.0,42,13,2301.39,0,0,177.03
15911.0,426,10,1401.55,1,1,140.155
15912.0,156,9,1074.7,0,1,119.41111111111111
15913.0,511,1,6.300000000000001,1,1,6.300000000000001
15914.0,355,2,205.99,1,1,102.995
15915.0,379,1,429.21,1,1,429.21
15916.0,7,16,3089.29,0,0,193.080625
15917.0,225,5,560.63,0,1,112.126
15918.0,168,3,582.88,0,1,194.29333333333332
15919.0,346,1,541.44,1,1,541.44
15920.0,131,9,571.64,0,1,63.51555555555555
15921.0,150,4,802.11,0,1,200.5275
15922.0,350,2,727.2,1,1,363.6
15923.0,350,1,254.16,1,1,254.16
15924.0,709,1,102.82,1,1,102.82
15925.0,171,1,207.15,0,1,207.15
15926.0,520,1,134.44,1,1,134.44
15927.0,625,1,123.39,1,1,123.39
15928.0,634,1,293.53,1,1,293.53
15929.0,622,1,594.0,1,1,594.0
15930.0,45,1,426.63,0,0,426.63
15931.0,405,1,239.9,1,1,239.9
15932.0,66,10,2161.63,0,0,216.163
15933.0,48,2,728.27,0,0,364.135
15934.0,395,2,2190.66,1,1,1095.33
15935.0,217,3,108.03999999999999,0,1,36.01333333333333
15936.0,356,2,282.79,1,1,141.395
15937.0,41,1,145.35,0,0,145.35
15938.0,90,9,734.81,0,0,81.64555555555555
15939.0,67,17,9047.64,0,0,532.2141176470587
15940.0,288,3,-3.552713678800501e-15,1,1,-1.1842378929335002e-15
15941.0,490,2,230.6,1,1,115.3
15942.0,111,1,337.44,0,1,337.44
15943.0,627,2,271.28999999999996,1,1,135.64499999999998
15944.0,254,4,2164.24,0,1,541.06
15945.0,343,4,827.27,1,1,206.8175
15946.0,480,3,2304.18,1,1,768.06
15947.0,60,1,1708.24,0,0,1708.24
15948.0,21,2,1198.0900000000001,0,0,599.0450000000001
15949.0,48,1,237.04000000000002,0,0,237.04000000000002
15950.0,9,12,6998.76,0,0,583.23
15951.0,263,2,680.12,1,1,340.06
15952.0,11,4,806.57,0,0,201.6425
15953.0,3,20,3366.2799999999997,0,0,168.314
15954.0,567,1,190.75,1,1,190.75
15955.0,2,25,8622.61,0,0,344.9044
15956.0,529,2,617.6,1,1,308.8
15957.0,9,3,930.1,0,0,310.03333333333336
15958.0,52,4,492.99,0,0,123.2475
15959.0,659,3,579.49,1,1,193.16333333333333
15960.0,351,5,394.0,1,1,78.8
15961.0,356,1,451.28999999999996,1,1,451.28999999999996
15962.0,427,1,295.83,1,1,295.83
15963.0,23,1,280.04,0,0,280.04
15964.0,640,1,272.96000000000004,1,1,272.96000000000004
15965.0,6,13,2848.79,0,0,219.1376923076923
15966.0,421,2,399.58,1,1,199.79
15967.0,296,12,2774.17,1,1,231.18083333333334
15968.0,366,1,418.05,1,1,418.05
15969.0,27,4,992.05,0,0,248.0125
15970.0,281,2,1017.32,1,1,508.66
15971.0,30,19,4726.43,0,0,248.75947368421055
15972.0,434,5,1810.27,1,1,362.054
15973.0,213,5,780.39,0,1,156.078
15974.0,17,8,3429.55,0,0,428.69375
15975.0,62,1,371.01,0,0,371.01
15976.0,143,6,1746.6399999999999,0,1,291.1066666666666
15977.0,16,1,355.63,0,0,355.63
15978.0,55,5,3272.62,0,0,654.524
15979.0,580,1,329.22,1,1,329.22
15980.0,66,9,6546.28,0,0,727.3644444444444
15981.0,2,27,9268.07,0,0,343.2618518518518
15982.0,582,1,324.51,1,1,324.51
15983.0,338,7,3632.07,1,1,518.8671428571429
15984.0,48,29,7946.11,0,0,274.0037931034483
15985.0,100,8,2610.28,0,1,326.285
15986.0,8,2,354.42,0,0,177.21
15987.0,98,7,1437.27,0,1,205.3242857142857
15988.0,529,2,612.0600000000001,1,1,306.03000000000003
15989.0,353,2,372.51,1,1,186.255
15990.0,21,7,2010.05,0,0,287.15
15991.0,511,1,150.55,1,1,150.55
15992.0,374,2,854.61,1,1,427.305
15993.0,3,5,2120.18,0,0,424.03599999999994
15994.0,32,5,1198.84,0,0,239.76799999999997
15995.0,392,1,696.19,1,1,696.19
15996.0,66,8,1671.0,0,0,208.875
15997.0,595,1,-23.4,1,1,-23.4
15998.0,14,21,8220.39,0,0,391.4471428571428
15999.0,713,1,20.4,1,1,20.4
16001.0,358,2,519.06,1,1,259.53
16002.0,603,1,169.21,1,1,169.21
16003.0,7,10,5613.83,0,0,561.383
16004.0,452,5,2146.39,1,1,429.27799999999996
16005.0,160,9,2086.46,0,1,231.82888888888888
16006.0,189,2,347.17,0,1,173.585
16007.0,25,7,3075.14,0,0,439.30571428571426
16008.0,1,15,5384.13,0,0,358.942
16009.0,9,3,933.71,0,0,311.2366666666667
16010.0,223,12,1722.1100000000001,0,1,143.5091666666667
16011.0,7,29,5473.09,0,0,188.72724137931036
16012.0,13,5,2989.79,0,0,597.958
16013.0,9,89,46712.08,2,0,524.8548314606742
16014.0,13,6,1121.02,0,0,186.83666666666667
16015.0,4,3,487.44,0,0,162.48
16016.0,13,11,2216.91,0,0,201.53727272727272
16017.0,25,5,1553.83,0,0,310.76599999999996
16018.0,17,4,698.13,0,0,174.5325
16019.0,24,34,16976.15,0,0,499.2985294117648
16020.0,43,1,518.8,0,0,518.8
16021.0,373,2,532.25,1,1,266.125
16022.0,238,1,628.28,0,1,628.28
16023.0,23,3,719.81,0,0,239.93666666666664
16024.0,389,2,232.96,1,1,116.48
16025.0,7,1,439.65999999999997,0,0,439.65999999999997
16026.0,21,1,236.09,0,0,236.09
16027.0,69,18,1799.8400000000001,0,0,99.99111111111112
16028.0,573,1,82.2,1,1,82.2
16029.0,16,125,91800.91,2,0,734.40728
16030.0,287,1,331.24,1,1,331.24
16031.0,70,2,548.94,0,0,274.47
16032.0,433,6,1970.45,1,1,328.40833333333336
16033.0,11,35,10270.52,0,0,293.44342857142857
16034.0,173,7,925.77,0,1,132.25285714285715
16035.0,538,1,217.73,1,1,217.73
16036.0,65,4,2556.84,0,0,639.21
16037.0,247,7,1489.44,0,1,212.77714285714288
16038.0,155,3,375.88,0,1,125.29333333333334
16039.0,401,3,449.65,1,1,149.88333333333333
16040.0,43,8,2383.7000000000003,0,0,297.96250000000003
16041.0,8,3,3166.4,0,0,1055.4666666666667
16042.0,35,10,1848.53,0,0,184.853
16043.0,15,8,1856.5900000000001,0,0,232.07375000000002
16044.0,412,1,340.84000000000003,1,1,340.84000000000003
16045.0,97,9,3187.03,0,1,354.1144444444445
16046.0,540,1,235.78,1,1,235.78
16047.0,659,1,107.14,1,1,107.14
16048.0,63,6,1056.53,0,0,176.08833333333334
16049.0,18,6,1899.68,0,0,316.61333333333334
16050.0,151,3,300.7,0,1,100.23333333333333
16051.0,659,1,188.44,1,1,188.44
16052.0,32,1,362.06,0,0,362.06
16053.0,10,8,3606.14,0,0,450.7675
16054.0,123,7,2090.68,0,1,298.6685714285714
16055.0,198,1,134.8,0,1,134.8
16056.0,23,1,664.85,0,0,664.85
16057.0,74,15,2520.78,0,0,168.05200000000002
16058.0,383,1,62.7,1,1,62.7
16059.0,43,12,3217.77,0,0,268.1475
16060.0,378,3,541.95,1,1,180.65
16061.0,247,3,44.95,0,1,14.983333333333334
16062.0,111,7,2487.97,0,1,355.4242857142857
16063.0,238,1,335.32,0,1,335.32
16064.0,702,1,111.0,1,1,111.0
16065.0,343,10,2365.62,1,1,236.56199999999998
16066.0,9,4,1248.52,0,0,312.13
16067.0,540,6,3026.19,1,1,504.365
16068.0,571,1,122.93,1,1,122.93
16069.0,395,1,457.7,1,1,457.7
16070.0,9,1,686.85,0,0,686.85
16071.0,22,4,1076.8,0,0,269.2
16072.0,266,4,4328.89,1,1,1082.2225
16073.0,269,2,94.35,1,1,47.175
16074.0,368,1,265.25,1,1,265.25
16075.0,480,3,726.98,1,1,242.32666666666668
16076.0,31,9,1826.3700000000001,0,0,202.93
16077.0,551,2,600.0,1,1,300.0
16078.0,261,2,362.99,1,1,181.495
16079.0,1,2,821.84,0,0,410.92
16080.0,59,6,472.9,0,0,78.81666666666666
16081.0,34,8,4460.18,0,0,557.5225
16082.0,648,1,106.75,1,1,106.75
16083.0,78,4,2351.42,0,0,587.855
16084.0,276,1,436.18,1,1,436.18
16085.0,1,13,2337.73,0,0,179.82538461538462
16086.0,37,11,2862.91,0,0,260.26454545454544
16087.0,366,5,1739.92,1,1,347.98400000000004
16088.0,553,2,1437.43,1,1,718.715
16089.0,364,2,271.44,1,1,135.72
16090.0,602,1,205.91,1,1,205.91
16091.0,132,2,315.06,0,1,157.53
16092.0,76,10,1515.49,0,0,151.549
16093.0,84,1,17.0,0,0,17.0
16094.0,6,18,3282.23,0,0,182.3461111111111
16095.0,433,1,447.05,1,1,447.05
16096.0,242,4,1584.97,0,1,396.2425
16097.0,218,1,185.04999999999998,0,1,185.04999999999998
16098.0,65,14,4448.1,0,0,317.7214285714286
16099.0,28,8,1568.25,0,0,196.03125
16100.0,440,1,582.64,1,1,582.64
16101.0,31,6,3169.07,0,0,528.1783333333334
16102.0,20,3,1842.14,0,0,614.0466666666667
16103.0,57,26,5986.26,0,0,230.24076923076925
16104.0,39,11,2515.36,0,0,228.66909090909093
16105.0,226,5,2386.19,0,1,477.238
16106.0,43,1,108.38,0,0,108.38
16107.0,6,6,2811.76,0,0,468.6266666666667
16108.0,62,8,2171.93,0,0,271.49125
16109.0,196,4,923.58,0,1,230.895
16110.0,23,4,1819.27,0,0,454.8175
16111.0,405,1,562.48,1,1,562.48
16112.0,121,4,195.73999999999998,0,1,48.934999999999995
16113.0,160,1,161.38,0,1,161.38
16114.0,148,1,135.75000000000003,0,1,135.75000000000003
16115.0,18,11,2426.13,0,0,220.55727272727273
16116.0,183,2,592.88,0,1,296.44
16117.0,167,4,650.05,0,1,162.5125
16118.0,370,5,4255.43,1,1,851.086
16119.0,50,7,1606.93,0,0,229.5614285714286
16120.0,37,7,3041.91,0,0,434.5585714285714
16121.0,35,6,1457.19,0,0,242.865
16122.0,50,6,1001.34,0,0,166.89000000000001
16123.0,29,1,307.78,0,0,307.78
16124.0,293,6,1709.39,1,1,284.89833333333337
16125.0,344,14,4587.65,1,1,327.6892857142857
16126.0,6,15,14646.800000000001,0,0,976.4533333333334
16127.0,17,2,801.31,0,0,400.655
16128.0,14,13,3558.76,0,0,273.75076923076927
16129.0,385,3,1396.05,1,1,465.34999999999997
16130.0,400,4,987.48,1,1,246.87
16131.0,29,15,9866.27,0,0,657.7513333333334
16132.0,522,2,664.1999999999999,1,1,332.09999999999997
16133.0,6,74,20979.260000000002,2,0,283.50351351351355
16134.0,331,6,1785.43,1,1,297.57166666666666
16135.0,240,2,819.45,0,1,409.725
16136.0,37,5,921.08,0,0,184.216
16137.0,658,1,422.7,1,1,422.7
16138.0,346,4,894.45,1,1,223.6125
16139.0,90,4,782.11,0,0,195.5275
16140.0,30,5,1536.19,0,0,307.238
16141.0,66,2,955.94,0,0,477.97
16142.0,227,1,535.34,0,1,535.34
16143.0,85,15,4391.3,0,0,292.75333333333333
16144.0,224,1,175.2,0,1,175.2
16145.0,18,28,6326.21,0,0,225.93607142857144
16146.0,135,4,946.38,0,1,236.595
16147.0,111,7,2367.02,0,1,338.1457142857143
16148.0,274,4,370.37,1,1,92.5925
16149.0,120,2,305.38,0,1,152.69
16150.0,16,20,4154.69,0,0,207.73449999999997
16151.0,576,1,-4217.59,1,1,-4217.59
16152.0,246,1,1829.04,0,1,1829.04
16153.0,27,13,5037.51,0,0,387.50076923076927
16154.0,659,1,-10.5,1,1,-10.5
16155.0,359,6,781.05,1,1,130.17499999999998
16156.0,1,25,5617.9800000000005,0,0,224.71920000000003
16157.0,1,3,403.85,0,0,134.61666666666667
16158.0,500,10,611.32,1,1,61.132000000000005
16159.0,259,5,1230.29,1,1,246.058
16160.0,41,4,1009.4499999999999,0,0,252.36249999999998
16161.0,3,54,11446.23,0,0,211.9672222222222
16162.0,230,1,37.4,0,1,37.4
16163.0,202,14,2263.63,0,1,161.68785714285715
16164.0,2,3,467.63,0,0,155.87666666666667
16165.0,483,1,79.9,1,1,79.9
16166.0,405,4,327.48,1,1,81.87
16167.0,391,6,1149.8700000000001,1,1,191.645
16168.0,2,69,10366.52,0,0,150.23942028985508
16169.0,7,3,1483.95,0,0,494.65000000000003
16170.0,28,25,6813.67,0,0,272.5468
16171.0,37,1,73.2,0,0,73.2
16172.0,73,8,1884.55,0,0,235.56875
16173.0,16,6,1107.72,0,0,184.62
16174.0,104,7,2246.75,0,1,320.9642857142857
16175.0,72,7,1836.44,0,0,262.34857142857146
16176.0,399,7,1964.04,1,1,280.57714285714286
16177.0,28,12,2141.61,0,0,178.4675
16178.0,115,2,612.6,0,1,306.3
16179.0,38,1,215.83,0,0,215.83
16180.0,77,16,16170.27,0,0,1010.641875
16181.0,51,1,305.54,0,0,305.54
16182.0,50,9,9971.65,0,0,1107.961111111111
16183.0,45,4,1077.81,0,0,269.4525
16184.0,41,7,1155.54,0,0,165.07714285714286
16185.0,210,2,450.31,0,1,225.155
16186.0,23,29,8571.11,0,0,295.55551724137933
16187.0,9,17,6841.24,0,0,402.4258823529412
16188.0,22,6,1077.71,0,0,179.61833333333334
16189.0,63,1,144.48,0,0,144.48
16190.0,17,8,2723.55,0,0,340.44375
16191.0,1,35,14720.59,0,0,420.58828571428575
16192.0,713,1,351.3,1,1,351.3
16193.0,214,2,630.43,0,1,315.215
16194.0,353,1,308.59999999999997,1,1,308.59999999999997
16195.0,701,1,323.25,1,1,323.25
16196.0,466,1,93.3,1,1,93.3
16197.0,447,9,2016.71,1,1,224.07888888888888
16198.0,53,2,1030.0410000000002,0,0,515.0205000000001
16199.0,370,7,942.75,1,1,134.67857142857142
16200.0,141,12,5099.9,0,1,424.9916666666666
16201.0,23,3,1031.48,0,0,343.82666666666665
16202.0,338,11,2467.04,1,1,224.27636363636364
16203.0,36,7,1110.79,0,0,158.68428571428572
16204.0,1,4,939.24,0,0,234.81
16205.0,8,7,1830.61,0,0,261.5157142857143
16206.0,32,14,2597.37,0,0,185.52642857142857
16207.0,3,1,394.38,0,0,394.38
16208.0,22,10,3440.45,0,0,344.04499999999996
16209.0,66,9,4146.78,0,0,460.75333333333333
16210.0,8,34,32006.58,0,0,941.37
16211.0,58,4,1086.34,0,0,271.585
16212.0,259,4,1092.3700000000001,1,1,273.09250000000003
16213.0,56,1,159.0,0,0,159.0
16214.0,148,4,2038.25,0,1,509.5625
16215.0,58,1,242.35,0,0,242.35
16216.0,244,1,914.9300000000001,0,1,914.9300000000001
16217.0,213,4,259.39000000000004,0,1,64.84750000000001
16218.0,7,19,4343.6,0,0,228.61052631578949
16219.0,478,1,40.8,1,1,40.8
16220.0,706,1,-10.17,1,1,-10.17
16221.0,14,10,2229.0099999999998,0,0,222.90099999999998
16222.0,296,2,1345.22,1,1,672.61
16223.0,352,2,1102.3500000000001,1,1,551.1750000000001
16224.0,34,5,1616.54,0,0,323.308
16225.0,22,18,2821.9100000000003,0,0,156.7727777777778
16226.0,181,5,672.1700000000001,0,1,134.43400000000003
16227.0,196,6,948.82,0,1,158.13666666666668
16228.0,352,4,886.1600000000001,1,1,221.54000000000002
16229.0,64,7,2835.36,0,0,405.0514285714286
16230.0,167,2,542.03,0,1,271.015
16231.0,357,4,1078.22,1,1,269.555
16232.0,10,10,2692.02,0,0,269.202
16233.0,48,12,1818.71,0,0,151.55916666666667
16234.0,451,4,312.78,1,1,78.195
16235.0,18,11,1990.6100000000001,0,0,180.96454545454546
16236.0,56,1,432.2,0,0,432.2
16237.0,414,1,136.65,1,1,136.65
16238.0,400,1,63.66,1,1,63.66
16239.0,34,7,1450.9,0,0,207.27142857142857
16240.0,2,3,3712.63,0,0,1237.5433333333333
16241.0,9,15,3719.91,0,0,247.994
16242.0,10,16,6350.1900000000005,0,0,396.88687500000003
16243.0,11,2,409.1,0,0,204.55
16244.0,189,2,2579.38,0,1,1289.69
16245.0,1,5,1352.3600000000001,0,0,270.47200000000004
16246.0,437,2,827.25,1,1,413.625
16247.0,148,1,114.56,0,1,114.56
16248.0,39,1,152.94,0,0,152.94
16249.0,30,5,1800.07,0,0,360.014
16250.0,239,3,791.38,0,1,263.79333333333335
16251.0,490,1,128.31,1,1,128.31
16252.0,343,2,-295.09,1,1,-147.545
16253.0,9,9,7276.91,0,0,808.5455555555556
16254.0,356,3,985.14,1,1,328.38
16255.0,73,18,4397.27,0,0,244.29277777777781
16256.0,235,4,1609.57,0,1,402.3925
16257.0,154,1,46.95,0,1,46.95
16258.0,23,16,11833.52,0,0,739.595
16259.0,388,3,361.94,1,1,120.64666666666666
16260.0,28,1,1035.45,0,0,1035.45
16261.0,53,5,875.05,0,0,175.01
16262.0,338,3,677.78,1,1,225.92666666666665
16263.0,401,1,351.01,1,1,351.01
16264.0,416,2,837.53,1,1,418.765
16265.0,21,14,6103.72,0,0,435.98
16266.0,51,14,1757.95,0,0,125.56785714285715
16267.0,569,1,186.66,1,1,186.66
16268.0,48,2,667.65,0,0,333.825
16269.0,405,2,714.59,1,1,357.295
16270.0,331,1,1141.24,1,1,1141.24
16271.0,103,9,2920.86,0,1,324.54
16272.0,94,1,411.7,0,1,411.7
16273.0,626,2,336.03999999999996,1,1,168.01999999999998
16274.0,350,1,715.9,1,1,715.9
16275.0,174,3,2151.11,0,1,717.0366666666667
16276.0,154,3,2629.3900000000003,0,1,876.4633333333335
16277.0,711,1,188.69,1,1,188.69
16278.0,72,6,1069.34,0,0,178.22333333333333
16279.0,64,9,4913.58,0,0,545.9533333333334
16280.0,702,1,238.05,1,1,238.05
16281.0,50,4,3416.52,0,0,854.13
16282.0,317,3,1307.58,1,1,435.85999999999996
16283.0,46,10,4106.1,0,0,410.61
16284.0,8,3,1029.77,0,0,343.25666666666666
16285.0,623,1,176.9,1,1,176.9
16286.0,455,4,263.65,1,1,65.9125
16287.0,147,5,1006.98,0,1,201.39600000000002
16288.0,448,1,129.85,1,1,129.85
16289.0,440,2,98.81,1,1,49.405
16290.0,442,4,2069.3,1,1,517.325
16291.0,659,1,117.72,1,1,117.72
16292.0,95,9,1171.46,0,1,130.16222222222223
16293.0,27,17,4293.12,0,0,252.5364705882353
16294.0,454,1,126.05000000000001,1,1,126.05000000000001
16295.0,2,3,1025.99,0,0,341.99666666666667
16296.0,604,6,1245.97,1,1,207.66166666666666
16297.0,190,4,275.4,0,1,68.85
16298.0,29,8,835.34,0,0,104.4175
16299.0,450,2,178.65,1,1,89.325
16300.0,408,3,1392.43,1,1,464.1433333333334
16301.0,714,1,107.33,1,1,107.33
16302.0,85,2,212.82,0,0,106.41
16303.0,3,9,7823.72,0,0,869.3022222222222
16304.0,672,1,381.66,1,1,381.66
16305.0,116,1,361.21999999999997,0,1,361.21999999999997
16306.0,191,10,1162.82,0,1,116.282
16307.0,407,3,1194.92,1,1,398.3066666666667
16308.0,15,7,5120.0,0,0,731.4285714285714
16309.0,69,3,686.67,0,0,228.89
16310.0,392,2,460.08,1,1,230.04
16311.0,27,1,401.55,0,0,401.55
16312.0,410,1,171.15,1,1,171.15
16313.0,27,1,167.62,0,0,167.62
16314.0,367,3,1491.4,1,1,497.1333333333334
16315.0,308,2,402.71,1,1,201.355
16316.0,42,19,5533.31,0,0,291.2268421052632
16317.0,97,6,2179.76,0,1,363.29333333333335
16318.0,13,1,328.15,0,0,328.15
16319.0,195,1,404.40000000000003,0,1,404.40000000000003
16320.0,149,8,4428.849999999999,0,1,553.6062499999999
16321.0,50,10,265.5,0,0,26.55
16322.0,14,1,213.07999999999998,0,0,213.07999999999998
16323.0,174,2,353.66,0,1,176.83
16324.0,106,3,428.68,0,1,142.89333333333335
16325.0,21,17,3463.84,0,0,203.75529411764705
16326.0,11,24,4145.6,0,0,172.73333333333335
16327.0,58,19,10033.69,0,0,528.088947368421
16328.0,541,1,310.83,1,1,310.83
16329.0,405,4,1703.07,1,1,425.7675
16330.0,88,7,421.68,0,0,60.24
16331.0,410,6,2037.7,1,1,339.6166666666667
16332.0,6,13,1989.97,0,0,153.07461538461538
16333.0,13,20,25079.600000000002,0,0,1253.98
16334.0,469,1,277.48,1,1,277.48
16335.0,529,8,2747.0,1,1,343.375
16336.0,398,4,3517.69,1,1,879.4225
16337.0,14,1,151.05,0,0,151.05
16338.0,135,1,214.79999999999998,0,1,214.79999999999998
16339.0,262,1,109.95,1,1,109.95
16340.0,85,3,1526.06,0,0,508.68666666666667
16341.0,2,10,3832.29,0,0,383.229
16342.0,53,4,322.41,0,0,80.6025
16343.0,385,1,316.59,1,1,316.59
16344.0,135,4,842.42,0,1,210.605
16345.0,21,2,1198.74,0,0,599.37
16346.0,362,1,224.51,1,1,224.51
16347.0,14,12,3038.65,0,0,253.22083333333333
16348.0,9,8,1798.22,0,0,224.7775
16349.0,268,1,53.5,1,1,53.5
16350.0,42,11,2091.89,0,0,190.17181818181817
16351.0,310,18,3279.13,1,1,182.17388888888888
16352.0,15,1,204.92000000000002,0,0,204.92000000000002
16353.0,10,37,8366.78,0,0,226.12918918918922
16354.0,41,5,1129.51,0,0,225.902
16355.0,352,2,349.2,1,1,174.6
16356.0,175,7,414.42,0,1,59.20285714285715
16357.0,10,4,868.37,0,0,217.0925
16358.0,41,5,2483.94,0,0,496.788
16359.0,43,19,2268.67,0,0,119.40368421052632
16360.0,16,5,1917.1,0,0,383.41999999999996
16361.0,2,3,781.19,0,0,260.3966666666667
16362.0,10,11,841.74,0,0,76.52181818181818
16363.0,31,1,109.36000000000001,0,0,109.36000000000001
16364.0,115,1,347.55,0,1,347.55
16365.0,14,15,2900.15,0,0,193.34333333333333
16366.0,560,3,1220.83,1,1,406.9433333333333
16367.0,15,3,1362.4,0,0,454.1333333333334
16368.0,6,2,445.26000000000005,0,0,222.63000000000002
16369.0,58,6,1962.8400000000001,0,0,327.14000000000004
16370.0,59,4,1320.56,0,0,330.14
16371.0,426,1,157.2,1,1,157.2
16372.0,11,6,1298.61,0,0,216.43499999999997
16373.0,359,2,309.49,1,1,154.745
16374.0,44,5,1771.45,0,0,354.29
16375.0,448,2,104.0,1,1,52.0
16377.0,244,2,1308.48,0,1,654.24
16378.0,225,3,362.95,0,1,120.98333333333333
16379.0,8,3,1277.18,0,0,425.7266666666667
16380.0,38,1,1780.59,0,0,1780.59
16381.0,373,2,258.7,1,1,129.35
16382.0,385,2,353.1,1,1,176.55
16383.0,52,9,2910.84,0,0,323.4266666666667
16384.0,67,4,1358.95,0,0,339.7375
16385.0,38,5,1030.61,0,0,206.12199999999999
16386.0,6,3,1102.59,0,0,367.53
16387.0,300,5,918.55,1,1,183.70999999999998
16388.0,631,1,186.05,1,1,186.05
16389.0,31,5,1362.27,0,0,272.454
16390.0,514,3,467.5,1,1,155.83333333333334
16391.0,378,4,1103.61,1,1,275.9025
16392.0,247,3,763.05,0,1,254.35
16393.0,1,26,4896.14,0,0,188.31307692307695
16394.0,27,9,1412.06,0,0,156.89555555555555
16395.0,38,17,3458.95,0,0,203.46764705882353
16396.0,450,3,102.69999999999999,1,1,34.23333333333333
16397.0,605,1,127.88,1,1,127.88
16398.0,122,4,1631.15,0,1,407.7875
16399.0,213,2,411.66,0,1,205.83
16400.0,72,9,3159.44,0,0,351.0488888888889
16401.0,3,37,5920.11,0,0,160.00297297297297
16402.0,242,2,511.4,0,1,255.7
16403.0,279,2,161.04999999999998,1,1,80.52499999999999
16404.0,48,2,430.3,0,0,215.15
16405.0,279,2,167.25,1,1,83.625
16406.0,428,3,370.91,1,1,123.63666666666667
16407.0,52,13,2489.48,0,0,191.49846153846153
16408.0,569,1,231.93,1,1,231.93
16409.0,13,12,5709.04,0,0,475.75333333333333
16410.0,712,1,130.32,1,1,130.32
16411.0,347,3,827.04,1,1,275.68
16412.0,31,5,647.23,0,0,129.446
16413.0,34,2,528.98,0,0,264.49
16414.0,258,4,484.26,1,1,121.065
16415.0,22,3,719.44,0,0,239.81333333333336
16416.0,4,10,2948.47,0,0,294.847
16417.0,470,1,35.7,1,1,35.7
16418.0,22,5,1101.94,0,0,220.388
16419.0,90,9,1474.67,0,0,163.85222222222222
16420.0,374,1,75.0,1,1,75.0
16421.0,354,3,526.27,1,1,175.42333333333332
16422.0,2,145,60826.5,2,0,419.49310344827586
16423.0,2,1,346.12,0,0,346.12
16424.0,169,3,392.06,0,1,130.68666666666667
16425.0,280,1,302.7,1,1,302.7
16426.0,12,6,1155.91,0,0,192.65166666666667
16427.0,240,2,241.06,0,1,120.53
16428.0,58,4,657.33,0,0,164.3325
16429.0,84,1,284.55,0,0,284.55
16430.0,35,7,1117.94,0,0,159.7057142857143
16431.0,191,3,642.81,0,1,214.26999999999998
16432.0,42,1,287.4,0,0,287.4
16433.0,6,2,384.52,0,0,192.26
16434.0,7,13,2727.04,0,0,209.7723076923077
16435.0,489,3,1011.5699999999999,1,1,337.19
16436.0,646,4,242.04,1,1,60.51
16437.0,358,2,301.25,1,1,150.625
16438.0,4,4,648.54,0,0,162.135
16439.0,700,1,310.70000000000005,1,1,310.70000000000005
16440.0,7,5,2881.54,0,0,576.308
16441.0,44,6,1023.48,0,0,170.58
16442.0,205,4,719.71,0,1,179.9275
16443.0,498,1,162.24,1,1,162.24
16444.0,24,20,3582.38,0,0,179.119
16445.0,11,4,602.73,0,0,150.6825
16446.0,183,2,-6.1,0,1,-3.05
16447.0,113,3,775.14,0,1,258.38
16448.0,175,2,367.87,0,1,183.935
16449.0,168,3,674.69,0,1,224.89666666666668
16450.0,127,4,1475.73,0,1,368.9325
16451.0,65,4,1009.4,0,0,252.35
16452.0,608,2,332.17,1,1,166.085
16453.0,508,2,251.71,1,1,125.855
16454.0,22,8,1.9000000000000004,0,0,0.23750000000000004
16455.0,41,13,4306.72,0,0,331.28615384615387
16456.0,77,14,6185.41,0,0,441.815
16457.0,196,1,208.36,0,1,208.36
16458.0,6,28,5300.18,0,0,189.29214285714286
16459.0,707,1,71.78999999999999,1,1,71.78999999999999
16460.0,6,3,814.72,0,0,271.5733333333333
16461.0,155,3,1615.22,0,1,538.4066666666666
16462.0,41,4,102.0,0,0,25.5
16463.0,13,6,1080.69,0,0,180.115
16464.0,58,2,998.25,0,0,499.125
16465.0,391,3,726.34,1,1,242.11333333333334
16466.0,11,16,3713.59,0,0,232.099375
16467.0,486,8,2862.4,1,1,357.8
16468.0,52,3,787.52,0,0,262.50666666666666
16469.0,1,5,828.91,0,0,165.78199999999998
16470.0,29,12,2453.65,0,0,204.47083333333333
16471.0,252,6,1186.18,0,1,197.6966666666667
16472.0,412,2,789.6,1,1,394.8
16473.0,142,5,469.58,0,1,93.916
16474.0,28,8,1352.04,0,0,169.005
16475.0,66,4,544.3,0,0,136.075
16476.0,395,3,337.0,1,1,112.33333333333333
16477.0,41,11,4320.02,0,0,392.7290909090909
16478.0,2,3,331.0,0,0,110.33333333333333
16480.0,53,1,769.29,0,0,769.29
16481.0,637,3,428.23,1,1,142.74333333333334
16483.0,170,1,139.35,0,1,139.35
16484.0,151,3,379.4,0,1,126.46666666666665
16485.0,54,7,2137.68,0,0,305.3828571428571
16486.0,515,1,134.36,1,1,134.36
16487.0,555,2,209.4,1,1,104.7
16488.0,11,4,492.2,0,0,123.05
16489.0,358,2,303.7,1,1,151.85
16490.0,407,2,179.16000000000003,1,1,89.58000000000001
16491.0,24,3,1524.31,0,0,508.1033333333333
16492.0,518,1,385.56,1,1,385.56
16493.0,50,9,2110.12,0,0,234.45777777777778
16494.0,274,1,826.53,1,1,826.53
16495.0,253,2,246.51,1,1,123.255
16496.0,168,6,1878.99,0,1,313.165
16497.0,27,23,6695.28,0,0,291.0991304347826
16498.0,139,3,86.12,0,1,28.706666666666667
16499.0,338,13,2491.7400000000002,1,1,191.6723076923077
16500.0,14,7,685.42,0,0,97.91714285714285
16501.0,361,1,1237.23,1,1,1237.23
16502.0,598,2,266.5,1,1,133.25
16503.0,84,13,3597.89,0,0,276.7607692307692
16504.0,3,1,484.38,0,0,484.38
16505.0,9,1,777.6,0,0,777.6
16506.0,17,1,55.2,0,0,55.2
16507.0,550,1,152.76,1,1,152.76
16508.0,608,1,248.8,1,1,248.8
16509.0,274,1,363.7,1,1,363.7
16510.0,350,6,2100.0,1,1,350.0
16511.0,122,5,1451.46,0,1,290.29200000000003
16512.0,706,1,-33.9,1,1,-33.9
16513.0,21,1,108.45000000000002,0,0,108.45000000000002
16514.0,608,1,-134.86,1,1,-134.86
16515.0,30,10,3216.3,0,0,321.63
16516.0,8,1,101.69999999999999,0,0,101.69999999999999
16517.0,255,1,162.7,1,1,162.7
16518.0,39,6,938.27,0,0,156.37833333333333
16519.0,2,4,556.26,0,0,139.065
16520.0,164,8,2465.92,0,1,308.24
16521.0,393,3,1148.01,1,1,382.67
16522.0,413,2,433.36,1,1,216.68
16523.0,7,35,10173.98,0,0,290.68514285714286
16524.0,424,2,308.14,1,1,154.07
16525.0,15,52,22687.48,0,0,436.2976923076923
16526.0,149,2,717.21,0,1,358.605
16527.0,58,2,1272.44,0,0,636.22
16529.0,167,4,2012.0,0,1,503.0
16530.0,645,1,48.349999999999994,1,1,48.349999999999994
16531.0,15,11,2131.63,0,0,193.78454545454545
16532.0,113,4,6524.639999999999,0,1,1631.1599999999999
16533.0,29,4,919.24,0,0,229.81
16534.0,619,1,635.9,1,1,635.9
16535.0,363,2,407.84,1,1,203.92
16536.0,85,2,539.02,0,0,269.51
16537.0,619,1,23.35,1,1,23.35
16538.0,518,3,399.62,1,1,133.20666666666668
16539.0,197,9,3396.81,0,1,377.42333333333335
16540.0,391,1,226.70000000000002,1,1,226.70000000000002
16541.0,713,2,419.78,1,1,209.89
16542.0,31,2,257.32,0,0,128.66
16543.0,561,2,277.80999999999995,1,1,138.90499999999997
16544.0,497,6,110.3,1,1,18.383333333333333
16545.0,142,2,689.82,0,1,344.91
16546.0,268,7,3837.36,1,1,548.1942857142857
16547.0,524,1,111.71,1,1,111.71
16548.0,576,1,30.15,1,1,30.15
16549.0,9,33,11316.19,0,0,342.9148484848485
16550.0,86,29,9169.32,0,0,316.1834482758621
16551.0,73,7,2237.12,0,0,319.5885714285714
16552.0,220,2,475.02000000000004,0,1,237.51000000000002
16553.0,140,36,16555.87,0,1,459.88527777777773
16554.0,20,17,2509.62,0,0,147.62470588235294
16555.0,13,10,285.89,0,0,28.589
16556.0,44,24,7610.2300000000005,0,0,317.09291666666667
16557.0,2,2,281.85,0,0,140.925
16558.0,15,45,12268.93,0,0,272.6428888888889
16559.0,375,1,185.20000000000002,1,1,185.20000000000002
16560.0,4,9,3035.63,0,0,337.2922222222222
16561.0,37,1,264.96,0,0,264.96
16562.0,454,1,223.85999999999999,1,1,223.85999999999999
16563.0,31,7,4412.56,0,0,630.3657142857144
16564.0,547,1,87.8,1,1,87.8
16565.0,342,5,700.45,1,1,140.09
16566.0,34,5,501.63,0,0,100.326
16567.0,172,2,865.6,0,1,432.8
16568.0,405,2,1020.9000000000001,1,1,510.45000000000005
16569.0,609,4,1331.03,1,1,332.7575
16570.0,10,29,6422.24,0,0,221.4565517241379
16571.0,4,16,4123.56,0,0,257.7225
16572.0,104,4,999.7,0,1,249.925
16573.0,51,4,648.41,0,0,162.1025
16574.0,49,3,1301.78,0,0,433.9266666666667
16575.0,659,1,-10.49,1,1,-10.49
16576.0,387,5,513.1700000000001,1,1,102.63400000000001
16577.0,644,1,380.0,1,1,380.0
16578.0,604,1,156.6,1,1,156.6
16579.0,343,2,233.85,1,1,116.925
16580.0,706,1,-5.0,1,1,-5.0
16581.0,132,2,70.44,0,1,35.22
16582.0,90,1,313.62,0,0,313.62
16583.0,351,2,531.4,1,1,265.7
16584.0,58,7,3085.4700000000003,0,0,440.7814285714286
16585.0,571,2,341.59,1,1,170.795
16586.0,226,3,1462.78,0,1,487.5933333333333
16587.0,209,1,225.15,0,1,225.15
16588.0,363,4,1361.28,1,1,340.32
16589.0,49,4,612.36,0,0,153.09
16590.0,358,3,563.6,1,1,187.86666666666667
16591.0,46,1,213.5,0,0,213.5
16592.0,8,31,6240.12,0,0,201.29419354838709
16593.0,28,9,1051.24,0,0,116.80444444444444
16594.0,53,1,181.09,0,0,181.09
16595.0,39,5,1810.18,0,0,362.036
16596.0,343,3,450.13,1,1,150.04333333333332
16598.0,255,2,140.7,1,1,70.35
16599.0,363,1,172.8,1,1,172.8
16600.0,2,14,1737.34,0,0,124.09571428571428
16601.0,18,3,684.25,0,0,228.08333333333334
16602.0,8,5,711.63,0,0,142.326
16603.0,52,2,482.47,0,0,241.235
16604.0,526,3,326.25,1,1,108.75
16605.0,701,1,60.48,1,1,60.48
16606.0,382,2,357.66,1,1,178.83
16607.0,15,28,5091.16,0,0,181.82714285714286
16608.0,431,2,1288.72,1,1,644.36
16609.0,59,8,3987.32,0,0,498.415
16610.0,197,1,75.66,0,1,75.66
16611.0,163,7,1776.63,0,1,253.80428571428573
16612.0,10,10,3243.48,0,0,324.348
16613.0,47,1,618.59,0,0,618.59
16614.0,160,3,1179.79,0,1,393.2633333333333
16615.0,546,2,264.5,1,1,132.25
16616.0,135,1,210.10000000000002,0,1,210.10000000000002
16617.0,213,1,151.85,0,1,151.85
16618.0,9,6,2630.64,0,0,438.44
16619.0,231,5,1916.53,0,1,383.306
16620.0,238,5,1675.73,0,1,335.146
16621.0,29,4,813.48,0,0,203.37
16622.0,520,2,205.6,1,1,102.8
16623.0,223,5,1002.49,0,1,200.498
16624.0,58,2,810.5699999999999,0,0,405.28499999999997
16625.0,252,6,1651.08,0,1,275.18
16626.0,1,17,3573.19,0,0,210.18764705882353
16627.0,57,1,322.8,0,0,322.8
16628.0,7,8,2313.09,0,0,289.13625
16629.0,51,2,417.73,0,0,208.865
16630.0,385,2,104.30000000000001,1,1,52.150000000000006
16631.0,459,8,1867.02,1,1,233.3775
16632.0,463,2,406.4,1,1,203.2
16633.0,17,5,2235.16,0,0,447.032
16634.0,200,10,1363.1,0,1,136.31
16635.0,384,1,473.0,1,1,473.0
16636.0,416,4,3802.04,1,1,950.51
16637.0,10,5,1124.59,0,0,224.91799999999998
16638.0,76,15,2296.5,0,0,153.1
16639.0,3,5,1659.85,0,0,331.96999999999997
16640.0,375,1,179.4,1,1,179.4
16641.0,83,2,554.5,0,0,277.25
16642.0,184,4,670.86,0,1,167.715
16643.0,223,3,915.5600000000001,0,1,305.18666666666667
16644.0,155,2,833.78,0,1,416.89
16645.0,713,1,160.39,1,1,160.39
16646.0,421,2,675.05,1,1,337.525
16647.0,147,4,541.9,0,1,135.475
16648.0,16,4,653.0,0,0,163.25
16649.0,497,1,306.58000000000004,1,1,306.58000000000004
16650.0,49,7,1916.11,0,0,273.72999999999996
16651.0,564,1,136.2,1,1,136.2
16652.0,31,24,17312.83,0,0,721.3679166666667
16653.0,41,2,1072.12,0,0,536.06
16654.0,119,9,1705.17,0,1,189.46333333333334
16655.0,8,13,6243.63,0,0,480.27923076923076
16656.0,8,43,16012.58,0,0,372.3855813953488
16657.0,1,3,704.35,0,0,234.78333333333333
16658.0,346,9,696.72,1,1,77.41333333333334
16659.0,167,1,39.12,0,1,39.12
16660.0,188,5,996.26,0,1,199.252
16661.0,517,5,842.1800000000001,1,1,168.436
16662.0,371,1,163.8,1,1,163.8
16663.0,707,1,165.0,1,1,165.0
16664.0,546,1,109.2,1,1,109.2
16665.0,340,1,135.39999999999998,1,1,135.39999999999998
16666.0,599,1,106.96000000000001,1,1,106.96000000000001
16667.0,45,2,570.13,0,0,285.065
16668.0,94,12,822.22,0,1,68.51833333333333
16669.0,1,5,226.14000000000001,0,0,45.228
16670.0,7,31,7768.55,0,0,250.5983870967742
16671.0,6,3,1692.27,0,0,564.09
16672.0,13,22,7823.59,0,0,355.6177272727273
16673.0,657,1,188.83,1,1,188.83
16674.0,32,2,319.61,0,0,159.805
16675.0,419,2,608.86,1,1,304.43
16676.0,11,7,2328.5,0,0,332.64285714285717
16677.0,370,3,849.77,1,1,283.25666666666666
16678.0,10,11,2392.75,0,0,217.52272727272728
16679.0,344,3,793.06,1,1,264.3533333333333
16680.0,20,3,821.45,0,0,273.81666666666666
16681.0,50,7,1921.84,0,0,274.5485714285714
16682.0,34,4,917.14,0,0,229.285
16683.0,507,2,309.35,1,1,154.675
16684.0,13,62,134907.47,2,0,2175.926935483871
16685.0,39,2,324.24,0,0,162.12
16686.0,25,18,5051.57,0,0,280.6427777777778
16687.0,368,1,157.63,1,1,157.63
16688.0,20,2,831.52,0,0,415.76
16689.0,53,3,303.26,0,0,101.08666666666666
16690.0,21,5,336.08,0,0,67.216
16691.0,396,2,178.83,1,1,89.415
16692.0,234,4,1914.6999999999998,0,1,478.67499999999995
16693.0,46,5,1199.46,0,0,239.892
16694.0,700,1,98.30000000000001,1,1,98.30000000000001
16695.0,539,2,193.15,1,1,96.575
16696.0,113,4,657.9000000000001,0,1,164.47500000000002
16697.0,218,1,112.75,0,1,112.75
16698.0,204,2,1998.0,0,1,999.0
16699.0,358,8,964.9,1,1,120.6125
16700.0,7,30,8800.25,0,0,293.34166666666664
16701.0,22,33,9116.15,0,0,276.2469696969697
16702.0,393,5,1100.8799999999999,1,1,220.176
16703.0,709,1,-15.0,1,1,-15.0
16704.0,596,2,695.66,1,1,347.83
16705.0,7,55,41230.731,0,0,749.6496545454545
16706.0,15,3,531.35,0,0,177.11666666666667
16707.0,378,4,551.11,1,1,137.7775
16708.0,23,1,656.63,0,0,656.63
16709.0,62,14,9087.460000000001,0,0,649.1042857142858
16710.0,51,21,5946.89,0,0,283.1852380952381
16711.0,4,9,2455.88,0,0,272.8755555555556
16712.0,72,10,3121.42,0,0,312.142
16713.0,44,39,12759.42,0,0,327.1646153846154
16714.0,196,7,1254.71,0,1,179.24428571428572
16715.0,55,2,625.52,0,0,312.76
16716.0,244,4,1568.2800000000002,0,1,392.07000000000005
16717.0,1,19,6330.41,0,0,333.1794736842105
16718.0,347,5,3647.53,1,1,729.5060000000001
16719.0,52,16,3535.88,0,0,220.9925
16720.0,3,4,593.43,0,0,148.3575
16721.0,239,1,292.47,0,1,292.47
16722.0,28,25,8658.47,0,0,346.3388
16723.0,69,4,1301.63,0,0,325.4075
16724.0,382,1,147.35,1,1,147.35
16725.0,279,16,1870.71,0,1,116.919375
16726.0,4,7,2088.41,0,0,298.3442857142857
16727.0,342,4,1437.42,1,1,359.355
16728.0,24,4,1054.67,0,0,263.6675
16729.0,13,26,7076.28,0,0,272.1646153846154
16730.0,30,4,702.79,0,0,175.6975
16731.0,626,1,174.05,1,1,174.05
16732.0,9,9,3966.79,0,0,440.75444444444446
16733.0,507,1,259.68,1,1,259.68
16734.0,30,3,650.51,0,0,216.83666666666667
16735.0,56,22,5632.01,0,0,256.00045454545455
16736.0,483,8,2904.51,1,1,363.06375
16737.0,31,2,835.1999999999999,0,0,417.59999999999997
16738.0,275,1,3.75,1,1,3.75
16739.0,149,4,772.23,0,1,193.0575
16740.0,373,1,236.81,1,1,236.81
16741.0,603,1,173.06,1,1,173.06
16742.0,24,15,2387.71,0,0,159.18066666666667
16743.0,7,15,4207.01,0,0,280.46733333333333
16744.0,11,6,1021.76,0,0,170.29333333333332
16745.0,64,18,7170.7,0,0,398.3722222222222
16746.0,2,44,17280.73,0,0,392.74386363636364
16747.0,3,4,826.96,0,0,206.74
16748.0,15,14,3365.59,0,0,240.39928571428572
16749.0,569,2,4387.08,1,1,2193.54
16750.0,22,5,623.93,0,0,124.78599999999999
16751.0,8,1,1764.72,0,0,1764.72
16752.0,350,1,415.0,1,1,415.0
16753.0,36,1,223.92000000000002,0,0,223.92000000000002
16754.0,349,35,56560.58,0,1,1616.0165714285715
16755.0,92,10,2882.03,0,1,288.20300000000003
16756.0,192,9,1287.42,0,1,143.04666666666668
16757.0,296,2,270.48,1,1,135.24
16758.0,43,1,369.34000000000003,0,0,369.34000000000003
16759.0,8,2,418.85,0,0,209.425
16760.0,407,1,228.0,1,1,228.0
16761.0,74,1,316.62,0,0,316.62
16762.0,23,2,887.6,0,0,443.8
16763.0,163,3,947.75,0,1,315.9166666666667
16764.0,9,11,1910.48,0,0,173.68
16765.0,271,2,454.75,1,1,227.375
16766.0,251,2,1145.6,1,1,572.8
16767.0,8,16,7971.8,0,0,498.2375
16768.0,25,14,1647.07,0,0,117.64785714285713
16769.0,238,4,1141.75,0,1,285.4375
16770.0,35,11,1900.03,0,0,172.73
16771.0,11,10,3967.6,0,0,396.76
16772.0,395,5,2785.6,1,1,557.12
16773.0,35,3,421.24,0,0,140.41333333333333
16774.0,45,9,1587.85,0,0,176.42777777777778
16775.0,35,16,2846.14,0,0,177.88375
16776.0,38,2,619.85,0,0,309.925
16777.0,58,6,1277.01,0,0,212.835
16778.0,52,2,245.94,0,0,122.97
16779.0,3,57,30779.05,0,0,539.9833333333333
16780.0,77,3,605.55,0,0,201.85
16781.0,343,3,901.05,1,1,300.34999999999997
16782.0,13,48,10028.61,0,0,208.92937500000002
16783.0,414,1,391.95,1,1,391.95
16784.0,354,4,788.93,1,1,197.2325
16785.0,387,1,533.78,1,1,533.78
16786.0,371,1,51.839999999999996,1,1,51.839999999999996
16787.0,375,4,1035.43,1,1,258.8575
16788.0,101,5,1950.3,0,1,390.06
16790.0,3,6,1249.17,0,0,208.19500000000002
16791.0,6,18,3946.12,0,0,219.2288888888889
16792.0,260,5,623.46,1,1,124.69200000000001
16793.0,35,1,243.84,0,0,243.84
16794.0,4,15,1808.12,0,0,120.54133333333333
16795.0,343,5,2465.19,1,1,493.038
16796.0,67,1,305.62,0,0,305.62
16797.0,370,9,1786.77,1,1,198.53
16798.0,531,4,837.56,1,1,209.39
16799.0,410,3,491.03000000000003,1,1,163.67666666666668
16801.0,140,5,867.83,0,1,173.566
16802.0,657,2,582.61,1,1,291.305
16803.0,43,1,332.3,0,0,332.3
16804.0,247,1,118.05,1,1,118.05
16805.0,151,5,1097.24,0,1,219.448
16806.0,80,4,801.49,0,0,200.3725
16807.0,120,8,2064.88,0,1,258.11
16808.0,76,2,288.42,0,0,144.21
16809.0,39,9,1431.16,0,0,159.01777777777778
16810.0,169,4,786.14,0,1,196.535
16812.0,338,5,2216.8,1,1,443.36
16813.0,28,9,1544.44,0,0,171.60444444444445
16814.0,1,36,12282.51,0,0,341.18083333333334
16815.0,431,2,410.97,1,1,205.485
16816.0,81,4,417.06,0,0,104.265
16817.0,10,17,2377.2200000000003,0,0,139.8364705882353
16818.0,49,12,3190.21,0,0,265.85083333333336
16819.0,442,2,182.59,1,1,91.295
16820.0,73,1,497.61,0,0,497.61
16821.0,359,1,113.35,1,1,113.35
16822.0,641,3,144.84,1,1,48.28
16823.0,205,8,2253.14,0,1,281.6425
16824.0,142,2,448.5,0,1,224.25
16825.0,16,5,1826.89,0,0,365.37800000000004
16826.0,29,1,341.7,0,0,341.7
16827.0,371,5,392.13,1,1,78.426
16828.0,71,2,128.5,0,0,64.25
16829.0,134,2,513.32,0,1,256.66
16830.0,16,5,1183.7,0,0,236.74
16831.0,542,1,91.8,1,1,91.8
16832.0,161,5,417.61,0,1,83.522
16833.0,237,5,1973.8,0,1,394.76
16834.0,205,2,898.96,0,1,449.48
16835.0,106,10,1471.51,0,1,147.151
16836.0,17,4,782.37,0,0,195.5925
16837.0,9,12,3167.73,0,0,263.9775
16838.0,175,6,1126.66,0,1,187.77666666666667
16839.0,1,47,19677.29,0,0,418.6657446808511
16840.0,580,3,126.71000000000001,1,1,42.23666666666667
16841.0,14,14,3841.16,0,0,274.36857142857144
16842.0,41,4,1260.44,0,0,315.11
16843.0,20,38,19528.78,0,0,513.9152631578947
16844.0,540,2,614.34,1,1,307.17
16845.0,596,1,253.88,1,1,253.88
16846.0,28,3,842.41,0,0,280.80333333333334
16847.0,21,2,614.89,0,0,307.445
16848.0,30,4,1411.62,0,0,352.905
16849.0,164,1,124.57,0,1,124.57
16850.0,311,1,332.41,1,1,332.41
16851.0,20,2,239.45999999999998,0,0,119.72999999999999
16852.0,153,1,113.06,0,1,113.06
16853.0,708,1,-67.5,1,1,-67.5
16854.0,394,2,1408.96,1,1,704.48
16855.0,1,2,328.4,0,0,164.2
16856.0,395,2,323.09000000000003,1,1,161.54500000000002
16857.0,420,1,352.8,1,1,352.8
16858.0,344,16,4431.63,1,1,276.976875
16859.0,84,10,1657.74,0,0,165.774
16860.0,430,4,1593.67,1,1,398.4175
16861.0,37,6,902.37,0,0,150.395
16862.0,525,4,662.33,1,1,165.5825
16863.0,7,5,977.07,0,0,195.41400000000002
16864.0,411,2,409.25,1,1,204.625
16865.0,379,1,130.95,1,1,130.95
16866.0,118,3,207.73999999999998,0,1,69.24666666666666
16867.0,667,1,76.74000000000001,1,1,76.74000000000001
16868.0,372,3,393.39,1,1,131.13
16869.0,23,4,672.6,0,0,168.15
16870.0,447,1,450.15999999999997,1,1,450.15999999999997
16871.0,66,6,2316.41,0,0,386.0683333333333
16872.0,54,6,1213.13,0,0,202.18833333333336
16873.0,35,16,12692.2,0,0,793.2625
16874.0,357,1,217.74,1,1,217.74
16875.0,41,20,4053.2,0,0,202.66
16876.0,381,1,136.01,1,1,136.01
16877.0,3,4,592.78,0,0,148.195
16878.0,2,2,0.0,0,0,0.0
16879.0,398,2,-140.95999999999998,1,1,-70.47999999999999
16880.0,8,8,1840.86,0,0,230.1075
16881.0,44,1,432.0,0,0,432.0
16882.0,44,3,705.12,0,0,235.04
16883.0,165,20,2386.64,0,1,119.332
16884.0,15,4,1073.92,0,0,268.48
16885.0,29,3,556.98,0,0,185.66
16886.0,422,2,0.0,1,1,0.0
16887.0,13,3,660.72,0,0,220.24
16888.0,378,3,437.15,1,1,145.71666666666667
16889.0,172,6,2530.9,0,1,421.81666666666666
16890.0,454,3,285.41,1,1,95.13666666666667
16891.0,14,10,1940.8700000000001,0,0,194.08700000000002
16892.0,7,5,460.63,0,0,92.126
16893.0,344,2,401.77,1,1,200.885
16894.0,479,5,1282.36,1,1,256.472
16895.0,42,5,1121.42,0,0,224.28400000000002
16896.0,532,1,103.95,1,1,103.95
16897.0,276,3,213.03,1,1,71.01
16898.0,3,6,887.67,0,0,147.945
16899.0,67,6,1027.74,0,0,171.29
16900.0,38,2,70.63000000000011,0,0,35.315000000000055
16901.0,706,1,204.26,1,1,204.26
16902.0,94,1,1706.88,0,1,1706.88
16903.0,6,4,1029.98,0,0,257.495
16904.0,7,20,4783.35,0,0,239.16750000000002
16905.0,25,17,3961.81,0,0,233.04764705882351
16906.0,59,7,1448.8,0,0,206.97142857142856
16907.0,6,9,1707.9,0,0,189.76666666666668
16908.0,700,2,153.59,1,1,76.795
16909.0,41,2,364.14,0,0,182.07
16910.0,30,6,1159.67,0,0,193.27833333333334
16911.0,604,3,251.35,1,1,83.78333333333333
16912.0,6,17,4446.1,0,0,261.5352941176471
16913.0,268,3,423.90999999999997,1,1,141.3033333333333
16914.0,13,1,208.46,0,0,208.46
16915.0,21,10,1433.5,0,0,143.35
16916.0,1,4,1123.4,0,0,280.85
16917.0,254,3,1848.88,1,1,616.2933333333334
16918.0,27,19,3138.06,0,0,165.16105263157894
16919.0,134,28,5053.81,0,1,180.4932142857143
16920.0,389,1,355.45,1,1,355.45
16921.0,38,3,446.67,0,0,148.89000000000001
16922.0,550,1,611.08,1,1,611.08
16923.0,4,39,12105.17,0,0,310.38897435897434
16924.0,42,2,523.65,0,0,261.825
16925.0,518,1,125.65,1,1,125.65
16926.0,349,6,1410.4,1,1,235.0666666666667
16927.0,93,3,543.05,0,1,181.01666666666665
16928.0,58,33,3993.58,0,0,121.01757575757576
16929.0,14,4,645.5,0,0,161.375
16930.0,3,3,380.55,0,0,126.85000000000001
16931.0,17,21,4523.09,0,0,215.3852380952381
16932.0,31,3,440.71,0,0,146.90333333333334
16933.0,213,14,2777.55,0,1,198.39642857142857
16934.0,32,7,2090.7400000000002,0,0,298.6771428571429
16935.0,359,3,535.1,1,1,178.36666666666667
16936.0,3,2,551.17,0,0,275.585
16937.0,476,1,202.1,1,1,202.1
16938.0,157,9,5884.3,0,1,653.8111111111111
16939.0,466,3,449.0,1,1,149.66666666666666
16940.0,30,11,6245.41,0,0,567.7645454545454
16941.0,589,1,33.0,1,1,33.0
16942.0,11,9,1632.4,0,0,181.3777777777778
16943.0,189,7,816.73,0,1,116.67571428571429
16944.0,587,1,101.36,1,1,101.36
16945.0,9,34,8225.960000000001,0,0,241.94000000000003
16946.0,361,6,1199.54,1,1,199.92333333333332
16947.0,213,10,896.73,0,1,89.673
16948.0,116,7,868.77,0,1,124.11
16949.0,18,6,1079.23,0,0,179.87166666666667
16950.0,34,12,3725.19,0,0,310.4325
16951.0,101,4,1262.75,0,1,315.6875
16952.0,87,5,798.78,0,0,159.756
16953.0,7,1,20.8,0,0,20.8
16954.0,38,17,5422.8099999999995,0,0,318.9888235294117
16955.0,162,9,1261.16,0,1,140.1288888888889
16957.0,217,2,416.64,0,1,208.32
16958.0,413,1,809.44,1,1,809.44
16959.0,65,1,117.35000000000001,0,0,117.35000000000001
16960.0,16,9,2021.98,0,0,224.66444444444446
16961.0,94,6,773.01,0,1,128.835
16962.0,387,1,251.04,1,1,251.04
16963.0,165,1,110.55000000000001,0,1,110.55000000000001
16964.0,711,2,207.85,1,1,103.925
16965.0,204,1,201.19,0,1,201.19
16966.0,20,8,1483.31,0,0,185.41375
16967.0,167,1,319.02,0,1,319.02
16968.0,85,1,253.31,0,0,253.31
16969.0,17,3,650.41,0,0,216.8033333333333
16970.0,604,1,71.4,1,1,71.4
16971.0,16,1,357.21,0,0,357.21
16972.0,360,2,786.25,1,1,393.125
16973.0,364,1,127.0,1,1,127.0
16974.0,500,2,365.5,1,1,182.75
16975.0,391,5,902.4200000000001,1,1,180.484
16976.0,244,1,251.51999999999998,0,1,251.51999999999998
16977.0,373,4,496.0,1,1,124.0
16978.0,55,3,768.88,0,0,256.29333333333335
16979.0,6,10,2137.32,0,0,213.73200000000003
16980.0,232,3,1473.3300000000002,0,1,491.11000000000007
16981.0,517,1,-4620.86,1,1,-4620.86
16982.0,38,1,384.06,0,0,384.06
16983.0,4,11,3391.2599999999998,0,0,308.2963636363636
16984.0,55,19,10599.42,0,0,557.8642105263158
16985.0,66,24,9162.08,0,0,381.75333333333333
16986.0,7,11,4888.75,0,0,444.4318181818182
16987.0,19,11,2292.07,0,0,208.37
16988.0,357,1,256.55,1,1,256.55
16989.0,41,4,1027.65,0,0,256.9125
16990.0,196,2,344.0,0,1,172.0
16991.0,399,1,1041.21,1,1,1041.21
16992.0,14,14,5245.65,0,0,374.6892857142857
16993.0,440,3,1688.15,1,1,562.7166666666667
16994.0,603,1,-779.32,1,1,-779.32
16995.0,349,1,-2.5,1,1,-2.5
16996.0,7,13,2044.16,0,0,157.24307692307693
16997.0,265,3,702.0,1,1,234.0
16998.0,127,7,394.02000000000004,0,1,56.28857142857144
16999.0,1,2,484.82,0,0,242.41
17000.0,374,2,406.3,1,1,203.15
17001.0,24,17,5875.52,0,0,345.61882352941177
17002.0,50,8,2565.6,0,0,320.7
17003.0,380,4,830.16,1,1,207.54
17004.0,24,4,2425.16,0,0,606.29
17005.0,448,3,732.41,1,1,244.13666666666666
17006.0,8,6,1244.15,0,0,207.35833333333335
17007.0,28,8,1107.6,0,0,138.45
17008.0,407,1,81.36,1,1,81.36
17009.0,528,1,242.06,1,1,242.06
17011.0,8,4,536.7,0,0,134.175
17012.0,702,1,384.16,1,1,384.16
17013.0,581,2,-3224.76,1,1,-1612.38
17014.0,10,3,334.31,0,0,111.43666666666667
17015.0,6,3,1842.56,0,0,614.1866666666666
17016.0,554,1,552.4,1,1,552.4
17017.0,22,37,5965.51,0,0,161.23000000000002
17018.0,18,6,2287.7,0,0,381.2833333333333
17019.0,239,12,3674.82,0,1,306.235
17020.0,520,2,935.62,1,1,467.81
17021.0,419,6,1182.22,1,1,197.03666666666666
17022.0,8,2,260.0,0,0,130.0
17023.0,394,3,800.18,1,1,266.72666666666663
17024.0,23,3,95.85,0,0,31.95
17025.0,38,5,1510.6399999999999,0,0,302.128
17026.0,163,3,208.98,0,1,69.66
17027.0,56,10,1285.41,0,0,128.541
17028.0,558,3,1593.83,1,1,531.2766666666666
17029.0,88,7,2137.3,0,0,305.3285714285715
17030.0,41,1,146.87,0,0,146.87
17031.0,132,5,2619.45,0,1,523.89
17032.0,419,13,2150.06,1,1,165.38923076923078
17033.0,64,4,1332.79,0,0,333.1975
17034.0,57,5,869.63,0,0,173.926
17035.0,223,5,568.39,0,1,113.678
17036.0,361,1,176.9,1,1,176.9
17037.0,55,2,1253.22,0,0,626.61
17038.0,8,2,743.17,0,0,371.585
17039.0,582,1,1954.99,1,1,1954.99
17040.0,115,2,463.25,0,1,231.625
17041.0,4,7,1670.48,0,0,238.64000000000001
17042.0,99,4,922.8199999999999,0,1,230.70499999999998
17043.0,9,8,2616.55,0,0,327.06875
17044.0,3,15,11883.550000000001,0,0,792.2366666666668
17045.0,90,5,827.6800000000001,0,0,165.536
17046.0,135,5,1906.07,0,1,381.214
17047.0,63,6,2289.23,0,0,381.53833333333336
17048.0,93,11,1991.45,0,1,181.04090909090908
17049.0,31,22,8516.9,0,0,387.1318181818182
17050.0,74,12,4391.66,0,0,365.97166666666664
17051.0,172,4,714.39,0,1,178.5975
17052.0,6,1,413.75,0,0,413.75
17053.0,106,2,496.38,0,1,248.19
17054.0,6,6,1353.83,0,0,225.63833333333332
17055.0,423,1,239.55,1,1,239.55
17056.0,716,1,128.60000000000002,1,1,128.60000000000002
17057.0,573,1,294.74,1,1,294.74
17058.0,59,3,1179.89,0,0,393.2966666666667
17059.0,7,10,5584.83,0,0,558.483
17060.0,244,1,234.24,0,1,234.24
17061.0,51,12,5116.13,0,0,426.3441666666667
17062.0,291,7,1204.32,1,1,172.04571428571427
17063.0,29,21,3212.36,0,0,152.96952380952382
17064.0,36,3,859.35,0,0,286.45
17065.0,121,3,82.35,0,1,27.45
17066.0,704,1,228.34,1,1,228.34
17067.0,702,3,454.54,1,1,151.51333333333335
17068.0,4,48,8958.09,0,0,186.626875
17069.0,5,21,5718.4,0,0,272.3047619047619
17070.0,91,2,445.32,0,1,222.66
17071.0,5,18,3748.35,0,0,208.24166666666667
17072.0,602,1,282.05,1,1,282.05
17073.0,30,3,1166.72,0,0,388.9066666666667
17074.0,540,1,203.05,1,1,203.05
17075.0,231,10,2083.33,0,1,208.333
17076.0,13,6,1242.75,0,0,207.125
17077.0,555,1,306.0,1,1,306.0
17078.0,13,2,378.2,0,0,189.1
17079.0,55,1,118.80000000000001,0,0,118.80000000000001
17080.0,245,7,744.11,0,1,106.30142857142857
17081.0,3,6,964.39,0,0,160.73166666666665
17082.0,11,6,4732.03,0,0,788.6716666666666
17083.0,86,11,4035.08,0,0,366.82545454545453
17084.0,13,4,5199.72,0,0,1299.93
17085.0,101,32,7757.41,0,1,242.4190625
17086.0,2,5,1590.22,0,0,318.044
17087.0,715,1,221.53,1,1,221.53
17088.0,6,4,1991.01,0,0,497.7525
17089.0,363,1,128.45,1,1,128.45
17090.0,24,14,2831.9,0,0,202.27857142857144
17091.0,9,22,7326.7,0,0,333.03181818181815
17092.0,27,14,5563.31,0,0,397.37928571428574
17093.0,570,1,235.88,1,1,235.88
17094.0,295,3,370.40000000000003,1,1,123.46666666666668
17095.0,276,10,1550.24,1,1,155.024
17096.0,31,15,3379.15,0,0,225.27666666666667
17097.0,77,8,1009.06,0,0,126.1325
17098.0,359,3,591.0699999999999,1,1,197.0233333333333
17099.0,510,1,582.17,1,1,582.17
17101.0,7,6,2256.05,0,0,376.0083333333334
17102.0,239,1,25.5,0,1,25.5
17103.0,700,1,424.3,1,1,424.3
17104.0,401,1,474.03,1,1,474.03
17105.0,136,2,665.78,0,1,332.89
17106.0,367,1,491.23,1,1,491.23
17107.0,10,13,15616.82,0,0,1201.293846153846
17108.0,641,1,174.95,1,1,174.95
17109.0,6,10,1280.1,0,0,128.01
17110.0,143,3,510.7,0,1,170.23333333333332
17111.0,24,2,476.58,0,0,238.29
17112.0,480,1,205.17,1,1,205.17
17113.0,482,8,2109.16,1,1,263.645
17114.0,11,9,656.33,0,0,72.92555555555556
17115.0,156,12,2391.61,0,1,199.30083333333334
17116.0,625,1,389.78,1,1,389.78
17117.0,266,1,116.19999999999999,1,1,116.19999999999999
17118.0,295,1,157.02,1,1,157.02
17119.0,24,2,533.95,0,0,266.975
17120.0,211,1,307.46,0,1,307.46
17121.0,380,1,314.74,1,1,314.74
17122.0,97,4,570.5,0,1,142.625
17123.0,139,3,977.17,0,1,325.7233333333333
17124.0,163,1,298.89,0,1,298.89
17125.0,28,1,259.35,0,0,259.35
17126.0,130,11,2057.54,0,1,187.0490909090909
17127.0,406,5,1155.0300000000002,1,1,231.00600000000003
17128.0,312,1,157.09,1,1,157.09
17129.0,498,1,31.85,1,1,31.85
17130.0,659,1,-18.38,1,1,-18.38
17131.0,10,4,1395.8400000000001,0,0,348.96000000000004
17132.0,429,2,1272.8,1,1,636.4
17133.0,11,11,12617.140000000001,0,0,1147.0127272727275
17134.0,84,3,637.1,0,0,212.36666666666667
17135.0,15,9,1693.54,0,0,188.17111111111112
17136.0,640,1,231.68,1,1,231.68
17137.0,394,6,1133.63,1,1,188.93833333333336
17138.0,253,7,4417.27,0,1,631.0385714285715
17139.0,16,28,19023.09,0,0,679.3960714285714
17140.0,225,1,465.32,0,1,465.32
17141.0,396,4,754.33,1,1,188.5825
17142.0,216,4,1283.75,0,1,320.9375
17143.0,394,2,924.11,1,1,462.055
17144.0,62,1,595.89,0,0,595.89
17145.0,442,7,3014.64,1,1,430.66285714285715
17146.0,83,16,5795.99,0,0,362.249375
17147.0,58,15,2703.86,0,0,180.25733333333335
17148.0,29,1,124.88,0,0,124.88
17149.0,429,1,143.10000000000002,1,1,143.10000000000002
17150.0,354,6,1375.65,1,1,229.275
17151.0,713,1,231.90000000000003,1,1,231.90000000000003
17152.0,172,5,1830.5,0,1,366.1
17153.0,2,1,213.78,0,0,213.78
17154.0,53,1,329.34,0,0,329.34
17155.0,155,6,784.0600000000001,0,1,130.67666666666668
17156.0,461,2,572.07,1,1,286.035
17157.0,150,19,4981.91,0,1,262.2057894736842
17158.0,10,6,1962.3,0,0,327.05
17159.0,41,5,1483.23,0,0,296.646
17160.0,9,18,10201.36,0,0,566.7422222222223
17161.0,421,1,856.01,1,1,856.01
17162.0,6,11,1707.21,0,0,155.2009090909091
17163.0,55,3,529.78,0,0,176.59333333333333
17164.0,10,8,2466.4,0,0,308.3
17165.0,261,8,1783.63,0,1,222.95375
17166.0,16,3,189.49,0,0,63.163333333333334
17167.0,357,3,867.11,1,1,289.0366666666667
17168.0,476,1,400.2,1,1,400.2
17169.0,27,6,1129.8799999999999,0,0,188.3133333333333
17170.0,351,3,118.98,1,1,39.660000000000004
17171.0,266,2,384.59,1,1,192.295
17172.0,52,6,910.99,0,0,151.83166666666668
17173.0,21,6,1913.37,0,0,318.895
17174.0,195,1,59.9,0,1,59.9
17175.0,21,5,1430.94,0,0,286.188
17176.0,179,3,902.3199999999999,0,1,300.7733333333333
17177.0,483,1,119.5,1,1,119.5
17178.0,708,1,436.71,1,1,436.71
17179.0,155,6,1507.26,0,1,251.21
17180.0,33,14,2236.33,0,0,159.73785714285714
17181.0,35,3,465.37,0,0,155.12333333333333
17182.0,400,2,321.3,1,1,160.65
17183.0,8,5,2148.1,0,0,429.62
17184.0,547,2,198.41000000000003,1,1,99.20500000000001
17185.0,569,3,229.46,1,1,76.48666666666666
17186.0,24,2,144.0,0,0,72.0
17187.0,204,2,467.71,0,1,233.855
17188.0,7,16,4052.71,0,0,253.294375
17189.0,83,5,957.63,0,0,191.526
17190.0,36,8,1548.04,0,0,193.505
17191.0,5,16,4810.55,0,0,300.659375
17192.0,513,1,77.83,1,1,77.83
17193.0,13,12,2254.6,0,0,187.88333333333333
17194.0,251,3,812.5,1,1,270.8333333333333
17195.0,633,1,562.98,1,1,562.98
17196.0,405,1,352.9,1,1,352.9
17197.0,7,1,1013.01,0,0,1013.01
17198.0,1,3,1213.88,0,0,404.6266666666667
17199.0,560,1,145.12,1,1,145.12
17200.0,365,4,356.71,1,1,89.1775
17201.0,31,5,1226.44,0,0,245.288
17202.0,398,1,160.65,1,1,160.65
17203.0,13,10,5575.88,0,0,557.588
17204.0,147,15,5263.69,0,1,350.91266666666667
17205.0,31,3,999.35,0,0,333.1166666666667
17206.0,31,1,204.24,0,0,204.24
17207.0,629,1,303.21999999999997,1,1,303.21999999999997
17208.0,373,1,115.35,1,1,115.35
17209.0,626,3,611.6,1,1,203.86666666666667
17210.0,370,1,253.37,1,1,253.37
17211.0,4,15,4002.1,0,0,266.8066666666667
17212.0,230,3,794.41,0,1,264.80333333333334
17213.0,18,20,5078.93,0,0,253.94650000000001
17214.0,38,7,984.12,0,0,140.58857142857144
17215.0,442,1,186.15,1,1,186.15
17216.0,532,1,65.05,1,1,65.05
17217.0,211,2,218.0,0,1,109.0
17218.0,4,16,3865.0299999999997,0,0,241.56437499999998
17219.0,9,2,259.13,0,0,129.565
17220.0,2,21,4481.75,0,0,213.41666666666666
17221.0,13,4,775.67,0,0,193.9175
17222.0,43,6,1605.01,0,0,267.50166666666667
17223.0,287,3,873.53,1,1,291.1766666666667
17224.0,479,1,100.86,1,1,100.86
17225.0,559,1,131.15,1,1,131.15
17226.0,286,3,900.12,1,1,300.04
17227.0,38,11,1803.02,0,0,163.9109090909091
17228.0,3,12,2988.75,0,0,249.0625
17229.0,74,2,318.76,0,0,159.38
17230.0,241,23,9695.91,0,1,421.5613043478261
17231.0,1,34,6626.3,0,0,194.89117647058825
17233.0,13,3,560.86,0,0,186.95333333333335
17234.0,160,1,149.89000000000001,0,1,149.89000000000001
17235.0,2,8,1904.8799999999999,0,0,238.10999999999999
17236.0,156,11,1710.86,0,1,155.53272727272727
17237.0,353,2,687.39,1,1,343.695
17238.0,6,29,6894.95,0,0,237.75689655172414
17239.0,290,6,1174.15,1,1,195.6916666666667
17240.0,573,1,130.6,1,1,130.6
17241.0,363,12,2744.14,1,1,228.6783333333333
17242.0,86,5,2889.28,0,0,577.856
17243.0,6,75,18397.85,2,0,245.30466666666663
17244.0,31,5,1826.04,0,0,365.20799999999997
17245.0,182,2,371.63,0,1,185.815
17246.0,524,2,38.92,1,1,19.46
17248.0,98,2,546.16,0,1,273.08
17249.0,406,1,68.03,1,1,68.03
17250.0,238,1,162.65,0,1,162.65
17251.0,340,4,803.73,1,1,200.9325
17252.0,94,2,353.86,0,1,176.93
17254.0,379,1,198.29,1,1,198.29
17255.0,18,4,799.13,0,0,199.7825
17256.0,85,5,498.93,0,0,99.786
17257.0,414,2,192.73,1,1,96.365
17258.0,374,2,417.3,1,1,208.65
17259.0,126,6,1889.34,0,1,314.89
17260.0,389,1,120.95,1,1,120.95
17261.0,487,1,230.44,1,1,230.44
17262.0,30,11,2757.62,0,0,250.69272727272727
17263.0,186,1,63.440000000000005,0,1,63.440000000000005
17264.0,402,1,279.59,1,1,279.59
17265.0,116,2,562.9,0,1,281.45
17266.0,125,3,320.15,0,1,106.71666666666665
17267.0,104,2,317.62,0,1,158.81
17268.0,85,11,1733.8899999999999,0,0,157.62636363636364
17269.0,363,1,537.46,1,1,537.46
17270.0,447,2,604.4,1,1,302.2
17271.0,714,1,210.39,1,1,210.39
17272.0,19,5,2144.53,0,0,428.90600000000006
17273.0,401,1,141.12,1,1,141.12
17274.0,13,2,577.38,0,0,288.69
17275.0,361,1,114.52,1,1,114.52
17276.0,377,2,451.34000000000003,1,1,225.67000000000002
17277.0,205,2,1065.3500000000001,0,1,532.6750000000001
17278.0,219,2,271.24,0,1,135.62
17279.0,35,1,187.82999999999998,0,0,187.82999999999998
17280.0,415,1,118.85999999999999,1,1,118.85999999999999
17281.0,351,6,797.8499999999999,1,1,132.975
17282.0,108,5,2339.66,0,1,467.93199999999996
17283.0,356,1,188.46,1,1,188.46
17284.0,38,11,2328.22,0,0,211.6563636363636
17285.0,606,2,428.34,1,1,214.17
17286.0,378,2,241.56,1,1,120.78
17287.0,4,23,4095.71,0,0,178.07434782608695
17288.0,185,9,1743.95,0,1,193.77222222222224
17289.0,9,11,2069.89,0,0,188.17181818181817
17290.0,359,6,976.2,1,1,162.70000000000002
17291.0,286,1,550.8000000000001,1,1,550.8000000000001
17292.0,449,2,271.75,1,1,135.875
17293.0,8,16,3580.1,0,0,223.75625
17294.0,646,2,467.78999999999996,1,1,233.89499999999998
17295.0,6,3,556.95,0,0,185.65
17296.0,708,1,338.13,1,1,338.13
17298.0,78,6,952.52,0,0,158.75333333333333
17299.0,67,5,925.02,0,0,185.004
17300.0,368,2,393.64,1,1,196.82
17301.0,602,1,132.8,1,1,132.8
17302.0,9,5,981.38,0,0,196.276
17303.0,339,1,250.04,1,1,250.04
17304.0,511,1,111.5,1,1,111.5
17305.0,626,1,2135.46,1,1,2135.46
17306.0,14,21,8706.62,0,0,414.60095238095244
17307.0,342,15,3225.67,1,1,215.04466666666667
17308.0,371,2,4511.76,1,1,2255.88
17309.0,73,3,330.59000000000003,0,0,110.19666666666667
17310.0,364,2,1025.1,1,1,512.55
17311.0,56,7,3490.66,0,0,498.6657142857143
17312.0,116,3,644.3,0,1,214.76666666666665
17313.0,8,1,2328.84,0,0,2328.84
17314.0,2,22,4514.7,0,0,205.21363636363637
17315.0,7,46,9230.22,0,0,200.65695652173912
17316.0,398,1,124.45,1,1,124.45
17317.0,23,5,2524.02,0,0,504.804
17318.0,703,1,164.28,1,1,164.28
17319.0,646,1,29.1,1,1,29.1
17320.0,78,6,2895.77,0,0,482.62833333333333
17321.0,45,5,1699.93,0,0,339.986
17322.0,354,7,900.64,1,1,128.66285714285715
17323.0,39,11,1335.54,0,0,121.41272727272727
17324.0,309,11,1860.87,1,1,169.17
17325.0,258,3,609.5699999999999,1,1,203.18999999999997
17326.0,385,2,321.95,1,1,160.975
17327.0,387,2,152.35,1,1,76.175
17328.0,650,1,104.7,1,1,104.7
17329.0,292,4,724.6800000000001,1,1,181.17000000000002
17330.0,45,3,324.8,0,0,108.26666666666667
17331.0,101,1,175.2,0,1,175.2
17332.0,505,5,838.27,1,1,167.654
17333.0,63,1,494.25,0,0,494.25
17334.0,278,4,634.73,1,1,158.6825
17335.0,361,2,508.0,1,1,254.0
17336.0,449,1,81.12,1,1,81.12
17337.0,129,7,1944.32,0,1,277.76
17338.0,92,18,10610.61,0,1,589.4783333333334
17339.0,72,4,303.36,0,0,75.84
17340.0,7,29,21533.48,0,0,742.5337931034483
17341.0,134,5,1889.83,0,1,377.966
17342.0,352,7,1155.8400000000001,1,1,165.12000000000003
17343.0,333,6,1259.94,1,1,209.99
17344.0,24,3,454.61,0,0,151.53666666666666
17345.0,71,11,1230.77,0,0,111.88818181818182
17346.0,16,24,4761.9,0,0,198.4125
17347.0,64,1,228.96,0,0,228.96
17348.0,6,8,2298.8,0,0,287.35
17349.0,157,5,852.25,0,1,170.45
17350.0,23,6,1481.181,0,0,246.86350000000002
17351.0,13,12,1988.23,0,0,165.68583333333333
17352.0,673,1,36.25,1,1,36.25
17353.0,106,7,3155.55,0,1,450.79285714285714
17354.0,28,4,3143.46,0,0,785.865
17355.0,364,1,285.11,1,1,285.11
17356.0,289,5,946.47,1,1,189.294
17357.0,1,2,388.14,0,0,194.07
17358.0,280,5,866.05,1,1,173.20999999999998
17359.0,626,1,156.6,1,1,156.6
17360.0,161,5,946.59,0,1,189.318
17361.0,26,5,880.64,0,0,176.128
17362.0,217,8,1010.54,0,1,126.3175
17363.0,372,3,940.86,1,1,313.62
17364.0,6,27,10741.78,0,0,397.84370370370374
17365.0,28,15,7779.46,0,0,518.6306666666667
17366.0,369,3,1094.59,1,1,364.8633333333333
17367.0,216,1,168.4,0,1,168.4
17368.0,10,15,2103.16,0,0,140.21066666666667
17369.0,433,1,979.1999999999999,1,1,979.1999999999999
17370.0,50,4,446.18,0,0,111.545
17371.0,339,4,336.29,1,1,84.0725
17372.0,18,31,4325.43,0,0,139.53
17373.0,17,7,1167.5,0,0,166.78571428571428
17374.0,196,4,711.21,0,1,177.8025
17375.0,167,5,632.95,0,1,126.59
17376.0,48,4,453.64,0,0,113.41
17377.0,1,91,17851.41,2,0,196.16934065934066
17378.0,351,2,0.0,1,1,0.0
17380.0,411,4,643.75,1,1,160.9375
17381.0,1,38,39691.03,0,0,1044.500789473684
17382.0,43,8,902.28,0,0,112.785
17383.0,431,1,110.69999999999999,1,1,110.69999999999999
17384.0,196,2,398.8,0,1,199.4
17386.0,77,6,1823.69,0,0,303.9483333333333
17387.0,11,1,346.44,0,0,346.44
17388.0,55,11,2691.57,0,0,244.68818181818185
17389.0,6,73,48269.25,2,0,661.222602739726
17390.0,398,1,149.3,1,1,149.3
17391.0,141,2,508.8,0,1,254.4
17392.0,284,3,626.56,1,1,208.85333333333332
17393.0,388,2,381.15,1,1,190.575
17394.0,197,1,203.86999999999998,0,1,203.86999999999998
17395.0,485,1,97.5,1,1,97.5
17396.0,17,16,8529.6,0,0,533.1
17397.0,394,1,536.77,1,1,536.77
17398.0,92,3,653.38,0,1,217.79333333333332
17399.0,517,1,-25111.09,1,1,-25111.09
17400.0,103,8,4677.05,0,1,584.63125
17401.0,518,1,114.85,1,1,114.85
17402.0,8,25,4760.28,0,0,190.41119999999998
17403.0,14,2,400.57,0,0,200.285
17404.0,3,26,46006.82,0,0,1769.4930769230768
17405.0,41,4,818.82,0,0,204.705
17406.0,308,18,4592.1,1,1,255.11666666666667
17407.0,389,1,552.9,1,1,552.9
17408.0,141,4,164.89000000000001,0,1,41.222500000000004
17409.0,162,10,7793.51,0,1,779.351
17410.0,15,4,978.38,0,0,244.595
17411.0,53,8,1077.03,0,0,134.62875
17412.0,1,18,4198.58,0,0,233.25444444444443
17413.0,382,2,560.14,1,1,280.07
17414.0,21,6,2249.52,0,0,374.92
17415.0,57,1,507.84,0,0,507.84
17416.0,7,25,17221.47,0,0,688.8588000000001
17417.0,526,1,164.18,1,1,164.18
17418.0,20,3,670.0600000000001,0,0,223.35333333333335
17419.0,16,18,5692.31,0,0,316.2394444444445
17420.0,28,8,1074.53,0,0,134.31625
17421.0,363,3,1059.41,1,1,353.1366666666667
17422.0,64,19,3061.25,0,0,161.1184210526316
17423.0,22,5,1084.17,0,0,216.834
17424.0,406,1,-176.96,1,1,-176.96
17425.0,38,1,688.97,0,0,688.97
17426.0,68,14,6864.7,0,0,490.3357142857143
17427.0,49,1,100.8,0,0,100.8
17428.0,16,48,30216.66,0,0,629.51375
17429.0,98,7,1342.16,0,1,191.73714285714286
17430.0,10,4,735.17,0,0,183.7925
17431.0,291,1,403.3,1,1,403.3
17432.0,14,8,1561.52,0,0,195.19
17433.0,66,2,569.96,0,0,284.98
17434.0,1,6,1327.0,0,0,221.16666666666666
17435.0,389,1,331.35,1,1,331.35
17436.0,204,6,427.40999999999997,0,1,71.235
17437.0,507,1,373.17,1,1,373.17
17438.0,224,6,1412.6200000000001,0,1,235.4366666666667
17439.0,633,1,325.74,1,1,325.74
17440.0,125,6,314.26,0,1,52.376666666666665
17441.0,710,1,293.35,1,1,293.35
17442.0,7,23,4500.7,0,0,195.68260869565216
17443.0,197,1,534.24,0,1,534.24
17444.0,125,3,2940.04,0,1,980.0133333333333
17445.0,608,1,-506.51,1,1,-506.51
17446.0,154,2,120.9,0,1,60.45
17447.0,18,2,541.53,0,0,270.765
17448.0,122,54,10192.73,0,1,188.75425925925924
17449.0,22,13,4509.46,0,0,346.88153846153847
17450.0,3,53,217738.7,2,0,4108.277358490566
17451.0,34,5,1020.4,0,0,204.07999999999998
17452.0,581,1,-227.28,1,1,-227.28
17453.0,41,1,341.99999999999994,0,0,341.99999999999994
17454.0,170,11,1532.64,0,1,139.3309090909091
17455.0,181,1,131.7,0,1,131.7
17456.0,343,2,1225.42,1,1,612.71
17457.0,104,18,5799.01,0,1,322.1672222222222
17458.0,359,1,213.08,1,1,213.08
17459.0,21,2,657.3,0,0,328.65
17460.0,56,21,2007.4,0,0,95.5904761904762
17461.0,7,1,382.56,0,0,382.56
17462.0,29,3,662.94,0,0,220.98000000000002
17463.0,27,8,2339.6,0,0,292.45
17464.0,136,4,879.74,0,1,219.935
17465.0,403,9,2533.64,1,1,281.5155555555555
17466.0,56,1,460.41,0,0,460.41
17467.0,373,1,102.6,1,1,102.6
17468.0,352,1,57.8,1,1,57.8
17469.0,50,21,4579.4400000000005,0,0,218.06857142857146
17470.0,22,11,2804.87,0,0,254.9881818181818
17471.0,452,1,321.65000000000003,1,1,321.65000000000003
17472.0,169,4,935.1,0,1,233.775
17473.0,379,3,592.15,1,1,197.38333333333333
17474.0,577,1,1047.0,1,1,1047.0
17475.0,57,1,194.37,0,0,194.37
17476.0,370,4,446.51,1,1,111.6275
17477.0,590,5,1079.0,1,1,215.8
17478.0,386,2,1272.8,1,1,636.4
17479.0,610,1,389.26000000000005,1,1,389.26000000000005
17480.0,51,3,896.72,0,0,298.9066666666667
17481.0,13,3,659.38,0,0,219.79333333333332
17482.0,464,2,778.19,1,1,389.095
17483.0,43,4,591.73,0,0,147.9325
17484.0,553,2,209.57,1,1,104.785
17485.0,716,1,-29.55,1,1,-29.55
17486.0,239,1,396.87,0,1,396.87
17487.0,706,1,160.55,1,1,160.55
17488.0,619,1,336.5,1,1,336.5
17489.0,36,2,376.64,0,0,188.32
17490.0,41,8,1937.52,0,0,242.19
17491.0,14,16,5189.7,0,0,324.35625
17492.0,226,3,1122.42,0,1,374.14000000000004
17493.0,362,1,100.91000000000001,1,1,100.91000000000001
17494.0,479,1,54.699999999999996,1,1,54.699999999999996
17495.0,16,3,604.1,0,0,201.36666666666667
17496.0,336,5,1385.89,1,1,277.178
17497.0,368,2,287.25,1,1,143.625
17498.0,53,1,272.22,0,0,272.22
17499.0,267,3,1296.84,1,1,432.28
17500.0,1,2,628.0,0,0,314.0
17501.0,198,2,288.6,0,1,144.3
17502.0,6,1,226.60000000000002,0,0,226.60000000000002
17503.0,16,1,340.43,0,0,340.43
17504.0,184,19,9313.37,0,1,490.1773684210527
17505.0,139,5,2435.48,0,1,487.096
17506.0,48,2,294.29,0,0,147.145
17507.0,239,2,605.58,0,1,302.79
17508.0,258,9,4546.78,0,1,505.19777777777773
17509.0,35,11,6100.74,0,0,554.6127272727273
17510.0,2,2,514.56,0,0,257.28
17511.0,8,81,160574.84,2,0,1982.4054320987655
17512.0,6,20,5432.27,0,0,271.61350000000004
17513.0,49,3,1158.8,0,0,386.26666666666665
17514.0,105,2,542.83,0,1,271.415
17515.0,9,9,1617.46,0,0,179.71777777777777
17516.0,97,5,798.32,0,1,159.66400000000002
17517.0,286,1,153.94,1,1,153.94
17518.0,403,2,329.42,1,1,164.71
17519.0,111,16,4746.78,0,1,296.67375
17520.0,31,1,546.81,0,0,546.81
17521.0,2,6,1276.81,0,0,212.80166666666665
17522.0,116,4,912.25,0,1,228.0625
17524.0,339,4,508.9,1,1,127.225
17525.0,337,3,1161.9,1,1,387.3
17526.0,182,14,3369.64,0,1,240.6885714285714
17527.0,31,6,888.86,0,0,148.14333333333335
17528.0,7,7,2856.0099999999998,0,0,408.00142857142856
17529.0,587,2,1240.25,1,1,620.125
17530.0,20,11,2746.05,0,0,249.6409090909091
17531.0,98,9,1191.22,0,1,132.35777777777778
17532.0,363,1,65.34,1,1,65.34
17533.0,412,1,34.8,1,1,34.8
17534.0,31,5,1668.83,0,0,333.76599999999996
17535.0,258,1,164.4,1,1,164.4
17536.0,155,3,364.83,0,1,121.61
17537.0,7,2,897.62,0,0,448.81
17538.0,3,1,98.42,0,0,98.42
17539.0,594,7,1047.07,1,1,149.58142857142857
17540.0,2,6,1590.6000000000001,0,0,265.1
17541.0,487,1,124.46,1,1,124.46
17542.0,247,3,341.7,0,1,113.89999999999999
17543.0,527,1,120.05,1,1,120.05
17544.0,368,3,960.69,1,1,320.23
17545.0,21,6,1448.54,0,0,241.42333333333332
17546.0,523,1,-648.05,1,1,-648.05
17547.0,350,4,680.5500000000001,1,1,170.13750000000002
17548.0,195,6,345.0,0,1,57.5
17549.0,1,2,148.86,0,0,74.43
17550.0,175,10,2206.54,0,1,220.654
17551.0,337,1,306.84,1,1,306.84
17552.0,20,16,3039.2,0,0,189.95
17553.0,107,4,3757.6,0,1,939.4
17554.0,37,3,1460.03,0,0,486.6766666666667
17555.0,312,4,769.93,1,1,192.4825
17556.0,183,2,300.67,0,1,150.335
17557.0,21,3,473.16,0,0,157.72
17558.0,371,1,259.17,1,1,259.17
17559.0,490,1,167.62,1,1,167.62
17560.0,72,9,1895.8,0,0,210.64444444444445
17561.0,368,3,554.72,1,1,184.90666666666667
17562.0,29,7,941.6800000000001,0,0,134.5257142857143
17563.0,556,5,309.28000000000003,1,1,61.85600000000001
17564.0,2,3,454.01,0,0,151.33666666666667
17565.0,564,1,131.83,1,1,131.83
17566.0,3,1,414.26,0,0,414.26
17567.0,35,10,4619.11,0,0,461.91099999999994
17568.0,610,1,382.79,1,1,382.79
17569.0,310,1,344.14,1,1,344.14
17570.0,359,2,0.0,1,1,0.0
17571.0,27,5,1703.75,0,0,340.75
17572.0,48,10,723.01,0,0,72.301
17573.0,7,4,362.9,0,0,90.725
17574.0,220,1,185.65,0,1,185.65
17575.0,645,1,171.7,1,1,171.7
17576.0,15,43,8587.41,0,0,199.70720930232557
17577.0,623,2,348.75,1,1,174.375
17578.0,168,10,1003.73,0,1,100.373
17579.0,98,4,566.54,0,1,141.635
17580.0,230,5,545.27,0,1,109.054
17581.0,11,50,17262.79,0,0,345.2558
17582.0,214,6,1433.7,0,1,238.95000000000002
17583.0,538,1,135.95,1,1,135.95
17584.0,105,5,4816.57,0,1,963.314
17585.0,87,7,2093.3,0,0,299.04285714285714
17586.0,597,1,167.4,1,1,167.4
17587.0,606,1,181.66,1,1,181.66
17588.0,78,9,2901.65,0,0,322.40555555555557
17589.0,37,21,13904.82,0,0,662.1342857142857
17590.0,18,1,349.38,0,0,349.38
17591.0,51,9,2765.7200000000003,0,0,307.30222222222227
17592.0,716,2,0.0,1,1,0.0
17593.0,69,14,7365.8,0,0,526.1285714285715
17594.0,62,4,2497.88,0,0,624.47
17595.0,14,1,157.9,0,0,157.9
17596.0,1,14,4907.32,0,0,350.5228571428571
17597.0,191,7,3425.29,0,1,489.32714285714286
17598.0,358,1,409.98,1,1,409.98
17599.0,442,3,44.55,1,1,14.85
17601.0,216,2,421.48,0,1,210.74
17602.0,3,16,5479.38,0,0,342.46125
17603.0,27,11,120.01000000000002,0,0,10.910000000000002
17604.0,195,6,945.9300000000001,0,1,157.655
17605.0,568,1,160.75,1,1,160.75
17606.0,715,1,87.30000000000001,1,1,87.30000000000001
17607.0,354,1,333.81,1,1,333.81
17608.0,11,4,498.53,0,0,124.6325
17609.0,18,14,1758.99,0,0,125.64214285714286
17610.0,517,8,1427.84,1,1,178.48
17611.0,8,32,7905.08,0,0,247.03375
17612.0,31,32,5156.14,0,0,161.129375
17613.0,21,14,4237.47,0,0,302.6764285714286
17614.0,34,1,390.07,0,0,390.07
17615.0,108,7,725.7,0,1,103.67142857142858
17616.0,151,4,1060.8,0,1,265.2
17617.0,536,2,237.28,1,1,118.64
17618.0,226,12,3743.14,0,1,311.92833333333334
17619.0,290,1,218.52,1,1,218.52
17620.0,37,1,81.44,0,0,81.44
17621.0,169,7,2551.2,0,1,364.45714285714286
17622.0,574,3,1125.17,1,1,375.0566666666667
17623.0,10,7,2383.67,0,0,340.5242857142857
17624.0,195,3,1125.45,0,1,375.15000000000003
17625.0,29,7,5640.0,0,0,805.7142857142857
17626.0,580,1,254.0,1,1,254.0
17627.0,456,2,285.11,1,1,142.555
17628.0,59,1,75.75,0,0,75.75
17629.0,44,9,2003.57,0,0,222.61888888888888
17630.0,147,2,503.59999999999997,0,1,251.79999999999998
17631.0,115,6,886.66,0,1,147.77666666666667
17632.0,695,2,-12.7,1,1,-6.35
17633.0,9,9,1974.89,0,0,219.43222222222224
17634.0,14,9,2361.9700000000003,0,0,262.4411111111111
17635.0,402,4,1256.83,1,1,314.2075
17637.0,9,2,547.0600000000001,0,0,273.53000000000003
17638.0,625,2,842.4,1,1,421.2
17639.0,254,6,615.17,0,1,102.52833333333332
17640.0,64,8,3107.59,0,0,388.44875
17641.0,716,1,-6.95,1,1,-6.95
17642.0,97,5,1824.49,0,1,364.898
17643.0,351,2,541.25,1,1,270.625
17644.0,14,27,5531.78,0,0,204.88074074074072
17645.0,706,1,-9.9,1,1,-9.9
17646.0,197,16,4094.1600000000003,0,1,255.88500000000002
17647.0,42,3,331.65999999999997,0,0,110.55333333333333
17648.0,38,6,2208.42,0,0,368.07
17649.0,112,5,1542.44,0,1,308.488
17651.0,7,21,5340.64,0,0,254.31619047619049
17652.0,3,18,4737.13,0,0,263.1738888888889
17653.0,7,5,1175.88,0,0,235.17600000000002
17654.0,255,1,117.55,1,1,117.55
17655.0,18,9,3137.54,0,0,348.61555555555555
17656.0,51,5,1674.69,0,0,334.938
17657.0,408,1,126.0,1,1,126.0
17658.0,3,2,595.42,0,0,297.71
17659.0,2,15,3198.46,0,0,213.23066666666668
17660.0,119,2,359.47,0,1,179.735
17661.0,618,1,-54.0,1,1,-54.0
17662.0,639,2,412.92,1,1,206.46
17663.0,3,23,5081.04,0,0,220.91478260869565
17664.0,190,3,887.78,0,1,295.9266666666667
17665.0,471,1,563.1,1,1,563.1
17666.0,43,4,1728.72,0,0,432.18
17667.0,44,12,3883.8,0,0,323.65000000000003
17668.0,16,1,161.85,0,0,161.85
17669.0,20,10,6142.35,0,0,614.235
17670.0,205,1,205.7,0,1,205.7
17671.0,112,6,1640.55,0,1,273.425
17672.0,21,9,5707.08,0,0,634.12
17673.0,44,13,4110.76,0,0,316.2123076923077
17674.0,52,2,851.7,0,0,425.85
17675.0,15,86,34304.95,2,0,398.89476744186044
17676.0,36,12,2374.92,0,0,197.91
17677.0,6,89,35162.47,2,0,395.0839325842697
17678.0,241,3,579.81,0,1,193.26999999999998
17679.0,30,11,3166.56,0,0,287.8690909090909
17680.0,1,4,462.5,0,0,115.625
17681.0,574,6,529.6,1,1,88.26666666666667
17682.0,93,11,3866.8,0,1,351.52727272727276
17683.0,363,3,819.01,1,1,273.00333333333333
17684.0,21,1,239.41,0,0,239.41
17685.0,66,13,5535.77,0,0,425.82846153846157
17686.0,58,8,7667.4400000000005,0,0,958.4300000000001
17687.0,398,1,432.68,1,1,432.68
17688.0,352,2,286.5,1,1,143.25
17689.0,366,2,317.08,1,1,158.54
17690.0,8,21,7438.6,0,0,354.2190476190476
17691.0,335,5,769.85,1,1,153.97
17692.0,105,14,2962.4,0,1,211.6
17693.0,113,3,187.02,0,1,62.34
17694.0,119,3,1695.97,0,1,565.3233333333334
17695.0,109,6,1720.54,0,1,286.75666666666666
17696.0,16,48,7380.89,0,0,153.76854166666666
17697.0,213,1,338.95,0,1,338.95
17698.0,238,1,154.95,0,1,154.95
17699.0,454,2,442.0,1,1,221.0
17700.0,72,16,5778.06,0,0,361.12875
17701.0,230,1,417.95,0,1,417.95
17702.0,7,9,2911.79,0,0,323.53222222222223
17703.0,12,4,1094.84,0,0,273.71
17704.0,146,2,885.19,0,1,442.595
17705.0,7,11,1823.5,0,0,165.77272727272728
17706.0,22,42,18768.06,0,0,446.85857142857145
17707.0,163,9,605.0500000000001,0,1,67.22777777777779
17708.0,165,4,887.9300000000001,0,1,221.98250000000002
17709.0,147,5,671.01,0,1,134.202
17710.0,401,1,293.5,1,1,293.5
17711.0,267,1,220.53000000000003,1,1,220.53000000000003
17712.0,22,1,522.91,0,0,522.91
17713.0,359,4,1198.09,1,1,299.5225
17714.0,298,9,1376.58,1,1,152.95333333333332
17715.0,178,2,489.59999999999997,0,1,244.79999999999998
17716.0,6,26,15365.32,0,0,590.9738461538461
17717.0,399,1,376.92,1,1,376.92
17718.0,210,3,386.98,0,1,128.99333333333334
17719.0,15,18,5367.8,0,0,298.2111111111111
17720.0,4,12,2715.06,0,0,226.255
17721.0,637,1,307.21000000000004,1,1,307.21000000000004
17722.0,74,7,4386.96,0,0,626.7085714285714
17723.0,104,7,3378.4000000000005,0,1,482.6285714285715
17724.0,35,4,995.6500000000001,0,0,248.91250000000002
17725.0,18,13,3051.8,0,0,234.75384615384615
17726.0,373,8,1089.56,1,1,136.195
17728.0,43,6,3288.58,0,0,548.0966666666667
17729.0,574,1,438.65000000000003,1,1,438.65000000000003
17730.0,2,22,7094.65,0,0,322.48409090909087
17731.0,57,7,1347.08,0,0,192.44
17732.0,350,10,2448.14,1,1,244.814
17733.0,16,2,692.19,0,0,346.095
17734.0,31,6,1442.32,0,0,240.38666666666666
17735.0,15,28,16268.98,0,0,581.035
17736.0,9,3,307.49,0,0,102.49666666666667
17737.0,36,1,87.39,0,0,87.39
17738.0,121,14,3837.8,0,1,274.12857142857143
17739.0,16,19,7328.860000000001,0,0,385.7294736842106
17740.0,366,6,426.9,1,1,71.14999999999999
17741.0,384,2,101.1,1,1,50.55
17742.0,90,11,2098.48,0,0,190.7709090909091
17743.0,420,2,208.85,1,1,104.425
17744.0,3,7,1887.44,0,0,269.63428571428574
17745.0,455,2,600.34,1,1,300.17
17746.0,212,7,873.4300000000001,0,1,124.7757142857143
17747.0,78,2,64.65,0,0,32.325
17748.0,505,1,358.15,1,1,358.15
17749.0,155,3,1026.18,0,1,342.06
17750.0,14,8,1684.25,0,0,210.53125
17751.0,399,1,157.85999999999999,1,1,157.85999999999999
17752.0,336,1,80.64,1,1,80.64
17753.0,441,5,388.06,1,1,77.612
17754.0,15,15,4308.4,0,0,287.22666666666663
17755.0,401,1,-72.23,1,1,-72.23
17756.0,353,3,733.7,1,1,244.5666666666667
17757.0,9,54,7893.57,0,0,146.1772222222222
17758.0,30,10,4328.82,0,0,432.88199999999995
17759.0,147,4,609.07,0,1,152.2675
17760.0,351,6,796.63,1,1,132.77166666666668
17761.0,10,1,712.78,0,0,712.78
17762.0,433,1,129.75,1,1,129.75
17763.0,241,5,51.15,0,1,10.23
17764.0,28,5,1623.64,0,0,324.728
17765.0,136,4,530.8,0,1,132.7
17766.0,359,2,299.61,1,1,149.805
17767.0,387,1,141.85,1,1,141.85
17768.0,11,7,2642.71,0,0,377.53000000000003
17769.0,3,19,6214.85,0,0,327.09736842105264
17770.0,176,5,1143.27,0,1,228.654
17771.0,34,4,387.41,0,0,96.8525
17772.0,370,1,202.0,1,1,202.0
17773.0,492,2,585.27,1,1,292.635
17774.0,74,13,2945.7,0,0,226.59230769230768
17775.0,232,1,56.4,0,1,56.4
17776.0,364,3,331.81,1,1,110.60333333333334
17777.0,2,3,665.86,0,0,221.95333333333335
17778.0,639,1,197.70000000000002,1,1,197.70000000000002
17779.0,65,3,485.61,0,0,161.87
17780.0,645,3,352.91,1,1,117.63666666666667
17781.0,136,2,188.02,0,1,94.01
17782.0,360,2,679.02,1,1,339.51
17783.0,49,3,379.91,0,0,126.63666666666667
17784.0,527,1,112.86,1,1,112.86
17785.0,31,3,403.38,0,0,134.46
17786.0,63,2,278.74,0,0,139.37
17787.0,130,4,2601.4700000000003,0,1,650.3675000000001
17788.0,51,2,1117.9,0,0,558.95
17789.0,259,2,397.15,1,1,198.575
17790.0,4,20,2783.61,0,0,139.1805
17791.0,7,1,106.1,0,0,106.1
17792.0,445,2,370.05,1,1,185.025
17793.0,3,1,323.04,0,0,323.04
17794.0,664,2,147.3,1,1,73.65
17795.0,157,2,350.39,0,1,175.195
17796.0,17,7,1361.99,0,0,194.57
17797.0,160,6,1477.85,0,1,246.3083333333333
17798.0,559,1,183.09,1,1,183.09
17799.0,77,22,5692.56,0,0,258.75272727272727
17800.0,15,9,1199.01,0,0,133.22333333333333
17801.0,429,4,795.78,1,1,198.945
17802.0,60,16,4915.84,0,0,307.24
17803.0,370,1,184.66,1,1,184.66
17804.0,354,4,380.13,1,1,95.0325
17805.0,51,2,927.03,0,0,463.515
17807.0,372,3,437.87,1,1,145.95666666666668
17808.0,526,4,262.64,1,1,65.66
17809.0,34,21,10128.45,0,0,482.3071428571429
17810.0,646,3,344.86,1,1,114.95333333333333
17811.0,3,53,8417.32,0,0,158.81735849056602
17812.0,16,5,694.75,0,0,138.95
17813.0,15,6,1512.13,0,0,252.02166666666668
17814.0,353,2,1617.32,1,1,808.66
17815.0,371,1,591.96,1,1,591.96
17816.0,14,6,112.32,0,0,18.72
17817.0,254,6,683.17,0,1,113.86166666666666
17818.0,715,1,130.18,1,1,130.18
17819.0,49,13,6568.719999999999,0,0,505.2861538461538
17820.0,169,3,159.51,0,1,53.169999999999995
17821.0,384,1,334.62,1,1,334.62
17822.0,398,5,2188.5,1,1,437.7
17823.0,398,2,494.25,1,1,247.125
17824.0,29,1,298.4,0,0,298.4
17825.0,576,4,731.96,1,1,182.99
17826.0,352,1,134.59,1,1,134.59
17827.0,219,6,1969.65,0,1,328.27500000000003
17828.0,79,5,1048.16,0,0,209.632
17829.0,276,6,4680.42,1,1,780.07
17830.0,239,2,287.65000000000003,0,1,143.82500000000002
17831.0,11,1,35.400000000000006,0,0,35.400000000000006
17832.0,27,1,155.37,0,0,155.37
17833.0,701,1,342.36,1,1,342.36
17834.0,392,2,730.47,1,1,365.235
17836.0,24,1,110.21000000000001,0,0,110.21000000000001
17837.0,19,10,1560.53,0,0,156.053
17838.0,4,15,6239.55,0,0,415.97
17839.0,19,1,338.8,0,0,338.8
17840.0,421,1,185.72,1,1,185.72
17841.0,1,276,63715.22,2,0,230.8522463768116
17842.0,580,1,430.69,1,1,430.69
17843.0,280,2,326.23,1,1,163.115
17844.0,84,1,51.559999999999995,0,0,51.559999999999995
17845.0,533,4,598.19,1,1,149.5475
17846.0,63,1,2033.1,0,0,2033.1
17847.0,493,2,129.69,1,1,64.845
17848.0,58,31,3638.15,0,0,117.35967741935484
17849.0,196,8,1063.76,0,1,132.97
17850.0,280,159,55703.130000000005,2,1,350.33415094339625
17851.0,400,6,1563.34,1,1,260.5566666666667
17852.0,366,3,548.87,1,1,182.95666666666668
17853.0,384,3,1608.19,1,1,536.0633333333334
17854.0,162,6,1071.45,0,1,178.57500000000002
17855.0,350,1,417.94,1,1,417.94
17856.0,211,5,1118.39,0,1,223.67800000000003
17857.0,8,22,24654.14,0,0,1120.6427272727271
17858.0,31,31,11959.58,0,0,385.79290322580647
17859.0,282,1,148.21,1,1,148.21
17860.0,346,4,1015.54,1,1,253.885
17861.0,2,21,4626.01,0,0,220.28619047619048
17862.0,301,4,1279.09,1,1,319.7725
17863.0,37,12,5745.2,0,0,478.76666666666665
17864.0,67,4,807.54,0,0,201.885
17865.0,8,62,25649.05,0,0,413.69435483870967
17866.0,120,4,1131.0,0,1,282.75
17867.0,8,20,895.78,0,0,44.789
17868.0,363,1,234.65,1,1,234.65
17869.0,84,7,1036.16,0,0,148.02285714285716
17870.0,9,12,2462.27,0,0,205.18916666666667
17871.0,182,5,1118.99,0,1,223.798
17872.0,359,1,235.87,1,1,235.87
17873.0,57,20,6229.56,0,0,311.478
17874.0,163,7,658.26,0,1,94.03714285714285
17875.0,665,1,167.1,1,1,167.1
17876.0,377,3,3424.02,1,1,1141.34
17877.0,148,1,237.61,0,1,237.61
17878.0,21,3,1412.33,0,0,470.77666666666664
17879.0,151,1,178.51999999999998,0,1,178.51999999999998
17880.0,342,3,824.9200000000001,1,1,274.97333333333336
17881.0,281,1,133.35000000000002,1,1,133.35000000000002
17882.0,357,2,313.46,1,1,156.73
17883.0,64,6,505.98,0,0,84.33
17884.0,289,22,2914.28,0,1,132.46727272727273
17886.0,9,7,1598.43,0,0,228.34714285714287
17887.0,106,1,111.35,0,1,111.35
17888.0,15,29,1318.9,0,0,45.47931034482759
17889.0,189,7,774.87,0,1,110.69571428571429
17890.0,300,2,602.09,1,1,301.045
17891.0,139,1,203.85999999999999,0,1,203.85999999999999
17892.0,33,3,244.1,0,0,81.36666666666666
17893.0,203,1,112.25,0,1,112.25
17894.0,49,20,2397.66,0,0,119.883
17895.0,21,1,98.0,0,0,98.0
17896.0,1,1,256.32,0,0,256.32
17897.0,150,10,2534.0,0,1,253.4
17898.0,63,4,299.18,0,0,74.795
17899.0,137,1,155.8,0,1,155.8
17900.0,142,4,15.0,0,1,3.75
17901.0,6,3,260.08,0,0,86.69333333333333
17902.0,524,1,216.39999999999998,1,1,216.39999999999998
17903.0,371,1,381.09000000000003,1,1,381.09000000000003
17905.0,48,14,2374.22,0,0,169.58714285714285
17906.0,224,1,72.9,0,1,72.9
17907.0,618,1,291.76,1,1,291.76
17908.0,351,7,1357.89,1,1,193.98428571428573
17909.0,715,1,132.55,1,1,132.55
17910.0,703,1,261.7,1,1,261.7
17912.0,288,7,360.1,1,1,51.44285714285714
17913.0,36,14,3479.64,0,0,248.54571428571427
17915.0,529,1,242.13,1,1,242.13
17916.0,606,2,43.87,1,1,21.935
17917.0,23,3,341.28,0,0,113.75999999999999
17918.0,478,3,396.39,1,1,132.13
17919.0,66,2,1840.32,0,0,920.16
17920.0,4,52,23771.69,0,0,457.1478846153846
17921.0,41,12,2383.35,0,0,198.61249999999998
17922.0,520,1,170.4,1,1,170.4
17923.0,260,3,497.0,1,1,165.66666666666666
17924.0,9,10,3164.7900000000004,0,0,316.47900000000004
17925.0,350,1,488.16,1,1,488.16
17926.0,111,5,1035.49,0,1,207.098
17927.0,699,1,294.0,1,1,294.0
17928.0,23,3,341.24,0,0,113.74666666666667
17929.0,55,12,2937.6,0,0,244.79999999999998
17930.0,13,15,4242.92,0,0,282.86133333333333
17931.0,111,18,3305.96,0,1,183.66444444444446
17932.0,6,3,1331.57,0,0,443.8566666666666
17933.0,610,1,114.69,1,1,114.69
17934.0,29,3,1049.15,0,0,349.7166666666667
17935.0,116,8,655.54,0,1,81.9425
17937.0,8,6,3940.92,0,0,656.82
17938.0,398,1,144.29,1,1,144.29
17939.0,137,1,99.14,0,1,99.14
17940.0,27,22,26960.02,0,0,1225.4554545454546
17941.0,108,4,1433.28,0,1,358.32
17943.0,657,1,-165.03,1,1,-165.03
17944.0,400,1,75.41,1,1,75.41
17945.0,674,3,360.35,1,1,120.11666666666667
17946.0,210,2,149.57999999999998,0,1,74.78999999999999
17947.0,15,1,176.68,0,0,176.68
17948.0,125,1,358.56000000000006,0,1,358.56000000000006
17949.0,20,131,95382.23,2,0,728.1086259541985
17950.0,50,8,1412.65,0,0,176.58125
17951.0,17,5,1618.38,0,0,323.67600000000004
17952.0,356,4,819.61,1,1,204.9025
17953.0,518,1,160.82,1,1,160.82
17954.0,45,25,3538.6,0,0,141.54399999999998
17955.0,176,6,949.9,0,1,158.31666666666666
17956.0,227,1,12.75,0,1,12.75
17957.0,44,1,111.68,0,0,111.68
17958.0,94,2,973.88,0,1,486.94
17959.0,570,1,140.75,1,1,140.75
17960.0,149,3,135.08,0,1,45.02666666666667
17961.0,8,100,2962.44,2,0,29.6244
17962.0,120,5,673.02,0,1,134.60399999999998
17963.0,448,4,651.51,1,1,162.8775
17964.0,9,2,733.46,0,0,366.73
17965.0,15,33,7117.78,0,0,215.69030303030303
17966.0,15,10,1974.42,0,0,197.442
17967.0,349,2,357.28999999999996,1,1,178.64499999999998
17968.0,351,4,888.04,1,1,222.01
17969.0,144,27,2251.19,0,1,83.3774074074074
17970.0,188,1,582.59,0,1,582.59
17971.0,526,1,161.94,1,1,161.94
17972.0,219,1,136.04,0,1,136.04
17973.0,29,1,337.04,0,0,337.04
17974.0,2,6,1858.06,0,0,309.6766666666667
17975.0,41,25,6680.06,0,0,267.2024
17976.0,350,1,706.38,1,1,706.38
17977.0,7,3,1507.73,0,0,502.57666666666665
17978.0,343,4,1461.76,1,1,365.44
17979.0,13,5,737.81,0,0,147.56199999999998
17980.0,143,4,1033.42,0,1,258.355
17981.0,388,1,239.12,1,1,239.12
17982.0,658,1,138.18,1,1,138.18
17983.0,373,1,171.71,1,1,171.71
17984.0,122,5,1191.27,0,1,238.254
17986.0,34,1,20.8,0,0,20.8
17987.0,163,6,928.12,0,1,154.68666666666667
17988.0,94,13,424.46999999999997,0,1,32.65153846153846
17989.0,357,1,228.82999999999998,1,1,228.82999999999998
17990.0,214,7,1522.5700000000002,0,1,217.51000000000002
17991.0,202,3,320.55,0,1,106.85000000000001
17992.0,367,1,254.13,1,1,254.13
17993.0,595,1,235.19,1,1,235.19
17994.0,99,14,2262.87,0,1,161.63357142857143
17995.0,259,3,495.48,1,1,165.16
17996.0,357,3,482.33,1,1,160.77666666666667
17997.0,51,12,1511.3,0,0,125.94166666666666
17998.0,357,4,601.74,1,1,150.435
17999.0,14,3,730.9,0,0,243.63333333333333
18000.0,541,1,124.25,1,1,124.25
18001.0,64,5,788.84,0,0,157.768
18002.0,353,4,249.92,1,1,62.48
18003.0,354,1,358.61,1,1,358.61
18004.0,340,1,169.47,1,1,169.47
18005.0,25,1,139.97,0,0,139.97
18006.0,359,3,553.1800000000001,1,1,184.39333333333335
18007.0,370,1,220.32,1,1,220.32
18008.0,48,23,19787.13,0,0,860.3100000000001
18009.0,213,14,2077.08,0,1,148.36285714285714
18010.0,234,1,174.8,0,1,174.8
18011.0,350,2,527.03,1,1,263.515
18012.0,701,1,115.3,1,1,115.3
18013.0,133,2,187.29,0,1,93.645
18014.0,5,1,166.42,0,0,166.42
18016.0,10,7,1960.46,0,0,280.0657142857143
18017.0,58,4,688.0,0,0,172.0
18018.0,85,5,156.69,0,0,31.338
18019.0,29,1,38.45,0,0,38.45
18020.0,521,2,129.28,1,1,64.64
18021.0,487,2,227.06,1,1,113.53
18022.0,13,5,1651.79,0,0,330.358
18023.0,518,1,-3248.86,1,1,-3248.86
18024.0,130,3,236.77999999999997,0,1,78.92666666666666
18025.0,357,6,1177.72,1,1,196.28666666666666
18026.0,478,2,2074.07,1,1,1037.035
18027.0,76,1,115.31,0,0,115.31
18028.0,561,1,192.05,1,1,192.05
18029.0,619,1,433.77,1,1,433.77
18030.0,20,2,111.15,0,0,55.575
18031.0,356,1,462.09999999999997,1,1,462.09999999999997
18032.0,311,1,73.5,1,1,73.5
18033.0,42,1,97.97,0,0,97.97
18034.0,353,1,370.82,1,1,370.82
18035.0,13,5,1276.74,0,0,255.348
18036.0,10,11,1563.6399999999999,0,0,142.1490909090909
18037.0,132,15,167.42,0,1,11.161333333333333
18038.0,533,1,149.41,1,1,149.41
18039.0,352,4,579.17,1,1,144.7925
18040.0,223,1,239.0,0,1,239.0
18041.0,14,38,8181.31,0,0,215.29763157894737
18042.0,31,2,281.15,0,0,140.575
18043.0,2,3,875.97,0,0,291.99
18044.0,13,18,3291.76,0,0,182.87555555555556
18045.0,23,1,189.4,0,0,189.4
18046.0,627,1,189.63,1,1,189.63
18047.0,359,2,342.69,1,1,171.345
18048.0,181,3,401.73,0,1,133.91
18049.0,415,2,556.52,1,1,278.26
18050.0,337,2,412.06,1,1,206.03
18051.0,612,8,2275.98,1,1,284.4975
18052.0,542,1,10877.18,1,1,10877.18
18053.0,43,6,527.77,0,0,87.96166666666666
18054.0,370,1,176.5,1,1,176.5
18055.0,17,14,10299.75,0,0,735.6964285714286
18056.0,266,3,539.75,1,1,179.91666666666666
18057.0,370,3,1203.56,1,1,401.18666666666667
18058.0,519,2,603.9,1,1,301.95
18059.0,22,2,219.86,0,0,109.93
18060.0,385,2,1185.46,1,1,592.73
18061.0,43,28,6388.07,0,0,228.14535714285714
18062.0,151,9,1523.3700000000001,0,1,169.26333333333335
18063.0,368,2,186.60000000000002,1,1,93.30000000000001
18064.0,110,15,4441.18,0,1,296.07866666666666
18065.0,64,29,5393.24,0,0,185.97379310344826
18066.0,52,3,1440.4,0,0,480.1333333333334
18067.0,17,1,396.33,0,0,396.33
18068.0,267,1,101.69999999999999,1,1,101.69999999999999
18069.0,3,13,4525.71,0,0,348.13153846153847
18070.0,647,2,307.75,1,1,153.875
18071.0,235,6,1428.63,0,1,238.10500000000002
18072.0,132,2,-5.329070518200751e-15,0,1,-2.6645352591003757e-15
18073.0,92,13,3864.44,0,1,297.2646153846154
18074.0,351,2,1509.04,1,1,754.52
18075.0,1,31,5579.91,0,0,179.99709677419355
18076.0,358,1,151.49,1,1,151.49
18077.0,11,17,4083.22,0,0,240.18941176470588
18078.0,195,4,844.6,0,1,211.15
18079.0,22,5,4242.75,0,0,848.55
18080.0,220,1,841.4999999999999,0,1,841.4999999999999
18081.0,13,3,343.45,0,0,114.48333333333333
18082.0,3,1,703.37,0,0,703.37
18083.0,375,1,470.72999999999996,1,1,470.72999999999996
18084.0,278,4,103.24999999999999,1,1,25.812499999999996
18085.0,308,4,1645.75,1,1,411.4375
18086.0,252,1,101.34,1,1,101.34
18087.0,76,21,14411.619999999999,0,0,686.267619047619
18088.0,39,1,167.67000000000002,0,0,167.67000000000002
18089.0,424,1,428.45,1,1,428.45
18090.0,399,1,349.4,1,1,349.4
18091.0,571,1,360.85,1,1,360.85
18092.0,7,19,15611.35,0,0,821.65
18093.0,70,9,4429.61,0,0,492.1788888888889
18094.0,59,15,6322.62,0,0,421.508
18095.0,290,5,2303.09,1,1,460.61800000000005
18096.0,35,5,1516.84,0,0,303.368
18097.0,78,13,3965.77,0,0,305.0592307692308
18098.0,373,1,550.84,1,1,550.84
18099.0,104,1,168.31,0,1,168.31
18100.0,528,1,451.56,1,1,451.56
18101.0,121,4,515.74,0,1,128.935
18102.0,13,149,586443.6,3,0,3935.863087248322
18103.0,527,1,105.8,1,1,105.8
18104.0,15,1,754.64,0,0,754.64
18105.0,15,1,113.48000000000002,0,0,113.48000000000002
18106.0,307,6,1461.46,1,1,243.57666666666668
18107.0,420,1,167.13,1,1,167.13
18108.0,226,4,842.46,0,1,210.615
18109.0,8,41,7861.41,0,0,191.74170731707318
18110.0,389,1,199.13,1,1,199.13
18111.0,561,2,398.9,1,1,199.45
18112.0,144,3,619.91,0,1,206.63666666666666
18113.0,346,1,152.64000000000001,1,1,152.64000000000001
18114.0,268,1,220.1,1,1,220.1
18115.0,675,1,9.700000000000001,1,1,9.700000000000001
18116.0,45,13,2154.3,0,0,165.71538461538464
18117.0,3,1,320.72,0,0,320.72
18118.0,6,33,6167.61,0,0,186.8972727272727
18119.0,345,1,362.24,1,1,362.24
18120.0,192,1,111.15,0,1,111.15
18121.0,127,2,673.1,0,1,336.55
18122.0,13,4,962.48,0,0,240.62
18123.0,2,3,684.59,0,0,228.1966666666667
18124.0,449,1,111.53,1,1,111.53
18125.0,7,5,1141.34,0,0,228.26799999999997
18126.0,38,1,206.82999999999998,0,0,206.82999999999998
18127.0,111,2,352.40000000000003,0,1,176.20000000000002
18128.0,515,1,420.04,1,1,420.04
18129.0,221,1,112.55000000000001,0,1,112.55000000000001
18130.0,6,2,769.77,0,0,384.885
18131.0,609,1,222.95999999999998,1,1,222.95999999999998
18132.0,481,1,226.9,1,1,226.9
18133.0,189,2,715.4999999999999,0,1,357.74999999999994
18134.0,576,2,445.0,1,1,222.5
18135.0,6,13,1229.22,0,0,94.55538461538461
18136.0,40,9,1531.71,0,0,170.19
18137.0,529,2,145.99,1,1,72.995
18138.0,273,1,152.65,1,1,152.65
18140.0,451,1,536.41,1,1,536.41
18141.0,338,4,838.57,1,1,209.6425
18142.0,129,4,1014.9,0,1,253.725
18143.0,94,2,1000.16,0,1,500.08
18144.0,8,18,4826.0,0,0,268.1111111111111
18145.0,65,11,4841.79,0,0,440.1627272727273
18146.0,118,2,160.35000000000002,0,1,80.17500000000001
18147.0,23,2,179.33999999999997,0,0,89.66999999999999
18148.0,624,1,114.10000000000001,1,1,114.10000000000001
18149.0,28,7,1624.71,0,0,232.10142857142858
18150.0,9,3,566.58,0,0,188.86
18151.0,112,7,1853.94,0,1,264.84857142857146
18152.0,623,1,426.69,1,1,426.69
18153.0,636,1,246.22,1,1,246.22
18154.0,21,4,753.9,0,0,188.475
18155.0,53,4,347.82,0,0,86.955
18156.0,347,1,412.46000000000004,1,1,412.46000000000004
18157.0,549,1,215.35,1,1,215.35
18158.0,63,2,342.15,0,0,171.075
18159.0,279,1,530.15,1,1,530.15
18160.0,34,3,1003.88,0,0,334.62666666666667
18161.0,42,5,1341.1,0,0,268.21999999999997
18162.0,710,1,379.16,1,1,379.16
18163.0,538,2,639.34,1,1,319.67
18164.0,8,2,394.7,0,0,197.35
18165.0,155,1,302.46000000000004,0,1,302.46000000000004
18166.0,601,1,175.5,1,1,175.5
18167.0,3,4,869.9300000000001,0,0,217.48250000000002
18168.0,153,22,3670.12,0,1,166.82363636363635
18169.0,38,1,202.65,0,0,202.65
18170.0,11,9,2878.0,0,0,319.77777777777777
18171.0,36,11,2414.51,0,0,219.50090909090912
18172.0,8,62,16893.83,0,0,272.4811290322581
18173.0,64,5,2696.36,0,0,539.272
18174.0,581,1,58.5,1,1,58.5
18175.0,653,1,176.1,1,1,176.1
18176.0,331,2,448.65,1,1,224.325
18177.0,9,10,2189.62,0,0,218.962
18178.0,91,15,6054.49,0,1,403.63266666666664
18179.0,31,7,2326.9700000000003,0,0,332.42428571428576
18180.0,37,5,1533.02,0,0,306.604
18181.0,2,7,1184.21,0,0,169.17285714285714
18182.0,441,1,291.13,1,1,291.13
18183.0,195,6,600.52,0,1,100.08666666666666
18185.0,227,1,304.25,0,1,304.25
18186.0,700,1,329.58,1,1,329.58
18187.0,601,3,682.19,1,1,227.39666666666668
18188.0,24,7,2870.43,0,0,410.06142857142856
18189.0,55,5,1396.58,0,0,279.316
18190.0,170,6,735.6700000000001,0,1,122.61166666666668
18191.0,239,2,529.4,0,1,264.7
18192.0,49,1,957.97,0,0,957.97
18193.0,128,5,1155.7,0,1,231.14000000000001
18194.0,41,7,4084.2000000000003,0,0,583.4571428571429
18195.0,365,1,101.16,1,1,101.16
18196.0,72,4,1464.31,0,0,366.0775
18197.0,491,2,221.4,1,1,110.7
18198.0,8,20,4764.610000000001,0,0,238.23050000000003
18199.0,653,2,342.2,1,1,171.1
18200.0,83,1,163.8,0,0,163.8
18201.0,700,1,447.53000000000003,1,1,447.53000000000003
18202.0,177,3,1396.99,0,1,465.66333333333336
18203.0,135,4,504.42,0,1,126.105
18204.0,48,4,1979.3,0,0,494.825
18205.0,14,2,517.36,0,0,258.68
18206.0,531,1,314.65999999999997,1,1,314.65999999999997
18207.0,471,3,505.12,1,1,168.37333333333333
18208.0,543,1,360.08,1,1,360.08
18209.0,6,1,139.10000000000002,0,0,139.10000000000002
18210.0,7,4,1869.59,0,0,467.3975
18211.0,3,5,600.07,0,0,120.01400000000001
18212.0,303,2,546.72,1,1,273.36
18213.0,214,1,232.48000000000002,0,1,232.48000000000002
18214.0,508,5,1480.99,1,1,296.198
18215.0,66,6,2238.9900000000002,0,0,373.165
18216.0,8,1,481.75,0,0,481.75
18217.0,7,6,902.8,0,0,150.46666666666667
18218.0,184,6,1106.3,0,1,184.38333333333333
18219.0,13,18,3265.02,0,0,181.39
18220.0,197,11,1771.7,0,1,161.06363636363636
18221.0,41,7,1207.39,0,0,172.48428571428573
18222.0,70,1,443.0,0,0,443.0
18223.0,9,50,12922.66,0,0,258.4532
18224.0,241,1,158.95000000000002,0,1,158.95000000000002
18225.0,21,31,11593.93,0,0,373.9977419354839
18226.0,16,38,11748.58,0,0,309.17315789473685
18227.0,195,3,93.75,0,1,31.25
18228.0,27,3,769.2,0,0,256.40000000000003
18229.0,10,26,10118.01,0,0,389.15423076923076
18230.0,6,10,3883.27,0,0,388.327
18231.0,170,30,6848.17,0,1,228.27233333333334
18232.0,59,5,582.47,0,0,116.494
18233.0,303,1,440.0,1,1,440.0
18234.0,529,1,179.6,1,1,179.6
18235.0,49,3,1796.48,0,0,598.8266666666667
18236.0,7,12,1795.3500000000001,0,0,149.6125
18237.0,43,4,861.35,0,0,215.3375
18238.0,493,1,270.92,1,1,270.92
18239.0,196,6,2150.36,0,1,358.3933333333334
18240.0,24,1,422.58,0,0,422.58
18241.0,27,22,2836.55,0,0,128.9340909090909
18242.0,50,8,3605.21,0,0,450.65125
18243.0,392,1,515.78,1,1,515.78
18244.0,408,2,568.64,1,1,284.32
18245.0,127,22,5341.9800000000005,0,1,242.81727272727275
18246.0,1,3,758.8199999999999,0,0,252.93999999999997
18247.0,387,6,721.43,1,1,120.23833333333333
18248.0,91,4,783.02,0,1,195.755
18250.0,279,2,342.92,1,1,171.46
18251.0,65,9,26278.86,0,0,2919.8733333333334
18252.0,28,8,1465.59,0,0,183.19875
18253.0,620,1,317.88,1,1,317.88
18254.0,559,1,267.9,1,1,267.9
18255.0,67,2,303.15,0,0,151.575
18256.0,332,2,60.599999999999994,1,1,30.299999999999997
18257.0,17,18,4496.8,0,0,249.82222222222222
18258.0,442,8,2040.97,1,1,255.12125
18259.0,2,7,4318.200000000001,0,0,616.8857142857144
18260.0,150,32,9751.95,0,1,304.7484375
18261.0,20,2,324.24,0,0,162.12
18262.0,117,3,577.54,0,1,192.51333333333332
18263.0,3,3,1213.1599999999999,0,0,404.3866666666666
18264.0,476,1,603.25,1,1,603.25
18265.0,50,2,801.51,0,0,400.755
18266.0,411,1,251.1,1,1,251.1
18267.0,637,2,252.87,1,1,126.435
18268.0,111,8,1451.22,0,1,181.4025
18269.0,335,2,307.5,1,1,153.75
18270.0,16,4,400.35,0,0,100.0875
18271.0,587,2,680.85,1,1,340.425
18272.0,23,10,3979.4500000000003,0,0,397.94500000000005
18273.0,73,3,306.0,0,0,102.0
18274.0,7,1,175.92,0,0,175.92
18275.0,555,2,741.85,1,1,370.925
18276.0,21,8,1633.17,0,0,204.14625
18277.0,36,8,1111.38,0,0,138.9225
18278.0,51,2,414.20000000000005,0,0,207.10000000000002
18279.0,497,1,231.33999999999997,1,1,231.33999999999997
18280.0,255,3,472.45000000000005,1,1,157.48333333333335
18281.0,158,2,201.14,0,1,100.57
18282.0,100,2,98.76,0,1,49.38
18283.0,7,19,1991.39,0,0,104.81
18284.0,407,2,436.68,1,1,218.34
18285.0,638,1,427.0,1,1,427.0
18286.0,454,3,1188.43,1,1,396.1433333333334
18287.0,20,8,4177.89,0,0,522.23625
