StockCode,Description,FirstDate,LastDate,ActiveDays,TotalDemand,TransactionCount,eligible_for_forecasting
84077,WORLD WAR 2 GLIDERS ASSTD DESIGNS,2009-12-01,2011-12-09,470,106139,1022,True
85099B,JUMBO BAG RED RETROSPOT,2009-12-01,2011-12-09,589,97176,4067,True
21212,PACK OF 72 RETROSPOT CAKE CASES,2009-12-01,2011-12-09,594,94884,3181,True
85123A,WHITE HANGING HEART T-LIGHT HOLDER,2009-12-01,2011-12-09,603,94719,5610,True
22197,SMALL POPCORN HOLDER,2009-12-01,2011-12-09,563,88499,2366,True
84879,ASSORTED COLOUR BIRD ORNAMENT,2009-12-01,2011-12-09,582,80082,2848,True
17003,BROCADE RING PURSE ,2009-12-01,2011-12-08,301,70369,462,True
21977,PACK OF 60 PINK PAISLEY CAKE CASES,2009-12-01,2011-12-09,565,56061,2025,True
84991,60 TEATIME FAIRY CAKE CASES,2009-12-01,2011-12-09,559,54028,2179,True
15036,ASSORTED COLOURS SILK FAN,2009-12-01,2011-12-09,433,44272,992,True
22492,MINI PAINT SET VINTAGE ,2010-05-06,2011-12-08,361,43546,732,True
84755,COLOUR GLASS T-LIGHT HOLDER HANGING,2009-12-01,2011-12-09,490,40439,1273,True
20725,LUNCH BAG RED RETROSPOT,2009-12-01,2011-12-09,594,40317,3090,True
21213,PACK OF 72 SKULL CAKE CASES,2009-12-01,2011-12-09,538,40263,1505,True
22178,VICTORIAN GLASS HANGING T-LIGHT,2009-12-01,2011-12-09,560,40081,1841,True
22386,JUMBO BAG PINK POLKADOT,2010-01-29,2011-12-09,537,39437,2269,True
22616,PACK OF 12 LONDON TISSUES ,2010-05-06,2011-12-09,371,39147,841,True
21232,STRAWBERRY CERAMIC TRINKET BOX,2009-12-01,2011-12-09,567,37997,2478,True
84568,GIRLS ALPHABET IRON ON PATCHES ,2009-12-01,2011-12-09,223,37066,310,True
85099F,JUMBO BAG STRAWBERRY,2009-12-01,2011-12-08,552,37061,1875,True
84946,ANTIQUE SILVER TEA GLASS ETCHED,2009-12-01,2011-12-09,539,36696,1787,True
21915,RED  HARMONICA IN BOX ,2009-12-04,2011-12-07,411,36289,1031,True
22086,PAPER CHAIN KIT 50'S CHRISTMAS ,2009-12-01,2011-12-09,306,35084,2068,True
84992,72 SWEETHEART FAIRY CAKE CASES,2009-12-01,2011-12-08,518,34797,1502,True
71459,HANGING JAM JAR T-LIGHT HOLDER,2009-12-02,2011-12-09,443,32989,1019,True
22952,60 CAKE CASES VINTAGE CHRISTMAS,2010-09-17,2011-12-09,215,32988,1172,True
20724,RED RETROSPOT CHARLOTTE BAG,2009-12-01,2011-12-09,566,32197,2053,True
21982,PACK OF 12 SUKI TISSUES ,2009-12-07,2011-12-09,366,32086,732,True
22355,CHARLOTTE BAG SUKI DESIGN,2009-12-01,2011-12-09,555,31956,1752,True
84347,ROTATING SILVER ANGELS T-LIGHT HLDR,2009-12-01,2011-12-09,257,31409,781,True
21980,PACK OF 12 RED RETROSPOT TISSUES ,2009-12-01,2011-12-09,389,31337,680,True
21975,PACK OF 60 DINOSAUR CAKE CASES,2009-12-01,2011-12-08,516,31332,1329,True
21080,SET/20 RED RETROSPOT PAPER NAPKINS ,2009-12-01,2011-12-08,584,31076,2156,True
85099C,JUMBO  BAG BAROQUE BLACK WHITE,2009-12-01,2011-12-09,560,30657,1901,True
21931,JUMBO STORAGE BAG SUKI,2009-12-01,2011-12-09,579,29182,2352,True
21731,RED TOADSTOOL LED NIGHT LIGHT,2009-12-01,2011-12-09,523,28910,1554,True
47566,PARTY BUNTING,2009-12-01,2011-12-09,541,28200,2705,True
22469,HEART OF WICKER SMALL,2010-04-22,2011-12-09,417,27908,2195,True
22151,PLACE SETTING WHITE HEART,2009-12-01,2011-12-09,399,27562,736,True
22411,JUMBO SHOPPER VINTAGE RED PAISLEY,2010-01-29,2011-12-09,540,27281,2209,True
21790,VINTAGE SNAP CARDS,2009-12-01,2011-12-09,560,27244,1913,True
84970S,HANGING HEART ZINC T-LIGHT HOLDER,2009-12-01,2011-12-09,531,26817,1532,True
21498,RED RETROSPOT WRAP ,2009-12-01,2011-12-08,427,26726,802,True
20727,LUNCH BAG  BLACK SKULL.,2009-12-01,2011-12-09,579,26678,2402,True
22423,REGENCY CAKESTAND 3 TIER,2010-03-15,2011-12-09,514,26478,3950,True
21981,PACK OF 12 WOODLAND TISSUES ,2009-12-02,2011-12-09,316,26204,564,True
21929,JUMBO BAG PINK VINTAGE PAISLEY,2009-12-01,2011-12-09,523,25608,1631,True
21985,PACK OF 12 HEARTS DESIGN TISSUES ,2009-12-01,2011-12-08,444,25523,932,True
21984,PACK OF 12 PINK PAISLEY TISSUES ,2009-12-02,2011-12-09,305,25351,439,True
22383,LUNCH BAG SUKI  DESIGN ,2010-01-22,2011-12-09,543,25058,2436,True
84212,"ASSORTED FLOWER COLOUR ""LEIS""",2009-12-06,2011-12-06,211,24794,278,True
21181,PLEASE ONE PERSON METAL SIGN,2009-12-01,2011-12-09,413,24732,1828,True
20728,LUNCH BAG CARS BLUE,2009-12-01,2011-12-09,572,24596,2091,True
20719,WOODLAND CHARLOTTE BAG,2009-12-01,2011-12-09,535,24479,1582,True
21928,JUMBO BAG SCANDINAVIAN PAISLEY,2009-12-01,2011-12-09,520,24268,1551,True
84270,ASSTD DESIGN BUBBLE GUM RING,2009-12-01,2010-12-06,215,22936,476,True
20971,PINK BLUE FELT CRAFT TRINKET BOX,2009-12-01,2011-12-09,473,22260,1163,True
20726,LUNCH BAG WOODLAND,2009-12-01,2011-12-09,570,22118,1950,True
84978,HANGING HEART JAR T-LIGHT HOLDER,2009-12-04,2011-12-09,527,21689,1440,True
84945,MULTI COLOUR SILVER T-LIGHT HOLDER,2009-12-04,2011-12-09,338,21605,660,True
22417,PACK OF 60 SPACEBOY CAKE CASES,2010-01-31,2011-12-08,472,21451,1125,True
20668,DISCO BALL CHRISTMAS DECORATION,2009-12-02,2011-12-09,204,20951,372,True
20713,JUMBO BAG OWLS,2009-12-01,2011-12-09,443,20814,1325,True
22629,SPACEBOY LUNCH BOX ,2010-07-01,2011-12-09,405,20807,1379,True
22384,LUNCH BAG PINK POLKADOT,2010-01-25,2011-12-09,544,20783,2137,True
84598,BOYS ALPHABET IRON ON PATCHES,2009-12-01,2011-12-09,178,20775,217,True
21175,GIN + TONIC DIET METAL SIGN,2009-12-01,2011-12-09,525,20676,1671,True
20972,PINK CREAM FELT CRAFT TRINKET BOX ,2009-12-01,2011-12-09,511,20496,1411,True
23203,JUMBO BAG VINTAGE DOILY ,2011-05-06,2011-12-09,183,20485,1242,True
22382,LUNCH BAG SPACEBOY DESIGN ,2010-01-22,2011-12-08,540,20248,2173,True
22356,CHARLOTTE BAG PINK POLKADOT,2009-12-01,2011-12-09,539,20015,1599,True
21166,COOK WITH WINE METAL SIGN ,2009-12-01,2011-12-09,464,19932,1435,True
84836,ZINC METAL HEART DECORATION,2009-12-01,2011-12-08,532,19847,1435,True
72741,GRAND CHOCOLATECANDLE,2009-12-01,2011-12-09,442,19712,923,True
21094,SET/6 RED SPOTTY PAPER PLATES,2009-12-01,2011-12-08,463,19633,990,True
21231,SWEETHEART CERAMIC TRINKET BOX,2009-12-01,2011-12-08,471,19428,1510,True
84692,BOX OF 24 COCKTAIL PARASOLS,2009-12-02,2011-12-09,495,19085,1140,True
21137,BLACK RECORD COVER FRAME,2009-12-01,2011-12-09,346,18739,636,True
20914,SET/5 RED RETROSPOT LID GLASS BOWLS,2009-12-01,2011-12-09,567,18670,2066,True
22910,PAPER CHAIN KIT VINTAGE CHRISTMAS,2010-09-19,2011-12-09,212,18634,1445,True
20723,STRAWBERRY CHARLOTTE BAG,2009-12-01,2011-12-09,522,18296,1387,True
20975,12 PENCILS SMALL TUBE RED RETROSPOT,2009-12-01,2011-12-08,391,18099,929,True
22630,DOLLY GIRL LUNCH BOX,2010-07-01,2011-12-09,406,18058,1349,True
22489,PACK OF 12 TRADITIONAL CRAYONS,2010-03-02,2011-12-09,371,17916,795,True
22693,GROW A FLYTRAP OR SUNFLOWER IN TIN,2010-08-05,2011-12-09,205,17875,351,True
22470,HEART OF WICKER LARGE,2010-04-22,2011-12-08,423,17773,1994,True
21326,AGED GLASS SILVER T-LIGHT HOLDER,2009-12-01,2011-12-09,365,17770,654,True
20712,JUMBO BAG WOODLAND ANIMALS,2009-12-01,2011-12-09,494,17710,1428,True
84970L,SINGLE HEART ZINC T-LIGHT HOLDER,2009-12-01,2011-12-09,486,17633,1152,True
21791,VINTAGE HEADS AND TAILS CARD GAME ,2009-12-01,2011-12-09,491,17604,1330,True
22029,SPACEBOY BIRTHDAY CARD,2009-12-01,2011-12-09,487,17602,1104,True
21733,RED HANGING HEART T-LIGHT HOLDER,2009-12-01,2011-12-08,519,17575,1793,True
22585,PACK OF 6 BIRDY GIFT TAGS,2010-03-10,2011-12-09,393,17557,1124,True
21497,FANCY FONTS BIRTHDAY WRAP,2009-12-01,2011-12-09,325,17500,485,True
22961,JAM MAKING SET PRINTED,2010-07-23,2011-12-09,291,17252,1203,True
22077,6 RIBBONS RUSTIC CHARM,2009-12-01,2011-12-09,507,17238,1780,True
21704,BAG 250g SWIRLY MARBLES,2009-12-01,2011-12-09,323,17175,574,True
22909,SET OF 20 VINTAGE CHRISTMAS NAPKINS,2010-09-16,2011-12-09,206,17144,1116,True
22385,JUMBO BAG SPACEBOY DESIGN,2010-01-29,2011-12-08,460,17057,1259,True
82482,WOODEN PICTURE FRAME WHITE FINISH,2009-12-01,2011-12-09,517,16914,2026,True
22090,PAPER BUNTING RETROSPOT,2009-12-01,2011-12-08,544,16698,1720,True
22294,HEART FILIGREE DOVE  SMALL,2009-12-01,2011-12-08,426,16671,894,True
16156S,WRAP PINK FAIRY CAKES ,2009-12-01,2011-12-08,283,16661,419,True
21086,SET/6 RED SPOTTY PAPER CUPS,2009-12-01,2011-12-06,412,16658,854,True
85152,HAND OVER THE CHOCOLATE   SIGN ,2009-12-01,2011-12-09,513,16373,1472,True
22189,CREAM HEART CARD HOLDER,2009-12-01,2011-12-08,477,16186,1304,True
21500,PINK POLKADOT WRAP ,2009-12-01,2011-12-05,336,15950,492,True
22659,LUNCH BOX I LOVE LONDON,2010-03-14,2011-12-09,392,15942,1098,True
79321,CHILLI LIGHTS,2009-12-01,2011-12-09,435,15841,1141,True
84947,ANTIQUE SILVER TEA GLASS ENGRAVED,2009-12-02,2011-12-09,375,15810,698,True
22379,RECYCLING BAG RETROSPOT ,2010-01-25,2011-12-09,511,15765,1583,True
82494L,WOODEN FRAME ANTIQUE WHITE ,2009-12-01,2011-12-08,528,15679,2087,True
21967,PACK OF 12 SKULL TISSUES,2009-12-01,2011-12-09,296,15652,484,True
85175,CACTI T-LIGHT CANDLES,2009-12-01,2011-11-28,288,15566,444,True
22326,ROUND SNACK BOXES SET OF4 WOODLAND ,2010-01-07,2011-12-09,485,15446,1403,True
22551,PLASTERS IN TIN SPACEBOY,2010-03-25,2011-12-09,446,15441,1314,True
40016,CHINESE DRAGON PAPER LANTERNS,2009-12-01,2011-09-21,194,15435,245,True
22457,NATURAL SLATE HEART CHALKBOARD ,2010-03-04,2011-12-09,464,15373,2059,True
21121,SET/10 RED POLKADOT PARTY CANDLES,2009-12-01,2011-12-09,457,15215,882,True
21787,RAIN PONCHO RETROSPOT,2010-03-25,2011-12-09,292,15135,476,True
21210,SET OF 72 RETROSPOT PAPER  DOILIES,2009-12-01,2011-12-08,470,15118,1165,True
71477,COLOUR GLASS. STAR T-LIGHT HOLDER,2009-12-01,2011-12-08,355,15089,824,True
21499,BLUE POLKADOT WRAP,2009-12-01,2011-12-08,320,15052,460,True
21829,DINOSAUR KEYRINGS ASSORTED,2009-12-01,2011-10-20,281,15035,412,True
23199,JUMBO BAG APPLES,2011-04-11,2011-12-09,198,14908,986,True
22560,TRADITIONAL MODELLING CLAY,2010-03-25,2011-12-09,369,14836,754,True
21918,SET 12 KIDS COLOUR  CHALK STICKS,2009-12-01,2011-12-09,414,14598,795,True
21703,BAG 125g SWIRLY MARBLES,2009-12-02,2011-12-09,348,14577,577,True
21976,PACK OF 60 MUSHROOM CAKE CASES,2009-12-01,2011-12-09,475,14570,965,True
22045,SPACEBOY GIFT WRAP,2009-12-04,2011-12-08,312,14542,473,True
22865,HAND WARMER OWL DESIGN,2010-09-10,2011-12-09,195,14537,1256,True
22969,HOMEMADE JAM SCENTED CANDLES,2010-11-21,2011-12-09,271,14461,709,True
21877,HOME SWEET HOME MUG,2009-12-01,2011-12-09,411,14054,757,True
22577,WOODEN HEART CHRISTMAS SCANDINAVIAN,2010-07-18,2011-12-09,222,14023,860,True
75049L,LARGE CIRCULAR MIRROR MOBILE,2009-12-02,2011-12-07,231,13968,352,True
22558,CLOTHES PEGS RETROSPOT PACK 24 ,2010-04-14,2011-12-09,361,13809,1212,True
22083,PAPER CHAIN KIT RETROSPOT,2009-12-01,2011-12-09,526,13716,1409,True
22297,HEART IVORY TRELLIS SMALL,2009-12-01,2011-12-08,441,13715,989,True
22554,PLASTERS IN TIN WOODLAND ANIMALS,2010-03-25,2011-12-09,445,13588,1292,True
22556,PLASTERS IN TIN CIRCUS PARADE ,2010-03-25,2011-12-09,438,13585,1216,True
21986,PACK OF 12 PINK POLKADOT TISSUES,2009-12-01,2011-12-09,302,13476,473,True
21930,JUMBO STORAGE BAG SKULLS,2009-12-01,2011-12-09,514,13390,1337,True
23201,JUMBO BAG ALPHABET,2011-04-11,2011-12-09,198,13366,911,True
20718,RED RETROSPOT SHOPPER BAG,2009-12-01,2011-12-09,512,13353,1218,True
22740,POLKADOT PEN,2010-09-30,2011-09-26,151,13345,301,True
22578,WOODEN STAR CHRISTMAS SCANDINAVIAN,2010-07-18,2011-12-09,185,13302,803,True
82580,BATHROOM METAL SIGN,2009-12-01,2011-12-09,538,13249,1349,True
20974,12 PENCILS SMALL TUBE SKULL,2009-12-01,2011-12-09,416,13219,850,True
16161P,WRAP ENGLISH ROSE ,2009-12-01,2011-12-07,283,13198,440,True
23209,LUNCH BAG VINTAGE DOILY ,2011-05-08,2011-12-08,181,13170,1114,True
22699,ROSES REGENCY TEACUP AND SAUCER ,2010-08-11,2011-12-09,377,13070,1437,True
21108,FAIRY CAKE FLANNEL ASSORTED COLOUR,2009-12-01,2011-12-09,329,12962,615,True
22328,ROUND SNACK BOXES SET OF 4 FRUITS ,2010-01-07,2011-12-09,481,12959,1168,True
21914,BLUE HARMONICA IN BOX ,2009-12-01,2011-12-09,372,12957,976,True
22534,MAGIC DRAWING SLATE SPACEBOY ,2010-03-28,2011-12-08,318,12891,600,True
82583,HOT BATHS METAL SIGN,2009-12-01,2011-12-09,471,12877,1198,True
22147,FELTCRAFT BUTTERFLY HEARTS,2009-12-01,2011-12-01,466,12828,1171,True
21889,WOODEN BOX OF DOMINOES,2009-12-01,2011-12-09,442,12805,1142,True
22866,HAND WARMER SCOTTY DOG DESIGN,2010-09-10,2011-12-09,177,12778,1129,True
22030,SWALLOWS GREETING CARD,2009-12-01,2011-12-08,372,12735,693,True
22610,PENS ASSORTED FUNNY FACE,2010-02-25,2011-12-07,201,12680,288,True
82600,NO SINGING METAL SIGN,2009-12-01,2011-12-09,481,12675,1208,True
22149,FELTCRAFT 6 FLOWER FRIENDS,2009-12-01,2011-11-10,488,12674,1407,True
22993,SET OF 4 PANTRY JELLY MOULDS,2011-02-16,2011-12-09,244,12649,1090,True
20711,JUMBO BAG TOYS ,2009-12-01,2011-12-01,456,12643,1055,True
22595,GINGHAM HEART DECORATION,2010-07-16,2011-12-08,301,12535,806,True
21495,SKULLS AND CROSSBONES WRAP,2009-12-01,2011-12-08,275,12465,376,True
22348,TEA BAG PLATE RED RETROSPOT,2009-12-01,2011-12-09,448,12453,971,True
22998,TRAVEL CARD WALLET KEEP CALM,2011-02-16,2011-12-09,215,12366,538,True
22418,10 COLOUR SPACEBOY PEN,2010-05-06,2011-12-09,314,12314,590,True
21122,SET/10 PINK POLKADOT PARTY CANDLES,2009-12-01,2011-12-09,440,12209,819,True
23206,LUNCH BAG APPLE DESIGN,2011-04-11,2011-12-09,198,12147,1053,True
21891,TRADITIONAL WOODEN SKIPPING ROPE,2009-12-01,2011-12-08,381,12142,859,True
23307,SET OF 60 PANTRY DESIGN CAKE CASES ,2011-06-03,2011-12-09,157,12049,641,True
79000,MOROCCAN TEA GLASS,2009-12-01,2011-09-12,276,11973,436,True
84949,SILVER HANGING T-LIGHT HOLDER,2009-12-01,2011-12-08,385,11945,703,True
22867,HAND WARMER BIRD DESIGN,2010-09-10,2011-12-09,183,11872,1086,True
22467,GUMBALL COAT RACK,2010-03-04,2011-12-09,378,11868,1111,True
22114,HOT WATER BOTTLE TEA AND SYMPATHY,2009-12-01,2011-12-09,355,11677,1597,True
22561,WOODEN SCHOOL COLOURING SET,2010-03-25,2011-12-09,401,11642,922,True
84378,SET OF 3 HEART COOKIE CUTTERS,2009-12-01,2011-12-09,482,11637,1264,True
22555,PLASTERS IN TIN STRONGMAN,2010-03-25,2011-12-09,410,11549,982,True
21871,SAVE THE PLANET MUG,2009-12-01,2011-12-09,394,11492,786,True
15056N,EDWARDIAN PARASOL NATURAL,2009-12-01,2011-12-09,485,11459,1156,True
35961,FOLKART ZINC HEART CHRISTMAS DEC,2009-12-01,2011-12-08,372,11430,646,True
21314,SMALL GLASS HEART TRINKET POT,2009-12-01,2011-12-09,476,11426,1072,True
22027,TEA PARTY BIRTHDAY CARD,2009-12-01,2011-12-09,445,11297,847,True
21672,WHITE SPOT RED CERAMIC DRAWER KNOB,2009-12-01,2011-12-09,430,11120,827,True
22112,CHOCOLATE HOT WATER BOTTLE,2009-12-01,2011-12-09,438,11065,1745,True
84997D,PINK 3 PIECE MINI DOTS CUTLERY SET,2009-12-01,2011-12-09,492,11024,1186,True
21916,SET 12 RETRO WHITE CHALK STICKS,2009-12-01,2011-12-09,407,11011,725,True
22951,60 CAKE CASES DOLLY GIRL DESIGN,2010-09-19,2011-12-09,283,10993,643,True
23202,JUMBO BAG VINTAGE LEAF,2011-05-06,2011-12-09,184,10941,886,True
21390,FILIGRIS HEART WITH BUTTERFLY,2009-12-02,2011-12-08,347,10937,605,True
21506,"FANCY FONT BIRTHDAY CARD, ",2009-12-01,2011-12-09,387,10878,667,True
21385,IVORY HANGING DECORATION  HEART,2009-12-01,2011-12-08,382,10832,709,True
22666,RECIPE BOX PANTRY YELLOW DESIGN,2010-07-09,2011-12-09,414,10706,1671,True
22741,FUNKY DIVA PEN,2010-09-30,2011-12-09,194,10652,293,True
84029E,RED WOOLLY HOTTIE WHITE HEART.,2009-12-01,2011-12-09,333,10628,1163,True
22139,RETROSPOT TEA SET CERAMIC 11 PC ,2009-12-01,2011-12-09,529,10609,2103,True
21669,BLUE STRIPE CERAMIC DRAWER KNOB,2009-12-01,2011-12-09,411,10578,819,True
21136,PAINTED METAL PEARS ASSORTED,2009-12-01,2011-12-08,395,10496,747,True
20676,RED RETROSPOT BOWL,2009-12-01,2011-12-08,476,10475,972,True
84380,SET OF 3 BUTTERFLY COOKIE CUTTERS,2009-12-01,2011-12-09,469,10405,1123,True
23077,DOUGHNUT LIP GLOSS ,2011-03-24,2011-12-09,157,10395,344,True
16237,SLEEPING CAT ERASERS,2009-12-01,2011-12-09,337,10385,585,True
22557,PLASTERS IN TIN VINTAGE PAISLEY ,2010-03-25,2011-12-09,432,10369,1156,True
21668,RED STRIPE CERAMIC DRAWER KNOB,2009-12-01,2011-12-09,432,10357,833,True
22188,BLACK HEART CARD HOLDER,2009-12-14,2011-12-08,328,10353,567,True
22632,HAND WARMER RED RETROSPOT,2010-09-20,2011-12-09,151,10290,803,True
15034,PAPER POCKET TRAVELING FAN ,2009-12-01,2011-12-08,201,10153,256,True
22444,GROW YOUR OWN PLANT IN A CAN ,2010-03-23,2011-05-19,211,10132,454,True
48138,DOORMAT UNION FLAG,2009-12-15,2011-12-09,520,10077,1668,True
22530,MAGIC DRAWING SLATE DOLLY GIRL ,2010-03-28,2011-12-08,263,10065,474,True
21673,WHITE SPOT BLUE CERAMIC DRAWER KNOB,2009-12-01,2011-12-09,423,10050,768,True
22333,RETROSPOT PARTY BAG + STICKER SET,2009-12-01,2011-12-07,411,10030,702,True
21124,SET/10 BLUE SPOTTY PARTY CANDLES,2009-12-01,2011-12-09,389,10029,641,True
16161U,WRAP SUKI AND FRIENDS,2009-12-01,2011-12-02,242,10026,318,True
22662,LUNCH BAG DOLLY GIRL DESIGN,2010-07-19,2011-12-09,370,9951,1005,True
22652,TRAVEL SEWING KIT,2010-07-18,2011-11-15,324,9910,844,True
20973,12 PENCIL SMALL TUBE WOODLAND,2010-03-17,2011-12-09,296,9863,679,True
84050,PINK HEART SHAPE EGG FRYING PAN,2009-12-01,2011-11-01,358,9853,722,True
82484,WOOD BLACK BOARD ANT WHITE FINISH,2010-04-11,2011-12-09,438,9831,1177,True
22697,GREEN REGENCY TEACUP AND SAUCER,2010-08-11,2011-12-09,382,9795,1365,True
20685,DOORMAT RED RETROSPOT,2009-12-01,2011-12-09,536,9783,1728,True
22111,SCOTTIE DOG HOT WATER BOTTLE,2009-12-01,2011-12-09,407,9776,1727,True
22734,SET OF 6 RIBBONS VINTAGE CHRISTMAS,2010-09-16,2011-12-09,183,9772,774,True
22219,LOVEBIRD HANGING DECORATION WHITE ,2009-12-01,2011-12-09,515,9771,1170,True
84997B,RED 3 PIECE MINI DOTS CUTLERY SET,2009-12-01,2011-12-09,486,9771,1119,True
22130,PARTY CONE CHRISTMAS DECORATION ,2009-12-01,2011-12-08,193,9737,432,True
22296,HEART IVORY TRELLIS LARGE,2009-12-01,2011-12-08,404,9719,854,True
21174,POTTERING IN THE SHED METAL SIGN,2009-12-01,2011-12-09,504,9696,1146,True
21908,CHOCOLATE THIS WAY METAL SIGN,2009-12-01,2011-12-09,486,9678,983,True
47591D,PINK FAIRY CAKE CHILDRENS APRON,2009-12-01,2011-12-08,480,9643,1222,True
15056BL,EDWARDIAN PARASOL BLACK,2009-12-01,2011-12-09,443,9620,956,True
21671,RED SPOT CERAMIC DRAWER KNOB,2009-12-01,2011-12-09,393,9488,730,True
21238,RED RETROSPOT CUP,2009-12-01,2011-12-09,444,9477,913,True
22791,T-LIGHT GLASS FLUTED ANTIQUE,2010-10-22,2011-12-09,200,9458,435,True
22544,MINI JIGSAW SPACEBOY,2010-03-25,2011-12-09,237,9382,342,True
22759,SET OF 3 NOTEBOOKS IN PARCEL,2010-08-08,2011-11-30,312,9380,812,True
22138,BAKING SET 9 PIECE RETROSPOT ,2009-12-01,2011-12-09,514,9366,1926,True
22988,SOLDIERS EGG CUP ,2010-11-23,2011-12-09,187,9363,451,True
21165,BEWARE OF THE CAT METAL SIGN ,2009-12-01,2011-12-07,442,9360,984,True
22381,TOY TIDY PINK POLKADOT,2010-01-24,2011-12-09,469,9265,1111,True
22727,ALARM CLOCK BAKELIKE RED ,2010-09-24,2011-12-09,348,9234,1380,True
84997C,BLUE 3 PIECE MINI DOTS CUTLERY SET,2009-12-01,2011-12-09,480,9151,1041,True
21156,RETROSPOT CHILDRENS APRON,2009-12-01,2011-12-08,441,9137,935,True
22536,MAGIC DRAWING SLATE PURDEY,2010-03-28,2011-12-08,241,9091,374,True
21868,POTTING SHED TEA MUG,2009-12-01,2011-12-05,396,9075,888,True
22960,JAM MAKING SET WITH JARS,2010-11-28,2011-12-09,298,9019,1160,True
22158,3 HEARTS HANGING DECORATION RUSTIC,2009-12-03,2011-12-08,246,8985,732,True
22646,CERAMIC STRAWBERRY CAKE MONEY BANK,2010-05-14,2011-12-09,367,8913,892,True
21169,YOU'RE CONFUSING ME METAL SIGN ,2009-12-08,2011-12-09,361,8856,784,True
21670,BLUE SPOT CERAMIC DRAWER KNOB,2009-12-01,2011-12-09,433,8845,772,True
23301,GARDENERS KNEELING PAD KEEP CALM ,2011-05-15,2011-12-09,174,8807,920,True
22084,PAPER CHAIN KIT EMPIRE,2009-12-02,2011-12-08,328,8803,821,True
22621,TRADITIONAL KNITTING NANCY,2010-05-06,2011-12-09,339,8726,892,True
21509,COWBOYS AND INDIANS BIRTHDAY CARD ,2009-12-03,2011-12-09,365,8696,629,True
22907,PACK OF 20 NAPKINS PANTRY DESIGN,2010-09-16,2011-12-09,325,8686,853,True
22704,WRAP RED APPLES ,2010-05-27,2011-12-09,209,8678,295,True
10002,INFLATABLE POLITICAL GLOBE ,2009-12-01,2011-04-18,225,8671,367,True
22335,HEART DECORATION PAINTED ZINC ,2009-12-01,2011-12-08,314,8666,524,True
22065,CHRISTMAS PUDDING TRINKET POT ,2009-12-01,2011-12-09,202,8640,470,True
21989,PACK OF 20 SKULL PAPER NAPKINS,2009-12-01,2011-12-09,388,8552,662,True
22633,HAND WARMER UNION JACK,2010-10-07,2011-12-09,153,8541,900,True
21098,CHRISTMAS TOILET ROLL,2009-12-01,2011-12-09,197,8537,616,True
23232,WRAP VINTAGE LEAF DESIGN,2011-01-17,2011-12-08,154,8526,239,True
22440,BALLOON WATER BOMB PACK OF 35,2010-04-11,2011-12-06,210,8523,300,True
22087,PAPER BUNTING WHITE LACE,2009-12-01,2011-12-09,323,8475,865,True
23298,SPOTTY BUNTING,2011-05-04,2011-12-09,185,8466,1161,True
22295,HEART FILIGREE DOVE LARGE,2009-12-01,2011-12-08,345,8411,724,True
82581,TOILET METAL SIGN,2009-12-01,2011-12-09,466,8399,921,True
35970,ZINC FOLKART SLEIGH BELLS,2010-03-19,2011-12-09,230,8375,709,True
85150,LADIES & GENTLEMEN METAL SIGN,2009-12-01,2011-12-09,439,8361,1115,True
21900,"KEY FOB , SHED",2009-12-01,2011-12-09,429,8323,849,True
84988,SET OF 72 PINK HEART PAPER DOILIES,2009-12-01,2011-12-08,479,8305,1023,True
23309,SET OF 60 I LOVE LONDON CAKE CASES ,2011-06-02,2011-12-09,152,8275,422,True
22047,EMPIRE GIFT WRAP,2009-12-02,2011-12-05,200,8250,261,True
21559,STRAWBERRY LUNCH BOX WITH CUTLERY,2009-12-01,2011-12-09,494,8227,1240,True
21507,"ELEPHANT, BIRTHDAY CARD, ",2009-12-02,2011-12-09,356,8223,585,True
22966,GINGERBREAD MAN COOKIE CUTTER,2010-11-09,2011-12-09,238,8219,747,True
22661,CHARLOTTE BAG DOLLY GIRL DESIGN,2010-07-19,2011-12-08,308,8199,638,True
22698,PINK REGENCY TEACUP AND SAUCER,2010-08-11,2011-12-09,323,8193,1039,True
22620,4 TRADITIONAL SPINNING TOPS,2010-05-09,2011-12-09,357,8181,857,True
21481,FAWN BLUE HOT WATER BOTTLE,2009-12-01,2011-12-09,354,8174,1064,True
20979,36 PENCILS TUBE RED RETROSPOT,2009-12-01,2011-12-09,399,8156,711,True
84987,SET OF 36 TEATIME PAPER DOILIES,2009-12-01,2011-12-05,438,8138,816,True
22531,MAGIC DRAWING SLATE CIRCUS PARADE  ,2010-03-31,2011-12-08,258,8136,411,True
21154,RED RETROSPOT OVEN GLOVE ,2009-12-01,2011-12-09,457,8095,921,True
23076,ICE CREAM SUNDAE LIP GLOSS,2011-03-24,2011-12-09,150,8076,277,True
22367,CHILDRENS APRON SPACEBOY DESIGN,2010-01-10,2011-12-09,483,8059,1161,True
21917,SET 12 KIDS  WHITE CHALK STICKS,2009-12-01,2011-12-08,307,8010,471,True
23204,CHARLOTTE BAG APPLES DESIGN,2011-04-11,2011-12-09,186,7976,586,True
23230,WRAP ALPHABET DESIGN,2011-01-13,2011-12-08,152,7976,235,True
22464,HANGING METAL HEART LANTERN,2010-03-04,2011-12-09,409,7847,795,True
23207,LUNCH BAG ALPHABET DESIGN,2011-04-11,2011-12-09,196,7830,756,True
21988,PACK OF 6 SKULL PAPER PLATES,2009-12-06,2011-12-06,291,7829,424,True
21892,TRADITIONAL WOODEN CATCH CUP GAME ,2009-12-01,2011-12-09,393,7826,839,True
22150,3 STRIPEY MICE FELTCRAFT,2009-12-01,2011-12-09,439,7815,957,True
21936,RED RETROSPOT PICNIC BAG,2009-12-02,2011-12-09,429,7805,1052,True
22553,PLASTERS IN TIN SKULLS,2010-03-25,2011-12-09,418,7794,1108,True
20677,PINK POLKADOT BOWL,2009-12-01,2011-12-08,422,7774,769,True
48194,DOORMAT HEARTS,2009-12-01,2011-12-08,526,7726,1353,True
21172,PARTY METAL SIGN ,2009-12-01,2011-12-09,437,7685,987,True
22243,5 HOOK HANGER RED MAGIC TOADSTOOL,2009-12-13,2011-11-30,244,7678,395,True
22726,ALARM CLOCK BAKELIKE GREEN,2010-09-24,2011-12-09,308,7671,1285,True
21830,ASSORTED CREEPY CRAWLIES,2009-12-04,2011-11-23,194,7658,258,True
22945,CHRISTMAS METAL TAGS ASSORTED ,2010-09-19,2011-12-08,155,7641,346,True
21754,HOME BUILDING BLOCK WORD,2009-12-01,2011-12-09,572,7595,2087,True
21485,RETROSPOT HEART HOT WATER BOTTLE,2009-12-01,2011-12-09,397,7593,1411,True
21240,BLUE POLKADOT CUP,2009-12-01,2011-12-08,426,7581,772,True
84375,SET OF 20 KIDS COOKIE CUTTERS,2009-12-01,2011-12-09,388,7575,803,True
22041,"RECORD FRAME 7"" SINGLE SIZE ",2009-12-01,2011-12-09,316,7540,560,True
84520B,PACK 20 ENGLISH ROSE PAPER NAPKINS,2009-12-01,2011-03-03,302,7500,743,True
22771,CLEAR DRAWER KNOB ACRYLIC EDWARDIAN,2010-10-17,2011-12-08,269,7489,520,True
22720,SET OF 3 CAKE TINS PANTRY DESIGN ,2010-12-13,2011-12-09,262,7483,1392,True
82582,AREA PATROLLED METAL SIGN,2009-12-01,2011-12-09,421,7479,802,True
21786,POLKADOT RAIN HAT ,2009-12-01,2011-12-09,291,7471,461,True
22491,PACK OF 12 COLOURED PENCILS,2010-05-06,2011-12-09,253,7423,395,True
21239,PINK  POLKADOT CUP,2009-12-01,2011-12-09,413,7369,757,True
21519,GIN & TONIC DIET GREETING CARD ,2009-12-01,2011-12-08,352,7356,554,True
22273,FELTCRAFT DOLL MOLLY,2009-12-01,2011-12-09,405,7355,820,True
22198,LARGE POPCORN HOLDER ,2009-12-01,2011-02-21,273,7331,654,True
48187,DOORMAT NEW ENGLAND,2009-12-01,2011-12-09,491,7314,1284,True
22712,CARD DOLLY GIRL ,2010-05-28,2011-12-09,285,7295,509,True
23231,WRAP DOILEY DESIGN,2011-01-12,2011-12-08,166,7277,260,True
22082,RIBBON REEL STRIPES DESIGN ,2009-12-01,2011-12-07,435,7267,976,True
21078,SET/20 STRAWBERRY PAPER NAPKINS ,2009-12-02,2011-10-13,377,7211,755,True
22579,WOODEN TREE CHRISTMAS SCANDINAVIAN,2010-07-18,2011-11-28,162,7152,574,True
37370,RETRO COFFEE MUGS ASSORTED,2009-12-01,2011-11-22,273,7145,499,True
84406B,CREAM CUPID HEARTS COAT HANGER,2009-12-01,2011-12-05,410,7133,853,True
21935,SUKI  SHOULDER BAG,2009-12-01,2011-12-09,431,7127,922,True
22154,ANGEL DECORATION 3 BUTTONS ,2009-12-01,2011-12-09,163,7114,329,True
22352,LUNCH BOX WITH CUTLERY RETROSPOT ,2009-12-01,2011-12-09,477,7090,1122,True
22609,PENS ASSORTED SPACEBALL,2010-02-23,2011-12-08,150,7087,202,True
21242,RED RETROSPOT PLATE ,2009-12-01,2011-12-09,392,7085,658,True
23200,JUMBO BAG PEARS,2011-05-06,2011-12-09,180,7067,598,True
22037,ROBOT BIRTHDAY CARD,2009-12-01,2011-12-09,344,7054,635,True
21974,SET OF 36 PAISLEY FLOWER DOILIES,2009-12-02,2011-12-08,423,7046,810,True
22413,METAL SIGN TAKE IT OR LEAVE IT ,2010-01-29,2011-12-08,437,6976,888,True
21810,CHRISTMAS HANGING STAR WITH BELL,2009-12-02,2011-12-09,150,6959,360,True
82552,WASHROOM METAL SIGN,2009-12-02,2011-12-09,411,6955,800,True
21523,DOORMAT FANCY FONT HOME SWEET HOME,2009-12-01,2011-12-09,461,6916,1122,True
22488,NATURAL SLATE RECTANGLE CHALKBOARD,2010-03-05,2011-12-09,401,6905,811,True
21621,VINTAGE UNION JACK BUNTING,2009-12-01,2011-12-06,494,6900,1307,True
22834,HAND WARMER BABUSHKA DESIGN,2010-09-12,2011-12-09,190,6900,613,True
23170,REGENCY TEA PLATE ROSES ,2011-05-10,2011-12-09,158,6857,445,True
22816,CARD MOTORBIKE SANTA,2010-09-16,2011-12-09,164,6856,439,True
22419,LIPSTICK PEN RED,2010-05-07,2011-12-09,274,6847,519,True
84029G,KNITTED UNION FLAG HOT WATER BOTTLE,2009-12-01,2011-12-09,361,6830,1032,True
48185,DOORMAT FAIRY CAKE,2009-12-01,2011-12-08,460,6822,988,True
21875,KINGS CHOICE MUG,2009-12-01,2011-12-09,284,6818,416,True
23300,GARDENERS KNEELING PAD CUP OF TEA ,2011-05-15,2011-12-09,174,6809,766,True
84832,ZINC WILLIE WINKIE  CANDLE STICK,2009-12-01,2011-12-09,354,6794,641,True
21535,RED RETROSPOT SMALL MILK JUG,2009-12-01,2011-12-08,474,6776,1133,True
22161,HEART DECORATION RUSTIC HANGING ,2009-12-07,2011-12-09,290,6726,508,True
21508,VINTAGE KID DOLLY CARD ,2009-12-01,2011-12-09,337,6716,541,True
21313,GLASS HEART T-LIGHT HOLDER ,2009-12-01,2011-12-09,282,6711,417,True
22983,CARD BILLBOARD FONT,2010-09-14,2011-12-09,280,6695,552,True
21899,"KEY FOB , GARAGE DESIGN",2009-12-01,2011-12-08,377,6676,631,True
51014A,"FEATHER PEN,HOT PINK",2009-12-01,2011-12-09,241,6671,376,True
21155,RED RETROSPOT PEG BAG,2009-12-01,2011-12-09,423,6665,976,True
22064,PINK DOUGHNUT TRINKET POT ,2009-12-01,2011-12-09,388,6606,706,True
22196,SMALL HEART MEASURING SPOONS,2009-12-01,2011-12-09,454,6586,1006,True
85049A,TRADITIONAL CHRISTMAS RIBBONS,2009-12-01,2011-12-09,276,6585,731,True
85049E,SCANDINAVIAN REDS RIBBONS,2009-12-01,2011-12-09,396,6584,909,True
22549,PICTURE DOMINOES,2010-03-25,2011-12-09,347,6521,722,True
22437,SET OF 9 BLACK SKULL BALLOONS,2010-04-07,2011-12-09,298,6514,451,True
84971S,SMALL HEART FLOWERS HOOK ,2009-12-02,2011-12-09,317,6495,469,True
20675,BLUE POLKADOT BOWL,2009-12-01,2011-12-08,401,6465,698,True
21987,PACK OF 6 SKULL PAPER CUPS,2009-12-01,2011-12-09,288,6417,393,True
22602,CHRISTMAS RETROSPOT HEART WOOD,2010-07-16,2011-12-09,249,6383,549,True
22046,TEA PARTY  WRAPPING PAPER ,2009-12-02,2011-12-08,171,6375,208,True
21429,RED GINGHAM ROSE JEWELLERY BOX,2009-12-01,2011-12-08,384,6359,1014,True
23245,SET OF 3 REGENCY CAKE TINS,2011-06-08,2011-12-09,156,6345,876,True
22028,PENNY FARTHING BIRTHDAY CARD,2009-12-01,2011-12-09,321,6344,508,True
21811,HANGING HEART WITH BELL,2009-12-01,2011-11-23,210,6340,398,True
21700,BIG DOUGHNUT FRIDGE MAGNETS,2009-12-01,2011-12-07,309,6335,528,True
21874,GIN AND TONIC MUG,2009-12-02,2011-12-09,361,6332,617,True
22596,CHRISTMAS STAR WISH LIST CHALKBOARD,2010-07-16,2011-12-09,164,6331,445,True
20996,JAZZ HEARTS ADDRESS BOOK,2009-12-02,2011-12-08,228,6311,336,True
23208,LUNCH BAG VINTAGE LEAF DESIGN,2011-04-12,2011-12-09,190,6308,677,True
85061W,WHITE JEWELLED HEART DECORATION,2009-12-01,2011-12-08,317,6306,483,True
20717,STRAWBERRY SHOPPER BAG,2009-12-04,2011-12-09,432,6296,765,True
22818,CARD CHRISTMAS VILLAGE,2010-09-16,2011-12-09,163,6290,404,True
20983,12 PENCILS TALL TUBE RED RETROSPOT,2009-12-01,2011-12-09,370,6280,654,True
22631,CIRCUS PARADE LUNCH BOX ,2010-03-14,2011-12-09,326,6272,673,True
23171,REGENCY TEA PLATE GREEN ,2011-05-10,2011-12-09,154,6247,383,True
22152,PLACE SETTING WHITE STAR,2009-12-01,2011-12-05,174,6241,249,True
21833,CAMOUFLAGE LED TORCH,2009-12-01,2011-12-09,264,6239,445,True
84596B,SMALL DOLLY MIX DESIGN ORANGE BOWL,2009-12-01,2011-12-09,370,6231,740,True
21479,WHITE SKULL HOT WATER BOTTLE ,2009-12-01,2011-12-09,231,6219,947,True
22728,ALARM CLOCK BAKELIKE PINK,2010-09-24,2011-12-09,336,6215,980,True
85014B,RED RETROSPOT UMBRELLA,2009-12-01,2011-12-09,426,6194,935,True
21623,VINTAGE UNION JACK MEMOBOARD,2010-02-28,2011-12-08,309,6165,531,True
21901,"KEY FOB , BACK DOOR ",2009-12-01,2011-12-09,388,6158,707,True
22156,HEART DECORATION WITH PEARLS ,2009-12-01,2011-12-09,348,6156,594,True
22900, SET 2 TEA TOWELS I LOVE LONDON ,2010-09-24,2011-12-09,290,6156,742,True
20992,JAZZ HEARTS PURSE NOTEBOOK,2009-12-01,2011-12-08,274,6151,451,True
20679,EDWARDIAN PARASOL RED,2009-12-01,2011-12-09,385,6149,716,True
23308,SET OF 60 VINTAGE LEAF CAKE CASES ,2011-06-05,2011-12-09,150,6139,389,True
21843,RED RETROSPOT CAKE STAND,2009-12-01,2011-12-09,523,6128,1529,True
21983,PACK OF 12 BLUE PAISLEY TISSUES ,2009-12-02,2011-12-09,257,6118,327,True
22713,CARD I LOVE LONDON ,2010-05-27,2011-12-09,239,6084,370,True
21870,I CAN ONLY PLEASE ONE PERSON MUG,2009-12-01,2011-08-24,318,6083,634,True
21544,SKULLS  WATER TRANSFER TATTOOS ,2009-12-01,2011-12-09,320,6064,508,True
84950,ASSORTED COLOUR T-LIGHT HOLDER,2009-12-01,2011-12-08,216,6041,275,True
85199S,SMALL HANGING IVORY/RED WOOD BIRD,2009-12-01,2011-12-09,297,6022,498,True
22227,HANGING HEART MIRROR DECORATION ,2009-12-02,2011-12-09,387,6021,664,True
47566B,TEA TIME PARTY BUNTING,2009-12-01,2011-12-04,378,6013,881,True
21035,SET/2 RED RETROSPOT TEA TOWELS ,2009-12-01,2011-12-09,444,5994,936,True
21135,VICTORIAN  METAL POSTCARD SPRING,2009-12-02,2011-12-08,293,5985,416,True
21164,HOME SWEET HOME METAL SIGN ,2009-12-01,2011-12-08,402,5981,723,True
22722,SET OF 6 SPICE TINS PANTRY DESIGN,2010-11-11,2011-12-09,202,5972,848,True
47599A,PINK PARTY BAGS,2009-12-04,2011-12-02,268,5967,373,True
21746,SMALL RED RETROSPOT WINDMILL,2009-12-01,2011-11-29,301,5965,496,True
22563,HAPPY STENCIL CRAFT,2010-03-24,2011-12-08,303,5942,544,True
22155,STAR DECORATION RUSTIC,2009-12-01,2011-12-09,176,5925,355,True
21592,RETROSPOT CIGAR BOX MATCHES ,2009-12-01,2011-12-08,283,5876,487,True
20984,12 PENCILS TALL TUBE POSY,2009-12-01,2011-10-17,161,5867,251,True
22537,MAGIC DRAWING SLATE DINOSAUR,2010-03-29,2011-12-05,240,5861,359,True
23205,CHARLOTTE BAG VINTAGE ALPHABET ,2011-04-11,2011-12-09,176,5857,470,True
16235,RECYCLED PENCIL WITH RABBIT ERASER,2009-12-01,2011-12-09,220,5827,314,True
22528,GARDENERS KNEELING PAD,2010-03-26,2010-12-07,154,5824,559,True
22986,GINGHAM ROSE WRAP,2010-09-07,2011-12-08,151,5795,204,True
72351B,SET/6 PINK  BUTTERFLY T-LIGHTS,2009-12-03,2011-12-07,325,5785,506,True
22571,ROCKING HORSE RED CHRISTMAS ,2010-07-23,2011-12-09,192,5780,521,True
22663,JUMBO BAG DOLLY GIRL DESIGN,2010-07-19,2011-12-09,321,5764,691,True
22113,GREY HEART HOT WATER BOTTLE,2009-12-01,2011-12-09,265,5759,1026,True
47590B,PINK HAPPY BIRTHDAY BUNTING,2009-12-07,2011-12-09,425,5751,888,True
22614,PACK OF 12 SPACEBOY TISSUES,2010-05-06,2011-12-09,231,5726,373,True
22153,ANGEL DECORATION STARS ON DRESS,2009-12-01,2011-12-09,167,5705,293,True
21114,LAVENDER SCENTED FABRIC HEART,2009-12-01,2011-12-04,313,5666,505,True
21876,POTTERING MUG,2009-12-01,2011-12-09,354,5663,624,True
21749,LARGE RED RETROSPOT WINDMILL,2009-12-09,2011-11-29,202,5657,286,True
22539,MINI JIGSAW DOLLY GIRL,2010-03-26,2011-12-09,180,5654,249,True
21755,LOVE BUILDING BLOCK WORD,2009-12-01,2011-12-09,548,5643,1717,True
82551,LAUNDRY 15C METAL SIGN,2009-12-01,2011-12-08,415,5641,755,True
21243,PINK  POLKADOT PLATE ,2009-12-01,2011-12-08,320,5636,504,True
22570,FELTCRAFT CUSHION RABBIT,2010-03-10,2011-11-18,360,5631,810,True
22908,PACK OF 20 NAPKINS RED APPLES,2010-09-20,2011-12-09,264,5610,494,True
82578,KITCHEN METAL SIGN,2009-12-01,2011-12-08,403,5595,712,True
21878,PACK OF 6 SANDCASTLE FLAGS ASSORTED,2010-03-25,2011-12-08,237,5586,410,True
22567,20 DOLLY PEGS RETROSPOT,2010-03-26,2011-12-09,301,5561,510,True
22645,CERAMIC HEART FAIRY CAKE MONEY BANK,2010-05-14,2011-12-09,333,5560,747,True
22569,FELTCRAFT CUSHION BUTTERFLY,2010-03-10,2011-10-25,356,5521,793,True
22568,FELTCRAFT CUSHION OWL,2010-03-10,2011-12-07,392,5479,879,True
85178,VICTORIAN SEWING KIT,2009-12-01,2011-12-09,216,5478,319,True
22507,MEMO BOARD RETROSPOT  DESIGN,2010-03-11,2011-12-09,410,5455,902,True
22303,COFFEE MUG APPLES DESIGN,2009-12-01,2011-12-09,349,5439,541,True
22593,CHRISTMAS GINGHAM STAR,2010-07-16,2011-12-09,184,5420,417,True
22024,RAINY LADIES BIRTHDAY CARD,2009-12-01,2011-12-09,298,5391,439,True
21844,RED RETROSPOT MUG,2009-12-01,2011-12-06,330,5374,496,True
84997A,GREEN 3 PIECE MINI DOTS CUTLERY SET,2009-12-01,2011-12-09,369,5363,674,True
21902,"KEY FOB , FRONT  DOOR ",2009-12-01,2011-12-09,304,5359,490,True
22466,FAIRY TALE COTTAGE NIGHTLIGHT,2010-03-05,2011-12-09,245,5312,397,True
22835,HOT WATER BOTTLE I AM SO POORLY,2010-09-12,2011-12-09,269,5302,1018,True
22714,CARD BIRTHDAY COWBOY,2010-05-28,2011-12-09,244,5277,359,True
21186,WHITE DOVE HONEYCOMB PAPER GARLAND,2009-12-01,2010-12-14,190,5272,375,True
47559B,TEA TIME OVEN GLOVE,2009-12-08,2011-12-09,402,5270,755,True
22804,CANDLEHOLDER PINK HANGING HEART,2010-09-23,2011-12-08,296,5261,682,True
21218,RED SPOTTY BISCUIT TIN,2009-12-01,2011-12-09,438,5256,902,True
21524,DOORMAT SPOTTY HOME SWEET HOME,2009-12-01,2011-12-08,498,5255,1153,True
22601,CHRISTMAS RETROSPOT ANGEL WOOD,2010-07-18,2011-12-09,188,5250,422,True
22131,FOOD CONTAINER SET 3 LOVE HEART ,2009-12-01,2011-12-08,387,5243,711,True
22992,REVOLVER WOODEN RULER ,2011-02-17,2011-12-09,162,5233,356,True
22584,PACK OF 6 PANNETONE GIFT BOXES,2010-03-10,2011-12-08,316,5222,595,True
22716,CARD CIRCUS PARADE,2010-06-01,2011-12-09,278,5218,447,True
47556B,TEA TIME TEA TOWELS ,2009-12-01,2011-04-18,228,5205,456,True
22851,SET 20 NAPKINS FAIRY CAKES DESIGN ,2010-08-19,2011-12-07,283,5167,532,True
21907,I'M ON HOLIDAY METAL SIGN,2010-01-29,2011-12-07,406,5163,777,True
22329,ROUND CONTAINER SET OF 5 RETROSPOT,2010-01-10,2011-12-09,360,5159,613,True
22144,CHRISTMAS CRAFT LITTLE FRIENDS,2009-12-01,2011-12-09,171,5134,716,True
22195,LARGE HEART MEASURING SPOONS,2009-12-01,2011-12-09,393,5127,824,True
22174,PHOTO CUBE,2009-12-01,2011-12-09,306,5122,565,True
21381,MINI WOODEN HAPPY BIRTHDAY GARLAND,2009-12-03,2011-12-06,356,5104,543,True
84536A,ENGLISH ROSE NOTEBOOK A7 SIZE,2009-12-01,2011-12-08,381,5102,637,True
15039,SANDALWOOD FAN,2009-12-03,2011-12-09,222,5101,308,True
21069,VINTAGE BILLBOARD TEA MUG,2009-12-01,2011-08-17,209,5099,282,True
20754,RETROSPOT RED WASHING UP GLOVES,2009-12-01,2011-11-20,415,5094,858,True
21872,GLAMOROUS  MUG,2009-12-02,2011-12-09,239,5092,332,True
22574,HEART WOODEN CHRISTMAS DECORATION,2010-07-18,2011-12-09,175,5074,420,True
21244,BLUE POLKADOT PLATE ,2009-12-01,2011-12-06,299,5045,449,True
21380,WOODEN HAPPY BIRTHDAY GARLAND,2009-12-03,2011-12-02,379,5031,656,True
22079,RIBBON REEL HEARTS DESIGN ,2009-12-01,2011-12-07,381,5028,690,True
22173,METAL 4 HOOK HANGER FRENCH CHATEAU,2009-12-01,2011-12-09,414,5026,1006,True
22301,COFFEE MUG CAT + BIRD DESIGN,2009-12-01,2011-12-09,363,5009,645,True
22023,EMPIRE BIRTHDAY CARD,2009-12-01,2011-12-08,285,4975,431,True
15044A,PINK PAPER PARASOL ,2009-12-07,2011-12-05,189,4964,250,True
22380,TOY TIDY SPACEBOY  ,2010-01-22,2011-12-09,374,4964,690,True
22059,CERAMIC STRAWBERRY DESIGN MUG,2009-12-03,2011-12-09,307,4940,477,True
22302,COFFEE MUG PEARS  DESIGN,2009-12-01,2011-12-09,269,4926,399,True
22055,MINI CAKE STAND  HANGING STRAWBERY,2009-12-01,2011-12-08,363,4925,747,True
22435,SET OF 9 HEART SHAPED BALLOONS,2010-04-08,2011-12-07,319,4915,547,True
21504,SKULLS GREETING CARD,2009-12-02,2011-12-07,230,4913,330,True
22573,STAR WOODEN CHRISTMAS DECORATION,2010-07-18,2011-12-09,172,4907,409,True
22694,WICKER STAR ,2010-07-29,2011-12-09,274,4893,870,True
82483,WOOD 2 DRAWER CABINET WHITE FINISH,2009-12-01,2011-12-08,451,4878,1132,True
48188,DOORMAT WELCOME PUPPIES,2009-12-01,2011-12-06,388,4872,698,True
21679,SKULLS  STICKERS,2009-12-01,2011-12-07,255,4871,371,True
22271,FELTCRAFT DOLL ROSIE,2009-12-01,2011-11-25,395,4866,794,True
22600,CHRISTMAS RETROSPOT STAR WOOD,2010-07-16,2011-12-09,185,4860,436,True
22644,CERAMIC CHERRY CAKE MONEY BANK,2010-05-14,2011-12-09,311,4857,614,True
20982,12 PENCILS TALL TUBE SKULLS,2009-12-01,2011-12-09,324,4851,585,True
22667,RECIPE BOX RETROSPOT ,2010-07-09,2011-12-09,322,4845,858,True
11001,ASSTD DESIGN RACING CAR PEN,2009-12-01,2011-12-06,192,4829,256,True
20829,GLITTER HANGING BUTTERFLY STRING,2009-12-01,2011-12-08,317,4820,491,True
22996,TRAVEL CARD WALLET VINTAGE TICKET,2011-02-17,2011-12-09,191,4801,415,True
23243,SET OF TEA COFFEE SUGAR TINS PANTRY,2011-06-08,2011-12-09,150,4800,471,True
22855,FINE WICKER HEART ,2010-09-15,2011-08-30,179,4795,433,True
22594,CHRISTMAS GINGHAM TREE,2010-07-18,2011-12-09,180,4791,413,True
22460,EMBOSSED GLASS TEALIGHT HOLDER,2010-03-08,2011-12-09,252,4771,378,True
71053,WHITE METAL LANTERN,2009-12-01,2011-12-09,389,4769,744,True
21067,VINTAGE RED TEATIME MUG,2009-12-01,2011-10-04,194,4763,267,True
22244,3 HOOK HANGER MAGIC GARDEN,2009-12-09,2011-09-28,264,4760,432,True
22242,"HOOK, 5 HANGER , MAGIC TOADSTOOL",2009-12-10,2011-02-16,217,4756,371,True
47590A,BLUE HAPPY BIRTHDAY BUNTING,2009-12-02,2011-12-06,353,4753,691,True
84596F,SMALL MARSHMALLOWS PINK BOWL,2009-12-01,2011-12-09,350,4739,623,True
22493,PAINT YOUR OWN CANVAS SET,2010-05-07,2011-12-08,260,4738,431,True
82486,WOOD S/3 CABINET ANT WHITE FINISH,2009-12-01,2011-12-09,503,4728,1288,True
22421,LIPSTICK PEN FUSCHIA,2010-05-06,2011-12-09,252,4721,416,True
20981,12 PENCILS TALL TUBE WOODLAND,2009-12-01,2011-12-09,323,4718,515,True
23321,SMALL WHITE HEART OF WICKER,2011-06-09,2011-12-08,152,4716,644,True
48184,DOORMAT ENGLISH ROSE ,2009-12-01,2011-12-08,419,4715,851,True
85014A,BLACK/BLUE POLKADOT UMBRELLA,2009-12-01,2011-12-06,386,4656,714,True
22245,"HOOK, 1 HANGER ,MAGIC GARDEN",2009-12-09,2011-09-01,257,4633,418,True
21430,SET/3 RED GINGHAM ROSE STORAGE BOX,2009-12-01,2011-12-09,352,4621,817,True
22597,MUSICAL ZINC HEART DECORATION ,2010-07-25,2011-12-09,156,4613,297,True
21934,SKULL SHOULDER BAG,2009-12-01,2011-12-09,397,4597,727,True
21033,JUMBO BAG CHARLIE AND LOLA TOYS,2009-12-01,2011-09-08,296,4590,573,True
21484,CHICK GREY HOT WATER BOTTLE,2009-12-01,2011-12-09,336,4584,875,True
22564,ALPHABET STENCIL CRAFT,2010-03-24,2011-12-08,223,4570,344,True
37448,CERAMIC CAKE DESIGN SPOTTED MUG,2009-12-01,2011-12-08,308,4549,544,True
22533,MAGIC DRAWING SLATE BAKE A CAKE ,2010-03-28,2011-12-08,171,4519,236,True
22465,HANGING METAL STAR LANTERN,2010-03-04,2011-12-09,273,4517,474,True
22637,PIGGY BANK RETROSPOT ,2010-05-20,2011-11-27,322,4478,599,True
21803,CHRISTMAS TREE STAR DECORATION,2009-12-02,2011-12-09,185,4463,323,True
22535,MAGIC DRAWING SLATE BUNNIES ,2010-03-25,2011-12-02,209,4454,301,True
22738,RIBBON REEL SNOWY VILLAGE,2010-09-16,2011-12-09,173,4447,500,True
70006,LOVE HEART POCKET WARMER,2009-12-01,2011-12-08,160,4438,296,True
22670,FRENCH WC SIGN BLUE METAL,2010-08-17,2011-12-09,248,4432,432,True
20828,GLITTER BUTTERFLY CLIPS,2009-12-01,2011-12-08,366,4423,624,True
22456,NATURAL SLATE CHALKBOARD LARGE ,2010-03-04,2011-12-09,392,4416,837,True
21642,ASSORTED TUTTI FRUTTI PEN,2009-12-01,2011-12-09,180,4413,261,True
22088,PAPER BUNTING COLOURED LACE,2009-12-01,2011-07-06,319,4399,626,True
21802,CHRISTMAS TREE HEART DECORATION,2009-12-02,2011-11-21,188,4377,325,True
22772,PINK DRAWER KNOB ACRYLIC EDWARDIAN,2010-10-17,2011-12-08,205,4377,316,True
22766,PHOTO FRAME CORNICE,2010-10-10,2011-12-08,288,4367,645,True
22962,JAM JAR WITH PINK LID,2010-11-28,2011-12-09,195,4366,355,True
21215,IVORY PAPER CUP CAKE CASES ,2009-12-04,2011-12-08,232,4349,295,True
22241,GARLAND WOODEN HAPPY EASTER,2009-12-01,2011-11-23,201,4349,479,True
22970,LONDON BUS COFFEE MUG,2010-12-15,2011-12-08,174,4334,319,True
21179,NO JUNK MAIL METAL SIGN,2009-12-01,2011-09-12,280,4284,514,True
21714,CITRONELLA CANDLE GARDEN POT,2009-12-07,2011-12-09,279,4283,526,True
21071,VINTAGE BILLBOARD DRINK ME MUG,2009-12-01,2011-10-31,288,4269,477,True
51014C,"FEATHER PEN,COAL BLACK",2009-12-01,2011-12-08,204,4269,267,True
22617,BAKING SET SPACEBOY DESIGN,2010-03-14,2011-12-09,397,4251,948,True
48111,DOORMAT 3 SMILEY CATS,2009-12-01,2011-12-09,377,4248,721,True
22398,MAGNETS PACK OF 4 SWALLOWS,2010-03-26,2011-12-09,264,4239,438,True
10135,COLOURING PENCILS BROWN TUBE,2009-12-01,2011-12-08,228,4226,327,True
22436,12 COLOURED PARTY BALLOONS,2010-04-07,2011-12-07,207,4215,294,True
21558,SKULL LUNCH BOX WITH CUTLERY ,2009-12-01,2011-12-09,377,4207,776,True
21818,GLITTER CHRISTMAS HEART ,2009-12-01,2011-12-07,169,4196,310,True
23240,SET OF 4 KNICK KNACK TINS DOILY ,2011-06-07,2011-12-09,154,4177,546,True
22332,SKULLS PARTY BAG + STICKER SET,2009-12-03,2011-12-05,279,4158,385,True
48173C,DOORMAT BLACK FLOCK ,2009-12-01,2011-12-08,323,4147,538,True
22603,CHRISTMAS RETROSPOT TREE WOOD,2010-07-16,2011-12-08,171,4143,396,True
22748,POPPY'S PLAYHOUSE KITCHEN,2010-09-24,2011-12-09,277,4142,752,True
20978,36 PENCILS TUBE SKULLS,2009-12-01,2011-12-09,330,4117,565,True
21933,PINK VINTAGE PAISLEY PICNIC BAG,2009-12-02,2011-12-08,317,4116,632,True
22300,COFFEE MUG DOG + BALL DESIGN,2009-12-01,2011-12-09,324,4116,530,True
21937,STRAWBERRY   PICNIC BAG,2009-12-02,2011-12-04,289,4100,661,True
22979,PANTRY WASHING UP BRUSH,2011-03-02,2011-12-09,189,4090,383,True
22035,VINTAGE CARAVAN GREETING CARD ,2009-12-01,2011-10-31,254,4083,361,True
21531,RED RETROSPOT SUGAR JAM BOWL,2009-12-01,2011-12-07,413,4073,783,True
21068,VINTAGE BILLBOARD LOVE/HATE MUG,2009-12-01,2011-12-08,252,4066,376,True
22399,MAGNETS PACK OF 4 CHILDHOOD MEMORY,2010-03-26,2011-12-02,201,4040,278,True
21718,RED METAL BEACH SPADE ,2009-12-14,2011-12-09,292,4030,470,True
22026,BANQUET BIRTHDAY  CARD  ,2009-12-01,2011-12-09,266,4029,366,True
22212,FOUR HOOK  WHITE LOVEBIRDS,2009-12-01,2011-12-09,445,4024,840,True
22739,RIBBON REEL CHRISTMAS SOCK BAUBLE,2010-09-16,2011-12-08,189,4021,607,True
22619,SET OF 6 SOLDIER SKITTLES,2010-05-07,2011-12-09,326,4008,716,True
21034,REX CASH+CARRY JUMBO SHOPPER,2009-12-01,2011-12-08,547,4002,1996,True
22078,RIBBON REEL LACE DESIGN ,2009-12-02,2011-12-09,317,3984,487,True
21591,COSY HOUR CIGAR BOX MATCHES ,2009-12-01,2011-12-09,190,3978,380,True
22562,MONSTERS STENCIL CRAFT,2010-03-24,2011-12-08,243,3978,396,True
22745,POPPY'S PLAYHOUSE BEDROOM ,2010-09-24,2011-12-09,262,3976,712,True
22025,RING OF ROSES BIRTHDAY CARD,2009-12-01,2011-12-09,220,3970,289,True
22813,PACK 3 BOXES BIRD PANNETONE ,2010-09-16,2011-12-09,204,3945,378,True
85049G,CHOCOLATE BOX RIBBONS ,2009-12-01,2011-12-09,334,3944,576,True
22754,SMALL RED BABUSHKA NOTEBOOK ,2010-08-08,2011-12-09,236,3924,497,True
22128,PARTY CONES CANDY ASSORTED,2009-12-01,2011-11-18,157,3923,197,True
21955,DOORMAT UNION JACK GUNS AND ROSES,2009-12-01,2011-12-09,372,3911,734,True
22185,SLATE TILE NATURAL HANGING,2009-12-01,2011-12-09,293,3896,466,True
22439,6 ROCKET BALLOONS ,2010-04-08,2011-12-08,249,3891,370,True
22080,RIBBON REEL SPOTS DESIGN ,2009-12-01,2011-12-09,293,3887,524,True
22991,GIRAFFE WOODEN RULER,2011-02-17,2011-12-09,159,3887,279,True
85062,PEARL CRYSTAL PUMPKIN T-LIGHT HLDR,2009-12-10,2011-12-07,257,3886,346,True
21216,"SET 3 RETROSPOT TEA,COFFEE,SUGAR",2009-12-01,2011-12-09,405,3884,809,True
21932,SCANDINAVIAN PAISLEY PICNIC BAG,2009-12-02,2011-12-09,329,3871,653,True
10133,COLOURING PENCILS BROWN TUBE,2009-12-01,2011-09-07,188,3837,289,True
21494,ROTATING LEAVES T-LIGHT HOLDER,2009-12-01,2011-12-09,264,3833,507,True
20977,36 PENCILS TUBE WOODLAND,2009-12-01,2011-11-07,303,3792,489,True
22755,SMALL PURPLE BABUSHKA NOTEBOOK ,2010-08-06,2011-12-09,242,3776,507,True
22274,FELTCRAFT DOLL EMILY,2009-12-01,2011-12-08,355,3773,661,True
22505,MEMO BOARD COTTAGE DESIGN,2010-03-10,2011-12-09,381,3773,751,True
22732,3D VINTAGE CHRISTMAS STICKERS ,2010-09-15,2011-12-07,158,3773,342,True
21584,RETROSPOT SMALL TUBE MATCHES,2009-12-01,2011-12-07,238,3769,369,True
22502,PICNIC BASKET WICKER SMALL,2010-05-23,2011-09-25,307,3766,931,True
72351A,SET/6 TURQUOISE BUTTERFLY T-LIGHTS,2009-12-02,2011-12-08,306,3765,431,True
22749,FELTCRAFT PRINCESS CHARLOTTE DOLL,2010-09-08,2011-12-09,286,3759,696,True
22378,WALL TIDY RETROSPOT ,2010-01-25,2011-12-09,329,3749,547,True
23182,TOILET SIGN OCCUPIED OR VACANT,2011-03-01,2011-12-09,189,3741,437,True
21912,VINTAGE SNAKES & LADDERS,2009-12-01,2011-12-09,412,3734,830,True
22615,PACK OF 12 CIRCUS PARADE TISSUES ,2010-05-06,2011-12-09,154,3718,189,True
21716,BOYS VINTAGE TIN SEASIDE BUCKET,2009-12-13,2011-12-09,301,3709,499,True
22730,ALARM CLOCK BAKELIKE IVORY,2010-09-24,2011-12-09,294,3702,749,True
21622,VINTAGE UNION JACK CUSHION COVER,2009-12-01,2011-12-07,305,3699,632,True
22963,JAM JAR WITH GREEN LID,2010-07-23,2011-12-09,184,3696,322,True
37446,MINI CAKE STAND WITH HANGING CAKES,2009-12-01,2011-12-06,240,3691,415,True
20750,RED RETROSPOT MINI CASES,2009-12-01,2011-12-09,448,3688,914,True
22938,CUPCAKE LACE PAPER SET 6,2010-09-20,2011-12-08,183,3687,275,True
22331,WOODLAND PARTY BAG + STICKER SET,2009-12-02,2011-12-09,302,3660,441,True
22775,PURPLE DRAWERKNOB ACRYLIC EDWARDIAN,2010-10-17,2011-12-08,197,3633,291,True
22377,BOTTLE BAG RETROSPOT ,2010-01-26,2011-12-08,276,3618,436,True
21207,SKULL AND CROSSBONES  GARLAND ,2009-12-03,2011-12-05,222,3601,283,True
22668,PINK BABY BUNTING,2010-07-07,2011-12-08,302,3587,579,True
22499,WOODEN UNION JACK BUNTING,2010-02-02,2011-12-07,358,3584,778,True
22581,WOOD STOCKING CHRISTMAS SCANDISPOT,2010-07-18,2011-12-09,162,3565,390,True
22094,RED RETROSPOT TISSUE BOX,2009-12-02,2011-12-08,238,3557,342,True
21715,GIRLS VINTAGE TIN SEASIDE BUCKET,2009-12-13,2011-12-08,304,3553,491,True
22432,WATERING CAN PINK BUNNY,2010-02-18,2011-12-08,300,3532,519,True
20961,STRAWBERRY BATH SPONGE ,2009-12-01,2011-12-09,310,3530,518,True
22548,HEADS AND TAILS SPORTING FUN,2010-03-25,2011-11-13,254,3526,440,True
21888,BINGO SET,2009-12-01,2011-12-05,392,3520,827,True
22892,SET OF SALT AND PEPPER TOADSTOOLS,2010-10-15,2011-11-22,175,3520,295,True
23192,BUNDLE OF 3 ALPHABET EXERCISE BOOKS,2011-05-10,2011-12-08,152,3516,351,True
21260,FIRST AID TIN,2009-12-01,2011-12-08,323,3512,538,True
84536B,FAIRY CAKES NOTEBOOK A7 SIZE,2009-12-01,2011-12-06,274,3512,407,True
22089,PAPER BUNTING VINTAGE PAISLEY,2009-12-01,2011-12-05,338,3506,561,True
47599B,BLUE PARTY BAGS ,2010-01-11,2011-12-02,230,3492,289,True
22940,FELTCRAFT CHRISTMAS FAIRY,2010-09-06,2011-12-09,194,3491,598,True
21890,S/6 WOODEN SKITTLES IN COTTON BAG,2009-12-01,2011-12-09,321,3489,554,True
22792,FLUTED ANTIQUE CANDLE HOLDER,2010-10-22,2011-12-08,165,3489,262,True
22920,HERB MARKER BASIL,2010-11-21,2011-12-08,153,3478,254,True
46000S,POLYESTER FILLER PAD 40x40cm,2009-12-01,2011-12-08,265,3471,380,True
22341,LOVE GARLAND PAINTED ZINC ,2009-12-02,2011-12-08,190,3467,242,True
22904,CALENDAR PAPER CUT DESIGN,2010-09-19,2011-11-17,227,3467,467,True
20963,APPLE BATH SPONGE,2009-12-01,2011-12-09,303,3459,515,True
22752,SET 7 BABUSHKA NESTING BOXES,2010-08-06,2011-12-08,289,3459,700,True
85199L,LARGE HANGING IVORY & RED WOOD BIRD,2009-12-01,2011-12-08,207,3455,275,True
21355,TOAST ITS - I LOVE YOU ,2009-12-01,2011-12-09,201,3452,346,True
48116,DOORMAT MULTICOLOUR STRIPE,2009-12-01,2011-12-08,298,3452,496,True
21590,KINGS CHOICE CIGAR BOX MATCHES ,2009-12-01,2010-11-10,169,3448,295,True
51014L,"FEATHER PEN,LIGHT PINK",2009-12-04,2011-12-09,177,3445,227,True
85227,SET OF 6 3D KIT CARDS FOR KIDS,2009-12-01,2011-12-09,273,3440,454,True
22572,ROCKING HORSE GREEN CHRISTMAS ,2010-07-22,2011-11-29,163,3439,373,True
21903,MAN FLU METAL SIGN,2009-12-03,2011-12-08,293,3436,407,True
22066,LOVE HEART TRINKET POT,2009-12-04,2011-12-06,206,3435,280,True
22815,CARD PSYCHEDELIC APPLES,2010-09-16,2011-12-09,216,3433,340,True
22402,MAGNETS PACK OF 4 VINTAGE COLLAGE,2010-03-26,2011-12-08,183,3431,254,True
20674,GREEN POLKADOT BOWL,2009-12-01,2011-12-08,330,3412,466,True
21801,CHRISTMAS TREE DECORATION WITH BELL,2009-12-02,2011-10-30,154,3398,259,True
22817,CARD SUKI BIRTHDAY,2010-09-16,2011-12-09,212,3392,355,True
21788,KIDS RAIN MAC BLUE,2009-12-01,2011-12-06,173,3375,213,True
22906,12 MESSAGE CARDS WITH ENVELOPES,2010-09-19,2011-12-09,219,3370,465,True
22431,WATERING CAN BLUE ELEPHANT,2010-02-22,2011-12-08,337,3365,623,True
21588,RETROSPOT GIANT TUBE MATCHES,2009-12-01,2011-12-08,199,3351,289,True
22819,"BIRTHDAY CARD, RETRO SPOT",2010-09-20,2011-12-09,203,3351,331,True
22984,CARD GINGHAM ROSE ,2010-09-12,2011-12-09,159,3349,214,True
21527,RED RETROSPOT TRADITIONAL TEAPOT ,2009-12-01,2011-05-15,320,3345,839,True
22132,RED LOVE HEART SHAPE CUP,2009-12-01,2011-12-08,262,3345,389,True
21533,RETRO SPOT LARGE MILK JUG,2009-12-01,2011-12-09,467,3343,962,True
21832,CHOCOLATE CALCULATOR,2009-12-01,2011-12-09,264,3338,464,True
22109,FULL ENGLISH BREAKFAST PLATE,2009-12-01,2011-12-09,338,3338,649,True
21992,VINTAGE PAISLEY STATIONERY SET,2009-12-02,2011-11-15,347,3320,662,True
84032B,CHARLIE + LOLA RED HOT WATER BOTTLE,2009-12-01,2011-12-09,274,3285,604,True
22737,RIBBON REEL CHRISTMAS PRESENT ,2010-09-16,2011-12-08,174,3266,503,True
20969,RED FLORAL FELTCRAFT SHOULDER BAG,2009-12-01,2011-12-08,344,3237,615,True
84032A,CHARLIE+LOLA PINK HOT WATER BOTTLE,2009-12-01,2011-12-09,299,3234,666,True
22427,ENAMEL FLOWER JUG CREAM,2010-05-14,2011-11-28,313,3210,802,True
21650,ASSORTED TUTTI FRUTTI BRACELET,2009-12-01,2011-12-09,150,3204,207,True
22291,"SPRING DEC , HANGING CHICK CREAM",2009-12-03,2011-11-25,160,3193,269,True
22091,EMPIRE TISSUE BOX,2009-12-01,2011-12-09,228,3179,324,True
22651,GENTLEMAN SHIRT REPAIR KIT ,2010-07-20,2011-12-09,178,3175,272,True
23000,TRAVEL CARD WALLET TRANSPORT,2011-02-16,2011-12-09,166,3169,279,True
22898,CHILDRENS APRON APPLES DESIGN,2010-09-26,2011-12-09,259,3168,473,True
22624,IVORY KITCHEN SCALES,2010-05-04,2011-12-09,410,3152,1221,True
22171,3 HOOK PHOTO SHELF ANTIQUE WHITE,2009-12-01,2011-12-09,382,3141,661,True
22576,SWALLOW WOODEN CHRISTMAS DECORATION,2010-07-18,2011-12-09,157,3132,347,True
48129,DOORMAT TOPIARY,2009-12-01,2011-12-08,349,3127,546,True
22750,FELTCRAFT PRINCESS LOLA DOLL,2010-09-06,2011-12-08,269,3125,652,True
22575,METAL MERRY CHRISTMAS WREATH,2010-07-18,2011-12-05,153,3113,343,True
21090,SET/6 COLLAGE PAPER PLATES,2009-12-16,2011-12-07,194,3107,279,True
22207,FRYING PAN UNION FLAG,2009-12-01,2011-12-09,296,3103,480,True
85066,CREAM SWEETHEART MINI CHEST,2009-12-01,2011-12-09,456,3091,938,True
85232B,SET/3 RUSSIAN DOLL STACKING TINS,2009-12-01,2011-02-11,254,3086,565,True
22075,6 RIBBONS ELEGANT CHRISTMAS ,2009-12-01,2011-12-09,199,3079,363,True
20682,RED RETROSPOT CHILDRENS UMBRELLA,2009-12-01,2011-12-08,349,3068,593,True
22327,ROUND SNACK BOXES SET OF 4 SKULLS,2010-01-10,2011-12-09,375,3065,660,True
20749,ASSORTED COLOUR MINI CASES,2009-12-01,2011-12-09,410,3062,770,True
35004C,SET OF 3 COLOURED  FLYING DUCKS,2009-12-01,2011-03-07,218,3062,380,True
22057,CERAMIC PLATE STRAWBERRY DESIGN,2009-12-03,2011-12-08,182,3060,260,True
22613,PACK OF 20 SPACEBOY NAPKINS,2010-05-06,2011-12-09,203,3051,280,True
82001S,VINYL RECORD FRAME SILVER,2009-12-01,2011-12-09,189,3051,261,True
22353,LUNCH BOX WITH CUTLERY FAIRY CAKES ,2009-12-01,2011-05-08,225,3039,498,True
22653,BUTTON BOX ,2010-07-19,2011-12-09,230,3031,384,True
20966,SANDWICH BATH SPONGE,2009-12-01,2011-08-24,235,3007,424,True
22729,ALARM CLOCK BAKELIKE ORANGE,2010-09-24,2011-12-04,281,2999,620,True
21770,OPEN CLOSED METAL SIGN,2009-12-01,2011-12-08,290,2991,652,True
85049C,ROMANTIC PINKS RIBBONS ,2009-12-01,2011-12-09,339,2982,510,True
22095,LADS ONLY TISSUE BOX,2009-12-02,2011-12-09,185,2978,292,True
21561,DINOSAUR LUNCH BOX WITH CUTLERY,2009-12-01,2011-12-08,337,2969,525,True
22665,RECIPE BOX BLUE SKETCHBOOK DESIGN,2010-07-11,2011-11-25,302,2955,707,True
22622,BOX OF VINTAGE ALPHABET BLOCKS,2010-05-07,2011-12-09,300,2945,574,True
21648,ASSORTED TUTTI FRUTTI SMALL PURSE,2009-12-01,2011-12-09,165,2940,233,True
21084,SET/6 COLLAGE PAPER CUPS,2009-12-06,2011-12-07,157,2929,227,True
21789,KIDS RAIN MAC PINK,2009-12-01,2011-12-02,178,2920,221,True
22746,POPPY'S PLAYHOUSE LIVINGROOM ,2010-09-24,2011-12-08,247,2910,571,True
85015,SET OF 12  VINTAGE POSTCARD SET,2009-12-01,2011-12-08,197,2908,254,True
21217,RED RETROSPOT ROUND CAKE TINS,2009-12-01,2011-12-09,447,2904,930,True
37447,CERAMIC CAKE DESIGN SPOTTED PLATE,2009-12-01,2011-12-08,253,2891,366,True
22115,METAL SIGN EMPIRE TEA,2009-12-01,2011-12-08,318,2889,503,True
21428,SET3 BOOK BOX GREEN GINGHAM FLOWER ,2009-12-01,2011-12-06,292,2883,466,True
22508,DOORSTOP RETROSPOT HEART,2010-03-11,2011-12-08,366,2880,704,True
22098,BOUDOIR SQUARE TISSUE BOX,2009-12-03,2011-12-08,225,2865,319,True
21680,WOODLAND  STICKERS,2009-12-01,2011-12-09,198,2858,269,True
22672,FRENCH BATHROOM SIGN BLUE METAL,2010-08-17,2011-12-08,222,2850,376,True
21993,FLORAL FOLK STATIONERY SET,2009-12-01,2011-12-09,313,2849,580,True
22588,CARD HOLDER GINGHAM HEART,2010-07-16,2011-12-08,225,2849,490,True
22895,SET OF 2 TEA TOWELS APPLE AND PEARS,2010-09-24,2011-12-09,236,2847,415,True
22350,ILLUSTRATED CAT BOWL ,2009-12-01,2011-12-08,244,2840,334,True
20751,FUNKY WASHING UP GLOVES ASSORTED,2009-12-01,2011-12-04,314,2839,494,True
22566,FELTCRAFT HAIRBAND PINK AND PURPLE,2010-03-10,2011-12-09,208,2836,302,True
22989,SET 2 PANTRY DESIGN TEA TOWELS,2011-02-03,2011-12-09,191,2811,378,True
21163,DO NOT TOUCH MY STUFF DOOR HANGER ,2009-12-02,2011-10-28,189,2800,264,True
21563,RED HEART SHAPE LOVE BUCKET ,2009-12-02,2011-12-09,265,2786,365,True
22292,HANGING CHICK  YELLOW DECORATION,2009-12-03,2011-11-25,159,2779,227,True
22433,WATERING CAN GREEN DINOSAUR,2010-02-18,2011-12-08,264,2778,425,True
85038,6 CHOCOLATE LOVE HEART T-LIGHTS,2009-12-01,2011-12-09,244,2778,394,True
21447,12 IVORY ROSE PEG PLACE SETTINGS,2009-12-03,2011-09-21,248,2776,341,True
22899,CHILDREN'S APRON DOLLY GIRL ,2010-09-26,2011-12-09,243,2773,424,True
22478,BIRDHOUSE GARDEN MARKER ,2010-03-05,2011-12-09,221,2772,317,True
17084N,FAIRY DREAMS INCENSE ,2009-12-02,2011-12-09,156,2768,187,True
23173,REGENCY TEAPOT ROSES ,2011-05-10,2011-12-09,162,2766,421,True
22494,EMERGENCY FIRST AID TIN ,2010-01-29,2011-12-08,316,2765,471,True
22964,3 PIECE SPACEBOY COOKIE CUTTER SET,2010-11-21,2011-12-09,212,2761,412,True
21123,SET/10 IVORY POLKADOT PARTY CANDLES,2009-12-03,2011-12-09,194,2751,256,True
85176,SEWING SUSAN 21 NEEDLE SET,2009-12-01,2011-12-08,228,2748,306,True
22422,TOOTHPASTE TUBE PEN,2010-05-07,2011-12-09,227,2743,359,True
21201,TROPICAL  HONEYCOMB PAPER GARLAND ,2009-12-01,2011-12-09,193,2741,242,True
21713,CITRONELLA CANDLE FLOWERPOT,2009-12-08,2011-12-06,245,2733,396,True
22814,CARD PARTY GAMES ,2010-09-21,2011-12-09,195,2728,295,True
21539,RED RETROSPOT BUTTER DISH,2009-12-01,2011-11-01,393,2723,717,True
22715,CARD WEDDING DAY,2010-06-01,2011-11-27,164,2717,218,True
22285,"DECORATION HEN ON NEST, HANGING",2009-12-06,2011-12-05,184,2705,269,True
21745,GAOLERS KEYS DECORATIVE GARDEN ,2009-12-01,2011-12-07,323,2699,492,True
22757,LARGE RED BABUSHKA NOTEBOOK ,2010-08-08,2011-12-09,173,2696,313,True
84535B,FAIRY CAKES NOTEBOOK A6 SIZE,2009-12-01,2011-12-08,248,2686,333,True
85042,ANTIQUE LILY FAIRY LIGHTS,2009-12-01,2010-11-16,170,2685,296,True
85048,15CM CHRISTMAS GLASS BALL 20 LIGHTS,2009-12-01,2011-12-09,197,2685,522,True
21041,RED RETROSPOT OVEN GLOVE DOUBLE,2009-12-01,2011-11-23,276,2666,530,True
47504K,ENGLISH ROSE GARDEN SECATEURS,2009-12-01,2011-11-09,224,2654,317,True
16236,KITTY PENCIL ERASERS,2009-12-02,2011-12-08,197,2652,265,True
22358,KINGS CHOICE TEA CADDY ,2010-01-06,2011-12-09,351,2651,610,True
22441,GROW YOUR OWN BASIL IN ENAMEL MUG,2010-03-23,2011-12-09,276,2644,476,True
22625,RED KITCHEN SCALES,2010-05-04,2011-12-09,379,2627,950,True
22501,PICNIC BASKET WICKER LARGE,2010-05-21,2011-11-06,290,2612,762,True
22110,BIRD HOUSE HOT WATER BOTTLE,2009-12-01,2011-12-09,266,2609,524,True
22718,CARD CAT AND TREE ,2010-06-01,2011-12-07,193,2605,264,True
21949,SET OF 6 STRAWBERRY CHOPSTICKS,2009-12-01,2011-12-09,188,2598,270,True
21158,MOODY GIRL DOOR HANGER ,2009-12-02,2011-12-09,224,2587,321,True
21586,KINGS CHOICE GIANT TUBE MATCHES,2009-12-01,2011-11-07,166,2583,244,True
22349,DOG BOWL CHASING BALL DESIGN,2009-12-01,2011-12-05,254,2571,368,True
21245,GREEN POLKADOT PLATE ,2009-12-01,2011-12-07,231,2567,308,True
21577,SAVE THE PLANET COTTON TOTE BAG,2009-12-01,2011-12-08,299,2556,466,True
22268,EASTER DECORATION SITTING BUNNY,2009-12-13,2011-11-10,168,2554,245,True
22434,BALLOON PUMP WITH 10 BALLOONS,2010-04-07,2011-12-08,203,2547,287,True
21911,GARDEN METAL SIGN ,2009-12-01,2011-04-15,205,2546,345,True
21100,CHARLIE AND LOLA CHARLOTTE BAG,2009-12-01,2011-03-22,173,2540,270,True
22366,DOORMAT AIRMAIL ,2010-01-04,2011-12-08,345,2540,568,True
22085,PAPER CHAIN KIT SKULLS ,2009-12-01,2011-12-09,190,2538,231,True
22654,DELUXE SEWING KIT ,2010-07-19,2011-12-09,275,2534,602,True
22607,WOODEN ROUNDERS GARDEN SET ,2010-04-08,2011-12-08,292,2533,747,True
23177,TREASURE ISLAND BOOK BOX,2011-03-02,2011-12-09,154,2532,270,True
22690,DOORMAT HOME SWEET HOME BLUE ,2010-06-28,2011-12-08,254,2530,438,True
22321,BIRD DECORATION RED RETROSPOT,2009-12-01,2011-12-08,234,2528,305,True
22736,RIBBON REEL MAKING SNOWMEN ,2010-09-16,2011-12-09,166,2527,414,True
22582,PACK OF 6 SWEETIE GIFT BOXES,2010-03-10,2011-12-08,203,2522,302,True
15056P,EDWARDIAN PARASOL PINK,2009-12-01,2011-12-08,274,2519,383,True
22725,ALARM CLOCK BAKELIKE CHOCOLATE,2010-09-24,2011-12-09,267,2518,556,True
46000M,POLYESTER FILLER PAD 45x45cm,2009-12-01,2011-12-07,239,2517,354,True
82599,FANNY'S REST STOPMETAL SIGN,2009-12-02,2011-05-08,276,2505,511,True
22360,GLASS JAR ENGLISH CONFECTIONERY,2009-12-13,2011-12-08,273,2503,427,True
84828,JUNGLE POPSICLES ICE LOLLY HOLDERS,2009-12-02,2011-12-09,248,2503,355,True
22956,36 FOIL HEART CAKE CASES,2010-11-04,2011-12-09,156,2494,264,True
20970,PINK FLORAL FELTCRAFT SHOULDER BAG,2009-12-01,2011-12-09,325,2490,577,True
22406,MONEY BOX KINGS CHOICE DESIGN,2010-03-26,2011-12-08,165,2487,219,True
21880,RED RETROSPOT TAPE,2009-12-02,2011-12-07,234,2483,330,True
84510A,SET OF 4 ENGLISH ROSE COASTERS,2009-12-01,2011-12-09,343,2477,535,True
21354,TOAST ITS - BEST MUM,2009-12-02,2011-12-01,161,2476,218,True
22284,HEN HOUSE DECORATION,2009-12-03,2011-12-05,211,2465,305,True
37503,TEA TIME CAKE STAND IN GIFT BOX,2009-12-01,2010-08-01,180,2465,523,True
22133,PINK LOVE HEART SHAPE CUP,2009-12-01,2011-12-08,233,2464,328,True
85040B,SET/4 BLUE FLOWER CANDLES IN BOWL,2009-12-01,2011-04-10,189,2458,260,True
21990,MODERN FLORAL STATIONERY SET,2009-12-01,2011-12-09,279,2453,500,True
22400,MAGNETS PACK OF 4 HOME SWEET HOME,2010-03-30,2011-12-07,174,2450,237,True
16238,PARTY TIME PENCIL ERASERS,2009-12-01,2011-12-08,181,2447,237,True
37450,CERAMIC CAKE BOWL + HANGING CAKES,2009-12-01,2011-12-08,259,2444,398,True
21328,BALLOONS  WRITING SET ,2009-12-01,2011-12-09,345,2441,649,True
22758,LARGE PURPLE BABUSHKA NOTEBOOK  ,2010-08-06,2011-12-09,194,2437,318,True
22971,QUEENS GUARD COFFEE MUG,2010-12-16,2011-12-08,169,2431,274,True
22477,WATERING CAN GARDEN MARKER,2010-03-05,2011-12-08,204,2414,277,True
21211,SET OF 72 SKULL PAPER  DOILIES,2009-12-02,2011-11-28,181,2405,238,True
22072,RED RETROSPOT TEA CUP AND SAUCER ,2009-12-01,2011-12-09,308,2405,525,True
22717,CARD DOG AND BALL ,2010-06-02,2011-12-09,166,2405,215,True
21162,TOXIC AREA  DOOR HANGER ,2009-12-01,2011-12-09,195,2402,287,True
22412,METAL SIGN NEIGHBOURHOOD WITCH ,2010-01-29,2011-11-10,275,2401,406,True
21058,PARTY INVITES WOODLAND,2009-12-01,2011-12-08,207,2396,279,True
22773,GREEN DRAWER KNOB ACRYLIC EDWARDIAN,2010-10-17,2011-12-07,162,2392,231,True
21896,POTTING SHED TWINE,2009-12-01,2011-12-06,219,2387,293,True
22669,RED BABY BUNTING ,2010-07-06,2011-12-08,245,2386,441,True
22170,PICTURE FRAME WOOD TRIPLE PORTRAIT,2009-12-02,2011-12-09,348,2385,575,True
47568,ENGLISH ROSE DESIGN PEG BAG,2009-12-01,2010-08-22,167,2384,411,True
37449,CERAMIC CAKE STAND + HANGING CAKES,2009-12-01,2011-12-07,281,2382,478,True
22674,FRENCH TOILET SIGN BLUE METAL,2010-08-17,2011-12-08,203,2377,300,True
22217,T-LIGHT HOLDER HANGING LACE,2009-12-09,2011-12-09,164,2374,216,True
22224,WHITE LOVEBIRD LANTERN,2009-12-01,2011-12-09,274,2373,404,True
20985,HEART CALCULATOR,2009-12-02,2011-12-09,218,2370,300,True
22480,RED TEA TOWEL CLASSIC DESIGN,2010-03-05,2011-08-28,180,2368,267,True
22798,ANTIQUE GLASS DRESSING TABLE POT,2010-10-22,2011-12-09,204,2367,356,True
22208,WOOD STAMP SET THANK YOU,2009-12-01,2011-12-08,259,2366,441,True
22980,PANTRY SCRUBBING BRUSH,2011-02-16,2011-12-09,157,2363,294,True
21161,KEEP OUT BOYS DOOR HANGER ,2009-12-01,2011-06-08,156,2360,211,True
22134,MINI LADLE LOVE HEART RED ,2009-12-01,2011-12-09,223,2354,299,True
22076,6 RIBBONS EMPIRE  ,2009-12-01,2011-12-09,251,2353,379,True
21272,SALLE DE BAIN HOOK,2009-12-01,2011-08-11,248,2348,344,True
21883,STARS GIFT TAPE ,2009-12-01,2011-12-07,162,2348,226,True
47593B,SCOTTIE DOGS BABY BIB,2009-12-02,2011-12-08,259,2347,362,True
22093,MOTORING TISSUE BOX,2009-12-01,2011-12-06,186,2346,278,True
20956,PORCELAIN T-LIGHT HOLDERS ASSORTED,2009-12-01,2011-12-06,169,2338,241,True
22753,SMALL YELLOW BABUSHKA NOTEBOOK ,2010-08-08,2011-12-09,217,2332,410,True
85049D,BRIGHT BLUES RIBBONS ,2009-12-01,2011-09-28,258,2332,409,True
22365,DOORMAT RESPECTABLE HOUSE,2010-01-04,2011-12-08,290,2329,443,True
21126,SET OF 6 GIRLS CELEBRATION CANDLES,2009-12-01,2011-12-09,220,2325,289,True
22580,ADVENT CALENDAR GINGHAM SACK,2010-07-20,2011-12-09,186,2322,496,True
22482,BLUE TEA TOWEL CLASSIC DESIGN,2010-03-05,2011-07-05,153,2319,218,True
22623,BOX OF VINTAGE JIGSAW BLOCKS ,2010-05-06,2011-12-07,283,2312,543,True
22063,CERAMIC BOWL WITH STRAWBERRY DESIGN,2009-12-01,2011-12-08,254,2303,365,True
21107,CREAM SLICE FLANNEL PINK SPOT ,2009-12-02,2011-12-06,213,2302,315,True
22649,STRAWBERRY FAIRY CAKE TEAPOT,2010-05-14,2011-12-05,269,2302,493,True
21389,IVORY HANGING DECORATION  BIRD,2009-12-03,2011-12-04,188,2299,268,True
21012,ANTIQUE ALL GLASS CANDLESTICK,2009-12-01,2011-12-09,212,2297,301,True
84792,ENCHANTED BIRD COATHANGER 5 HOOK,2009-12-01,2011-12-08,342,2297,521,True
22520,CHILDS GARDEN TROWEL BLUE ,2010-03-25,2011-05-17,199,2294,376,True
21259,VICTORIAN SEWING BOX SMALL ,2009-12-01,2011-12-09,371,2293,656,True
21948,SET OF 6 CAKE CHOPSTICKS,2009-12-01,2011-12-07,209,2293,269,True
22521,CHILDS GARDEN TROWEL PINK,2010-03-25,2011-05-05,186,2288,376,True
85184C,S/4 VALENTINE DECOUPAGE HEART BOX,2009-12-01,2011-12-08,224,2281,354,True
22429,ENAMEL MEASURING JUG CREAM,2010-03-18,2011-12-09,330,2280,628,True
22169,FAMILY ALBUM WHITE PICTURE FRAME,2009-12-01,2011-12-08,402,2275,701,True
22751,FELTCRAFT PRINCESS OLIVIA DOLL,2010-09-05,2011-12-09,233,2264,470,True
21439,BASKET OF TOADSTOOLS,2009-12-01,2011-12-08,188,2259,243,True
84030E,ENGLISH ROSE HOT WATER BOTTLE,2009-12-03,2011-12-08,237,2242,538,True
35471D,SET OF 3 BIRD LIGHT PINK FEATHER ,2009-12-01,2011-12-09,230,2241,356,True
22522,CHILDS GARDEN FORK BLUE ,2010-03-25,2011-12-08,206,2239,339,True
84596G,SMALL CHOCOLATES PINK BOWL,2009-12-01,2011-12-08,246,2231,354,True
85017B,ENVELOPE 50 BLOSSOM IMAGES,2009-12-02,2011-11-08,235,2231,318,True
22334,DINOSAUR PARTY BAG + STICKER SET,2009-12-03,2011-12-07,212,2230,268,True
22354,RETROSPOT PADDED SEAT CUSHION,2009-12-02,2011-12-06,207,2228,281,True
22675,FRENCH KITCHEN SIGN BLUE METAL,2010-08-17,2011-12-08,174,2227,273,True
21640,ASSORTED TUTTI FRUTTI  FOB NOTEBOOK,2009-12-01,2011-12-08,163,2225,214,True
21658,GLASS  BEURRE DISH,2009-12-01,2011-08-11,297,2225,528,True
21241,GREEN SPOTTY CUP,2009-12-01,2010-10-12,162,2213,261,True
22805,BLUE DRAWER KNOB ACRYLIC EDWARDIAN,2010-10-17,2011-12-09,169,2207,231,True
21578,WOODLAND DESIGN  COTTON TOTE BAG,2009-12-01,2011-12-05,257,2205,384,True
21383,PACK OF 12 STICKY BUNNIES,2009-12-09,2011-12-09,197,2204,329,True
72349B,SET/6 PURPLE BUTTERFLY T-LIGHTS,2009-12-01,2011-12-09,254,2194,403,True
84989A,75 GREEN FAIRY CAKE CASES,2009-12-02,2011-12-05,161,2194,196,True
72802C,VANILLA SCENT CANDLE JEWELLED BOX,2009-12-01,2011-11-23,197,2185,272,True
22523,CHILDS GARDEN FORK PINK,2010-03-25,2011-12-08,206,2183,358,True
21224,SET/4 SKULL BADGES,2009-12-03,2011-12-09,233,2171,316,True
22061,LARGE CAKE STAND  HANGING STRAWBERY,2009-12-02,2011-12-09,326,2171,521,True
47567B,TEA TIME KITCHEN APRON,2009-12-10,2011-12-05,241,2169,355,True
21866,UNION JACK FLAG LUGGAGE TAG,2009-12-01,2011-12-08,309,2168,460,True
22074,6 RIBBONS SHIMMERING PINKS ,2009-12-03,2011-12-09,195,2156,291,True
21206,STRAWBERRY HONEYCOMB  GARLAND ,2009-12-03,2011-11-23,196,2155,240,True
22315,200 RED + WHITE BENDY STRAWS,2009-12-01,2011-12-08,266,2136,389,True
22231,JIGSAW TREE WITH BIRDHOUSE,2009-12-01,2011-12-08,211,2135,301,True
22692,DOORMAT WELCOME TO OUR HOME,2010-06-28,2011-12-08,308,2135,606,True
85049B,LUSH GREENS RIBBONS,2009-12-01,2011-09-20,209,2130,343,True
21677,HEARTS  STICKERS,2009-12-01,2011-12-09,209,2125,279,True
22073,RED RETROSPOT STORAGE JAR,2009-12-01,2011-05-04,280,2124,487,True
21125,SET 6 FOOTBALL CELEBRATION CANDLES,2009-12-01,2011-12-09,192,2123,253,True
22099,CARAVAN SQUARE TISSUE BOX,2009-12-02,2011-12-09,214,2123,300,True
22311,OFFICE MUG WARMER BLACK+SILVER ,2009-12-01,2011-12-06,199,2116,302,True
85040A,S/4 PINK FLOWER CANDLES IN BOWL,2009-12-01,2011-12-09,296,2116,449,True
23256,CHILDRENS CUTLERY SPACEBOY ,2011-04-07,2011-12-09,172,2113,372,True
22587,FELTCRAFT HAIRBAND RED AND BLUE,2010-03-10,2011-12-08,206,2112,316,True
22420,LIPSTICK PEN BABY PINK,2010-05-07,2011-12-09,168,2111,240,True
85049F,BABY BOOM RIBBONS ,2009-12-02,2011-09-26,225,2110,319,True
21159,MOODY BOY  DOOR HANGER ,2009-12-01,2011-12-09,194,2105,251,True
22261,FELT EGG COSY WHITE RABBIT ,2009-12-01,2011-12-09,164,2105,254,True
22187,GREEN CHRISTMAS TREE CARD HOLDER,2009-12-01,2011-12-09,163,2104,366,True
21411,GINGHAM HEART  DOORSTOP RED,2009-12-01,2011-12-09,356,2090,629,True
22586,FELTCRAFT HAIRBAND PINK AND BLUE,2010-03-10,2011-12-09,203,2087,300,True
22565,FELTCRAFT HAIRBANDS PINK AND WHITE ,2010-03-10,2011-12-09,202,2086,282,True
21329,DINOSAURS  WRITING SET ,2009-12-01,2011-12-09,317,2082,561,True
22896,PEG BAG APPLES DESIGN,2010-09-26,2011-12-09,237,2076,369,True
22357,KINGS CHOICE BISCUIT TIN,2010-01-07,2011-12-09,289,2073,462,True
85114B,IVORY ENCHANTED FOREST PLACEMAT,2009-12-01,2011-12-08,190,2073,243,True
85049H,URBAN BLACK RIBBONS ,2009-12-01,2011-12-09,240,2066,338,True
85132C,CHARLIE AND LOLA FIGURES TINS,2009-12-01,2011-09-02,180,2066,307,True
22097,SWALLOW SQUARE TISSUE BOX,2009-12-02,2011-12-08,189,2064,250,True
22550,HOLIDAY FUN LUDO,2010-03-25,2011-12-08,270,2058,426,True
85231B,CINAMMON SET OF 9 T-LIGHTS,2009-12-01,2011-12-08,247,2058,393,True
22364,GLASS JAR DIGESTIVE BISCUITS,2010-03-15,2011-12-08,240,2054,342,True
72807C,SET/3 VANILLA SCENTED CANDLE IN BOX,2009-12-01,2011-11-25,251,2043,392,True
22747,POPPY'S PLAYHOUSE BATHROOM,2010-09-24,2011-12-09,204,2035,406,True
21070,VINTAGE BILLBOARD MUG ,2009-12-01,2011-12-08,174,2034,232,True
22293,HANGING CHICK GREEN DECORATION,2009-12-02,2011-11-22,167,2034,230,True
85053,FRENCH ENAMEL CANDLEHOLDER,2009-12-01,2011-12-09,235,2032,384,True
22262,FELT EGG COSY CHICKEN,2009-12-01,2011-12-06,206,2026,319,True
85131A,BEADED PEARL HEART WHITE ON STICK,2009-12-03,2011-10-30,153,2025,200,True
22179,SET 10 LIGHTS NIGHT OWL,2009-12-01,2011-12-09,353,2023,569,True
22604,SET OF 4 NAPKIN CHARMS CUTLERY,2010-07-23,2011-12-08,171,2017,251,True
21873,IF YOU CAN'T STAND THE HEAT MUG,2009-12-02,2011-12-08,160,2010,199,True
22186,RED STAR CARD HOLDER,2009-12-01,2011-12-09,176,2004,346,True
22917,HERB MARKER ROSEMARY,2010-11-21,2011-12-08,157,1996,253,True
22136,LOVE HEART SOCK HANGER,2009-12-01,2011-12-08,198,1989,270,True
22547,MINI JIGSAW DINOSAUR ,2010-03-26,2011-12-08,150,1980,192,True
22592,CARDHOLDER HOLLY WREATH METAL,2010-07-27,2011-12-09,152,1980,306,True
22416,SET OF 36 DOILIES SPACEBOY DESIGN ,2010-02-03,2011-12-04,153,1970,176,True
22191,IVORY DINER WALL CLOCK,2009-12-01,2011-12-08,347,1967,623,True
35971,ROSE FOLKART HEART DECORATIONS,2009-12-01,2011-12-05,180,1963,225,True
22916,HERB MARKER THYME,2010-11-21,2011-12-08,161,1962,254,True
22897,OVEN MITT APPLES DESIGN,2010-09-26,2011-12-08,192,1956,299,True
21564,PINK  HEART SHAPE LOVE BUCKET ,2009-12-03,2011-12-09,231,1951,295,True
22525,CHILDRENS GARDEN GLOVES PINK,2010-03-25,2011-04-18,178,1946,329,True
22479,DAISY GARDEN MARKER,2010-03-05,2011-12-08,165,1939,215,True
84849B,FAIRY SOAP SOAP HOLDER,2009-12-01,2011-07-20,216,1936,294,True
20733,GOLD MINI TAPE MEASURE ,2009-12-03,2011-12-09,202,1927,295,True
21327,SKULLS WRITING SET ,2009-12-02,2011-12-09,313,1926,500,True
22524,CHILDRENS GARDEN GLOVES BLUE,2010-03-25,2011-05-24,175,1925,295,True
22918,HERB MARKER PARSLEY,2010-11-21,2011-12-08,156,1925,252,True
22193,RED DINER WALL CLOCK,2009-12-01,2011-12-09,326,1910,617,True
20960,WATERMELON BATH SPONGE,2009-12-01,2011-03-07,150,1900,218,True
22276,WASH BAG VINTAGE ROSE PAISLEY,2009-12-01,2011-12-08,245,1889,374,True
22972,CHILDREN'S SPACEBOY MUG,2010-11-24,2011-12-08,155,1882,244,True
22483,RED GINGHAM TEDDY BEAR ,2010-03-04,2011-12-08,240,1877,349,True
21452,TOADSTOOL MONEY BOX,2010-03-18,2011-12-08,269,1875,418,True
22583,PACK OF 6 HANDBAG GIFT BOXES,2010-03-10,2011-12-08,223,1873,361,True
22251,BIRDHOUSE DECORATION MAGIC GARDEN,2009-12-17,2011-12-08,213,1871,301,True
21945,STRAWBERRIES  DESIGN FLANNEL ,2009-12-01,2011-12-09,167,1862,242,True
22067,CHOC TRUFFLE GOLD TRINKET POT ,2009-12-02,2011-12-08,199,1855,254,True
21864,UNION JACK FLAG PASSPORT COVER ,2009-12-01,2011-12-09,274,1853,417,True
21171,BATHROOM METAL SIGN ,2009-12-02,2011-08-11,179,1845,261,True
22361,GLASS JAR DAISY FRESH COTTON WOOL,2010-03-15,2011-12-09,304,1845,498,True
22965,3 TRADITIONAl BISCUIT CUTTERS  SET,2010-11-21,2011-12-09,175,1842,262,True
22070,SMALL RED RETROSPOT MUG IN BOX ,2009-12-01,2011-12-09,239,1835,324,True
22676,FRENCH BLUE METAL DOOR SIGN 1,2010-08-17,2011-12-09,201,1830,307,True
22371,AIRLINE BAG VINTAGE TOKYO 78,2010-02-12,2011-12-09,363,1828,687,True
22199,FRYING PAN RED RETROSPOT,2009-12-01,2011-12-09,283,1827,406,True
22605,WOODEN CROQUET GARDEN SET,2010-04-08,2011-12-08,315,1827,643,True
22175,PINK OWL SOFT TOY,2009-12-02,2011-12-09,259,1824,365,True
22342,HOME GARLAND PAINTED ZINC ,2009-12-02,2011-12-09,196,1817,230,True
21826,EIGHT PIECE DINOSAUR SET,2009-12-01,2011-03-16,167,1800,249,True
22919,HERB MARKER MINT,2010-11-22,2011-12-08,152,1800,251,True
84818,DANISH ROSE PHOTO FRAME,2009-12-02,2011-10-30,167,1788,214,True
21906,PHARMACIE FIRST AID TIN,2009-12-06,2011-12-09,284,1786,426,True
22650,CERAMIC PIRATE CHEST MONEY BANK,2010-05-14,2011-12-09,197,1786,285,True
21675,BUTTERFLIES STICKERS,2009-12-02,2011-12-09,201,1782,269,True
20886,BOX OF 9 PEBBLE CANDLES,2009-12-01,2011-11-07,231,1777,313,True
21624,VINTAGE UNION JACK DOORSTOP,2009-12-01,2011-12-08,267,1771,405,True
22117,METAL SIGN HER DINNER IS SERVED ,2009-12-01,2011-12-06,178,1765,230,True
18097C,WHITE TALL PORCELAIN T-LIGHT HOLDER,2009-12-01,2011-12-08,162,1763,212,True
21340,CLASSIC METAL BIRDCAGE PLANT HOLDER,2009-12-02,2011-12-07,253,1758,420,True
84884A,ANT WHITE WIRE HEART SPIRAL,2009-12-01,2011-12-07,256,1757,347,True
22628,PICNIC BOXES SET OF 3 RETROSPOT ,2010-07-01,2011-12-09,224,1744,351,True
22310,IVORY KNITTED MUG COSY ,2009-12-03,2011-12-08,171,1739,226,True
22468,BABUSHKA LIGHTS STRING OF 10,2010-03-08,2011-12-08,258,1736,413,True
84880,WHITE WIRE EGG HOLDER,2009-12-03,2011-12-07,244,1729,377,True
22228,BUNNY WOODEN PAINTED WITH BIRD ,2009-12-03,2011-12-08,182,1727,278,True
22403,MAGNETS PACK OF 4 VINTAGE LABELS ,2010-03-29,2011-12-07,165,1715,212,True
21774,DECORATIVE CATS BATHROOM BOTTLE,2009-12-03,2011-12-09,269,1711,370,True
22776,SWEETHEART CAKESTAND 3 TIER,2010-10-17,2011-12-09,275,1708,692,True
23254,CHILDRENS CUTLERY DOLLY GIRL ,2011-04-07,2011-12-09,150,1703,301,True
72760B,VINTAGE CREAM 3 BASKET CAKE STAND,2009-12-01,2011-12-09,285,1699,496,True
22634,CHILDS BREAKFAST SET SPACEBOY ,2010-05-20,2011-12-09,286,1688,501,True
22671,FRENCH LAUNDRY SIGN BLUE METAL,2010-08-17,2011-12-08,180,1688,247,True
21947,SET OF 6 HEART CHOPSTICKS,2009-12-01,2011-12-09,214,1675,304,True
15044B,BLUE PAPER PARASOL ,2009-12-01,2011-09-28,150,1670,189,True
21973,SET OF 36 MUSHROOM PAPER DOILIES,2009-12-02,2011-11-28,162,1670,210,True
47580,TEA TIME DES TEA COSY,2009-12-02,2011-12-08,255,1662,347,True
21249,WOODLAND  HEIGHT CHART STICKERS ,2009-12-01,2011-12-08,211,1661,259,True
22635,CHILDS BREAKFAST SET DOLLY GIRL ,2010-05-20,2011-12-07,263,1660,487,True
22230,JIGSAW TREE WITH WATERING CAN,2009-12-02,2011-12-04,158,1657,196,True
85039B,S/4 IVORY MINI ROSE CANDLE IN BOWL,2009-12-02,2011-12-09,193,1657,269,True
22639,SET OF 4 NAPKIN CHARMS HEARTS,2010-07-18,2011-12-08,181,1651,281,True
21773,DECORATIVE ROSE BATHROOM BOTTLE,2009-12-01,2011-12-08,233,1642,310,True
22405,MONEY BOX POCKET MONEY DESIGN,2010-03-26,2011-12-08,160,1642,221,True
21110,LARGE CAKE TOWEL PINK SPOTS,2009-12-01,2011-11-25,227,1640,333,True
22249,DECORATION WHITE CHICK MAGIC GARDEN,2009-12-13,2011-12-08,154,1636,248,True
22974,CHILDRENS DOLLY GIRL MUG,2010-11-24,2011-12-08,150,1636,212,True
84509A,SET OF 4 ENGLISH ROSE PLACEMATS,2009-12-01,2011-12-09,315,1636,479,True
22487,WHITE WOOD GARDEN PLANT LADDER,2010-03-05,2011-12-08,408,1632,900,True
22135,MINI LADLE LOVE HEART PINK,2009-12-01,2011-12-09,223,1624,317,True
22636,CHILDS BREAKFAST SET CIRCUS PARADE,2010-05-20,2011-12-08,278,1618,493,True
22322,BIRD DECORATION GREEN POLKADOT,2009-12-02,2011-11-11,199,1617,272,True
21905,MORE BUTTER METAL SIGN ,2009-12-06,2011-12-09,208,1615,263,True
79067,CORONA MEXICAN TRAY,2009-12-01,2010-12-21,209,1615,398,True
20707,CRAZY DAISY HEART DECORATION,2009-12-04,2011-12-05,150,1613,200,True
21756,BATH BUILDING BLOCK WORD,2009-12-01,2011-12-08,322,1612,584,True
21204,DAISIES  HONEYCOMB GARLAND ,2009-12-06,2011-12-07,169,1608,207,True
21556,CERAMIC STRAWBERRY MONEY BOX,2009-12-01,2011-11-23,209,1607,297,True
21846,PINK DIAMANTE PEN IN GIFT BOX,2009-12-02,2011-12-08,187,1601,265,True
22627,MINT KITCHEN SCALES,2010-05-04,2011-12-09,323,1600,654,True
22795,SWEETHEART RECIPE BOOK STAND,2010-10-17,2011-12-09,214,1597,502,True
15044D,RED PAPER PARASOL,2009-12-01,2011-12-05,181,1596,229,True
21059,PARTY INVITES DINOSAURS,2009-12-06,2011-12-08,188,1596,221,True
85064,CREAM SWEETHEART LETTER RACK,2009-12-01,2011-01-27,151,1595,279,True
21356,TOAST ITS - FAIRY FLOWER,2009-12-01,2011-12-09,245,1592,354,True
22210,WOOD STAMP SET BEST WISHES,2009-12-02,2011-12-08,196,1586,295,True
20658,RED SPOTTY LUGGAGE TAG,2009-12-01,2011-09-26,240,1584,358,True
22318,FIVE HEART HANGING DECORATION,2009-12-01,2011-12-05,275,1583,393,True
22677,FRENCH BLUE METAL DOOR SIGN 2,2010-08-17,2011-12-02,185,1583,281,True
37495,FAIRY CAKE BIRTHDAY CANDLE SET,2009-12-04,2011-12-08,233,1560,331,True
22081,RIBBON REEL FLORA + FAUNA ,2009-12-01,2011-12-09,217,1559,304,True
72802B,OCEAN SCENT CANDLE IN JEWELLED BOX,2009-12-01,2011-11-03,172,1559,213,True
84849D,HOT BATHS SOAP HOLDER,2010-01-14,2011-12-01,204,1558,261,True
22260,FELT EGG COSY BLUE RABBIT ,2009-12-02,2011-12-09,162,1557,246,True
22784,LANTERN CREAM GAZEBO ,2010-10-22,2011-12-08,209,1551,373,True
21257,VICTORIAN SEWING BOX MEDIUM,2009-12-01,2011-12-09,320,1549,533,True
84596L,BISCUITS SMALL BOWL LIGHT BLUE,2009-12-01,2011-09-18,178,1537,256,True
20716,PARTY FOOD SHOPPER BAG,2009-12-01,2011-06-29,185,1533,249,True
22211,WOOD STAMP SET FLOWERS,2009-12-01,2011-12-08,200,1531,297,True
22071,SMALL WHITE RETROSPOT MUG IN BOX ,2009-12-01,2011-12-09,200,1530,260,True
22424,ENAMEL BREAD BIN CREAM,2010-05-16,2011-12-09,364,1529,740,True
84839,SWEETHEART KEY CABINET,2009-12-01,2010-10-26,187,1523,394,True
84993A,75 GREEN PETIT FOUR CASES,2009-12-03,2011-12-09,175,1522,208,True
21643,ASSORTED TUTTI FRUTTI MIRROR,2009-12-01,2011-11-15,154,1521,204,True
22250,DECORATION  BUTTERFLY  MAGIC GARDEN,2009-12-13,2011-12-08,187,1521,263,True
22269,EGG CUP NATURAL CHICKEN,2009-12-02,2011-12-07,166,1521,206,True
18098C,PORCELAIN BUTTERFLY OIL BURNER,2009-12-01,2011-08-08,196,1515,378,True
20735,BLACK MINI TAPE MEASURE ,2009-12-02,2011-12-06,152,1515,202,True
22744,MAKE YOUR OWN MONSOON CARD KIT,2010-08-10,2011-12-08,186,1515,305,True
85039A,SET/4 RED MINI ROSE CANDLE IN BOWL,2009-12-01,2011-12-09,202,1512,295,True
21258,VICTORIAN SEWING BOX LARGE,2009-12-01,2011-12-09,253,1505,527,True
22743,MAKE YOUR OWN FLOWERPOWER CARD KIT,2010-08-10,2011-12-08,197,1502,358,True
20752,BLUE POLKADOT WASHING UP GLOVES,2009-12-01,2011-11-27,247,1500,358,True
21609,SET 12 LAVENDER  BOTANICAL T-LIGHTS,2009-12-02,2011-08-30,177,1499,219,True
21626,VINTAGE UNION JACK PENNANT,2009-12-01,2011-11-21,153,1496,206,True
22222,CAKE PLATE LOVEBIRD WHITE,2009-12-01,2011-12-08,278,1489,403,True
21431,GREEN GINGHAM FLOWER JEWELLERY BOX,2009-12-01,2010-11-16,163,1483,279,True
22121,NOEL WOODEN BLOCK LETTERS ,2009-12-01,2011-12-09,186,1481,444,True
85231G,ORANGE SCENTED SET/9 T-LIGHTS,2009-12-01,2011-10-12,191,1480,263,True
35004B,SET OF 3 BLACK FLYING DUCKS,2009-12-01,2011-12-09,202,1474,276,True
21042,RED SPOTTY APRON ,2009-12-01,2011-12-08,262,1473,403,True
85203,HANGING WOOD AND FELT BUTTERFLY ,2009-12-08,2011-12-05,168,1463,231,True
85174,S/4 CACTI CANDLES,2009-12-01,2011-12-09,247,1459,365,True
21063,PARTY INVITES JAZZ HEARTS,2009-12-01,2011-12-06,192,1456,238,True
21922,UNION STRIPE WITH FRINGE  HAMMOCK,2010-04-11,2011-12-08,234,1443,389,True
85131D,BEADED CRYSTAL HEART PINK ON STICK,2009-12-17,2011-12-09,179,1443,267,True
22279,POCKET BAG BLUE PAISLEY RED SPOT,2009-12-02,2011-12-09,160,1440,217,True
22664,TOY TIDY DOLLY GIRL DESIGN,2010-07-22,2011-12-09,185,1429,266,True
22192,BLUE DINER WALL CLOCK,2009-12-01,2011-12-08,319,1426,544,True
15060B,FAIRY CAKE DESIGN UMBRELLA,2009-12-03,2011-11-20,293,1419,454,True
22209,WOOD STAMP SET HAPPY BIRTHDAY,2009-12-03,2011-12-09,194,1415,259,True
22696,WICKER WREATH LARGE,2010-07-29,2011-12-07,175,1415,295,True
21471,STRAWBERRY RAFFIA FOOD COVER,2009-12-01,2011-12-09,225,1406,319,True
22686,FRENCH BLUE METAL DOOR SIGN No,2010-08-17,2011-12-08,169,1406,221,True
20681,PINK SPOTTY CHILDS UMBRELLA,2009-12-01,2011-03-10,207,1405,343,True
79066K,RETRO MOD TRAY,2009-12-07,2011-12-09,206,1403,257,True
22203,MILK PAN RED RETROSPOT,2009-12-01,2011-12-08,272,1402,394,True
22190,LOCAL CAFE MUG,2009-12-01,2011-12-09,173,1400,245,True
22277,COSMETIC BAG VINTAGE ROSE PAISLEY,2009-12-01,2011-12-09,201,1400,252,True
22678,FRENCH BLUE METAL DOOR SIGN 3,2010-08-17,2011-12-08,180,1400,248,True
22518,CHILDS GARDEN BRUSH BLUE,2010-03-25,2011-05-16,156,1398,267,True
22430,ENAMEL WATERING CAN CREAM,2010-05-14,2011-12-08,230,1397,358,True
72800E,4 IVORY DINNER CANDLES SILVER FLOCK,2009-12-01,2011-12-09,199,1388,294,True
21111,"SWISS ROLL TOWEL, CHOCOLATE  SPOTS",2009-12-01,2011-12-09,163,1379,216,True
84559A,3D SHEET OF DOG STICKERS,2009-12-01,2011-12-09,202,1378,271,True
22807,SET OF 6 T-LIGHTS TOADSTOOLS,2010-09-20,2011-12-09,184,1375,299,True
22272,FELTCRAFT DOLL MARIA,2009-12-01,2011-05-22,197,1371,304,True
85114C,RED ENCHANTED FOREST PLACEMAT,2009-12-01,2011-12-09,155,1364,208,True
22410,MONEY BOX HOUSEKEEPING DESIGN,2010-03-26,2011-12-08,153,1363,198,True
85132A,CHARLIE + LOLA BISCUITS TINS,2009-12-01,2011-05-24,150,1358,260,True
22680,FRENCH BLUE METAL DOOR SIGN 5,2010-08-17,2011-12-08,167,1356,232,True
21116,OWL DOORSTOP,2009-12-01,2011-12-05,322,1355,535,True
21463,MIRRORED DISCO BALL ,2009-12-01,2011-12-07,227,1349,302,True
21706,FOLDING UMBRELLA RED/WHITE POLKADOT,2009-12-01,2011-12-07,199,1348,254,True
22451,SILK PURSE BABUSHKA RED,2010-03-17,2011-05-13,155,1339,244,True
20665,RED RETROSPOT PURSE ,2009-12-01,2011-12-09,251,1335,349,True
22426,ENAMEL WASH BOWL CREAM,2010-04-08,2011-12-08,249,1333,373,True
22476,EMPIRE UNION JACK TV DINNER TRAY,2010-03-07,2011-12-09,196,1332,270,True
22309,TEA COSY RED  STRIPE,2009-12-02,2011-12-09,202,1331,267,True
22449,SILK PURSE BABUSHKA PINK,2010-03-17,2011-11-24,202,1323,312,True
22840,ROUND CAKE TIN VINTAGE RED,2010-10-13,2011-12-08,211,1323,402,True
48189,DOOR MAT FRIENDSHIP ,2009-12-01,2011-04-26,178,1321,274,True
21894,POTTING SHED SEED ENVELOPES,2009-12-02,2011-12-08,194,1320,249,True
21039,RED SPOTTY SHOPPING BAG,2009-12-01,2011-12-06,179,1313,228,True
22801,ANTIQUE GLASS PEDESTAL BOWL,2010-10-22,2011-12-08,178,1300,306,True
22200,FRYING PAN PINK POLKADOT,2009-12-01,2011-12-09,248,1296,358,True
21407,BROWN CHECK CAT DOORSTOP ,2009-12-01,2011-11-22,292,1294,455,True
22445,PENCIL CASE LIFE IS BEAUTIFUL,2010-03-17,2011-12-08,197,1287,285,True
84558A,3D DOG PICTURE PLAYING CARDS,2009-12-01,2011-12-09,156,1280,223,True
22359,GLASS JAR KINGS CHOICE,2010-03-16,2011-12-06,158,1278,202,True
22481,BLACK TEA TOWEL CLASSIC DESIGN,2010-03-07,2011-12-09,165,1272,224,True
22452,MEASURING TAPE BABUSHKA PINK,2010-03-21,2011-12-06,176,1271,257,True
22679,FRENCH BLUE METAL DOOR SIGN 4,2010-08-17,2011-12-08,171,1263,230,True
84459A,PINK METAL CHICKEN HEART ,2009-12-01,2011-10-30,154,1263,204,True
21927,BLUE/CREAM STRIPE CUSHION COVER ,2010-04-11,2011-12-01,153,1260,193,True
21446,12 RED ROSE PEG PLACE SETTINGS,2009-12-03,2011-12-08,186,1258,240,True
21115,ROSE CARAVAN DOORSTOP,2009-12-01,2011-12-09,291,1247,433,True
22107,PIZZA PLATE IN BOX,2009-12-01,2011-12-09,225,1240,373,True
22312,OFFICE MUG WARMER POLKADOT,2009-12-01,2011-12-08,197,1233,272,True
22218,CAKE STAND LACE WHITE,2009-12-01,2010-12-15,169,1232,264,True
84559B,3D SHEET OF CAT STICKERS,2009-12-01,2011-11-02,166,1231,222,True
22844,VINTAGE CREAM DOG FOOD CONTAINER,2010-10-17,2011-12-09,254,1227,501,True
22162,HEART GARLAND RUSTIC PADDED,2009-12-01,2011-11-24,175,1218,265,True
20986,BLUE CALCULATOR RULER,2009-12-02,2011-12-09,154,1217,209,True
82597,BOMBS AWAY METAL SIGN,2009-12-01,2010-11-01,152,1210,217,True
85202,HANGING WOOD AND FELT HEART,2009-12-14,2011-11-29,163,1208,218,True
82567,"AIRLINE LOUNGE,METAL SIGN",2009-12-01,2011-12-09,330,1207,489,True
84519A,TOMATO CHARLIE+LOLA COASTER SET,2009-12-01,2011-12-09,160,1200,203,True
22414,DOORMAT NEIGHBOURHOOD WITCH ,2010-01-10,2011-12-08,177,1187,220,True
82613D,METAL SIGN CUPCAKE SINGLE HOOK,2009-12-01,2011-12-06,196,1186,271,True
22176,BLUE OWL SOFT TOY,2009-12-02,2011-10-31,203,1184,260,True
21109,"LARGE CAKE TOWEL, CHOCOLATE SPOTS",2009-12-04,2011-12-09,151,1173,227,True
22681,FRENCH BLUE METAL DOOR SIGN 6,2010-08-17,2011-12-05,153,1167,192,True
21469,POLKA DOT RAFFIA FOOD COVER,2009-12-01,2011-12-07,171,1165,210,True
22723,SET OF 6 HERB TINS SKETCHBOOK,2010-12-13,2011-12-09,177,1164,298,True
22854,CREAM SWEETHEART EGG HOLDER,2010-09-16,2011-09-22,155,1160,246,True
22768,FAMILY PHOTO FRAME CORNICE,2010-10-10,2011-12-09,215,1158,356,True
22847,BREAD BIN DINER STYLE IVORY,2010-10-14,2011-12-08,214,1157,482,True
84279P,CHERRY BLOSSOM  DECORATIVE FLASK,2009-12-06,2011-12-01,230,1145,300,True
21867,PINK UNION JACK  LUGGAGE TAG,2009-12-01,2011-12-08,220,1144,301,True
22498,WOODEN REGATTA BUNTING,2010-02-03,2011-12-09,261,1135,383,True
22683,FRENCH BLUE METAL DOOR SIGN 8,2010-08-17,2011-12-02,152,1131,192,True
21358,TOAST ITS - HAPPY BIRTHDAY,2009-12-02,2011-12-08,178,1129,222,True
21913,VINTAGE SEASIDE JIGSAW PUZZLES,2009-12-01,2011-12-08,230,1129,299,True
84078A,SET/4 WHITE RETRO STORAGE CUBES ,2009-12-02,2011-12-08,242,1128,328,True
22236,CAKE STAND 3 TIER MAGIC GARDEN,2009-12-10,2011-11-23,255,1127,421,True
22800,ANTIQUE TALL SWIRLGLASS TRINKET POT,2010-10-22,2011-12-09,177,1127,268,True
21777,RECIPE BOX WITH METAL HEART,2009-12-01,2010-12-06,201,1126,368,True
84912B,GREEN ROSE WASHBAG,2009-12-01,2011-12-05,199,1125,261,True
21730,GLASS STAR FROSTED T-LIGHT HOLDER,2009-12-01,2011-12-07,182,1115,297,True
22068,BLACK PIRATE TREASURE CHEST,2009-12-01,2011-12-09,206,1112,278,True
22314,OFFICE MUG WARMER CHOC+BLUE,2009-12-02,2011-12-09,181,1110,254,True
23126,FELTCRAFT GIRL AMELIE KIT,2011-03-02,2011-12-09,150,1109,293,True
21991,BOHEMIAN COLLAGE STATIONERY SET,2009-12-02,2011-12-08,196,1103,292,True
21470,FLOWER VINE RAFFIA FOOD COVER,2009-12-01,2011-12-08,243,1102,322,True
22485,SET OF 2 WOODEN MARKET CRATES,2010-03-05,2011-12-09,282,1101,420,True
22472,TV DINNER TRAY DOLLY GIRL,2010-03-08,2011-12-08,179,1099,250,True
84031A,CHARLIE+LOLA RED HOT WATER BOTTLE ,2009-12-01,2011-12-09,190,1099,317,True
84912A,PINK ROSE WASHBAG,2009-12-03,2011-09-22,181,1096,233,True
22215,CAKE STAND WHITE TWO TIER LACE,2009-12-01,2011-12-09,243,1085,359,True
72807B,SET/3 OCEAN SCENT CANDLE JEWEL BOX,2009-12-01,2011-11-24,186,1085,248,True
22514,CHILDS GARDEN SPADE BLUE,2010-03-28,2011-12-08,165,1082,233,True
22202,MILK PAN PINK RETROSPOT,2009-12-02,2011-05-05,179,1074,265,True
22606,WOODEN SKITTLES GARDEN SET,2010-04-08,2011-12-08,226,1069,377,True
47591B,SCOTTIES CHILDRENS APRON,2009-12-01,2011-12-08,187,1062,286,True
21333,CLASSIC WHITE FRAME,2009-12-01,2011-04-05,160,1057,222,True
84580,MOUSE TOY WITH PINK T-SHIRT,2009-12-01,2011-12-08,278,1057,449,True
21472,LADYBIRD + BEE RAFFIA FOOD COVER,2009-12-01,2011-07-15,191,1056,287,True
20967,GREY FLORAL FELTCRAFT SHOULDER BAG,2009-12-01,2011-10-26,186,1055,300,True
22515,CHILDS GARDEN SPADE PINK,2010-03-28,2011-12-06,152,1046,210,True
20770,ABSTRACT CIRCLE JOURNAL ,2009-12-01,2011-11-27,161,1045,202,True
22283,6 EGG HOUSE PAINTED WOOD,2009-12-01,2011-12-08,277,1032,382,True
21467,CHERRY CROCHET FOOD COVER,2009-12-01,2011-12-09,195,1025,256,True
22374,AIRLINE BAG VINTAGE JET SET RED,2010-02-14,2011-12-09,284,1023,432,True
22721,SET OF 3 CAKE TINS SKETCHBOOK,2010-12-14,2011-12-09,174,1020,298,True
22120,WELCOME  WOODEN BLOCK LETTERS,2009-12-01,2011-12-05,258,1018,367,True
22278,OVERNIGHT BAG VINTAGE ROSE PAISLEY,2009-12-02,2011-12-09,262,1016,388,True
21537,RED RETROSPOT PUDDING BOWL,2009-12-01,2011-12-07,189,1005,263,True
22767,TRIPLE PHOTO FRAME CORNICE ,2010-10-10,2011-12-08,185,1004,297,True
22845,VINTAGE CREAM CAT FOOD CONTAINER,2010-10-15,2011-12-09,227,999,396,True
21363,HOME SMALL WOOD LETTERS,2010-01-05,2011-09-25,260,984,407,True
21625,VINTAGE UNION JACK APRON,2009-12-01,2011-12-07,251,984,336,True
21288,STRIPEY CHOCOLATE NESTING BOXES,2009-12-03,2011-12-08,174,982,224,True
47570B,TEA TIME TABLE CLOTH,2009-12-01,2011-03-29,169,981,234,True
22165,"DIAMANTE HEART SHAPED WALL MIRROR, ",2009-12-01,2011-12-09,196,976,275,True
22180,RETROSPOT LAMP,2009-12-01,2011-11-07,286,975,410,True
22474,SPACEBOY TV DINNER TRAY,2010-03-08,2011-12-09,178,972,256,True
84969,BOX OF 6 ASSORTED COLOUR TEASPOONS,2009-12-02,2011-12-06,244,969,341,True
22069,BROWN  PIRATE TREASURE CHEST ,2009-12-01,2011-12-09,183,968,269,True
15044C,PURPLE PAPER PARASOL,2009-12-01,2011-12-06,181,967,232,True
21448,12 DAISY PEGS IN WOOD BOX,2009-12-02,2011-10-16,171,955,215,True
85131B,BEADED CRYSTAL HEART GREEN ON STICK,2009-12-16,2011-12-09,160,948,216,True
22275,WEEKEND BAG VINTAGE ROSE PAISLEY,2009-12-01,2010-12-02,172,946,319,True
79160,HEART SHAPE WIRELESS DOORBELL,2009-12-01,2011-12-08,154,944,215,True
21432,SET OF 3 CASES WOODLAND DESIGN,2009-12-01,2010-11-19,155,942,239,True
22495,SET OF 2 ROUND TINS CAMEMBERT ,2010-01-29,2011-12-09,175,940,239,True
21534,DAIRY MAID LARGE MILK JUG,2009-12-01,2011-12-07,262,938,345,True
72807A,SET/3 ROSE CANDLE IN JEWELLED BOX,2009-12-01,2011-11-25,168,933,224,True
21557,SET OF 6 FUNKY BEAKERS,2009-12-01,2011-12-09,223,932,304,True
22497,SET OF 2 TINS VINTAGE BATHROOM ,2010-01-31,2011-12-05,206,929,280,True
21466,RED FLOWER CROCHET FOOD COVER,2009-12-01,2011-12-08,220,927,276,True
72802A,ROSE SCENT CANDLE IN JEWELLED BOX,2009-12-02,2011-12-01,153,923,187,True
22838,3 TIER CAKE TIN RED AND CREAM,2010-10-14,2011-12-09,161,922,271,True
85054,FRENCH ENAMEL POT W LID,2009-12-01,2011-11-28,172,916,208,True
82613B,"METAL SIGN,CUPCAKE SINGLE HOOK",2009-12-01,2011-12-06,186,910,234,True
21528,DAIRY MAID TRADITIONAL TEAPOT ,2009-12-01,2011-12-09,215,899,257,True
21865,PINK UNION JACK  PASSPORT COVER ,2009-12-01,2011-12-08,231,896,300,True
22119,PEACE WOODEN BLOCK LETTERS,2009-12-01,2011-12-09,201,896,347,True
37500,TEA TIME TEAPOT IN GIFT BOX,2009-12-01,2011-12-09,213,881,264,True
21775,DECORATIVE FLORE BATHROOM BOTTLE,2009-12-02,2011-12-08,215,874,278,True
23184,BULL DOG BOTTLE OPENER,2011-03-06,2011-12-09,153,874,266,True
22781,GUMBALL MAGAZINE RACK,2010-10-17,2011-12-08,192,867,308,True
84519B,CARROT CHARLIE+LOLA COASTER SET,2009-12-01,2011-12-09,169,867,215,True
22425,ENAMEL COLANDER CREAM,2010-05-16,2011-12-08,207,854,302,True
21735,TWO DOOR CURIO CABINET,2009-12-01,2011-09-16,187,853,262,True
84031B,CHARLIE LOLA BLUE HOT WATER BOTTLE ,2009-12-01,2011-12-09,177,840,276,True
22626,BLACK KITCHEN SCALES,2010-04-30,2011-12-08,231,837,339,True
22846,BREAD BIN DINER STYLE RED ,2010-10-14,2011-12-08,193,825,346,True
22116,METAL SIGN HIS DINNER IS SERVED,2009-12-01,2011-12-09,158,823,198,True
22842,BISCUIT TIN VINTAGE RED,2010-10-13,2011-12-05,153,818,238,True
20767,BLUE PAISLEY JOURNAL ,2009-12-01,2011-12-06,156,812,179,True
22473,TV DINNER TRAY VINTAGE PAISLEY,2010-03-11,2011-12-08,157,811,209,True
22796,PHOTO FRAME 3 CLASSIC HANGING,2010-10-10,2011-12-08,197,806,318,True
22890,NOVELTY BISCUITS CAKE STAND 3 TIER,2010-10-14,2011-12-09,162,800,261,True
22118,JOY WOODEN BLOCK LETTERS,2009-12-01,2011-12-09,175,799,276,True
20669,RED HEART LUGGAGE TAG,2009-12-02,2011-12-09,177,797,220,True
21465,PINK FLOWER CROCHET FOOD COVER,2009-12-01,2011-12-01,153,793,187,True
82613C,"METAL SIGN,CUPCAKE SINGLE HOOK",2009-12-02,2011-12-02,154,783,199,True
20702,PINK PADDED MOBILE,2009-12-03,2011-10-26,188,782,248,True
22363,GLASS JAR MARMALADE ,2010-03-15,2011-12-08,150,781,172,True
22841,ROUND CAKE TIN VINTAGE GREEN,2010-10-13,2011-12-08,187,772,306,True
22475,SKULL DESIGN TV DINNER TRAY,2010-03-05,2011-12-08,193,769,259,True
22691,DOORMAT WELCOME SUNRISE,2010-06-28,2011-12-08,164,758,218,True
21246,RED RETROSPOT BIG BOWL,2009-12-01,2011-09-04,163,749,209,True
22362,GLASS JAR PEACOCK BATH SALTS,2010-03-15,2011-12-09,189,747,253,True
22220,CAKE STAND LOVEBIRD 2 TIER WHITE,2009-12-02,2011-12-09,204,745,270,True
21576,LETS GO SHOPPING COTTON TOTE BAG,2009-12-01,2011-12-08,156,732,207,True
22496,SET OF 2 ROUND TINS DUTCH CHEESE,2010-01-29,2011-12-09,151,731,194,True
21794,CLASSIC FRENCH STYLE BASKET NATURAL,2010-01-27,2011-10-25,151,713,178,True
21408,SPOTTY PINK DUCK DOORSTOP,2009-12-02,2011-12-09,187,703,240,True
85232D,SET/3 DECOUPAGE STACKING TINS,2009-12-01,2011-12-08,177,702,224,True
85059,FRENCH ENAMEL WATER BASIN,2009-12-01,2011-12-09,167,701,213,True
22325,MOBILE VINTAGE HEARTS ,2009-12-01,2011-11-29,159,699,225,True
22167, OVAL WALL MIRROR DIAMANTE ,2009-12-01,2011-12-09,228,690,304,True
22443,GROW YOUR OWN HERBS SET OF 3,2010-03-23,2011-08-05,181,683,265,True
22308,TEA COSY BLUE STRIPE,2009-12-01,2011-12-09,162,677,214,True
22168,ORGANISER WOOD ANTIQUE WHITE ,2009-12-08,2011-04-12,207,659,312,True
21781,MA CAMPAGNE CUTLERY BOX,2009-12-01,2011-07-10,240,655,367,True
84509B,SET OF 4 FAIRY CAKE PLACEMATS,2009-12-02,2011-12-08,161,654,202,True
85065,CREAM SWEETHEART TRAYS,2009-12-02,2010-10-29,158,620,256,True
84913A,SOFT PINK ROSE TOWEL ,2009-12-09,2011-11-07,195,608,266,True
22372,AIRLINE BAG VINTAGE WORLD CHAMPION ,2010-02-11,2011-12-09,217,604,288,True
22320,BIRDS MOBILE VINTAGE DESIGN,2009-12-01,2011-12-08,151,598,180,True
85185B,PINK HORSE SOCK PUPPET,2009-12-01,2011-11-30,153,593,186,True
20686,DOLLY MIXTURE CHILDREN'S UMBRELLA,2009-12-02,2011-12-08,154,590,186,True
22375,AIRLINE BAG VINTAGE JET SET BROWN,2010-02-14,2011-12-08,221,590,285,True
84659A,WHITE TRAVEL ALARM CLOCK,2009-12-03,2011-11-21,160,588,225,True
22500,SET OF 2 TINS JARDIN DE PROVENCE,2010-01-31,2011-12-09,156,580,199,True
22839,3 TIER CAKE TIN GREEN AND CREAM,2010-10-14,2011-12-08,185,579,261,True
20619,TROPICAL PASSPORT COVER ,2009-12-01,2011-12-05,157,578,194,True
22282,12 EGG HOUSE PAINTED WOOD,2009-12-01,2011-12-08,175,561,216,True
21361,LOVE LARGE WOOD LETTERS ,2010-02-11,2011-07-22,194,556,288,True
21056,DOCTOR'S BAG SOFT TOY,2009-12-03,2011-12-08,160,545,195,True
21464,DISCO BALL ROTATOR BATTERY OPERATED,2009-12-02,2011-12-01,179,539,217,True
84968A,SET OF 16 VINTAGE ROSE CUTLERY,2009-12-03,2011-12-04,156,535,209,True
22376,AIRLINE BAG VINTAGE JET SET WHITE,2010-02-14,2011-12-08,196,529,249,True
84581,DOG TOY WITH PINK CROCHET SKIRT,2009-12-03,2011-12-04,194,506,236,True
22428,ENAMEL FIRE BUCKET CREAM,2010-04-08,2011-12-08,151,459,192,True
21742,LARGE ROUND WICKER PLATTER ,2009-12-01,2011-12-08,155,437,195,True
84913B,MINT GREEN ROSE TOWEL,2009-12-02,2011-12-02,154,420,200,True
22794,SWEETHEART WIRE MAGAZINE RACK,2010-10-17,2011-12-09,161,389,209,True
21055,TOOL BOX SOFT TOY ,2009-12-01,2011-12-08,173,386,223,True
23843,"PAPER CRAFT , LITTLE BIRDIE",2011-12-09,2011-12-09,1,80995,1,False
23166,MEDIUM CERAMIC TOP STORAGE JAR,2011-01-18,2011-12-09,125,78033,250,False
23084,RABBIT NIGHT LIGHT,2011-05-10,2011-12-09,136,30739,1017,False
16014,SMALL CHINESE STYLE SCISSOR,2009-12-03,2011-12-09,87,29355,93,False
37410,BLACK AND WHITE PAISLEY FLOWER MUG,2009-12-01,2010-04-07,25,25707,33,False
21088,SET/6 FRUIT SALAD PAPER CUPS,2009-12-15,2011-12-08,107,16615,137,False
21096,SET/6 FRUIT SALAD  PAPER PLATES,2009-12-10,2011-12-08,107,15919,143,False
16033,MINI HIGHLIGHTER PENS,2009-12-10,2011-02-17,46,15121,50,False
21085,SET/6 WOODLAND PAPER CUPS,2009-12-01,2010-07-12,53,13731,68,False
21091,SET/6 WOODLAND PAPER PLATES,2009-12-01,2010-03-18,38,13700,48,False
37340,MULTICOLOUR SPRING FLOWER MUG,2009-12-01,2011-12-08,147,13665,205,False
21099,SET/6 STRAWBERRY PAPER CUPS,2009-12-01,2010-05-07,30,13290,34,False
21092,SET/6 STRAWBERRY PAPER PLATES,2009-12-07,2010-03-17,26,12846,28,False
85220,SMALL FAIRY CAKE FRIDGE MAGNETS,2009-12-02,2010-02-17,5,12236,5,False
23310,BUBBLEGUM RING ASSORTED,2011-06-09,2011-12-09,123,12050,246,False
85110,BLACK SILVER FLOWER T-LIGHT HOLDER,2009-12-10,2010-09-27,21,11520,23,False
18007,ESSENTIAL BALM 3.5g TIN IN ENVELOPE,2009-12-02,2011-07-20,62,11396,74,False
20993,JAZZ HEARTS MEMO PAD,2009-12-04,2010-03-09,26,10967,32,False
17084R,ASSORTED INCENSE PACK,2009-12-02,2011-12-05,64,10625,66,False
16047,POP ART PEN CASE & PENS,2009-12-01,2010-10-24,28,10612,31,False
23344,JUMBO BAG 50'S CHRISTMAS ,2011-06-15,2011-12-09,136,10285,722,False
16046,TEATIME PEN CASE & PENS,2009-12-04,2011-11-28,55,10056,62,False
22959,WRAP CHRISTMAS VILLAGE,2010-09-06,2011-12-08,124,9738,285,False
62018,SOMBRERO ,2009-12-02,2011-12-06,108,9567,127,False
16045,POPART WOODEN PENCILS ASST,2010-01-07,2011-12-05,62,9312,75,False
85160A,WHITE BIRD GARDEN DESIGN MUG,2009-12-10,2011-01-25,33,8824,35,False
23293,SET OF 12 FAIRY CAKE BAKING CASES,2011-07-12,2011-12-09,128,8471,554,False
22950,36 DOILIES VINTAGE CHRISTMAS,2010-09-19,2011-11-07,113,8333,356,False
85184D,S/4 BLUE ROUND DECOUPAGE BOXES,2009-12-01,2010-09-27,58,8312,67,False
16162L,THE KING GIFT BAG,2009-12-09,2011-09-13,25,8101,30,False
21392,RED SPOTTY PUDDING BOWL,2009-12-03,2011-03-17,46,7545,49,False
22710,WRAP I LOVE LONDON ,2010-05-27,2011-12-06,140,7184,173,False
21082,SET/20 FRUIT SALAD PAPER NAPKINS ,2009-12-01,2011-06-28,129,7183,165,False
20991,JAZZ HEARTS MAGNETIC MEMO PAD,2009-12-01,2010-02-19,23,7084,32,False
47503E,ASS FLORAL PRINT SCISSORS,2009-12-08,2010-09-28,25,6842,25,False
23078,ICE CREAM PEN LIP GLOSS ,2011-03-24,2011-12-07,146,6831,257,False
72232,FENG SHUI PILLAR CANDLE,2009-12-06,2011-12-09,105,6268,119,False
17096,ASSORTED LAQUERED INCENSE HOLDERS,2009-12-02,2011-07-19,68,6240,76,False
16044,POP-ART FLUORESCENT PENS,2010-01-07,2010-02-18,3,6193,3,False
37423,WHITE WITH BLACK CATS PLATE,2009-12-02,2011-03-18,56,6168,70,False
22540,MINI JIGSAW CIRCUS PARADE ,2010-03-28,2011-12-09,146,6162,190,False
85160B,BLACK BIRD GARDEN DESIGN MUG,2009-12-14,2011-11-13,34,6156,38,False
23295,SET OF 12 MINI LOAF BAKING CASES,2011-07-12,2011-12-09,127,6134,450,False
22338,STAR DECORATION PAINTED ZINC ,2009-12-01,2011-12-09,137,6087,271,False
23343,JUMBO BAG VINTAGE CHRISTMAS ,2011-06-13,2011-12-09,120,6078,486,False
23167,SMALL CERAMIC TOP STORAGE JAR ,2011-05-11,2011-12-09,127,5847,238,False
23355,HOT WATER BOTTLE KEEP CALM,2011-08-22,2011-12-09,94,5816,796,False
20759,CHRYSANTHEMUM POCKET BOOK ,2009-12-17,2011-12-07,50,5777,63,False
22608,PENS ASSORTED FUNKY JEWELED ,2010-02-26,2011-12-09,124,5735,170,False
20756,GREEN FERN POCKET BOOK,2009-12-01,2011-11-22,50,5728,64,False
20760,GARDEN PATH POCKET BOOK,2009-12-04,2011-11-24,63,5550,82,False
23284,DOORMAT KEEP CALM AND COME IN,2011-04-27,2011-12-09,144,5487,732,False
16259,PIECE OF CAMO STATIONERY SET,2009-12-07,2011-11-13,51,5473,55,False
20758,ABSTRACT CIRCLES POCKET BOOK,2009-12-01,2011-12-07,75,5425,97,False
37351,ORANGE FLOWER MUG ,2009-12-22,2011-03-20,11,5404,11,False
22711,WRAP CIRCUS PARADE,2010-05-27,2011-12-09,145,5377,181,False
20757,RED DAISY POCKET BOOK ,2009-12-07,2011-11-27,64,5347,79,False
22708,WRAP DOLLY GIRL,2010-06-02,2011-12-08,128,5325,159,False
20729,RED SPOTTY CANDY BAG,2009-12-01,2010-06-16,72,5262,121,False
37424,WHITE WITH BLACK CATS MUG,2009-12-01,2010-11-21,86,5249,108,False
21393,BLUE  SPOTTY PUDDING BOWL,2010-01-08,2011-03-28,41,5244,44,False
84670,JAPANESE CROCHETED ANIMAL,2009-12-01,2010-11-22,128,5196,189,False
23233,WRAP POPPIES  DESIGN,2011-01-16,2011-12-08,111,5175,159,False
20755,BLUE PAISLEY POCKET BOOK,2009-12-07,2011-12-07,97,5145,122,False
23144,ZINC T-LIGHT HOLDER STARS SMALL,2011-04-21,2011-12-08,143,5089,275,False
23286,BLUE VINTAGE SPOT BEAKER,2011-06-12,2011-12-08,117,5048,222,False
23581,JUMBO BAG PAISLEY PARK,2011-10-25,2011-12-09,40,5020,345,False
23296,SET OF 6 TEA TIME BAKING CASES,2011-07-12,2011-12-08,121,4979,382,False
22812,PACK 3 BOXES CHRISTMAS PANNETONE,2010-09-15,2011-12-05,148,4879,473,False
22944,CHRISTMAS METAL POSTCARD WITH BELLS,2010-09-19,2011-12-08,94,4870,163,False
23285,PINK VINTAGE SPOT BEAKER,2011-06-12,2011-12-09,106,4807,192,False
23582,VINTAGE DOILY JUMBO BAG RED ,2011-10-25,2011-12-08,39,4802,262,False
23005,TRAVEL CARD WALLET I LOVE LONDON,2011-02-17,2011-12-09,123,4733,244,False
22985,"WRAP, BILLBOARD FONTS DESIGN",2010-09-07,2011-12-09,111,4722,136,False
22336,DOVE DECORATION PAINTED ZINC ,2009-12-01,2011-10-14,136,4661,222,False
37352,BIRD IN TREE MUG ,2009-12-17,2010-11-01,7,4643,8,False
16218,CARTOON  PENCIL SHARPENERS,2009-12-08,2011-12-09,84,4629,98,False
23288,GREEN VINTAGE SPOT BEAKER,2011-06-12,2011-12-08,109,4625,186,False
16169E,WRAP 50'S  CHRISTMAS,2011-07-21,2011-12-09,83,4563,150,False
22053,EMPIRE DESIGN ROSETTE,2009-12-03,2011-11-08,75,4551,87,False
17109B,FLOWER FAIRY INCENSE LAVENDER,2009-12-02,2010-03-05,15,4542,17,False
23294,SET OF 6 SNACK LOAF BAKING CASES,2011-07-12,2011-12-09,118,4392,358,False
47504E,ENGLISH ROSE SCISSORS,2009-12-01,2010-10-12,43,4387,48,False
22546,MINI JIGSAW PURDEY,2010-03-26,2011-12-08,144,4375,182,False
16053,POPART COL BALLPOINT PEN ASST,2010-01-07,2010-11-16,10,4313,10,False
23297,SET 40 HEART SHAPE PETIT FOUR CASES,2011-07-12,2011-11-22,58,4303,163,False
22142,CHRISTMAS CRAFT WHITE FAIRY ,2009-12-01,2011-12-09,148,4300,515,False
85172,HYACINTH BULB T-LIGHT CANDLES,2009-12-01,2011-12-06,130,4271,153,False
84990,60 GOLD AND SILVER FAIRY CAKE CASES,2009-12-01,2011-05-08,135,4248,199,False
22706,WRAP COWBOYS  ,2010-06-02,2011-12-07,104,4222,125,False
85109,PINK BOUDOIR T-LIGHT HOLDER,2009-12-11,2010-12-19,18,4211,20,False
16216,LETTER SHAPE PENCIL SHARPENER,2009-12-04,2011-12-07,77,4158,89,False
20731,POSY CANDY BAG,2009-12-07,2011-06-20,67,4142,73,False
21287,SCENTED VELVET LOUNGE CANDLE ,2009-12-04,2011-12-06,79,4107,93,False
23103,JINGLE BELL HEART DECORATION,2011-05-11,2011-12-09,133,4072,376,False
72756,FAIRY CAKE CANDLES,2009-12-01,2010-06-15,24,4012,129,False
23353,6 GIFT TAGS VINTAGE CHRISTMAS ,2011-08-02,2011-12-09,94,4007,331,False
21394,RED POLKADOT BEAKER ,2010-01-26,2011-11-13,111,4005,150,False
23378,PACK OF 12 50'S CHRISTMAS TISSUES,2011-09-01,2011-12-09,74,3997,183,False
23439,HAND WARMER RED LOVE HEART,2011-08-24,2011-12-09,86,3986,412,False
17091J,VANILLA INCENSE IN TIN,2009-12-01,2011-12-09,144,3964,183,False
23493,VINTAGE DOILY TRAVEL SEWING KIT,2011-09-22,2011-12-09,68,3964,424,False
22299,PIG KEYRING WITH LIGHT & SOUND ,2009-12-03,2011-12-09,147,3912,202,False
35953,FOLKART STAR CHRISTMAS DECORATIONS,2009-12-03,2011-12-09,86,3868,158,False
23263,SET OF 3 WOODEN HEART DECORATIONS,2011-06-02,2011-12-08,136,3863,474,False
23172,REGENCY TEA PLATE PINK,2011-05-10,2011-12-09,139,3861,305,False
85198,ASSORTED FARMYARD ANIMALS IN BUCKET,2009-12-07,2011-05-18,44,3859,53,False
21819,GLITTER CHRISTMAS STAR ,2009-12-01,2011-12-08,129,3847,257,False
72008,FROSTED BOX 9 WHITE T-LIGHT CANDLES,2009-12-01,2010-11-14,138,3819,220,False
16011,ANIMAL STICKERS,2009-12-04,2011-12-07,105,3812,112,False
23318,BOX OF 6 MINI VINTAGE CRACKERS,2011-07-04,2011-12-09,98,3809,382,False
84508A,CAMOUFLAGE DESIGN TEDDY,2009-12-01,2011-09-21,99,3809,109,False
23354,6 GIFT TAGS 50'S CHRISTMAS ,2011-08-02,2011-12-09,95,3740,330,False
22705,WRAP GREEN PEARS ,2010-05-27,2011-12-06,126,3733,151,False
17021,NAMASTE SWAGAT INCENSE,2010-01-22,2011-12-05,70,3720,83,False
23275,SET OF 3 HANGING OWLS OLLIE BEAK,2011-06-02,2011-12-09,124,3720,334,False
23319,BOX OF 6 MINI 50'S CRACKERS,2011-07-07,2011-12-09,104,3720,411,False
17039,INLAID WOOD INCENSE HOLDER,2009-12-02,2010-08-09,39,3707,43,False
21281,VINTAGE KITCHEN PRINT SEAFOOD,2009-12-02,2011-11-09,63,3680,67,False
22141,CHRISTMAS CRAFT TREE TOP ANGEL,2009-12-01,2011-12-09,145,3663,582,False
20777,CHRYSANTHEMUM NOTEBOOK,2009-12-01,2011-12-09,131,3660,170,False
79164,BLACK WINE GLASS,2009-12-01,2011-11-07,77,3653,92,False
23503,PLAYING CARDS KEEP CALM & CARRY ON,2011-09-22,2011-12-09,68,3643,342,False
20778,GARDEN PATH NOTEBOOK ,2009-12-02,2011-04-26,75,3611,91,False
20775,DAISY NOTEBOOK ,2009-12-06,2011-12-05,90,3604,113,False
35957,SMALLFOLKART BAUBLE CHRISTMAS DEC,2009-12-01,2011-01-13,100,3565,148,False
23215,JINGLE BELL HEART ANTIQUE SILVER,2011-06-01,2011-12-09,93,3564,213,False
85221,ASSORTED COLOUR SILK COIN PURSE,2009-12-02,2010-05-10,38,3558,48,False
23351,ROLL WRAP 50'S CHRISTMAS,2011-08-04,2011-12-09,90,3535,358,False
22837,HOT WATER BOTTLE BABUSHKA ,2010-10-06,2011-09-25,102,3534,464,False
21279,VINTAGE KITCHEN PRINT FRUITS,2009-12-02,2011-12-04,90,3527,101,False
22052,VINTAGE CARAVAN GIFT WRAP,2009-12-04,2011-07-11,107,3525,128,False
22339,CHRISTMAS TREE PAINTED ZINC ,2009-12-02,2011-11-20,95,3521,151,False
22049,WRAP CHRISTMAS SCREEN PRINT,2009-12-02,2011-10-20,72,3500,115,False
20774,GREEN FERN NOTEBOOK,2009-12-01,2011-10-04,96,3484,120,False
23188,VINTAGE  2 METER FOLDING RULER,2011-06-14,2011-12-09,127,3471,337,False
22127,PARTY CONES CARNIVAL ASSORTED,2009-12-01,2011-03-23,116,3468,159,False
16048,TEATIME ROUND PENCIL SHARPENER ,2009-12-07,2011-12-08,88,3461,106,False
22545,MINI JIGSAW BUNNIES,2010-03-26,2011-12-09,146,3451,185,False
23326,HANGING MINI COLOURED BOTTLES,2011-08-11,2011-12-09,50,3442,76,False
22733,3D TRADITIONAL CHRISTMAS STICKERS,2010-09-17,2011-12-09,147,3441,344,False
23583,LUNCH BAG PAISLEY PARK  ,2011-10-25,2011-12-09,40,3385,332,False
16219,HOUSE SHAPE PENCIL SHARPENER,2009-12-06,2011-12-08,107,3357,128,False
23198,PANTRY MAGNETIC  SHOPPING LIST,2011-06-22,2011-12-09,140,3342,485,False
20773,BLUE PAISLEY NOTEBOOK,2009-12-01,2011-09-12,97,3339,120,False
21280,VINTAGE KITCHEN PRINT VEGETABLES,2009-12-04,2011-11-09,68,3333,70,False
22050,PINK PAISLEY ROSE GIFT WRAP,2009-12-04,2011-12-05,102,3300,115,False
22343,PARTY PIZZA DISH RED RETROSPOT,2009-12-02,2011-12-08,147,3297,188,False
23168,CLASSIC CAFE SUGAR DISPENSER,2011-05-12,2011-12-09,146,3291,342,False
22915,ASSORTED BOTTLE TOP  MAGNETS ,2010-11-19,2011-12-09,133,3281,195,False
17033,"BROCADE PURSE,SMALL ARCH BUTTON",2009-12-02,2010-10-19,56,3280,69,False
23367,SET 12 COLOUR PENCILS SPACEBOY ,2011-09-22,2011-12-09,68,3278,285,False
20776,ABSTRACT CIRCLES NOTEBOOK,2009-12-01,2010-09-17,57,3258,85,False
23546,WRAP PAISLEY PARK ,2011-07-19,2011-12-08,81,3250,120,False
22543,MINI JIGSAW BAKE A CAKE ,2010-03-26,2011-12-08,99,3247,118,False
22129,PARTY CONES CANDY TREE DECORATION,2009-12-02,2011-12-09,133,3246,175,False
22148,EASTER CRAFT 4 CHICKS ,2009-12-02,2011-12-04,148,3237,305,False
21807,WHITE CHRISTMAS STAR DECORATION,2009-12-01,2011-11-22,109,3225,178,False
23349,ROLL WRAP VINTAGE CHRISTMAS,2011-08-04,2011-12-09,91,3221,343,False
47503K,ASSORTED FLORAL SECATEURS,2009-12-01,2010-06-21,36,3177,43,False
22051,BLUE SCANDINAVIAN PAISLEY WRAP,2009-12-01,2011-11-24,107,3175,116,False
16049,TEATIME GEL PENS ASST,2009-12-04,2011-05-25,28,3169,32,False
21413,PERIWINKLE T-LIGHT HOLDER,2009-12-08,2011-11-13,49,3162,52,False
21422,PORCELAIN ROSE SMALL,2009-12-03,2011-11-28,129,3160,148,False
23175,REGENCY MILK JUG PINK ,2011-05-10,2011-12-09,135,3160,331,False
16008,SMALL FOLDING SCISSOR(POINTED EDGE),2010-03-19,2011-12-09,71,3141,85,False
17109C,FLOWER FAIRY INCENSE ROSE,2009-12-02,2010-03-03,12,3124,15,False
22599,CHRISTMAS MUSICAL ZINC STAR,2010-07-25,2011-12-09,110,3119,191,False
23165,LARGE CERAMIC TOP STORAGE JAR,2011-05-12,2011-12-09,131,3114,283,False
84929,ASSTD FRUIT+FLOWERS FRIDGE MAGNETS,2009-12-01,2011-11-24,82,3096,93,False
23322,LARGE WHITE HEART OF WICKER,2011-06-12,2011-12-09,148,3069,572,False
23174,REGENCY SUGAR BOWL GREEN,2011-05-10,2011-12-08,143,3055,324,False
85006,SET 4 NURSERY DES ROUND BOXES,2009-12-01,2011-04-27,37,3049,37,False
23376,PACK OF 12 VINTAGE CHRISTMAS TISSUE,2011-09-01,2011-12-09,71,3039,159,False
21809,CHRISTMAS HANGING TREE WITH BELL,2009-12-01,2011-12-09,132,3015,212,False
79323W, WHITE CHERRY LIGHTS,2009-12-01,2010-09-16,106,3004,350,False
23313,VINTAGE CHRISTMAS BUNTING,2011-07-12,2011-12-09,104,2990,408,False
22319,HAIRCLIPS FORTIES FABRIC ASSORTED,2009-12-01,2011-12-09,141,2987,174,False
21395,BLUE POLKADOT BEAKER ,2009-12-07,2011-11-03,95,2968,115,False
22731,3D CHRISTMAS STAMPS STICKERS ,2010-09-16,2011-12-07,139,2958,269,False
85230F,JASMINE VOTIVE CANDLE,2009-12-02,2011-11-10,54,2946,62,False
79029,GLASS HONEYPOT WASP CATCHER,2009-12-01,2010-08-09,149,2944,349,False
85111,SILVER GLITTER FLOWER VOTIVE HOLDER,2009-12-02,2011-12-08,67,2907,78,False
16012,FOOD/DRINK SPONGE STICKERS,2009-12-02,2011-12-05,73,2901,84,False
22999,TRAVEL CARD WALLET VINTAGE LEAF,2011-02-17,2011-12-09,146,2894,225,False
23507,MINI PLAYING CARDS BUFFALO BILL ,2011-09-22,2011-12-08,56,2882,127,False
21491,SET OF THREE VINTAGE GIFT WRAPS,2009-12-01,2010-12-16,88,2878,250,False
85217,ASSORTED ICE CREAM FRIDGE MAGNETS,2009-12-01,2010-09-09,117,2869,165,False
22532,MAGIC DRAWING SLATE LEAP FROG ,2010-03-28,2011-12-08,136,2862,180,False
47503A,ASS FLORAL PRINT MULTI SCREWDRIVER,2009-12-02,2011-11-28,141,2853,200,False
23210,WHITE ROCKING HORSE HAND PAINTED,2011-06-02,2011-12-09,87,2849,202,False
85216,ASSORTED CAKES FRIDGE MAGNETS,2009-12-01,2011-11-18,140,2849,188,False
23328,SET 6 SCHOOL MILK BOTTLES IN CRATE,2011-08-08,2011-12-09,105,2841,409,False
23571,TRADITIONAL NAUGHTS & CROSSES,2011-10-21,2011-12-09,43,2841,262,False
85212,MINI PAINTED GARDEN DECORATION ,2009-12-02,2011-12-07,108,2831,121,False
22040,BOTANICAL ROSE GIFT WRAP,2009-12-04,2011-11-17,86,2815,94,False
22048,BIRTHDAY BANQUET GIFT WRAP,2009-12-04,2011-12-05,91,2815,102,False
23306,SET OF 36 DOILIES PANTRY DESIGN,2011-06-05,2011-12-05,123,2808,279,False
22709,WRAP WEDDING DAY,2010-06-02,2011-12-08,65,2799,77,False
22774,RED DRAWER KNOB ACRYLIC EDWARDIAN,2010-10-17,2011-12-07,130,2791,185,False
21077,SET/20 WOODLAND PAPER NAPKINS ,2009-12-02,2010-09-09,117,2790,195,False
21824,PAINTED METAL STAR WITH HOLLY BELLS,2009-12-02,2011-11-15,117,2782,220,False
84509F,SET OF 4 NEW ENGLAND PLACEMATS,2009-12-04,2010-11-10,41,2781,46,False
23570,TRADITIONAL PICK UP STICKS GAME ,2011-10-21,2011-12-09,43,2772,286,False
21278,VINTAGE KITCHEN PRINT PUDDINGS,2009-12-08,2011-07-15,99,2758,119,False
84691,PACK 20 DOLLY PEGS,2009-12-01,2011-05-31,139,2747,236,False
23506,MINI PLAYING CARDS SPACEBOY ,2011-09-22,2011-12-09,58,2723,151,False
22893,MINI CAKE STAND T-LIGHT HOLDER,2010-10-15,2011-12-08,129,2721,183,False
22347,PIZZA SLICE DISH,2009-12-01,2010-08-20,75,2716,115,False
23350,ROLL WRAP VINTAGE SPOT ,2011-08-04,2011-12-09,95,2712,311,False
37444A,YELLOW BREAKFAST CUP AND SAUCER,2009-12-01,2011-07-13,42,2709,43,False
21806,WHITE CHRISTMAS HEART DECORATION,2009-12-01,2010-11-29,82,2707,132,False
47587A,PINK FAIRY CAKE COASTER,2009-12-01,2010-05-14,24,2706,26,False
23154,SET OF 4 JAM JAR MAGNETS,2011-03-25,2011-12-07,145,2701,240,False
23445,ICE CREAM BUBBLES,2011-08-24,2011-12-09,64,2668,102,False
23320,GIANT 50'S CHRISTMAS CRACKER,2011-07-05,2011-12-09,98,2661,338,False
21702,SET 5 MINI GATEAUX  FRIDGE MAGNETS,2009-12-15,2010-02-15,6,2636,8,False
23158,SET OF 5 LUCKY CAT MAGNETS ,2011-03-25,2011-12-09,140,2633,255,False
23346,SPACEBOY BEAKER,2011-07-24,2011-12-08,96,2628,186,False
23508,MINI PLAYING CARDS DOLLY GIRL ,2011-09-22,2011-12-09,60,2627,128,False
22941,CHRISTMAS LIGHTS 10 REINDEER,2010-10-21,2011-12-09,135,2615,484,False
51008,AFGHAN SLIPPER SOCK PAIR,2009-12-02,2011-11-27,65,2604,80,False
22809,SET OF 6 T-LIGHTS SANTA,2010-09-20,2011-12-09,145,2568,382,False
47503F,ASS FLORAL PRINT TORCH,2009-12-02,2010-03-09,10,2567,11,False
17038,PORCELAIN BUDAH INCENSE HOLDER,2009-12-14,2011-12-09,55,2559,55,False
23497,CLASSIC CHROME BICYCLE BELL ,2011-10-28,2011-12-09,37,2558,200,False
23157,SET OF 6 NATIVITY MAGNETS ,2011-03-31,2011-12-05,83,2557,169,False
22997,TRAVEL CARD WALLET UNION JACK,2011-02-17,2011-12-09,138,2545,223,False
22266,EASTER DECORATION HANGING BUNNY,2009-12-17,2011-12-07,124,2542,170,False
84937,KASHMIR FOLKART TUMBLERS,2009-12-01,2010-05-07,77,2542,124,False
21705,BAG 500g SWIRLY MARBLES,2009-12-01,2011-12-09,143,2534,228,False
21845,DAIRY MAID STRIPE MUG,2009-12-09,2011-11-28,131,2521,158,False
23510,MINI PLAYING CARDS GYMKHANA,2011-09-22,2011-12-09,59,2521,125,False
23121,PACK OF 6 COCKTAIL PARASOL STRAWS,2011-06-17,2011-12-06,75,2501,116,False
23340,VINTAGE CHRISTMAS CAKE FRILL,2011-07-31,2011-12-09,75,2500,152,False
23236,STORAGE TIN VINTAGE DOILY ,2011-06-08,2011-12-08,125,2493,330,False
40001,WHITE BAMBOO RIBS LAMPSHADE,2009-12-06,2011-11-13,110,2484,121,False
23545,WRAP RED VINTAGE DOILY,2011-07-20,2011-12-08,62,2480,85,False
22337,ANGEL DECORATION PAINTED ZINC ,2009-12-01,2011-12-02,96,2473,149,False
21823,PAINTED METAL HEART WITH HOLLY BELL,2009-12-02,2011-11-15,121,2468,226,False
22978,PANTRY ROLLING PIN,2011-02-17,2011-12-08,146,2464,238,False
23374,RED SPOT PAPER GIFT BAG,2011-08-02,2011-12-08,69,2456,131,False
23345, DOLLY GIRL BEAKER,2011-07-24,2011-12-09,97,2451,176,False
21292,SMALL STRIPES CHOCOLATE GIFT BAG ,2009-12-04,2011-12-06,79,2449,91,False
85230E,STRAWBRY SCENTED VOTIVE CANDLE,2009-12-08,2011-09-11,61,2445,66,False
21167,WHITE SAGE INCENSE,2009-12-10,2011-12-08,97,2440,114,False
22529,MAGIC DRAWING SLATE GO TO THE FAIR ,2010-03-28,2011-12-08,123,2437,156,False
23290,SPACEBOY CHILDRENS BOWL,2011-06-13,2011-12-09,118,2430,214,False
21291,SMALL SPOTTY CHOCOLATE GIFT BAG ,2009-12-01,2011-11-28,126,2411,153,False
72818,CHRISTMAS DECOUPAGE CANDLE,2009-12-02,2011-10-31,80,2394,133,False
23311,VINTAGE CHRISTMAS STOCKING ,2011-07-14,2011-12-09,99,2390,347,False
23109,PACK OF SIX LED TEA LIGHTS,2011-05-11,2011-12-08,121,2386,272,False
21488,RED WHITE SCARF  HOT WATER BOTTLE,2009-12-01,2011-03-01,149,2384,364,False
22943,CHRISTMAS LIGHTS 10 VINTAGE BAUBLES,2010-10-21,2011-12-09,131,2381,358,False
22995,TRAVEL CARD WALLET SUKI,2011-02-17,2011-12-09,149,2381,268,False
22304,COFFEE MUG BLUE PAISLEY DESIGN,2009-12-01,2011-12-09,144,2380,167,False
23368,SET 12 COLOUR PENCILS DOLLY GIRL ,2011-09-22,2011-12-09,66,2379,236,False
21399,BLUE POLKADOT COFFEE MUG,2009-12-04,2011-06-05,94,2378,118,False
23356,LOVE HOT WATER BOTTLE,2011-08-22,2011-12-09,92,2359,486,False
23089,GLASS BON BON JAR,2011-05-12,2011-12-09,127,2354,228,False
85204,HANGING WOOD AND FELT FLOWER,2009-12-14,2011-12-07,133,2353,157,False
23380,PACK OF 12 VINTAGE DOILY TISSUES,2011-09-05,2011-12-09,59,2344,123,False
85071B,RED CHARLIE+LOLA PERSONAL DOORSIGN,2009-12-01,2011-12-08,124,2340,167,False
23187,FRENCH STYLE STORAGE JAR BONBONS,2011-03-08,2011-11-03,54,2338,75,False
84847,FLORAL BATHROOM SET,2009-12-14,2011-08-01,46,2330,49,False
23211,RED ROCKING HORSE HAND PAINTED,2011-06-02,2011-12-08,82,2329,162,False
23032,DRAWER KNOB CRACKLE GLAZE IVORY,2011-06-14,2011-11-27,104,2328,203,False
23082,SET 6 PAPER TABLE LANTERN HEARTS ,2011-05-11,2011-12-09,135,2328,303,False
85206A,CREAM FELT EASTER EGG BASKET,2009-12-01,2011-03-17,120,2327,322,False
21403,BLUE EGG  SPOON,2009-12-03,2011-12-08,134,2319,157,False
16016,LARGE CHINESE STYLE SCISSOR,2009-12-03,2011-12-09,98,2314,106,False
72586,SET OF 6 HALLOWEEN GHOST T-LIGHTS,2009-12-04,2011-12-01,132,2303,183,False
23212,HEART WREATH DECORATION WITH BELL,2011-06-02,2011-12-09,89,2296,191,False
21398,RED POLKADOT COFFEE  MUG,2009-12-01,2011-04-19,100,2295,126,False
23159,SET OF 5 PANCAKE DAY MAGNETS,2011-03-25,2011-11-28,137,2293,224,False
21066,VINTAGE RED MUG,2009-12-01,2011-12-01,113,2284,131,False
23119,PACK OF 6 LARGE FRUIT STRAWS ,2011-06-17,2011-12-08,90,2282,151,False
79323P,PINK CHERRY LIGHTS,2009-12-01,2011-01-11,95,2281,266,False
23334,IVORY WICKER HEART SMALL,2011-08-08,2011-12-09,73,2271,136,False
22305,COFFEE MUG PINK PAISLEY DESIGN,2009-12-01,2011-12-07,128,2267,144,False
85078,SCANDINAVIAN 3 HEARTS NAPKIN RING,2009-12-03,2011-11-02,123,2258,164,False
10123G,ARMY CAMO WRAPPING TAPE,2009-12-01,2010-11-29,15,2251,17,False
23122,PARTY CHARMS 50 PIECES,2011-06-17,2011-12-09,84,2251,136,False
23366,SET 12 COLOURING PENCILS DOILY,2011-09-22,2011-12-09,64,2249,198,False
21294,ETCHED GLASS COASTER,2009-12-02,2011-10-26,123,2246,141,False
23090,VINTAGE GLASS T-LIGHT HOLDER,2011-05-16,2011-12-07,83,2237,152,False
21112,"SWISS ROLL TOWEL, PINK  SPOTS",2009-12-01,2011-12-05,149,2222,190,False
21805,WHITE CHRISTMAS TREE DECORATION ,2009-12-01,2010-11-21,66,2221,105,False
23155,KNICKERBOCKERGLORY MAGNET ASSORTED ,2011-03-25,2011-12-08,91,2221,135,False
23108,SET OF 10 LED DOLLY LIGHTS,2011-05-11,2011-12-08,147,2219,373,False
20730,STRAWBERRY CANDY BAG,2009-12-01,2010-09-05,61,2218,102,False
23191,BUNDLE OF 3 RETRO NOTE BOOKS,2011-05-10,2011-12-09,143,2201,287,False
22810,SET OF 6 T-LIGHTS SNOWMEN,2010-09-20,2011-12-05,141,2199,332,False
22043,CHRISTMAS CARD SCREEN PRINT ,2009-12-06,2011-12-02,93,2197,126,False
90167,BEADED LOVE HEART JEWELLERY SET,2009-12-01,2010-12-05,88,2197,111,False
22994,TRAVEL CARD WALLET RETROSPOT,2011-02-16,2011-12-09,135,2194,219,False
23247,BISCUIT TIN 50'S CHRISTMAS,2011-06-08,2011-12-09,105,2194,309,False
23035,DRAWER KNOB CERAMIC IVORY,2011-06-14,2011-12-08,110,2191,192,False
23292,SPACEBOY CHILDRENS CUP,2011-06-13,2011-12-09,118,2181,223,False
35954,SMALL FOLKART STAR CHRISTMAS DEC,2009-12-01,2011-11-09,83,2181,112,False
35160,BUDDHA INCENSE HOLDER ASSORTED,2009-12-01,2010-10-12,53,2180,56,False
21192,WHITE BELL HONEYCOMB PAPER ,2009-12-01,2011-11-27,148,2167,222,False
23100,SILVER BELLS TABLE DECORATION,2011-05-11,2011-12-08,107,2166,263,False
23176,ABC TREASURE BOOK BOX ,2011-03-02,2011-12-08,142,2165,227,False
23241,TREASURE TIN GYMKHANA DESIGN,2011-06-08,2011-12-09,142,2165,366,False
35924,HANGING FAIRY CAKE DECORATION,2009-12-01,2011-12-08,143,2164,192,False
21397,BLUE  SPOTTY EGG CUP ,2009-12-04,2011-05-09,135,2157,180,False
22707,WRAP MONSTER FUN ,2010-05-27,2011-12-02,77,2157,83,False
22948,METAL DECORATION NAUGHTY CHILDREN ,2010-09-16,2011-12-09,138,2155,186,False
16043,POP ART PUSH DOWN RUBBER ,2009-12-16,2011-06-09,13,2145,13,False
23148,MINIATURE ANTIQUE ROSE HOOK IVORY,2011-04-21,2011-12-08,130,2139,254,False
85230B,CINNAMON SCENTED VOTIVE CANDLE,2009-12-08,2011-12-06,60,2120,68,False
23002,TRAVEL CARD WALLET SKULLS,2011-02-16,2011-12-09,130,2119,194,False
10125,MINI FUNKY DESIGN TAPES,2009-12-01,2011-12-09,124,2103,173,False
23434,3 RAFFIA RIBBONS 50'S CHRISTMAS ,2011-09-11,2011-12-09,71,2095,200,False
23333,IVORY WICKER HEART MEDIUM,2011-08-08,2011-12-07,91,2089,243,False
21143,ANTIQUE GLASS HEART DECORATION ,2009-12-01,2011-08-22,116,2088,187,False
17091A,LAVENDER INCENSE IN TIN,2009-12-06,2011-05-18,97,2085,117,False
23145,ZINC T-LIGHT HOLDER STAR LARGE,2011-04-21,2011-12-09,112,2084,170,False
84754,S/15 SILVER GLASS BAUBLES IN BAG,2009-12-01,2011-09-23,127,2083,224,False
16169K,WRAP FOLK ART,2009-12-04,2011-09-28,52,2075,60,False
22922,FRIDGE MAGNETS US DINER ASSORTED,2010-11-19,2011-12-09,89,2073,113,False
35015,JACOBS LADDER SMALL,2009-12-02,2010-11-07,34,2072,39,False
21587,COSY HOUR GIANT TUBE MATCHES,2009-12-01,2011-10-18,113,2071,271,False
16169M,WRAP DAISY CARPET ,2009-12-03,2011-12-02,54,2060,60,False
23332,IVORY WICKER HEART LARGE,2011-08-07,2011-12-09,94,2059,296,False
85118,HEART T-LIGHT HOLDER,2009-12-07,2011-01-17,69,2054,81,False
23266,SET OF 3 WOODEN STOCKING DECORATION,2011-06-09,2011-12-09,108,2053,337,False
21747,SMALL SKULL WINDMILL,2009-12-01,2011-11-30,128,2049,154,False
23101,SILVER STARS TABLE DECORATION,2011-05-12,2011-12-08,98,2031,214,False
16169N,WRAP BLUE RUSSIAN FOLKART,2009-12-01,2010-12-06,49,2025,56,False
23280,FOLDING BUTTERFLY MIRROR HOT PINK ,2011-05-09,2011-12-09,108,2023,158,False
22264,FELT FARM ANIMAL WHITE BUNNY ,2009-12-14,2011-12-09,113,2014,170,False
22949,36 DOILIES DOLLY GIRL,2010-09-19,2011-12-06,128,2010,177,False
37444B,BLUE BREAKFAST CUP AND SAUCER ,2009-12-01,2011-03-28,26,2010,28,False
21214,SET OF 72 IVORY PAPER DOILIES,2009-12-01,2010-10-08,121,2006,202,False
21785,RAIN PONCHO ,2009-12-04,2011-02-15,81,2005,101,False
20653,CHERRY BLOSSOM LUGGAGE TAG,2009-12-02,2011-12-05,70,2004,81,False
85224,ASSORTED COLOUR SILK GLASSES CASE,2009-12-02,2011-03-23,54,2004,64,False
23004,TRAVEL CARD WALLET PANTRY,2011-02-16,2011-12-09,141,2002,224,False
85218,S/5 MINI ICE CREAM FRIDGE MAGNETS,2010-01-14,2010-02-15,2,1992,2,False
85230A,OPIUM SCENTED VOTIVE CANDLE,2009-12-13,2011-12-02,46,1992,48,False
84975,HEART SHAPED MIRROR,2009-12-01,2010-12-08,139,1990,214,False
23186,FRENCH STYLE STORAGE JAR CAFE ,2011-03-08,2011-12-07,55,1982,71,False
23436,VINTAGE CHRISTMAS GIFT BAG LARGE ,2011-08-02,2011-12-08,68,1979,114,False
23264,SET OF 3 WOODEN SLEIGH DECORATIONS,2011-06-09,2011-12-09,104,1963,314,False
35095B,RED VICTORIAN FABRIC OVAL BOX,2009-12-01,2011-12-09,147,1952,177,False
22044,CHRISTMAS CARD STACK OF PRESENTS,2009-12-01,2011-11-07,60,1940,89,False
23437, 50'S CHRISTMAS GIFT BAG LARGE,2011-08-22,2011-12-09,66,1939,131,False
22286,"DECORATION , WOBBLY RABBIT , METAL ",2009-12-01,2011-12-01,140,1937,195,False
23083,SET 6 PAPER TABLE LANTERN STARS ,2011-05-15,2011-12-09,102,1932,249,False
21007,ETCHED GLASS DROPLET DECORATION,2009-12-02,2010-09-23,33,1927,48,False
23504,PLAYING CARDS JUBILEE UNION JACK,2011-09-22,2011-12-08,63,1927,217,False
72225C,LAVENDER SCENT CAKE CANDLE,2009-12-17,2011-11-29,37,1926,38,False
23193,BUFFALO BILL TREASURE BOOK BOX,2011-03-02,2011-12-09,121,1922,175,False
85014D,PINK/BROWN DOTS RUFFLED UMBRELLA,2009-12-01,2010-03-29,48,1918,90,False
21384,IVORY HANGING DECORATION  BUTTERFLY,2009-12-02,2010-05-19,84,1917,152,False
23399,HOME SWEET HOME HANGING HEART,2011-09-04,2011-12-09,81,1914,234,False
22101,MIRROR MOSAIC VOTIVE HOLDER,2009-12-01,2011-12-08,97,1909,117,False
21541,DINOSAURS WATER TRANSFER TATTOOS ,2009-12-01,2010-11-15,133,1907,203,False
85071A,BLUE CHARLIE+LOLA PERSONAL DOORSIGN,2009-12-01,2011-12-06,107,1907,149,False
22396,MAGNETS PACK OF 4 RETRO PHOTO,2010-03-26,2011-12-09,147,1895,185,False
23287,RED VINTAGE SPOT BEAKER,2011-06-13,2011-12-09,107,1879,200,False
20657,TROPICAL LUGGAGE TAG,2009-12-01,2011-11-11,95,1877,118,False
21542,WOODLAND WATER TRANSFER TATTOOS ,2009-12-01,2010-10-10,126,1877,191,False
23382,BOX OF 6 CHRISTMAS CAKE DECORATIONS,2011-10-13,2011-12-09,48,1875,221,False
23196,VINTAGE LEAF MAGNETIC NOTEPAD,2011-06-23,2011-12-09,118,1872,304,False
23229,VINTAGE DONKEY TAIL GAME ,2011-06-14,2011-12-09,115,1869,256,False
23147,SINGLE ANTIQUE ROSE HOOK IVORY,2011-04-21,2011-12-08,139,1868,265,False
23552,BICYCLE PUNCTURE REPAIR KIT ,2011-11-25,2011-12-09,13,1863,123,False
23365,SET 12 COLOUR PENCILS LOVE LONDON,2011-09-22,2011-12-09,56,1857,173,False
84006,MAGIC TREE -PAPER FLOWERS,2009-12-01,2011-12-08,144,1856,212,False
23550,WRAP ALPHABET POSTER  ,2011-07-18,2011-12-09,48,1855,64,False
85041,SET/4 PINK ORCHID CANDLES IN BOWL,2009-12-01,2010-07-15,62,1853,95,False
21014,SWISS CHALET TREE DECORATION ,2009-12-01,2011-11-23,122,1850,194,False
23238,SET OF 4 KNICK KNACK TINS LONDON ,2011-06-07,2011-12-09,132,1849,278,False
22265,EASTER DECORATION NATURAL CHICK,2009-12-02,2011-11-29,122,1843,177,False
22102,MIRROR MOSAIC T-LIGHT HOLDER ,2009-12-01,2011-11-28,54,1842,59,False
21011,GLITTER SNOW PEAR TREE DECORATION,2009-12-02,2010-12-21,73,1840,126,False
23551,PACK OF 12 PAISLEY PARK TISSUES ,2011-09-01,2011-12-09,70,1840,138,False
84012,MAGIC SHEEP WOOL GROWING FROM PAPER,2009-12-01,2011-12-08,130,1838,180,False
23194,GYMKHANA TREASURE BOOK BOX,2011-03-02,2011-12-09,131,1835,217,False
79163,BLACK CHAMPAGNE GLASS,2009-12-02,2011-09-18,56,1833,65,False
23163,REGENCY SUGAR TONGS,2011-04-27,2011-12-08,132,1832,209,False
35649,VINTAGE BEAD COSMETIC BAG ,2009-12-02,2011-12-08,48,1826,54,False
21336,GOLD WASHBAG,2009-12-04,2011-06-29,42,1823,43,False
23501,KEY RING BASEBALL BOOT UNION JACK,2011-10-05,2011-12-09,46,1821,114,False
85177,BASKET OF FLOWERS SEWING KIT,2009-12-02,2011-12-09,127,1820,143,False
72484,ROSES IN WHITE HEART CANDLE ,2009-12-02,2010-03-04,41,1818,66,False
85194L,HANGING SPRING FLOWER EGG LARGE,2009-12-07,2011-11-22,100,1818,147,False
85116,BLACK CANDELABRA T-LIGHT HOLDER,2009-12-01,2011-10-14,139,1817,182,False
23438, RED SPOT GIFT BAG LARGE,2011-08-03,2011-12-09,65,1809,109,False
35095A,BLUE VICTORIAN FABRIC OVAL BOX,2009-12-01,2011-12-09,138,1809,166,False
90057,DIAMANTE RING ASSORTED IN BOX.,2009-12-09,2011-12-08,33,1804,37,False
21503,TOYBOX  WRAP ,2009-12-16,2011-11-30,58,1801,64,False
23352,ROLL WRAP 50'S RED CHRISTMAS ,2011-08-04,2011-12-09,77,1800,213,False
22340,NOEL GARLAND PAINTED ZINC ,2009-12-01,2011-12-09,106,1799,184,False
23480,MINI LIGHTS WOODLAND MUSHROOMS,2011-10-19,2011-12-09,44,1798,218,False
23330,DECORATIVE WICKER HEART MEDIUM,2011-08-08,2011-12-08,91,1794,223,False
21421,PORCELAIN ROSE LARGE ,2009-12-06,2011-05-24,84,1792,108,False
22598,CHRISTMAS MUSICAL ZINC TREE,2010-07-26,2011-12-09,92,1790,146,False
21944,KITTENS DESIGN FLANNEL,2009-12-02,2011-12-08,142,1789,205,False
22957,SET 3 PAPER VINTAGE CHICK PAPER EGG,2011-01-14,2011-09-29,80,1775,216,False
21634,ASSORTED MINI MADRAS NOTEBOOK,2009-12-03,2011-10-16,64,1771,69,False
22921,HERB MARKER CHIVES ,2010-11-21,2011-12-08,138,1771,221,False
23265,SET OF 3 WOODEN TREE DECORATIONS,2011-06-09,2011-12-09,103,1769,305,False
23329,DECORATIVE WICKER HEART LARGE,2011-08-07,2011-12-08,93,1767,250,False
21666,RIDGED GLASS T-LIGHT HOLDER,2009-12-02,2011-12-06,78,1760,86,False
85194S,HANGING SPRING FLOWER EGG SMALL,2010-01-05,2011-12-04,105,1760,133,False
23006,TRAVEL CARD WALLET FLOWER MEADOW,2011-02-16,2011-12-08,119,1758,173,False
84341B,SMALL PINK MAGIC CHRISTMAS TREE,2009-12-01,2011-11-15,90,1757,125,False
79030G,"TUMBLER, NEW ENGLAND",2009-12-02,2011-06-03,90,1751,121,False
16169P,WRAP GREEN RUSSIAN FOLKART ,2009-12-04,2010-12-19,46,1750,48,False
22103,MIRROR MOSAIC T-LIGHT HOLDER ROUND,2009-12-01,2011-10-24,64,1746,71,False
37327,ASSTD MULTICOLOUR CIRCLES MUG,2009-12-02,2011-11-10,72,1739,91,False
22042,CHRISTMAS CARD SINGING ANGEL,2009-12-01,2011-12-06,87,1738,129,False
35832,WOOLLY HAT SOCK GLOVE ADVENT STRING,2009-12-01,2010-11-04,73,1737,190,False
22779,WOODEN OWLS LIGHT GARLAND ,2010-10-24,2011-12-08,141,1735,196,False
23327,HANGING CLEAR MINI BOTTLE,2011-08-10,2011-12-05,29,1734,42,False
84826,ASSTD DESIGN 3D PAPER STICKERS,2009-12-06,2011-12-07,44,1734,53,False
23271,CHRISTMAS TABLE SILVER CANDLE SPIKE,2011-06-13,2011-12-08,59,1731,106,False
35598D,PINK/WHITE CHRISTMAS TREE 60CM,2009-12-02,2011-12-04,82,1727,103,False
85183B,CHARLIE & LOLA WASTEPAPER BIN FLORA,2009-12-01,2011-12-04,139,1725,172,False
23234,BISCUIT TIN VINTAGE CHRISTMAS,2011-06-14,2011-12-09,109,1722,278,False
22902,TOTE BAG I LOVE LONDON,2010-09-26,2011-12-08,141,1716,201,False
23161,REGENCY CAKE FORK,2011-05-03,2011-12-08,76,1715,98,False
85226A,WHITE/BLUE PULL BACK RACING CAR,2009-12-02,2010-11-24,101,1714,151,False
23251,VINTAGE RED ENAMEL TRIM MUG ,2011-06-14,2011-12-09,84,1712,120,False
23371,SET 36 COLOUR PENCILS SPACEBOY ,2011-09-22,2011-12-09,65,1705,186,False
23190,BUNDLE OF 3 SCHOOL EXERCISE BOOKS  ,2011-05-09,2011-12-09,120,1702,203,False
21015,DARK BIRD HOUSE TREE DECORATION,2009-12-01,2011-12-09,116,1700,188,False
21402,RED  EGG  SPOON,2009-12-03,2011-12-09,134,1698,152,False
22157,ANGEL DECORATION WITH LACE PADDED,2009-12-02,2011-08-31,77,1698,128,False
21684,SMALL MEDINA STAMPED METAL BOWL ,2009-12-01,2011-12-09,95,1696,105,False
21817,GLITTER CHRISTMAS TREE,2009-12-01,2011-11-09,86,1687,135,False
16168M,FUNKY MONKEY GIFT BAG MEDIUM,2009-12-09,2011-12-08,89,1686,101,False
22409,MONEY BOX BISCUITS DESIGN,2010-03-26,2011-12-06,135,1686,165,False
23120,PACK OF 6 SMALL FRUIT STRAWS,2011-06-17,2011-12-08,71,1685,105,False
23213,STAR WREATH DECORATION WITH BELL,2011-06-02,2011-12-09,77,1682,155,False
20832,RED FLOCK LOVE HEART PHOTO FRAME,2009-12-01,2011-12-09,125,1681,159,False
85230G,ORANGE VOTIVE CANDLE,2009-12-02,2011-12-02,44,1680,46,False
85016,SET OF 6 VINTAGE NOTELETS KIT,2009-12-01,2011-05-31,132,1679,167,False
21942,SKULLS DESIGN FLANNEL,2009-12-01,2011-12-09,149,1672,221,False
85197,SET OF 12 MINI BUNNIES IN A BUCKET,2009-12-06,2011-07-29,56,1669,76,False
22096,PINK PAISLEY SQUARE TISSUE BOX ,2009-12-02,2011-12-08,138,1667,185,False
21641,ASSORTED TUTTI FRUTTI KEYRING BALL,2009-12-02,2011-09-16,98,1666,111,False
23156,SET OF 5 MINI GROCERY MAGNETS,2011-03-25,2011-12-08,128,1665,207,False
22821,GIFT BAG PSYCHEDELIC APPLES,2010-09-15,2011-12-09,136,1660,186,False
37444C,PINK BREAKFAST CUP AND SAUCER ,2009-12-01,2011-03-28,47,1654,54,False
22036,DINOSAUR BIRTHDAY CARD,2009-12-01,2010-10-04,97,1649,135,False
23227,FILIGREE HEART BUTTERFLY WHITE ,2011-05-26,2011-12-08,88,1642,117,False
23498,CLASSIC BICYCLE CLIPS ,2011-11-25,2011-12-09,13,1640,102,False
47480,HANGING PHOTO CLIP ROPE LADDER,2009-12-07,2011-12-09,126,1638,150,False
21414,SCALLOP SHELL SOAP DISH,2009-12-07,2011-02-22,34,1637,37,False
23291,DOLLY GIRL CHILDRENS CUP,2011-06-13,2011-12-08,108,1634,196,False
37342,POLKADOT COFFEE CUP & SAUCER PINK,2009-12-07,2011-09-02,99,1629,132,False
21614,SET OF 12 ROSE BOTANICAL T-LIGHTS,2009-12-02,2011-05-31,145,1627,197,False
23500,KEY RING BASEBALL BOOT ASSORTED ,2011-10-04,2011-12-08,43,1626,102,False
22780,LIGHT GARLAND BUTTERFILES PINK,2010-10-22,2011-12-08,134,1623,181,False
23289,DOLLY GIRL CHILDRENS BOWL,2011-06-13,2011-12-08,107,1622,192,False
22306,SILVER MUG BONE CHINA TREE OF LIFE,2009-12-09,2011-12-06,111,1621,165,False
17164B,ASS COL SMALL SAND GECKO P'WEIGHT,2009-12-01,2011-01-26,67,1620,82,False
79191C,RETRO PLASTIC ELEPHANT TRAY,2009-12-02,2011-12-06,130,1619,158,False
22034,ROBIN CHRISTMAS CARD,2009-12-01,2011-11-25,61,1617,94,False
20738,GREEN MINI TAPE MEASURE ,2009-12-03,2010-11-29,63,1610,74,False
23373,VINTAGE CHRISTMAS PAPER GIFT BAG,2011-08-02,2011-12-06,59,1608,100,False
22033,BOTANICAL ROSE GREETING CARD,2009-12-03,2011-11-22,108,1603,128,False
20748,KENSINGTON COFFEE SET,2009-12-01,2011-11-28,128,1600,183,False
23331,DECORATIVE WICKER HEART SMALL,2011-08-10,2011-12-08,66,1596,114,False
20734,SILVER MINI TAPE MEASURE ,2009-12-01,2011-04-06,102,1592,118,False
22702,BLACK AND WHITE CAT BOWL,2010-06-23,2011-12-02,83,1589,95,False
22559,SEASIDE FLYING DISC,2010-03-25,2011-12-05,148,1583,204,False
22923,FRIDGE MAGNETS LES ENFANTS ASSORTED,2010-11-19,2011-12-08,71,1583,90,False
17129F,BLUE GLASS GEMS IN BAG,2009-12-04,2011-12-05,132,1580,146,False
20714,POSY SHOPPER BAG,2009-12-01,2010-01-12,14,1580,28,False
22344,PARTY PIZZA DISH PINK POLKADOT,2009-12-02,2011-12-08,108,1580,133,False
23681,LUNCH BAG RED VINTAGE DOILY,2011-11-06,2011-12-09,30,1576,133,False
23547,WRAP FLOWER SHOP  ,2011-07-20,2011-12-06,48,1575,62,False
16015,MEDIUM CHINESE STYLE SCISSOR,2009-12-03,2011-11-17,60,1572,65,False
21879,HEARTS GIFT TAPE,2009-12-04,2011-12-09,103,1567,153,False
85196,EASTER BUNNIES ON A STICK,2009-12-07,2010-03-29,45,1564,71,False
23169,CLASSIC GLASS COOKIE JAR,2011-05-12,2011-12-06,147,1556,315,False
21717,EASTER TIN BUCKET,2009-12-02,2011-03-22,111,1554,176,False
72817,SET OF 2 CHRISTMAS DECOUPAGE CANDLE,2009-12-02,2011-11-23,113,1553,216,False
23370,SET 36 COLOURING PENCILS DOILY,2011-09-22,2011-12-09,62,1550,153,False
21284,RETROSPOT CANDLE  SMALL,2009-12-01,2011-12-08,114,1547,140,False
35923,CANDY HEART HANGING DECORATION,2009-12-08,2011-12-01,93,1545,113,False
23135,SMALL ZINC HEART WALL ORGANISER,2011-04-19,2011-12-08,38,1541,45,False
21203,BUTTERFLIES  HONEYCOMB GARLAND,2009-12-03,2010-08-17,103,1539,148,False
22181,SNOWSTORM PHOTO FRAME FRIDGE MAGNET,2009-12-02,2011-11-29,121,1538,140,False
85206B,PINK FELT EASTER EGG BASKET,2009-12-14,2011-01-20,69,1538,184,False
23221,REINDEER HEART DECORATION SILVER,2011-05-31,2011-12-08,77,1536,149,False
23302,KNEELING MAT HOUSEWORK  DESIGN,2011-05-15,2011-12-09,119,1536,233,False
22458,CAST IRON HOOK GARDEN FORK,2010-03-04,2011-04-20,126,1523,173,False
16225,RATTLE SNAKE EGGS,2009-12-01,2011-12-09,127,1520,166,False
21445,12 PINK ROSE PEG PLACE SETTINGS,2009-12-01,2011-07-22,111,1519,146,False
84763,ZINC FINISH 15CM PLANTER POTS,2009-12-03,2011-05-27,144,1517,171,False
20652,BLUE POLKADOT LUGGAGE TAG ,2009-12-01,2011-12-08,131,1516,173,False
85183A,CHARLIE & LOLA WASTEPAPER BIN BLUE,2009-12-01,2011-12-05,116,1512,143,False
84842,HELLO SAILOR BATHROOM SET,2009-12-07,2011-11-27,34,1505,35,False
22924,FRIDGE MAGNETS LA VIE EN ROSE,2010-11-19,2011-12-09,81,1500,96,False
23381,PACK OF 12 VINTAGE LEAF TISSUES ,2011-09-05,2011-12-09,51,1496,81,False
23228,FILIGREE HEART BIRD WHITE ,2011-05-26,2011-12-08,83,1492,126,False
79190B,RETRO PLASTIC POLKA TRAY,2009-12-02,2011-12-09,123,1485,136,False
21191,LARGE WHITE HONEYCOMB PAPER BELL  ,2009-12-01,2011-12-08,141,1479,202,False
23197,SKETCHBOOK MAGNETIC SHOPPING LIST,2011-06-23,2011-12-09,114,1478,250,False
21209,MULTICOLOUR HONEYCOMB FAN,2009-12-16,2011-12-09,125,1476,137,False
16156N,"WRAP, FRIENDSHIP ON GREEN",2009-12-01,2010-06-21,47,1475,56,False
84459B,YELLOW METAL CHICKEN HEART ,2009-12-07,2011-04-07,144,1475,217,False
85186A,EASTER BUNNY GARLAND OF FLOWERS,2009-12-01,2011-04-14,108,1473,160,False
22267,EASTER DECORATION EGG BUNNY ,2009-12-07,2011-12-05,94,1472,121,False
23242,TREASURE TIN BUFFALO BILL ,2011-06-08,2011-12-08,114,1470,217,False
23323,WHITE WICKER STAR ,2011-06-23,2011-12-09,115,1469,302,False
22719,GUMBALL MONOCHROME COAT RACK,2010-04-25,2011-05-10,141,1467,238,False
22345,PARTY PIZZA DISH BLUE POLKADOT,2009-12-02,2011-12-08,102,1466,130,False
47421,ASSORTED COLOUR LIZARD SUCTION HOOK,2010-02-07,2011-12-08,66,1463,81,False
22438,BALLOON ART MAKE YOUR OWN FLOWERS,2010-04-11,2011-12-08,128,1459,177,False
22695,WICKER WREATH SMALL,2010-07-29,2011-12-09,144,1457,230,False
20846,ZINC HEART LATTICE T-LIGHT HOLDER,2009-12-14,2011-12-07,135,1453,173,False
21330,WOODLAND ANIMAL  WRITING SET ,2009-12-01,2010-11-07,121,1452,203,False
23160,REGENCY TEA SPOON,2011-05-03,2011-12-08,64,1450,76,False
23431,NATURAL HANGING QUILTED HEARTS ,2011-08-26,2011-12-01,48,1449,74,False
21884,CAKES AND BOWS GIFT  TAPE,2009-12-02,2011-12-04,130,1448,161,False
22955,36 FOIL STAR CAKE CASES ,2010-11-04,2011-12-09,120,1448,192,False
85060,WOOD FAN WITH FLOWER DESIGN,2009-12-04,2010-07-26,66,1448,88,False
23268,SET OF 2 CERAMIC CHRISTMAS REINDEER,2011-06-12,2011-11-20,52,1447,89,False
22538,MINI JIGSAW GO TO THE FAIR,2010-03-28,2011-12-05,80,1443,86,False
85032A,ROMANTIC IMAGES GIFT WRAP SET,2009-12-02,2011-12-08,120,1441,161,False
21401,BLUE PUDDING SPOON,2009-12-07,2011-12-08,101,1437,122,False
35400,WOODEN BOX ADVENT CALENDAR ,2009-12-01,2011-11-23,114,1435,423,False
22735,RIBBON REEL SOCKS AND MITTENS,2010-09-16,2011-12-09,122,1434,235,False
79323LP,LIGHT PINK CHERRY LIGHTS,2009-12-01,2010-10-25,83,1433,170,False
22519,CHILDS GARDEN BRUSH PINK,2010-03-25,2011-06-07,148,1425,260,False
23312,VINTAGE CHRISTMAS GIFT SACK,2011-07-17,2011-12-09,92,1423,218,False
21200,MULTICOLOUR HONEYCOMB PAPER GARLAND,2009-12-01,2011-12-09,107,1421,127,False
21391,FRENCH LAVENDER SCENT HEART,2009-12-02,2011-11-21,142,1417,178,False
84247G,"DECOUPAGE,GREETING CARD,",2009-12-03,2011-07-14,93,1414,107,False
21289,LARGE STRIPES CHOCOLATE GIFT BAG,2009-12-08,2011-12-08,92,1413,102,False
22021,BLUE FELT EASTER EGG BASKET,2009-12-14,2011-03-21,107,1413,238,False
22146,EASTER CRAFT IVY WREATH WITH CHICK,2009-12-04,2011-01-25,53,1413,109,False
23162,REGENCY TEA STRAINER,2011-04-27,2011-12-08,107,1412,176,False
85222,ASSORTED COLOUR SILK COSMETIC PURSE,2009-12-02,2010-06-21,41,1406,52,False
22454,MEASURING TAPE BABUSHKA RED,2010-03-19,2011-11-16,135,1405,181,False
37471,MULTICOLOUR DOTS PLATE,2009-12-22,2011-10-12,10,1405,10,False
85186C,BUNNY EGG GARLAND,2009-12-01,2011-10-20,104,1400,156,False
22254,FELT TOADSTOOL LARGE,2009-12-01,2011-12-07,121,1398,150,False
21061,PARTY INVITES FOOTBALL,2009-12-08,2011-12-04,146,1396,165,False
21655,HANGING RIDGE GLASS T-LIGHT HOLDER,2009-12-02,2011-02-11,68,1396,89,False
22216,T-LIGHT HOLDER WHITE LACE,2009-12-02,2011-12-09,97,1396,121,False
21593,SWALLOW CIGAR BOX MATCHES ,2009-12-01,2010-05-23,66,1391,96,False
23372,SET 36 COLOUR PENCILS DOLLY GIRL,2011-09-22,2011-12-09,61,1389,151,False
21357,TOAST ITS - DINOSAUR,2009-12-01,2011-03-28,139,1388,216,False
21532,DAIRY MAID SUGAR JAM BOWL,2009-12-01,2010-10-11,74,1387,92,False
23534,WALL ART STOP FOR TEA ,2011-10-02,2011-12-09,58,1387,261,False
22700,BLACK AND WHITE DOG BOWL,2010-07-01,2011-10-07,81,1384,98,False
22459,CAST IRON HOOK GARDEN TROWEL,2010-03-04,2011-04-27,129,1378,174,False
85213,MINI  ZINC GARDEN DECORATIONS ,2009-12-13,2011-07-31,71,1378,80,False
23028,DRAWER KNOB CRACKLE GLAZE BLUE,2011-06-14,2011-11-02,69,1369,138,False
21651,HANGING GLASS ETCHED TEALIGHT,2009-12-03,2011-02-21,102,1361,125,False
22973,CHILDREN'S CIRCUS PARADE MUG,2010-11-23,2011-12-07,120,1361,156,False
85093,CANDY SPOT EGG WARMER HARE,2009-12-07,2011-11-03,112,1361,153,False
21637,ASSORTED SANSKRIT MINI NOTEBOOK,2009-12-01,2011-10-10,75,1358,93,False
85035C,ROSE 3 WICK MORRIS BOX CANDLE,2009-12-02,2011-11-27,132,1358,205,False
23225,CHERUB HEART DECORATION SILVER ,2011-06-02,2011-12-08,61,1355,88,False
22820,GIFT BAG BIRTHDAY,2010-09-15,2011-12-02,84,1353,111,False
23029,DRAWER KNOB CRACKLE GLAZE GREEN,2011-06-14,2011-12-08,93,1352,156,False
35951,FOLKART BAUBLE CHRISTMAS DECORATION,2009-12-01,2010-11-25,36,1352,46,False
23377,PACK OF 12 DOLLY GIRL TISSUES,2011-09-04,2011-12-09,65,1351,134,False
16169C,WRAP BLUE REINDEER,2009-12-01,2010-11-04,32,1350,43,False
84507B,STRIPES DESIGN MONKEY DOLL,2009-12-01,2011-09-07,97,1349,116,False
22591,CARDHOLDER GINGHAM CHRISTMAS TREE,2010-07-16,2011-12-09,119,1347,209,False
21187,WHITE BELL HONEYCOMB PAPER GARLAND ,2009-12-01,2011-08-04,106,1344,148,False
72816,SET/3 CHRISTMAS DECOUPAGE CANDLES,2009-12-01,2011-10-17,92,1344,136,False
22258,FELT FARM ANIMAL RABBIT,2009-12-04,2011-11-25,90,1342,133,False
23375,50'S CHRISTMAS PAPER GIFT BAG,2011-08-22,2011-12-09,65,1342,103,False
22287,"DECORATION , WOBBLY CHICKEN, METAL ",2009-12-03,2011-12-01,100,1340,121,False
72801G,4 BURGUNDY WINE DINNER CANDLES,2009-12-01,2011-11-15,63,1333,68,False
21881,CUTE CATS TAPE,2009-12-02,2011-12-08,96,1332,118,False
23483,HANGING  BUTTERFLY T-LIGHT HOLDER,2011-10-03,2011-12-08,42,1328,74,False
85114A,BLACK ENCHANTED FOREST PLACEMAT,2009-12-22,2011-12-01,104,1326,120,False
23535,WALL ART BICYCLE SAFETY,2011-10-02,2011-12-09,57,1324,216,False
21540,DAIRY MAID CERAMIC BUTTER DISH,2009-12-01,2010-09-09,71,1323,87,False
22673,FRENCH GARDEN SIGN BLUE METAL,2010-08-17,2011-12-08,144,1320,196,False
84821,DANISH ROSE DELUXE COASTER,2009-12-22,2011-12-08,66,1318,75,False
22589,CARDHOLDER GINGHAM STAR,2010-07-16,2011-12-09,133,1317,241,False
85034C,3 ROSE MORRIS BOXED CANDLES,2009-12-04,2011-12-07,113,1314,204,False
23499,SET 12 VINTAGE DOILY CHALK ,2011-10-20,2011-12-08,40,1312,113,False
22288,HANGING METAL RABBIT DECORATION,2009-12-01,2011-12-06,93,1310,125,False
23217,LAUREL HEART ANTIQUE SILVER,2011-06-02,2011-12-06,66,1309,99,False
21538,DAIRY MAID  PUDDING BOWL,2009-12-01,2010-12-09,41,1308,51,False
22145,CHRISTMAS CRAFT HEART STOCKING ,2009-12-01,2010-12-08,89,1306,201,False
70007,HI TEC ALPINE HAND WARMER,2009-12-01,2011-12-08,134,1306,207,False
21199,PINK  HEART CONFETTI IN TUBE,2009-12-07,2011-12-02,130,1305,150,False
23549,WRAP BIRD GARDEN ,2011-07-19,2011-12-01,41,1305,52,False
51020A,SUMMER FUN DESIGN SHOWER CAP,2009-12-16,2011-04-27,47,1303,50,False
22346,PARTY PIZZA DISH GREEN POLKADOT,2009-12-02,2011-12-08,86,1300,104,False
21743,STAR PORTABLE TABLE LIGHT ,2009-12-01,2011-09-13,118,1288,185,False
85071C,"CHARLIE+LOLA""EXTREMELY BUSY"" SIGN",2009-12-06,2011-12-09,116,1285,142,False
16168S,FUNKY MONKEY GIFT BAG SMALL,2009-12-10,2010-02-05,9,1283,11,False
21198,WHITE HEART CONFETTI IN TUBE,2009-12-01,2011-12-07,107,1282,119,False
20866,BLUE ROSE FABRIC MIRROR,2009-12-01,2011-12-08,135,1280,191,False
23281,FOLDING BUTTERFLY MIRROR RED  ,2011-05-10,2011-12-08,80,1280,104,False
23031,DRAWER KNOB CRACKLE GLAZE PINK,2011-06-14,2011-12-07,97,1278,155,False
21060,PARTY INVITES BALLOON GIRL,2009-12-08,2011-12-05,135,1276,151,False
23432,PRETTY HANGING QUILTED HEARTS,2011-08-31,2011-12-06,45,1276,74,False
23426,METAL SIGN DROP YOUR PANTS,2011-09-05,2011-12-09,76,1275,208,False
23102,SILVER HEARTS TABLE DECORATION,2011-05-11,2011-12-04,91,1274,159,False
20871,OPULENT VELVET SET/3 CANDLES,2009-12-02,2010-12-14,79,1273,129,False
22163,HEART STRING MEMO HOLDER HANGING,2009-12-01,2011-12-09,140,1269,202,False
21869,POTTING SHED COFFEE MUG,2009-12-01,2010-05-23,64,1264,112,False
21419,CONCH SHELL,2009-12-01,2010-07-14,17,1259,19,False
23433,HANGING QUILTED PATCHWORK APPLES,2011-08-26,2011-12-04,58,1258,89,False
17109D,FLOWER FAIRY INCENSE BOUQUET,2009-12-04,2011-04-21,36,1257,39,False
22316,200 BENDY SKULL STRAWS,2009-12-09,2011-12-06,108,1257,119,False
84466,TOP SECRET PEN SET,2009-12-01,2011-07-14,49,1256,73,False
37479B,CUBIC MUG FLOCK BLUE ON BROWN,2010-01-11,2011-06-15,30,1253,32,False
37482B,CUBIC MUG BLUE POLKA DOT,2009-12-05,2010-08-01,10,1252,10,False
85169A,IVORY LOVE BIRD CANDLE,2009-12-08,2011-12-08,121,1252,155,False
22859,EASTER TIN BUNNY BOUQUET,2010-10-05,2011-11-15,93,1250,167,False
23189,SET OF 12 FORK CANDLES,2011-08-03,2011-12-08,79,1249,142,False
23226,FILIGREE HEART DAISY WHITE,2011-05-31,2011-12-05,73,1247,99,False
21653,GLASS ETCHED T-LIGHT HOLDER LARGE,2010-01-13,2010-11-22,93,1246,115,False
22541,MINI JIGSAW LEAP FROG,2010-03-28,2011-12-06,58,1245,67,False
22975,SPACEBOY CHILDRENS EGG CUP,2010-11-24,2011-12-09,135,1245,195,False
72598,SET/12 TAPER CANDLES,2009-12-01,2011-12-08,135,1244,161,False
21382,SET/4 SPRING FLOWER DECORATION,2010-05-16,2011-12-01,116,1238,153,False
22789,T-LIGHT HOLDER SWEETHEART HANGING,2010-10-17,2011-12-08,132,1238,200,False
23543,WALL ART KEEP CALM ,2011-10-03,2011-12-08,42,1236,105,False
72799E,IVORY PILLAR CANDLE SILVER FLOCK,2009-12-01,2011-12-08,134,1232,179,False
22857,ASSORTED EASTER GIFT TAGS,2010-10-05,2011-10-24,50,1230,66,False
23086,ZINC  STAR T-LIGHT HOLDER ,2011-05-16,2011-12-08,38,1225,47,False
22942,CHRISTMAS LIGHTS 10 SANTAS ,2010-10-21,2011-12-09,110,1221,247,False
23379,PACK OF 12 RED APPLE TISSUES,2011-09-05,2011-12-09,53,1220,77,False
47469,ASSORTED SHAPES PHOTO CLIP SILVER ,2010-01-19,2011-12-08,28,1220,36,False
75131,METAL TUBE CHIME ON BAMBOO,2009-12-11,2011-04-04,61,1217,68,False
44234,ASSORTED CIRCULAR MOBILE,2009-12-14,2011-12-09,54,1213,61,False
17001,HEAVENS SCENT FRAGRANCE OILS ASSTD,2009-12-04,2011-02-28,21,1211,23,False
16054,POPART RECT PENCIL SHARPENER ASST,2010-01-07,2011-12-04,35,1210,39,False
35810A,ENAMEL PINK COFFEE CONTAINER,2009-12-03,2011-10-30,139,1205,172,False
22756,LARGE YELLOW BABUSHKA NOTEBOOK ,2010-08-08,2011-12-08,140,1204,216,False
85107,CUT GLASS T-LIGHT HOLDER OCTAGON,2009-12-02,2011-12-06,62,1203,72,False
23267,SET OF 4 SANTA PLACE SETTINGS,2011-06-23,2011-12-08,71,1202,111,False
21925,UNION STRIPE CUSHION COVER ,2010-04-11,2011-12-06,123,1201,169,False
23505,PLAYING CARDS I LOVE LONDON ,2011-09-22,2011-12-08,56,1200,117,False
22307,GOLD MUG BONE CHINA TREE OF LIFE,2009-12-07,2011-12-09,90,1199,119,False
79337,BLUE FLOCK GLASS CANDLEHOLDER,2010-01-04,2011-07-08,21,1194,21,False
21676,FLOWERS  STICKERS,2009-12-02,2011-12-05,134,1193,159,False
85106,CUT GLASS HEXAGON T-LIGHT HOLDER,2009-12-08,2011-11-28,52,1190,60,False
22104,MIRROR MOSAIC CANDLE PLATE,2009-12-08,2011-12-09,91,1187,99,False
35964,FOLKART CLIP ON STARS,2009-12-04,2011-12-09,92,1187,134,False
22255,FELT TOADSTOOL  SMALL,2009-12-01,2011-12-07,117,1185,145,False
22247,BUNNY DECORATION MAGIC GARDEN,2009-12-13,2011-11-25,129,1184,187,False
85034B,3 WHITE CHOC MORRIS BOXED CANDLES,2009-12-01,2011-12-08,99,1184,155,False
21654,RIDGED GLASS FINGER BOWL,2009-12-03,2011-09-18,75,1183,83,False
23360,SET 8 CANDLES VINTAGE DOILY,2011-08-02,2011-12-08,71,1182,116,False
23274,STAR T-LIGHT HOLDER WILLIE WINKIE,2011-06-05,2011-12-09,70,1180,120,False
23250,VINTAGE RED TRIM ENAMEL BOWL ,2011-06-14,2011-12-08,76,1179,110,False
47422,ASSORTED MONKEY SUCTION CUP HOOK,2010-02-07,2011-12-01,62,1177,71,False
85189,HANGING BUTTERFLY  EGG,2009-12-16,2011-03-16,48,1176,69,False
23691,WRAP KEEP CALM BIRTHDAY,2011-11-02,2011-12-07,21,1175,38,False
23270,SET OF 2 CERAMIC PAINTED HEARTS ,2011-06-02,2011-12-09,82,1174,128,False
21581,SKULLS  DESIGN  COTTON TOTE BAG,2009-12-01,2011-12-08,149,1172,204,False
84510B,SET OF 4 FAIRY CAKES COASTERS ,2009-12-01,2010-08-02,85,1172,153,False
22967,SET 3 SONG BIRD PAPER EGGS ASSORTED,2011-01-14,2011-12-07,69,1171,138,False
84748,FOLK FELT HANGING MULTICOL GARLAND,2009-12-18,2011-11-29,69,1170,94,False
21615,4 LAVENDER BOTANICAL DINNER CANDLES,2009-12-01,2011-12-09,113,1168,172,False
22682,FRENCH BLUE METAL DOOR SIGN 7,2010-08-17,2011-12-06,140,1166,183,False
85017A,ENVELOPE 50 ROMANTIC IMAGES,2009-12-01,2011-04-03,124,1157,175,False
22982,PANTRY PASTRY BRUSH,2011-03-02,2011-12-09,129,1154,212,False
23113,PANTRY CHOPPING BOARD,2011-09-16,2011-12-08,39,1154,57,False
84596E,SMALL LICORICE DES PINK BOWL,2009-12-01,2011-04-01,146,1154,220,False
21616,4 PEAR BOTANICAL DINNER CANDLES,2009-12-08,2011-12-09,121,1152,196,False
17164D,ASS COL SMALL SAND FROG P'WEIGHT,2009-12-01,2010-03-19,23,1150,31,False
22038,BOTANICAL LAVENDER GIFT WRAP ,2009-12-22,2011-12-06,45,1150,45,False
40003,WHITE BAMBOO RIBS LAMPSHADE,2009-12-18,2011-06-06,57,1150,60,False
20803,SMALL PINK GLASS SUNDAE DISH,2009-12-07,2011-05-01,74,1149,84,False
21386,IVORY HANGING DECORATION  EGG,2010-01-11,2011-12-04,85,1148,110,False
85032D,YULETIDE IMAGES GIFT WRAP SET,2009-12-02,2011-10-06,101,1148,134,False
35809A,ENAMEL PINK TEA CONTAINER,2009-12-03,2011-06-09,140,1147,188,False
84493,BLUE/PINK NEST STRIPE BOX,2010-06-13,2010-09-27,5,1142,5,False
84247L,FAWN AND MUSHROOM GREETING CARD,2009-12-03,2011-04-19,91,1137,110,False
21725,SWEETIES  STICKERS,2009-12-01,2011-11-17,140,1135,174,False
22858,EASTER TIN KEEPSAKE,2010-11-08,2011-10-06,76,1135,140,False
84944,SET OF 6 KASHMIR FOLKART BAUBLES,2009-12-01,2011-11-04,122,1135,196,False
21619,4 VANILLA BOTANICAL CANDLES,2009-12-01,2011-12-08,128,1131,213,False
35958,FOLKART ZINC STAR CHRISTMAS DEC,2009-12-03,2010-12-09,64,1131,83,False
22968,ROSE COTTAGE KEEPSAKE BOX ,2010-10-29,2011-12-08,144,1127,306,False
22976,CIRCUS PARADE CHILDRENS EGG CUP ,2010-11-24,2011-12-09,119,1127,150,False
17129D,CLEAR COLOUR GLASS GEMS IN BAG,2009-12-01,2010-03-05,30,1125,39,False
22031,BOTANICAL LAVENDER BIRTHDAY CARD,2009-12-01,2011-12-09,118,1125,142,False
72799F,IVORY PILLAR CANDLE GOLD FLOCK,2009-12-01,2011-11-25,84,1125,106,False
37379B,BLUE CHERRY BLOSSOM CUP & SAUCER,2010-03-04,2010-03-23,3,1122,3,False
21589,SWALLOW GIANT TUBE MATCHES,2009-12-01,2010-06-17,64,1119,89,False
21486,PINK HEART DOTS HOT WATER BOTTLE,2009-12-01,2010-12-07,148,1116,297,False
23389,SPACEBOY MINI BACKPACK,2011-09-11,2011-12-09,74,1115,239,False
37343,SPOTS DESIGN MUG W PINK INSIDE,2009-12-01,2011-03-09,93,1110,104,False
22232,JIGSAW TOADSTOOLS 3 PIECE,2009-12-01,2011-12-07,128,1109,158,False
22930,BAKING MOULD HEART MILK CHOCOLATE,2010-12-08,2011-12-08,124,1108,191,False
21518,BANK ACCOUNT  GREETING  CARD ,2009-12-02,2011-07-12,96,1107,109,False
22863,SOAP DISH BROCANTE,2010-09-23,2011-12-06,133,1107,170,False
21828,EIGHT PIECE SNAKE  SET,2009-12-01,2011-12-09,149,1105,183,False
23369,SET 36 COLOUR PENCILS LOVE LONDON,2011-09-22,2011-12-09,58,1105,129,False
21351,CINAMMON & ORANGE WREATH,2009-12-01,2011-12-09,97,1099,179,False
84510F,SET OF 4 NEW ENGLAND COASTERS ,2009-12-02,2010-10-07,35,1099,38,False
20867,PINK ROSE FABRIC MIRROR,2009-12-01,2011-12-06,115,1098,155,False
22122,SET OF 2 FANCY FONT TEA TOWELS,2009-12-01,2010-08-20,124,1095,196,False
20801,LARGE PINK GLASS SUNDAE DISH,2010-01-18,2011-05-25,82,1092,115,False
22689,DOORMAT MERRY CHRISTMAS RED ,2010-06-28,2011-11-28,140,1092,265,False
40018F,CHERRY DESIGN PAPERLANTERNS,2009-12-01,2010-09-05,81,1092,119,False
21721,CANDY SHOP  STICKER SHEET,2009-12-01,2011-12-02,119,1090,146,False
21620,SET OF 4 ROSE BOTANICAL CANDLES,2009-12-03,2011-12-09,139,1087,227,False
21644,ASSORTED TUTTI FRUTTI HEART BOX,2009-12-03,2011-11-27,117,1087,143,False
85017C,ENVELOPE 50 CURIOUS IMAGES,2009-12-01,2011-05-12,93,1087,121,False
47585A,PINK FAIRY CAKE CUSHION COVER,2009-12-07,2011-12-01,118,1084,148,False
51020B,STRIPY DESIGN SHOWER CAP,2009-12-04,2011-04-27,57,1084,60,False
22685,FRENCH BLUE METAL DOOR SIGN 0,2010-08-17,2011-12-08,128,1082,161,False
77101A,UNION FLAG WINDSOCK,2009-12-06,2011-03-21,80,1082,89,False
90058B,CRYSTAL STUD EARRINGS ASSORTED COL ,2009-12-23,2011-12-01,29,1082,29,False
22246,"GARLAND, MAGIC GARDEN 1.8M",2009-12-01,2011-11-24,148,1081,189,False
84926E,FLOWERS TILE COASTER,2009-12-04,2011-12-06,46,1081,52,False
21208,PASTEL COLOUR HONEYCOMB FAN,2009-12-16,2011-12-09,106,1078,122,False
21400,RED PUDDING SPOON,2009-12-07,2011-12-08,81,1078,91,False
21726,MULTI HEARTS  STICKERS,2009-12-01,2011-12-07,128,1077,158,False
22905,CALENDAR IN SEASON DESIGN,2010-09-19,2011-12-09,134,1077,195,False
23548,WRAP MAGIC FOREST ,2011-07-20,2011-12-08,33,1075,43,False
20663,QUEEN OF THE SKIES HOLIDAY PURSE ,2009-12-10,2011-10-17,40,1074,44,False
23080,RED METAL BOX TOP SECRET,2011-05-11,2011-12-09,130,1074,261,False
23012,GLASS APOTHECARY BOTTLE PERFUME,2011-06-14,2011-12-09,122,1071,248,False
35920,FOUR RABBIT EASTER DECORATIONS,2010-01-27,2011-04-19,22,1070,24,False
17013D,ORIGAMI ROSE INCENSE IN TUBE,2009-12-09,2011-06-07,31,1068,31,False
21720,CAKE SHOP  STICKER SHEET,2009-12-04,2011-07-26,93,1068,112,False
21910,WAY OUT METAL SIGN ,2009-12-03,2011-02-16,92,1066,111,False
23134,LARGE ZINC HEART WALL ORGANISER,2011-04-20,2011-09-18,35,1065,38,False
16258A,SWIRLY CIRCULAR RUBBERS IN BAG,2009-12-11,2011-12-08,87,1063,103,False
23509,MINI PLAYING CARDS FUN FAIR ,2011-09-22,2011-12-08,45,1062,66,False
84817,DANISH ROSE DECORATIVE PLATE,2010-02-08,2011-12-08,70,1059,80,False
22647,CERAMIC LOVE HEART MONEY BANK,2010-05-14,2011-12-08,73,1058,82,False
23530,WALL ART ONLY ONE PERSON ,2011-10-03,2011-12-09,45,1056,87,False
21972,SET OF 36 DINOSAUR PAPER DOILIES,2009-12-02,2011-12-01,138,1055,171,False
47591C,BLUE FAIRY CAKE CHILD'S APRON,2009-12-01,2010-08-15,108,1055,162,False
21062,PARTY INVITES SPACEMAN,2009-12-08,2011-12-02,123,1053,137,False
23237,SET OF 4 KNICK KNACK TINS LEAF,2011-06-08,2011-12-09,103,1053,177,False
21882,SKULLS TAPE,2009-12-02,2011-11-28,99,1052,121,False
20802,SMALL GLASS SUNDAE DISH CLEAR,2009-12-16,2011-11-28,103,1051,116,False
85047,WHITE BEADED GARLAND STRING 20LIGHT,2009-12-01,2011-01-27,141,1051,240,False
16161M,WRAP  PINK FLOCK,2009-12-03,2010-12-02,37,1050,39,False
72038P,PRICE'S CANDLE PEACH,2009-12-02,2010-08-27,9,1050,9,False
21009,ETCHED GLASS STAR TREE DECORATION,2009-12-02,2010-12-17,55,1047,105,False
85200,BUNNY EGG BOX,2009-12-07,2011-04-18,68,1045,106,False
21248,DOOR HANGER  MUM + DADS ROOM,2009-12-01,2011-12-09,140,1043,158,False
35648,VINTAGE BEAD PINK PURSE ,2009-12-02,2011-12-09,121,1041,146,False
16202B,PASTEL BLUE PHOTO ALBUM ,2009-12-02,2011-04-19,22,1039,22,False
85231L,LAVENDER SCENTED SET/9 T-LIGHTS,2009-12-01,2010-05-02,67,1039,118,False
23096,PETIT TRAY CHIC,2011-05-10,2011-12-08,92,1033,146,False
21579,LOLITA  DESIGN  COTTON TOTE BAG,2009-12-01,2011-12-06,113,1029,137,False
21426,WOODLAND STORAGE BOX SMALL,2009-12-01,2011-12-05,94,1028,101,False
47504H,ENGLISH ROSE SPIRIT LEVEL ,2009-12-03,2011-12-09,111,1028,140,False
84827,ASS DES PHONE SPONGE CRAFT STICKER,2009-12-08,2011-12-05,26,1027,31,False
84569D,PACK 6 HEART/ICE-CREAM PATCHES,2009-12-03,2011-12-09,143,1023,181,False
22811,SET OF 6 T-LIGHTS CACTI ,2010-09-21,2011-12-09,103,1021,141,False
21638,ASSORTED TUTTI FRUTTI NOTEBOOK,2009-12-01,2011-12-08,122,1020,145,False
23132,SMALL IVORY HEART WALL ORGANISER,2011-04-19,2011-12-08,105,1020,152,False
84989B,75 BLACK FAIRY CAKE CASES,2009-12-03,2010-08-08,51,1019,63,False
85173,SET/6 FROG PRINCE T-LIGHT CANDLES,2009-12-03,2011-12-09,124,1018,151,False
16258B,DAISY ERASERS IN BAG,2009-12-02,2009-12-22,10,1016,16,False
23061,VINTAGE EMBOSSED HEART,2011-04-19,2011-12-08,88,1015,117,False
21324,HANGING MEDINA LANTERN SMALL,2009-12-03,2011-05-09,132,1014,177,False
21636,MADRAS NOTEBOOK MEDIUM,2009-12-04,2011-12-05,84,1014,101,False
23255,CHILDRENS CUTLERY CIRCUS PARADE,2011-04-10,2011-12-09,105,1014,158,False
21219,SET/4 BADGES BALLOON GIRL,2009-12-04,2011-12-08,147,1013,178,False
22248,DECORATION  PINK CHICK MAGIC GARDEN,2009-12-02,2011-12-05,133,1013,179,False
22684,FRENCH BLUE METAL DOOR SIGN 9,2010-08-17,2011-12-09,131,1012,165,False
23299,FOOD COVER WITH BEADS SET 2 ,2011-05-04,2011-12-09,93,1012,146,False
23526,WALL ART DOG LICENCE ,2011-10-03,2011-12-09,53,1012,144,False
22947,WOODEN ADVENT CALENDAR RED,2010-09-16,2011-11-30,110,1011,210,False
23404,HOME SWEET HOME BLACKBOARD,2011-09-05,2011-12-09,75,1011,169,False
21822,GLITTER CHRISTMAS TREE WITH BELLS,2009-12-01,2011-12-09,92,1010,146,False
21926,RED/CREAM STRIPE CUSHION COVER ,2010-04-11,2011-12-08,115,1009,147,False
79030D,TUMBLER BAROQUE,2009-12-08,2011-11-10,56,1009,61,False
21285,RETROSPOT CANDLE  MEDIUM,2009-12-03,2011-12-08,75,1007,99,False
22229,BUNNY WOODEN PAINTED WITH FLOWER ,2009-12-04,2011-12-05,140,1007,189,False
21286,RETROSPOT CANDLE  LARGE,2009-12-02,2011-12-08,80,1006,101,False
20800,LARGE GLASS SUNDAE DISH CLEAR,2010-01-11,2010-03-30,5,1005,5,False
21707,FOLDING UMBRELLA BLACKBLUE POLKADOT,2009-12-01,2011-12-06,143,1005,172,False
22100,SKULLS SQUARE TISSUE BOX,2009-12-02,2011-12-06,109,1005,128,False
84016,FLAG OF ST GEORGE CAR FLAG,2009-12-07,2011-09-14,45,1004,62,False
22742,MAKE YOUR OWN PLAYTIME CARD KIT,2010-08-10,2011-12-08,141,1002,182,False
21808,"CHRISTMAS GARLAND STARS,TREES",2009-12-01,2011-12-09,99,1001,146,False
22612,TEA COSY VINTAGE UNION JACK,2010-03-28,2010-09-28,74,1001,111,False
22977,DOLLY GIRL CHILDRENS EGG CUP,2010-11-24,2011-12-09,109,999,141,False
20941,FROG CANDLE,2009-12-01,2011-07-06,97,998,125,False
21195,PINK  HONEYCOMB PAPER BALL ,2009-12-02,2011-05-17,116,997,151,False
21724,PANDA AND BUNNIES STICKER SHEET,2009-12-01,2011-12-09,144,996,179,False
23283,DOORMAT VINTAGE LEAF,2011-04-27,2011-12-08,109,994,233,False
23220,REINDEER HEART DECORATION GOLD,2011-06-09,2011-12-09,60,993,104,False
85035B,CHOCOLATE 3 WICK MORRIS BOX CANDLE,2009-12-06,2011-10-27,110,992,137,False
17084P,DRAGONS BLOOD INCENSE,2009-12-07,2011-12-08,63,990,70,False
23359,SET OF 12 T-LIGHTS VINTAGE DOILY,2011-08-02,2011-12-08,60,990,79,False
22642,SET OF 4 NAPKIN CHARMS STARS   ,2010-07-18,2011-12-08,101,989,146,False
85226C,BLUE PULL BACK RACING CAR,2009-12-01,2010-11-09,67,989,84,False
21656,RIDGED GLASS POSY VASE ,2009-12-03,2011-05-03,116,985,140,False
22313,OFFICE MUG WARMER PINK,2009-12-02,2011-12-09,113,985,139,False
72800B, 4 PURPLE FLOCK DINNER CANDLES,2009-12-04,2011-12-08,80,985,94,False
85032B,BLOSSOM IMAGES GIFT WRAP SET,2010-01-22,2011-12-08,116,982,152,False
22032,BOTANICAL LILY GREETING CARD,2009-12-03,2011-11-25,91,980,111,False
23034,DRAWER KNOB CERAMIC BLACK,2011-06-14,2011-12-09,69,979,90,False
85162B,BLACK RETRODISC LAMPSHADE,2009-12-07,2010-06-08,13,977,13,False
22946,WOODEN ADVENT CALENDAR CREAM,2010-09-16,2011-12-08,146,976,276,False
23531,WALL ART BIG LOVE ,2011-10-03,2011-12-08,49,976,113,False
16161G,WRAP BAD HAIR DAY,2010-01-19,2011-11-24,32,975,33,False
16169F,WRAP BLIZZARD,2009-12-01,2010-10-17,26,975,34,False
84924F,PSYCHEDELIC METAL SIGN CALENDAR,2009-12-22,2011-07-29,10,975,10,False
21442,GREEN BIRDHOUSE DECORATION,2009-12-15,2011-12-08,119,973,136,False
21318,GLASS CHALICE BLUE SMALL ,2009-12-13,2011-05-09,73,972,94,False
22778,GLASS CLOCHE SMALL,2010-10-18,2011-11-24,138,972,201,False
22937,BAKING MOULD CHOCOLATE CUPCAKES,2010-12-08,2011-12-07,103,972,164,False
20772,GARDEN PATH JOURNAL,2009-12-02,2011-12-08,126,970,162,False
21645,ASSORTED TUTTI FRUTTI ROUND BOX,2009-12-02,2010-11-16,96,969,135,False
23273,HEART T-LIGHT HOLDER WILLIE WINKIE,2011-06-05,2011-12-08,74,969,113,False
22253,6 CROCHET STRAWBERRIES,2009-12-01,2010-04-08,59,964,89,False
23056,FLOWERS CHANDELIER T-LIGHT HOLDER,2011-04-19,2011-11-23,34,963,40,False
23130,MISTLETOE HEART WREATH GREEN,2011-05-01,2011-12-04,95,962,184,False
72225D,VANILLA SCENT CAKE CANDLE ,2009-12-17,2010-05-13,11,962,11,False
85068,CREAM SWEETHEART SHELF + HOOKS,2009-12-01,2010-11-15,119,960,199,False
21530,DAIRY MAID TOASTRACK,2009-12-01,2011-12-08,137,959,165,False
84327A,PINK JUMPER LARRY THE LAMB,2009-12-01,2010-08-05,87,959,123,False
21520,BOOZE & WOMEN GREETING CARD ,2009-12-01,2011-12-05,99,957,108,False
22252,BIRDCAGE DECORATION TEALIGHT HOLDER,2009-12-10,2011-12-09,100,956,116,False
21424,WOODLAND STORAGE BOX LARGE ,2009-12-01,2011-10-25,120,955,142,False
23569,TRADTIONAL ALPHABET STAMP SET,2011-10-21,2011-12-09,41,954,196,False
84927D,LA PALMIERA TILE HOOK,2010-04-18,2011-07-25,27,953,28,False
16156L,"WRAP, CAROUSEL",2010-01-10,2011-12-02,34,950,36,False
23129,HEART SHAPED HOLLY WREATH,2011-05-18,2011-12-05,83,950,172,False
22233,JIGSAW RABBIT AND BIRDHOUSE,2009-12-09,2011-12-07,133,949,167,False
21396,RED SPOTTY EGG CUP ,2009-12-01,2010-05-16,55,948,78,False
85188A,GREEN METAL SWINGING BUNNY,2009-12-09,2011-04-21,75,944,105,False
23131,MISTLETOE HEART WREATH CREAM,2011-04-26,2011-12-08,84,942,116,False
16051,TEATIME PENCIL W STAMP ASST,2009-12-10,2010-06-09,4,941,4,False
16254,TRANSPARENT ACRYLIC TAPE DISPENSER,2010-01-11,2011-11-30,32,941,41,False
22933,BAKING MOULD EASTER EGG MILK CHOC,2010-12-09,2011-12-05,76,940,123,False
23093,SMALL PARISIENNE HEART PHOTO FRAME ,2011-05-11,2011-12-09,98,939,142,False
79051A,SMOKEY GREY COLOUR D.O.F. GLASS,2009-12-02,2011-12-07,52,939,59,False
21454,PAINTED PINK RABBIT ,2010-01-11,2011-12-08,134,937,197,False
21683,MEDIUM MEDINA STAMPED METAL BOWL ,2009-12-02,2011-12-05,137,936,153,False
23244,ROUND STORAGE TIN VINTAGE LEAF,2011-06-08,2011-12-08,81,936,112,False
35967,FOLK ART METAL STAR T-LIGHT HOLDER,2009-12-02,2011-12-08,95,936,112,False
23123,COCKTAIL SWORDS 50 PIECES,2011-06-17,2011-12-08,65,935,95,False
22092,BLUE PAISLEY TISSUE BOX,2009-12-18,2011-12-08,110,933,140,False
22256,FELT FARM ANIMAL CHICKEN,2009-12-07,2011-09-07,90,933,122,False
35598B,BLACK CHRISTMAS TREE 60CM,2009-12-01,2011-11-30,49,931,57,False
85132B,CHARLIE AND LOLA TABLE TINS,2009-12-06,2011-06-21,84,929,133,False
21441,BLUE BIRDHOUSE DECORATION,2009-12-13,2011-12-08,119,928,134,False
84815,SET OF 3 DANISH ROSE PLANTERS,2009-12-10,2010-06-15,48,926,53,False
21732,RED HANGING METAL STAR TLIGHT HLDR,2009-12-01,2010-09-28,48,925,60,False
23013,GLASS APOTHECARY BOTTLE TONIC,2011-06-14,2011-12-09,118,924,224,False
23489,VINTAGE BELLS GARLAND,2011-10-20,2011-12-09,42,913,165,False
21188,3D HEARTS  HONEYCOMB PAPER GARLAND,2009-12-03,2011-08-03,114,912,132,False
21688,SILVER PLATE CANDLE BOWL SMALL,2009-12-01,2011-11-30,131,912,142,False
47518F,ICON PLACEMAT POP ART ELVIS,2009-12-01,2011-11-29,42,912,43,False
20666,ECONOMY HOLIDAY PURSE,2009-12-08,2011-07-20,42,911,46,False
85130B,BEADED CRYSTAL HEART GREEN LARGE,2010-01-11,2011-12-07,75,911,83,False
20692,FLORAL ELEPHANT SOFT TOY,2009-12-01,2010-09-08,92,908,141,False
84819,DANISH ROSE ROUND SEWING BOX,2009-12-06,2011-12-09,71,908,95,False
22611,VINTAGE UNION JACK SHOPPING BAG,2010-03-28,2011-11-25,135,907,200,False
21719,LOVELY BONBON STICKER SHEET,2009-12-01,2011-12-05,117,906,143,False
22221,CAKE STAND LOVEBIRD 2 TIER PINK,2009-12-17,2011-12-08,131,905,157,False
79320,FLAMINGO LIGHTS,2009-12-02,2010-09-22,105,904,150,False
85162C,WHITE RETRODISC LAMPSHADE,2009-12-02,2010-06-08,27,904,46,False
21455,PAINTED YELLOW WOODEN DAISY,2010-01-28,2011-12-07,122,901,171,False
20661,BLUE SPOTTY PURSE ,2009-12-01,2011-12-01,112,898,124,False
21744,SNOWFLAKE PORTABLE TABLE LIGHT ,2009-12-01,2011-11-24,124,898,222,False
48197,DOOR MAT BIRD ON THE WIRE,2009-12-01,2010-07-28,127,898,225,False
21652,GLASS ETCHED T-LIGHT HOLDER MEDIUM,2009-12-06,2010-08-05,66,896,79,False
20990,SPRING FLOWER CHOPSTICKS SET/5,2009-12-02,2010-06-13,74,895,106,False
22687,DOORMAT CHRISTMAS VILLAGE,2010-06-28,2011-12-08,83,895,149,False
21040,MODERN VINTAGE COTTON SHOPPING BAG,2009-12-02,2011-03-15,52,894,69,False
85032C,CURIOUS IMAGES GIFT WRAP SET,2009-12-04,2011-12-09,118,886,162,False
20840,FRENCH FLORAL CUSHION COVER ,2009-12-18,2011-12-08,77,885,94,False
21064,BOOM BOX SPEAKER BOYS,2009-12-01,2011-12-09,125,884,174,False
22932,BAKING MOULD TOFFEE CUP CHOCOLATE,2010-12-08,2011-12-08,59,884,72,False
85071D,CHARLIE+LOLA MY ROOM DOOR SIGN,2009-12-01,2011-12-06,92,884,114,False
35001W,HAND OPEN SHAPE DECO.WHITE,2009-12-01,2010-12-16,135,883,192,False
20868,SILVER FABRIC MIRROR,2009-12-06,2011-12-08,58,882,71,False
22660,DOORMAT I LOVE LONDON,2010-06-28,2011-12-07,143,881,194,False
23566,EGG CUP MILKMAID HEIDI,2011-10-17,2011-12-08,39,881,83,False
21352,EUCALYPTUS & PINECONE  WREATH,2009-12-01,2011-11-15,103,880,159,False
21665,TRIANGULAR RIDGED GLASS POSY HOLDER,2009-12-02,2010-05-26,54,879,78,False
23138,SINGLE WIRE HOOK IVORY HEART,2011-04-21,2011-12-05,61,879,84,False
85036C,ROSE 1 WICK MORRIS BOXED CANDLE,2009-12-01,2011-11-23,100,878,131,False
22280,POCKET BAG PINK PAISELY BROWN SPOT,2009-12-01,2011-12-09,128,877,162,False
22856,ASSORTED EASTER DECORATIONS  BELLS,2010-10-17,2011-11-20,27,877,32,False
23541,WALL ART CLASSIC PUDDINGS ,2011-10-02,2011-12-06,50,872,152,False
21693,SMALL HAMMERED SILVER CANDLEPOT ,2009-12-03,2011-12-06,106,871,120,False
21145,ANTIQUE GLASS PLACE SETTING,2009-12-01,2011-11-16,45,869,49,False
23087,ZINC  HEART T-LIGHT HOLDER,2011-05-13,2011-12-08,53,868,69,False
37502,TEA TIME MUG IN GIFT BOX,2009-12-01,2010-07-30,104,868,173,False
84660A,WHITE STITCHED WALL CLOCK,2009-12-18,2011-10-03,52,867,56,False
21723,ALPHABET HEARTS STICKER SHEET,2009-12-02,2011-12-05,121,866,136,False
21897,POTTING SHED CANDLE CITRONELLA,2009-12-01,2011-04-27,89,866,108,False
22442,GROW YOUR OWN FLOWERS SET OF 3,2010-03-23,2011-12-09,124,866,173,False
22688,DOORMAT PEACE ON EARTH BLUE,2010-06-28,2011-12-08,72,865,93,False
23347,I LOVE LONDON BEAKER,2011-07-24,2011-12-09,78,860,98,False
17012C,ORIGAMI LAVENDER INCENSE/CANDL SET ,2010-02-05,2011-12-08,95,856,113,False
23014,GLASS APOTHECARY BOTTLE ELIXIR,2011-06-14,2011-12-09,113,856,211,False
21202,DOLLY HONEYCOMB GARLAND,2009-12-14,2011-11-17,63,854,66,False
22911,PAPER CHAIN KIT LONDON,2010-09-19,2011-12-05,124,853,165,False
21010,ETCHED GLASS BIRD TREE DECORATION,2009-12-02,2010-10-24,56,850,85,False
22039,BOTANICAL LILY GIFT WRAP,2009-12-22,2011-10-25,28,850,30,False
85034A,3 GARDENIA MORRIS BOXED CANDLES,2009-12-01,2011-11-23,105,849,145,False
16052,TEATIME PUSH DOWN RUBBER,2009-12-16,2011-06-09,33,848,35,False
21647,ASSORTED TUTTI FRUTTI LARGE PURSE,2009-12-01,2011-11-27,103,848,148,False
84676,BATH DUCK WATERING CAN,2009-12-03,2010-08-18,77,848,110,False
85170A,SET/6 IVORY BIRD T-LIGHT CANDLES,2009-12-01,2010-12-07,72,848,84,False
23461,SWEETHEART BIRD HOUSE,2011-09-29,2011-12-07,48,847,100,False
21076,SET/20 COLLAGE PAPER NAPKIN ,2009-12-02,2010-03-16,58,843,94,False
21348,PINK SPOTS CHOCOLATE NESTING BOXES ,2009-12-01,2011-01-26,103,842,134,False
23239,SET OF 4 KNICK KNACK TINS POPPIES,2011-06-08,2011-12-09,99,842,181,False
23249,VINTAGE RED ENAMEL TRIM PLATE,2011-06-14,2011-12-07,58,842,81,False
79336,LIGHT PINK FLOCK GLASS CANDLEHOLDER,2009-12-02,2011-09-02,20,840,21,False
22516,CHILDS GARDEN RAKE BLUE,2010-03-28,2011-12-08,123,839,164,False
84625A,PINK NEW BAROQUECANDLESTICK CANDLE,2009-12-03,2011-12-07,74,838,81,False
22263,FELT EGG COSY LADYBIRD ,2009-12-06,2011-12-08,91,836,107,False
85231E,STRAWBERRY SCENTED SET/9 T-LIGHTS,2009-12-01,2010-06-13,68,836,108,False
21827,EIGHT PIECE CREEPY CRAWLIE SET,2009-12-01,2011-03-29,102,835,143,False
21016,LIGHT BIRD HOUSE TREE DECORATION,2009-12-01,2010-11-26,53,834,87,False
21617,4 LILY  BOTANICAL DINNER CANDLES,2009-12-02,2011-11-21,135,834,172,False
22393,PAPERWEIGHT VINTAGE COLLAGE,2010-03-26,2011-12-08,94,834,120,False
22450,SILK PURSE BABUSHKA BLUE,2010-03-17,2011-11-28,138,834,184,False
85215,ASSORTED CHEESE FRIDGE MAGNETS,2009-12-10,2011-08-10,59,831,67,False
21898,POTTING SHED ROSE CANDLE,2009-12-01,2011-04-27,92,827,117,False
72487,ROSES WHITE ROUND CANDLE,2009-12-01,2009-12-14,7,827,14,False
23435,3 RAFFIA RIBBONS VINTAGE CHRISTMAS,2011-09-09,2011-12-09,52,824,99,False
84249D,FAIRY CAKE GREETINGS CARD,2009-12-02,2010-08-23,52,823,64,False
84534B,FAIRY CAKE NOTEBOOK A5 SIZE,2009-12-01,2011-01-20,146,823,191,False
72800F,4 IVORY DINNER CANDLES GOLD FLOCK,2009-12-01,2010-11-21,51,822,69,False
23388,WOODLAND MINI BACKPACK,2011-09-11,2011-12-09,63,821,154,False
20850,ZINC HEART LATTICE PLANTER BOWL,2010-01-06,2010-11-11,21,820,23,False
44235,ASS COL CIRCLE MOBILE ,2010-01-13,2011-12-07,22,816,24,False
84467,ENGLISH ROSE DESIGN QUILTED THROW,2009-12-06,2010-07-27,44,816,83,False
21813,GARLAND WITH STARS AND BELLS,2009-12-01,2011-12-09,124,815,186,False
22390,PAPERWEIGHT CHILDHOOD MEMORIES,2010-03-26,2011-12-08,75,813,83,False
22931,BAKING MOULD HEART WHITE CHOCOLATE,2010-12-08,2011-12-08,91,813,130,False
23118,PARISIENNE JEWELLERY DRAWER ,2011-05-10,2011-12-09,124,813,258,False
23282,FOLDING BUTTERFLY MIRROR IVORY ,2011-05-09,2011-12-05,91,812,137,False
84596J,MIXED NUTS LIGHT GREEN BOWL,2009-12-09,2011-05-23,111,812,140,False
17165B,ASS COL LARGE SAND GECKO P'WEIGHT,2009-12-01,2010-10-10,47,810,61,False
23068,ALUMINIUM STAMPED HEART,2011-04-18,2011-12-06,96,809,138,False
23494,VINTAGE DOILY DELUXE SEWING KIT ,2011-09-25,2011-12-09,59,809,206,False
84279B,CHERRY BLOSSOM DECORATIVE FLASK,2009-12-01,2011-06-17,149,808,215,False
21190,PINK HEARTS PAPER GARLAND,2009-12-13,2011-11-25,86,806,115,False
22517,CHILDS GARDEN RAKE PINK,2010-03-26,2011-12-06,120,806,152,False
21812,GARLAND WITH HEARTS AND BELLS,2009-12-01,2011-12-09,145,805,206,False
84509G,SET OF 4 FAIRY CAKE PLACEMATS ,2009-12-03,2011-12-08,128,804,161,False
22453,MEASURING TAPE BABUSHKA BLUE,2010-03-21,2011-12-08,112,801,145,False
23223,CHRISTMAS TREE HANGING SILVER ,2011-06-23,2011-12-08,57,801,89,False
23393,HOME SWEET HOME CUSHION COVER ,2011-09-04,2011-12-08,76,801,231,False
23222,CHRISTMAS TREE HANGING GOLD,2011-06-23,2011-12-08,51,799,77,False
23146,TRIPLE HOOK ANTIQUE IVORY ROSE,2011-04-19,2011-12-05,124,798,231,False
21189,WHITE HONEYCOMB PAPER GARLAND ,2009-12-01,2011-12-08,96,797,124,False
21820,GLITTER HEART GARLAND WITH BELLS ,2009-12-01,2011-12-05,133,795,184,False
23088,ZINC HEART FLOWER T-LIGHT HOLDER,2011-05-12,2011-12-09,58,795,79,False
21160,KEEP OUT GIRLS DOOR HANGER ,2009-12-01,2010-12-14,51,794,58,False
85129D,BEADED CRYSTAL HEART PINK SMALL,2009-12-01,2011-12-05,141,793,168,False
21106,CREAM SLICE FLANNEL CHOCOLATE SPOT ,2009-12-02,2011-12-02,144,790,170,False
79190A,RETRO PLASTIC 70'S TRAY,2009-12-03,2011-12-09,111,790,119,False
21146,ANTIQUE GLASS RIDGED HANGING BALL,2009-12-02,2010-11-02,42,789,58,False
23214,JINGLE BELL HEART ANTIQUE GOLD,2011-06-01,2011-12-08,66,789,104,False
85130D,BEADED CRYSTAL HEART PINK LARGE,2009-12-02,2011-12-07,97,788,110,False
85018D,YULETIDE IMAGES S/6 PAPER BOXES,2009-12-02,2011-01-14,50,787,80,False
20671,BLUE TEATIME PRINT BOWL ,2009-12-02,2010-12-09,123,786,143,False
23133,LARGE IVORY HEART WALL ORGANISER,2011-04-20,2011-12-08,107,782,155,False
84422,PINK/BLUE DISC/MIRROR STRING,2009-12-20,2011-09-16,36,782,38,False
23269,SET OF 2 CERAMIC CHRISTMAS TREES,2011-06-12,2011-12-08,59,779,95,False
71101E,STANDING FAIRY POLE SUPPORT ,2009-12-13,2011-11-21,47,777,48,False
22831,WHITE BROCANTE SOAP DISH,2010-11-07,2011-12-01,105,776,140,False
72801E,S/4 FESTIVE GREEN DINNER CANDLES,2009-12-01,2010-09-02,25,776,28,False
23057,BEADED CHANDELIER T-LIGHT HOLDER,2011-04-18,2011-11-18,38,773,45,False
84926D,LA PALMIERA TILE COASTER,2009-12-04,2011-12-07,45,773,48,False
72801C,4 ROSE PINK DINNER CANDLES,2009-12-11,2011-12-08,77,770,92,False
84625C,BLUE NEW BAROQUE CANDLESTICK CANDLE,2009-12-02,2011-10-03,63,770,71,False
21458,2 PICTURE BOOK EGGS EASTER BUNNY,2009-12-04,2011-11-09,67,768,88,False
20768,GREEN FERN JOURNAL ,2009-12-01,2011-12-06,123,767,149,False
35096A,BLUE VICTORIAN FABRIC HEART BOX,2009-12-02,2010-03-05,35,765,50,False
22289,"DECORATION , HANGING METAL CHICKEN",2009-12-01,2011-11-22,70,764,78,False
84924D,LA PALMIERA METAL SIGN CALENDAR,2009-12-04,2010-11-11,15,764,15,False
22062,CERAMIC BOWL WITH LOVE HEART DESIGN,2009-12-01,2011-10-14,112,761,132,False
35968,FOLK ART METAL HEART T-LIGHT HOLDER,2009-12-02,2011-11-01,68,761,76,False
22953,BIRTHDAY PARTY CORDON BARRIER TAPE,2010-11-04,2011-12-08,99,760,120,False
85094,CANDY SPOT EGG WARMER RABBIT,2009-12-15,2011-12-09,82,760,108,False
22862,LOVE HEART NAPKIN BOX ,2010-09-16,2011-01-25,88,758,226,False
21904,HOUSE WRECKING METAL SIGN ,2009-12-08,2011-05-25,123,757,146,False
84660C,PINK STITCHED WALL CLOCK,2009-12-02,2011-09-08,99,756,113,False
21051,RIBBONS PURSE ,2009-12-03,2011-12-08,104,754,130,False
22448,PIN CUSHION BABUSHKA RED,2010-03-18,2011-12-06,105,753,122,False
72130,COLUMBIAN CANDLE ROUND,2009-12-13,2011-11-30,53,753,59,False
84660B,BLACK STITCHED WALL CLOCK,2009-12-01,2011-09-07,61,752,67,False
21416,CLAM SHELL LARGE,2009-12-13,2011-03-22,21,751,23,False
16161E,WRAP BOUDOIR ,2009-12-07,2010-02-22,7,750,9,False
21611,SET OF 12 LILY BOTANICAL T-LIGHTS,2009-12-01,2010-10-27,111,750,151,False
84356,POMPOM CURTAIN,2009-12-04,2011-12-09,113,750,133,False
21307,SET/4 BUTTERFLY MIRROR MAGNETS,2009-12-01,2011-07-13,60,749,72,False
21696,SMALL SILVER TRELLIS CANDLEPOT,2009-12-03,2011-11-23,95,749,107,False
23395,BELLE JARDINIERE CUSHION COVER,2011-09-04,2011-12-08,76,748,211,False
72131,COLUMBIAN CANDLE RECTANGLE,2009-12-10,2011-11-25,49,748,58,False
85188B,PINK METAL SWINGING BUNNY,2010-01-11,2011-03-27,51,748,76,False
23390,DOLLY GIRL MINI BACKPACK,2011-09-11,2011-12-09,69,747,166,False
23348,CHILDRENS TOY COOKING UTENSIL SET,2011-04-18,2011-11-23,80,746,170,False
47310M,SMALL POP BOX FUNKY MONKEY,2009-12-09,2011-12-09,139,746,173,False
84051,ASS COLOUR GLOWING TIARAS,2009-12-06,2011-12-06,54,746,61,False
22903,CALENDAR FAMILY FAVOURITES,2010-09-26,2011-12-08,70,745,82,False
17136A,BLUE STONES ON WIRE FOR CANDLE,2009-12-03,2011-11-03,33,743,34,False
37461,FUNKY MONKEY MUG,2009-12-01,2010-12-05,86,742,96,False
23695,DOILY THANK YOU CARD,2011-11-09,2011-12-08,22,741,57,False
21323,HANGING MEDINA LANTERN LARGE,2009-12-02,2010-07-23,61,740,80,False
21482,MUSHROOM BLUE HOT WATER BOTTLE,2009-12-01,2010-10-17,97,740,185,False
21456,2 PICTURE BOOK EGGS EASTER CHICKS,2009-12-04,2011-12-07,53,738,66,False
23224,CHERUB HEART DECORATION GOLD,2011-06-02,2011-12-09,48,738,71,False
20878,SET/9 CHRISTMAS T-LIGHTS SCENTED ,2009-12-02,2010-12-05,55,737,87,False
47505,MINATURE COLOURED GARDENING SET,2009-12-01,2010-06-07,84,737,180,False
23127,FELTCRAFT GIRL NICOLE KIT,2011-03-02,2011-12-09,125,736,196,False
23235,STORAGE TIN VINTAGE LEAF,2011-06-08,2011-12-09,71,736,105,False
21825,PAINTED METAL TREE WITH HOLLY BELLS,2009-12-01,2010-11-14,55,733,80,False
22060,LARGE CAKE STAND HANGING HEARTS,2009-12-04,2011-05-23,129,733,161,False
78124,MAGAZINE RACK GEBRA ASSORTED ,2009-12-03,2011-11-28,29,730,31,False
20662,FIRST CLASS HOLIDAY PURSE ,2009-12-06,2011-10-24,45,728,49,False
17012A,ORIGAMI VANILLA INCENSE/CANDLE SET ,2009-12-01,2011-12-02,82,726,96,False
21710,FOLDING UMBRELLA PINKWHITE POLKADOT,2009-12-01,2011-11-25,96,726,111,False
22223,CAKE PLATE LOVEBIRD PINK,2009-12-04,2011-12-06,148,726,177,False
79341,WILLOW BRANCH LIGHTS.,2009-12-01,2010-04-20,51,725,80,False
72803A,ROSE SCENT CANDLE JEWELLED DRAWER,2009-12-02,2011-11-06,91,724,97,False
85170D,SET/6 PINK BIRD T-LIGHT CANDLES,2009-12-01,2011-12-08,128,723,151,False
17012B,ORIGAMI JASMINE INCENSE/CANDLE SET,2009-12-08,2011-11-30,110,721,126,False
21130,COLOURFUL STANDING GNOME,2009-12-04,2010-06-30,37,721,49,False
85025C,PINK HEART SHAPE PHOTO FRAME,2009-12-02,2011-08-24,108,720,126,False
21547,CERAMIC BIRDHOUSE CRESTED TIT SMALL,2009-12-01,2011-03-22,98,719,121,False
22618,COOKING SET RETROSPOT,2010-03-14,2011-05-06,149,718,243,False
85019B,BLOSSOM  IMAGES NOTEBOOK SET,2010-03-18,2011-12-08,45,718,47,False
71038,WHITE HANGING BEADS CANDLE HOLDER,2009-12-02,2011-11-28,126,717,145,False
17165D,ASS COL LARGE SAND FROG P'WEIGHT,2009-12-01,2011-01-12,68,716,93,False
35001G,HAND OPEN SHAPE GOLD,2009-12-01,2011-12-07,86,715,105,False
23033,DRAWER KNOB CERAMIC RED,2011-06-14,2011-12-09,63,714,74,False
23502,PLAYING CARDS VINTAGE DOILY ,2011-09-22,2011-12-07,49,714,95,False
72128,COLUMBIAN CANDLE ROUND,2009-12-07,2011-12-08,78,714,91,False
84925F,PSYCHEDELIC WALL THERMOMETER,2010-01-12,2011-07-31,34,714,34,False
21821,GLITTER STAR GARLAND WITH BELLS ,2009-12-01,2011-12-05,103,713,156,False
47021G,SET/6 BEAD COASTERS GAUZE BAG GOLD,2009-12-01,2011-06-23,62,713,71,False
17109A,FLOWER FAIRY INCENSE LILY,2009-12-02,2010-03-26,13,709,13,False
37413,ICON MUG REVOLUTIONARY,2011-02-07,2011-12-05,59,703,83,False
21311,SET/4 BIRD MIRROR MAGNETS ,2009-12-03,2011-12-04,86,701,95,False
21741,COSY SLIPPER SHOES LARGE GREEN,2009-12-01,2011-11-16,137,701,192,False
22939,APRON APPLE DELIGHT,2010-09-26,2011-12-06,142,700,181,False
23110,PARISIENNE KEY CABINET ,2011-05-11,2011-12-09,127,700,256,False
37441,ASSORTED WHITE EMBOSSED CHINA MUGS,2009-12-03,2010-08-02,47,700,54,False
84520D,PACK OF 20 FAIRY CAKE PAPER NAPKINS,2009-12-02,2010-02-26,41,699,94,False
21612,SET 12 WILDFLOWER BOTANICAL T-LIGHT,2009-12-01,2010-09-29,88,698,114,False
21618,4 WILDFLOWER BOTANICAL CANDLES,2009-12-01,2011-11-14,110,698,146,False
21545,CERAMIC BIRDHOUSE BUTTERFLY SMALL,2009-12-01,2010-07-23,68,697,83,False
21709,FOLDING UMBRELLA CHOCOLATE POLKADOT,2009-12-02,2011-12-04,103,696,117,False
20670,VIP HOLIDAY PURSE,2009-12-08,2011-11-15,44,694,48,False
72819,CUPID DESIGN SCENTED CANDLES,2009-12-04,2011-12-08,81,694,94,False
21316,SMALL CHUNKY GLASS ROMAN  BOWL,2009-12-03,2011-04-10,42,693,47,False
22105,MIRROR MOSAIC GOBLET CANDLE HOLDER,2009-12-07,2011-12-08,49,692,56,False
85167B,BLACK GRAND BAROQUE PHOTO FRAME,2009-12-14,2011-04-08,54,692,60,False
21000,ROSE DU SUD COSMETICS BAG,2009-12-03,2011-12-09,84,690,94,False
22935,BAKING MOULD ROSE MILK CHOCOLATE,2010-12-08,2011-12-08,54,690,65,False
21157,RED SPOTTY WASHBAG,2009-12-01,2011-10-25,126,689,177,False
20950,SET/6  ANGEL T-LIGHTS WHITE/GOLD,2009-12-02,2010-11-28,63,687,84,False
84934,ASSTD DESIGN POP ART SLIM PEN,2009-12-01,2010-04-09,12,687,13,False
20764,ABSTRACT CIRCLES SKETCHBOOK ,2009-12-02,2011-12-08,146,685,194,False
21457,2 PICTURE BOOK EGGS EASTER DUCKS,2009-12-04,2011-11-09,53,685,65,False
22270,HAPPY EASTER HANGING DECORATION,2009-12-03,2011-11-22,113,685,158,False
85130A,BEADED PEARL HEART WHITE LARGE,2009-12-01,2011-05-23,75,685,88,False
20891,LARGE GLASS ROSE SCENTED CANDLE ,2010-01-12,2010-04-19,3,684,3,False
20747,PICCADILLY TEA SET,2009-12-01,2010-05-16,65,683,108,False
21548,CERAMIC BIRDHOUSE FINCH BLUE ROOF,2009-12-01,2010-11-01,82,682,108,False
85084,HOLLY TOP CHRISTMAS STOCKING,2009-12-08,2010-12-21,51,682,87,False
21306,SET/4 DAISY MIRROR MAGNETS,2009-12-03,2011-12-05,65,681,68,False
22926,IVORY GIANT GARDEN THERMOMETER,2010-11-21,2011-05-10,102,680,217,False
21815,STAR  T-LIGHT HOLDER ,2009-12-01,2011-11-23,71,679,94,False
21562,HAWAIIAN GRASS SKIRT ,2010-01-07,2011-11-21,69,678,74,False
23473,WOODLAND SMALL RED FELT HEART,2011-10-20,2011-12-07,33,678,51,False
84799,SPRIG LAVENDER ARTIFICIAL FLOWER,2010-01-21,2011-04-14,29,678,31,False
21043,APRON MODERN VINTAGE COTTON,2009-12-07,2011-06-07,99,677,141,False
21276,TWO EMBOSSED HEART MINI DRAWERS,2009-12-03,2010-04-08,20,677,29,False
21437,24 HANGING EASTER EGGS FLORAL TUB,2009-12-08,2010-03-28,55,677,114,False
22701,PINK DOG BOWL,2010-06-22,2011-12-09,121,675,159,False
20849,ZINC HEART LATTICE DOUBLE PLANTER,2009-12-07,2010-11-21,21,674,24,False
72800A,S/4 BLACK DINNER CANDLE SILVER FLOC,2009-12-01,2010-05-16,40,674,46,False
84976,RECTANGULAR SHAPED MIRROR,2009-12-09,2011-12-08,51,674,56,False
20931,BLUE POT PLANT CANDLE ,2009-12-07,2011-12-09,128,673,158,False
21814,HEART T-LIGHT HOLDER ,2009-12-01,2011-11-29,74,670,99,False
22290,STANDING METAL RABBIT WITH EGG,2009-12-09,2010-03-31,48,670,79,False
21205,MULTICOLOUR 3D BALLS GARLAND,2009-12-02,2011-12-02,124,669,149,False
21468,BUTTERFLY CROCHET FOOD COVER,2009-12-02,2011-11-29,124,669,145,False
37482P,CUBIC MUG PINK POLKADOT,2009-12-01,2011-04-13,70,669,86,False
10120,DOGGY RUBBER,2009-12-01,2011-12-04,64,664,73,False
22324,BLUE POLKADOT KIDS BAG,2009-12-01,2011-12-09,130,664,153,False
84469,ROSE DES PADDED FLOOR CUSHION,2009-12-04,2010-03-24,28,664,44,False
84926A,WAKE UP COCKEREL TILE COASTER,2010-03-03,2011-12-01,49,664,51,False
82607A,GLASS BONBON JAR PARFUME AUX FLEURE,2009-12-03,2010-10-12,104,663,159,False
16202A,PASTEL PINK PHOTO ALBUM ,2009-12-02,2011-04-17,21,662,21,False
22763,KEY CABINET MA CAMPAGNE,2010-10-10,2011-12-09,107,662,135,False
23392,SPACEBOY ROCKET LOLLY MAKERS,2011-09-06,2011-12-09,59,662,114,False
35915C,PEACH KNITTED HEN ,2009-12-03,2011-04-18,58,662,82,False
72800C,4 PINK DINNER CANDLE SILVER FLOCK,2009-12-07,2011-12-08,74,660,80,False
85159B,"WHITE TEA,COFFEE,SUGAR JARS",2009-12-02,2011-11-30,84,660,89,False
21017,RED BIRD HOUSE TREE DECORATION,2009-12-01,2010-11-19,58,659,87,False
21220,SET/4 BADGES DOGS,2009-12-02,2011-12-09,133,659,160,False
85130C,BEADED CRYSTAL HEART BLUE  LARGE,2010-01-05,2011-12-07,63,659,69,False
20889,JARDIN DE FEMME SCENTED CANDLE,2009-12-02,2010-03-26,11,657,13,False
23055,IVORY CHANDELIER T-LIGHT HOLDER,2011-04-19,2011-11-18,33,657,40,False
72801D,4 SKY BLUE DINNER CANDLES,2009-12-04,2011-12-08,97,656,122,False
22123,PING MICROWAVE APRON,2009-12-02,2011-12-09,135,655,167,False
23052,RECYCLED ACAPULCO MAT TURQUOISE,2011-03-04,2011-12-09,136,654,278,False
23396,LE JARDIN BOTANIQUE CUSHION COVER,2011-09-04,2011-12-08,75,654,201,False
84985A,SET OF 72 GREEN PAPER DOILIES,2009-12-01,2011-03-01,127,654,163,False
22125,UNION JACK HOT WATER BOTTLE ,2009-12-01,2011-11-23,62,653,189,False
10123C,HEARTS WRAPPING TAPE ,2009-12-01,2011-03-31,56,650,63,False
22408,MONEY BOX CONFECTIONERY DESIGN,2010-03-26,2011-12-06,79,650,96,False
84625D,WHITE NEWBAROQUE CANDLESTICK CANDLE,2009-12-03,2010-11-17,42,650,52,False
84800L,LARGE WHITE/PINK ROSE ART FLOWER,2010-01-19,2011-06-03,38,650,38,False
23559,WOODLAND BUNNIES LOLLY MAKERS,2011-09-08,2011-12-09,66,649,124,False
85035A,GARDENIA 3 WICK MORRIS BOXED CANDLE,2009-12-02,2011-10-26,141,649,185,False
22389,PAPERWEIGHT SAVE THE PLANET,2010-03-30,2011-12-08,80,647,92,False
85019A,ROMANTIC IMAGES NOTEBOOK SET,2010-01-05,2011-12-08,48,647,49,False
22853,CAT BOWL VINTAGE CREAM,2010-10-15,2011-12-08,110,645,146,False
22891,TEA FOR ONE POLKADOT,2010-10-15,2011-12-09,142,644,230,False
23564,EGG CUP MILKMAID INGRID,2011-10-13,2011-12-09,36,644,76,False
72728,ROSE SCENT CANDLES IN GLASS,2009-12-10,2010-08-04,45,643,55,False
35646,VINTAGE BEAD PINK EVENING BAG,2009-12-02,2011-12-09,81,642,106,False
21379,CAMPHOR WOOD PORTOBELLO MUSHROOM,2009-12-01,2011-12-09,110,641,125,False
79190D,RETRO PLASTIC DAISY TRAY,2009-12-03,2011-12-02,105,641,112,False
47502,POLKADOT CUTLERY 24 PCS IN TRAY,2009-12-09,2010-09-13,65,640,79,False
72023F,RED ORGANIC CANDLE IN GLASS,2009-12-01,2010-08-08,38,640,51,False
20615,BLUE POLKADOT PASSPORT COVER,2009-12-01,2011-12-08,144,637,196,False
21490,SET OF THREE 50'S GIFT WRAPS ,2009-12-01,2010-09-20,12,637,56,False
23529,WALL ART DOLLY GIRL ,2011-10-03,2011-12-08,28,637,37,False
84968C,SET OF 16 VINTAGE PISTACHIO CUTLERY,2009-12-01,2011-11-23,147,637,192,False
21373,MIRRORED WALL ART SNOWFLAKES,2009-12-04,2011-12-07,52,636,61,False
22323,PINK POLKADOT KIDS BAG,2009-12-03,2011-01-12,96,635,117,False
20839,FRENCH PAISLEY CUSHION COVER ,2009-12-07,2011-12-08,91,633,118,False
21849,SILVER DIAMANTE PEN IN GIFT BOX,2009-12-02,2011-12-04,108,633,136,False
22990,COTTON APRON PANTRY DESIGN,2011-02-06,2011-12-08,120,633,166,False
21613,S/12 VANILLA  BOTANICAL T-LIGHTS,2009-12-02,2011-10-27,133,632,148,False
82616C,MIDNIGHT GLAMOUR SCARF KNITTING KIT,2009-12-02,2011-12-08,110,632,142,False
72800D,4 BLUE DINNER CANDLES SILVER FLOCK,2009-12-04,2011-11-28,78,631,86,False
21695,SMALL SILVER FLOWER CANDLE POT,2009-12-02,2011-12-08,90,630,102,False
23568,EGG CUP HENRIETTA HEN CREAM ,2011-10-16,2011-12-08,28,630,48,False
35965,FOLKART HEART NAPKIN RINGS,2009-12-01,2011-11-15,138,629,174,False
85180A,RED HEARTS LIGHT CHAIN ,2009-12-03,2011-12-05,65,629,100,False
21851,LILAC DIAMANTE PEN IN GIFT BOX,2009-12-02,2011-12-05,112,628,149,False
79302M,"ART LIGHTS,FUNK MONKEY",2009-12-01,2011-12-08,97,628,112,False
22471,TV DINNER TRAY AIR HOSTESS ,2010-03-11,2011-12-09,137,627,176,False
23536,WALL ART VILLAGE SHOW ,2011-10-03,2011-12-09,42,626,85,False
10134,COLOURING PENCILS BROWN TUBE,2009-12-03,2010-11-12,45,625,54,False
21946,PARTY TIME DESIGN FLANNEL,2009-12-07,2011-12-08,58,625,67,False
23403,LETTER HOLDER HOME SWEET HOME,2011-09-05,2011-12-08,69,625,135,False
84951A,SET OF 4 PISTACHIO LOVEBIRD COASTER,2009-12-01,2011-12-05,101,622,135,False
21222,SET/4 BADGES BEETLES,2009-12-07,2011-12-09,110,621,134,False
85036A,GARDENIA 1 WICK MORRIS BOXED CANDLE,2009-12-03,2011-10-31,141,621,172,False
22446,PIN CUSHION BABUSHKA PINK,2010-03-18,2011-12-09,140,618,189,False
22860,EASTER TIN CHICKS PINK DAISY,2010-10-05,2011-11-18,62,612,111,False
72799A,BLACK PILLAR CANDLE SILVER FLOCK,2009-12-03,2010-08-04,17,612,18,False
21708,FOLDING UMBRELLA CREAM POLKADOT,2009-12-01,2011-12-05,109,611,130,False
84684,BEACH HUT PHOTO FRAME,2009-12-01,2010-06-04,33,609,40,False
84750B,BLACK SMALL GLASS CAKE STAND,2009-12-02,2011-04-19,67,609,78,False
21065,BOOM BOX SPEAKER GIRLS,2009-12-02,2011-12-09,95,608,122,False
22056,CERAMIC PLATE LOVE HEART DESIGN,2009-12-08,2010-07-27,30,607,34,False
84535A,ENGLISH ROSE NOTEBOOK A6 SIZE,2009-12-01,2011-05-08,42,607,65,False
85162A,SILVER RETRODISC LAMPSHADE,2009-12-01,2010-06-08,20,607,20,False
20771,CHRYSANTHEMUM  JOURNAL,2009-12-01,2011-12-06,116,606,140,False
21262,WHITE GOOSE FEATHER CHRISTMAS TREE ,2009-12-02,2011-12-08,103,606,132,False
22137,BATHROOM SET LOVE HEART DESIGN,2009-12-14,2011-08-11,40,606,43,False
23398,HANGING HEART BONHEUR,2011-09-04,2011-12-08,47,606,75,False
82616B,FRAPPUCINO SCARF KNITTING KIT,2009-12-01,2011-12-08,105,606,128,False
20890,SMALL GLASS ROSE SCENTED CANDLE,2010-01-21,2010-04-19,4,605,4,False
23252,VINTAGE RED ENAMEL TRIM JUG ,2011-06-12,2011-12-08,90,603,138,False
84796B,BLUE SAVANNAH PICNIC HAMPER FOR 2,2009-12-01,2011-11-08,128,602,184,False
85036B,CHOCOLATE 1 WICK MORRIS BOX CANDLE,2009-12-01,2011-11-17,73,600,89,False
21804,WHITE CHRISTMAS GARLAND STARS TREES,2009-12-01,2011-12-02,94,597,142,False
21251,DINOSAUR HEIGHT CHART STICKER SET,2009-12-01,2011-11-30,116,595,132,False
22843,BISCUIT TIN VINTAGE GREEN,2010-10-15,2011-12-05,129,595,179,False
23358,HOT STUFF HOT WATER BOTTLE,2011-08-21,2011-12-09,56,594,89,False
79328,BLUE FLOCK GLASS CANDLEHOLDER,2009-12-01,2010-07-26,17,594,17,False
72755C,FLOWER FAIRY OIL BURNER SET ROSE,2009-12-22,2010-03-26,13,592,14,False
21943,CAKES AND RABBITS DESIGN FLANNEL ,2009-12-07,2011-12-08,118,591,149,False
22259,FELT FARM ANIMAL HEN,2010-01-24,2011-04-26,54,590,74,False
22934,BAKING MOULD EASTER EGG WHITE CHOC,2010-12-10,2011-11-11,60,589,78,False
35981C,WHITE SNOW SCANDINAVIAN STOCKING ,2009-12-02,2010-10-17,47,589,72,False
22317,FIVE CATS HANGING DECORATION,2009-12-04,2011-11-29,141,587,168,False
84971L,LARGE HEART FLOWERS HOOK   ,2009-12-01,2011-11-25,42,587,60,False
85086A,CANDY SPOT HEART DECORATION,2009-12-01,2011-08-12,121,587,153,False
17012F,ORIGAMI SANDLEWOOD INCENSE/CAND SET,2010-03-03,2011-12-08,85,586,107,False
22183,CAKE STAND VICTORIAN FILIGREE MED,2009-12-02,2011-11-13,148,586,209,False
72122,COFFEE SCENT PILLAR CANDLE,2009-12-04,2011-12-08,103,586,124,False
22513,DOORSTOP FOOTBALL DESIGN,2010-03-14,2011-12-09,139,585,171,False
84637,KITCHEN FLOWER POTS WALL PLAQUE,2009-12-14,2011-09-23,94,585,114,False
20622,VIPPASSPORT COVER ,2009-12-01,2011-12-05,108,582,128,False
23525,WALL ART BUFFALO BILL ,2011-10-02,2011-12-09,35,582,53,False
82615,PINK MARSHMALLOW SCARF KNITTING KIT,2009-12-02,2010-12-01,67,582,90,False
22822,CREAM WALL PLANTER HEART SHAPED,2010-11-07,2011-12-08,127,581,184,False
35962,12 ASS ZINC CHRISTMAS DECORATIONS,2009-12-01,2010-10-20,61,581,96,False
20684,STRAWBERRY DREAM CHILDS UMBRELLA,2009-12-01,2011-07-22,143,580,177,False
23091,ZINC HERB GARDEN CONTAINER,2011-05-11,2011-11-10,105,580,210,False
23515,EMBROIDERED RIBBON REEL DAISY ,2011-09-22,2011-12-09,46,579,72,False
21194,PINK  HONEYCOMB PAPER FAN,2009-12-03,2011-12-09,86,578,97,False
23164,REGENCY CAKE SLICE,2011-05-03,2011-12-08,72,578,92,False
23048,SET OF 10 LANTERNS FAIRY LIGHT STAR,2011-04-28,2011-12-08,71,577,102,False
90058A,CRYSTAL STUD EARRINGS CLEAR DISPLAY,2009-12-10,2011-11-14,13,576,13,False
84951B,SET OF 4 BLACK LOVEBIRD COASTERS,2009-12-01,2011-12-08,91,575,126,False
47574A,ENGLISH ROSE SCENTED HANGING FLOWER,2009-12-09,2011-10-07,96,573,130,False
21678,PAISLEY PATTERN  STICKERS,2009-12-02,2011-12-09,73,572,80,False
23511,EMBROIDERED RIBBON REEL EMILY ,2011-09-22,2011-12-08,52,571,99,False
84993B,75 BLACK PETIT FOUR CASES,2009-12-03,2011-08-08,81,571,99,False
22914,BLUE COAT RACK PARIS FASHION,2010-11-19,2011-12-09,133,570,171,False
85025B,EAU DE NILE HEART SHAPE PHOTO FRAME,2009-12-07,2011-12-08,87,570,98,False
23553,LANDMARK FRAME CAMDEN TOWN ,2011-10-20,2011-12-08,35,568,68,False
23124,18PC WOODEN CUTLERY SET DISPOSABLE,2011-06-17,2011-11-03,35,567,43,False
23513,EMBROIDERED RIBBON REEL SUSIE ,2011-09-22,2011-12-05,42,566,70,False
22852,DOG BOWL VINTAGE CREAM,2010-10-15,2011-12-08,122,565,160,False
84678,CLASSICAL ROSE SMALL VASE,2009-12-08,2011-03-23,73,565,84,False
35647,VINTAGE BEAD PINK SHADE ,2009-12-08,2011-03-11,53,563,75,False
35915B,BLUE KNITTED HEN ,2009-12-18,2011-09-23,46,563,68,False
84569A,PACK 3 IRON ON DOG PATCHES,2009-12-02,2011-12-05,97,562,114,False
22182,CAKE STAND VICTORIAN FILIGREE SMALL,2009-12-02,2011-12-09,138,561,172,False
22894,TABLECLOTH RED APPLES DESIGN ,2010-09-24,2011-12-09,135,561,194,False
21378,SMALL TALL CAMPHOR WOOD TOADSTOOL,2009-12-07,2011-12-09,80,560,88,False
84760L,LARGE HANGING GLASS+ZINC LANTERN,2010-05-04,2010-05-04,1,560,1,False
20893,HANGING BAUBLE T-LIGHT HOLDER SMALL,2009-12-03,2011-12-04,72,559,79,False
21682,LARGE MEDINA STAMPED METAL BOWL ,2009-12-03,2011-12-04,135,559,152,False
35818P,"ACRYLIC JEWEL ICICLE, PINK",2010-05-14,2011-12-05,23,559,25,False
23418,LAVENDER TOILETTE BOTTLE,2011-09-11,2011-12-09,48,557,79,False
21694,SMALL REGAL  SILVER CANDLEPOT ,2009-12-01,2011-12-05,63,556,70,False
23026,DRAWER KNOB VINTAGE GLASS STAR,2011-06-16,2011-12-07,52,556,64,False
21895,POTTING SHED SOW 'N' GROW SET,2009-12-01,2010-12-09,65,555,86,False
23152,IVORY SWEETHEART WIRE LETTER RACK ,2011-04-20,2011-12-04,111,554,160,False
35607A,PINK FLUFFY CHRISTMAS DECORATION,2009-12-11,2011-01-18,29,554,31,False
84199,GLOW IN DARK DOLPHINS,2009-12-01,2011-12-06,60,554,72,False
21349,IVY HEART WREATH,2009-12-01,2011-11-01,90,553,172,False
79338,DARK PINK FLOCK GLASS CANDLEHOLDER,2009-12-03,2010-03-02,13,553,13,False
84396,6 HOOK JEWELLERY STAND BLACK DRESS,2009-12-01,2010-02-24,34,552,50,False
20798,CLEAR MILKSHAKE GLASS,2009-12-01,2011-01-25,76,551,85,False
21842,PINK HEART CANDY BUTTON CALCULATOR,2009-12-01,2010-03-04,27,551,47,False
35637A,IVORY STRING CURTAIN WITH POLE ,2009-12-13,2011-11-27,50,551,53,False
20976,12 PENCILS SMALL TUBE POSY,2009-12-02,2010-10-04,66,549,76,False
21026,SPACE OWL,2009-12-02,2011-12-09,99,549,125,False
22214,CANDLE PLATE LACE WHITE,2009-12-01,2011-12-06,75,549,92,False
72132,COLUMBIAN CUBE CANDLE,2009-12-21,2011-11-27,25,549,28,False
84313C,ORANGE TV TRAY TABLE ,2010-01-11,2011-06-02,65,548,73,False
21549,CERAMIC BIRDHOUSE RED ROOF SMALL,2009-12-01,2010-04-13,38,547,52,False
85014C,BLUE/BROWN DOTS RUFFLED UMBRELLA,2009-12-01,2010-06-11,45,547,72,False
23112,PARISIENNE CURIO CABINET,2011-05-11,2011-12-09,129,546,241,False
22526,WHEELBARROW FOR CHILDREN ,2010-03-26,2011-12-09,148,544,208,False
84750A,PINK SMALL GLASS CAKE STAND,2009-12-01,2011-03-20,68,544,105,False
21144,PINK POODLE HANGING DECORATION ,2009-12-02,2010-12-21,42,543,61,False
85170C,SET/6 EAU DE NIL BIRD T-LIGHTS,2009-12-02,2011-12-09,93,543,107,False
21580,RABBIT  DESIGN  COTTON TOTE BAG,2009-12-01,2011-12-08,132,542,172,False
21610,SET 12 PEAR BOTANICAL T-LIGHTS,2009-12-02,2010-11-18,78,542,98,False
23003,TRAVEL CARD WALLET VINTAGE ROSE ,2011-02-16,2011-06-12,43,542,54,False
23490,T-LIGHT HOLDER HANGING LOVE BIRD,2011-10-14,2011-12-08,44,542,101,False
72045D,ROSES ON BLUE TEACUP CANDLE ,2009-12-03,2010-03-03,3,539,6,False
84526,GIANT BLACK SUNGLASSES,2009-12-02,2010-11-18,32,538,34,False
22204,MILK PAN BLUE POLKADOT,2009-12-03,2011-12-08,133,537,170,False
84683,CLASSICAL ROSE CANDLESTAND,2009-12-02,2011-05-03,43,537,49,False
85039C,S/4 BLACK MINI ROSE CANDLE IN BOWL,2009-12-03,2011-12-08,100,536,114,False
21221,SET/4 BADGES CUTE CREATURES,2009-12-01,2011-12-08,95,535,107,False
72755D,FLOWER FAIRY OIL BURNER SET SUMMER,2009-12-04,2010-03-26,12,533,13,False
79323GR,GREEN CHERRY LIGHTS,2009-12-01,2010-04-20,56,532,83,False
21698,MOCK LOBSTER FRIDGE MAGNET,2009-12-08,2011-12-07,99,530,112,False
20869,GOLD FABRIC MIRROR,2009-12-02,2011-12-08,47,529,54,False
35824B,"HANGING FLOWERS+MIRROR,BLUE",2009-12-10,2010-05-14,6,528,6,False
47504F,ENGLISH ROSE TORCH,2009-12-01,2010-02-15,8,527,14,False
23216,LAUREL HEART ANTIQUE GOLD,2011-06-02,2011-12-08,39,525,45,False
16256B,FLOWER PENCIL/RUBBER+5 MINI PENCILS,2009-12-04,2010-06-10,34,524,36,False
23092,LARGE ANTIQUE WHITE PHOTO FRAME,2011-05-16,2011-12-08,84,523,135,False
35969,FOLKART CROWN TABLE DECORATIONS,2009-12-02,2010-11-18,63,523,76,False
85169D,PINK LOVE BIRD CANDLE,2009-12-14,2011-11-29,80,521,88,False
17012D,ORIGAMI ROSE INCENSE/CANDLE SET ,2010-03-12,2011-12-08,94,520,116,False
22058,CERAMIC LOVE HEARTS DESIGN MUG,2009-12-01,2010-11-21,76,520,110,False
20766,GARDEN PATH SKETCHBOOK,2009-12-04,2011-12-04,123,518,157,False
21377,SMALL CAMPHOR WOOD FIELD  MUSHROOM,2009-12-01,2011-12-08,92,518,98,False
23452,HEART MINI PORTRAIT FRAME,2011-10-14,2011-12-08,40,518,87,False
37330,SPOTS MUG,2010-01-11,2011-03-22,27,517,28,False
72780,BLACK SILOUETTE CANDLE PLATE,2009-12-06,2011-12-08,41,514,44,False
85214,TUB 24 PINK FLOWER PEGS,2009-12-06,2011-08-10,133,514,171,False
22703,PINK CAT BOWL,2010-06-23,2011-12-09,122,513,165,False
21283,NATURAL BARK CANDLE SMALL,2009-12-01,2010-11-24,73,512,82,False
22281,EASTER TREE YELLOW BIRDS,2009-12-01,2011-12-07,104,511,149,False
85166B,BLACK METAL BAROQUE PHOTO FRAME,2009-12-04,2010-11-14,34,510,38,False
15059A,ENGLISH ROSE EDWARDIAN PARASOL,2009-12-01,2009-12-03,3,509,4,False
22106,MIRROR MOSAIC HURRICANE LAMP ,2010-01-15,2011-12-09,69,509,79,False
22201,FRYING PAN BLUE POLKADOT,2009-12-01,2011-12-08,140,509,166,False
21319,GLASS CHALICE GREEN  SMALL ,2009-12-07,2011-04-10,60,508,65,False
21427,SKULLS STORAGE BOX SMALL,2009-12-03,2011-12-06,102,507,120,False
23542,WALL ART 70'S ALPHABET ,2011-10-03,2011-12-08,42,506,89,False
20933,YELLOW POT PLANT CANDLE,2009-12-02,2011-12-08,45,505,53,False
21425,SKULLS STORAGE BOX LARGE,2009-12-02,2011-12-06,89,505,95,False
85169C,EAU DE NIL LOVE BIRD CANDLE,2009-12-08,2011-12-09,62,505,71,False
21529,RETRO SPOT CERAMIC TOASTRACK,2009-12-01,2010-09-13,104,503,152,False
84673B,BLUE FLY SWAT,2009-12-01,2011-12-05,114,503,134,False
21417,COCKLE SHELL DISH,2009-12-01,2011-12-09,106,502,118,False
21692,SILVER LATTICE VANILLA CANDLE POT,2009-12-01,2011-02-25,92,502,120,False
23512,EMBROIDERED RIBBON REEL ROSIE,2011-09-22,2011-12-08,41,500,57,False
84673A,PINK FLY SWAT,2009-12-02,2011-11-24,86,500,101,False
84797A,PINK HAWAIIAN PICNIC HAMPER FOR 4,2009-12-01,2010-06-04,28,499,61,False
20617,FIRST CLASS PASSPORT COVER ,2009-12-02,2011-12-08,95,498,105,False
23007, SPACEBOY BABY GIFT SET,2011-03-09,2011-12-09,129,498,184,False
21768,WALL MOUNTED VINTAGE ORGANISER,2009-12-01,2010-11-15,108,497,164,False
23050,RECYCLED ACAPULCO MAT GREEN,2011-03-04,2011-12-09,118,497,205,False
75178,ASSTD COL BUTTERFLY/CRYSTAL W/CHIME,2010-02-18,2011-12-06,25,497,25,False
72750B,FLOWER FAIRY SET 3 CANDLES LAVENDER,2009-12-14,2010-11-11,37,496,39,False
85031B,BLOSSOM IMAGES SCRAP BOOK SET,2009-12-01,2010-12-16,67,496,85,False
85067,CREAM SWEETHEART WALL CABINET,2009-12-01,2011-01-13,132,496,176,False
82613A,"METAL SIGN,CUPCAKE SINGLE HOOK",2009-12-02,2011-07-14,90,495,119,False
21739,COSY SLIPPER SHOES SMALL GREEN,2009-12-02,2011-12-09,120,494,178,False
21792,CLASSIC FRENCH STYLE BASKET GREEN ,2010-01-20,2011-08-03,113,494,141,False
46776F,WOVEN ROSE GARDEN CUSHION COVER ,2009-12-03,2011-12-09,118,494,158,False
71028B,SILVER BLUE EGG T-LIGHT HOLDER,2009-12-01,2010-01-17,11,494,13,False
84927E,FLOWERS TILE HOOK,2010-02-02,2011-07-18,29,494,30,False
21223,SET/4 BADGES WOODLAND ANIMAL,2009-12-01,2010-04-08,34,492,44,False
85159A,"BLACK TEA,COFFEE,SUGAR JARS",2009-12-07,2011-12-04,72,492,82,False
23058,CHRISTMAS HANGING SNOWFLAKE,2011-09-14,2011-12-07,31,490,48,False
23397,FOOT STOOL HOME SWEET HOME ,2011-09-04,2011-12-08,73,489,217,False
37492B,BLUE YELLOW FLOWER PIGGY BANK,2009-12-02,2010-10-05,41,489,44,False
22925,BLUE GIANT GARDEN THERMOMETER,2010-11-22,2011-10-28,136,488,192,False
84926F,PSYCHEDELIC TILE COASTER,2009-12-04,2011-12-06,40,484,42,False
23081,GREEN METAL BOX ARMY SUPPLIES,2011-05-10,2011-12-08,93,483,139,False
22783,SET 3 WICKER OVAL BASKETS W LIDS,2010-10-26,2011-06-14,35,482,45,False
23524,WALL ART HORSE & PONY ,2011-10-02,2011-12-09,40,481,63,False
37501,TEA TIME TEA SET IN GIFT BOX,2009-12-02,2011-08-10,138,481,177,False
85031C,CURIOUS IMAGES SCRAP BOOK SET,2009-12-01,2010-12-16,82,481,107,False
17014D,ORIGAMI ROSE INCENSE CONES,2010-01-14,2010-08-20,8,479,9,False
23528,WALL ART SPACEBOY,2011-10-03,2011-12-08,35,479,50,False
79191B,RETRO PLASTIC POLKA TRAY,2009-12-04,2011-12-09,65,479,70,False
85187,S/12 MINI RABBIT EASTER,2010-01-13,2011-11-27,83,479,112,False
23514,EMBROIDERED RIBBON REEL SALLY ,2011-09-22,2011-12-04,49,478,74,False
21147,JINGLE BELLS TREE DECORATION,2009-12-04,2011-12-05,87,477,119,False
21687,SILVER PLATE CANDLE BOWL LARGE,2009-12-01,2010-09-14,77,477,106,False
85031A,ROMANTIC IMAGES SCRAP BOOK SET,2009-12-01,2011-04-13,82,477,102,False
15058A,BLUE POLKADOT GARDEN PARASOL,2010-01-24,2011-11-23,108,476,149,False
21255,"FRENCH BOTTLE , LAVENDER",2009-12-01,2010-04-18,58,476,96,False
22788,BROCANTE COAT RACK,2010-10-17,2011-06-15,65,476,84,False
84968D,SET OF 16 VINTAGE RED CUTLERY,2009-12-08,2011-12-08,88,476,110,False
20831,GOLD PHOTO FRAME,2009-12-01,2011-12-09,73,474,80,False
23419,HOME SWEET HOME BOTTLE ,2011-09-11,2011-12-08,57,473,86,False
21440,12 MINI TOADSTOOL PEGS,2009-12-01,2010-07-01,67,472,96,False
23075,PARLOUR CERAMIC WALL HOOK,2011-04-18,2011-12-08,66,472,80,False
84251G,"GREETING CARD, OVERCROWDED POOL.",2009-12-01,2011-12-08,78,472,91,False
20703,BLUE PADDED SOFT MOBILE,2009-12-01,2011-04-14,130,471,169,False
22981,PANTRY APPLE CORER,2011-03-03,2011-12-07,82,471,108,False
72799C,PINK PILLAR CANDLE SILVER FLOCK,2009-12-01,2011-12-07,41,471,48,False
85045,GREEN CHRISTMAS TREE STRING 20LIGHT,2009-12-01,2011-11-02,63,471,85,False
15058C,ICE CREAM DESIGN GARDEN PARASOL,2010-01-24,2011-12-09,101,470,122,False
21374,MIRRORED WALL ART SKULLS,2009-12-18,2011-12-01,65,470,71,False
84849A,HELLO SAILOR BLUE SOAP HOLDER,2009-12-08,2011-11-24,95,470,104,False
21365,MIRRORED WALL ART STARS,2009-12-07,2011-12-08,70,469,79,False
21364,PEACE SMALL WOOD LETTERS,2009-12-01,2011-10-13,117,468,167,False
22927,GREEN GIANT GARDEN THERMOMETER,2010-11-21,2011-12-05,115,468,162,False
84856S,SMALL TAHITI BEACH BAG,2009-12-14,2011-03-30,29,467,33,False
72529W,WHITE ADVENT CANDLE,2009-12-01,2010-09-30,29,465,48,False
85112,S/3 TEAR DROP CUT GLASS DECORATION,2009-12-01,2010-02-07,18,465,34,False
20688,BEAUTY SPEED EXPRESSO CUPS,2009-12-04,2010-03-17,10,464,11,False
22643,SET OF 4 NAPKIN CHARMS LEAVES   ,2010-07-18,2011-12-08,78,464,96,False
81952V,ROUND PURPLE CLOCK WITH SUCKER,2009-12-02,2011-11-27,46,464,47,False
23325,RUSTIC STRAWBERRY JAM POT SMALL,2011-08-11,2011-11-27,30,462,35,False
23424,GINGHAM RECIPE BOOK BOX,2011-09-04,2011-12-09,69,462,135,False
23400,SHELF WITH 4 HOOKS HOME SWEET HOME,2011-09-06,2011-12-08,56,461,108,False
84674,FLYING PIG WATERING CAN,2009-12-08,2011-12-05,95,460,107,False
23125,6PC WOOD PLATE SET DISPOSABLE,2011-06-17,2011-11-29,28,459,38,False
23401,RUSTIC MIRROR WITH LACE HEART,2011-09-07,2011-12-08,48,459,83,False
35651,VINTAGE BEAD PINK SCARF ,2009-12-02,2011-11-10,48,459,64,False
20761,BLUE PAISLEY SKETCHBOOK,2009-12-01,2011-12-07,128,458,147,False
20762,GREEN FERN SKETCHBOOK ,2009-12-04,2011-12-06,114,458,136,False
72772,SET/4 SCENTED CANDLES IN RAMEKINS,2009-12-13,2010-01-17,8,457,9,False
17084J,LOVE POTION MASALA INCENSE,2009-12-01,2011-09-13,20,456,20,False
23049,RECYCLED ACAPULCO MAT RED,2011-03-04,2011-12-01,113,456,186,False
23406,HOME SWEET HOME KEY HOLDER,2011-09-05,2011-12-06,62,456,111,False
23697,A PRETTY THANK YOU CARD,2011-11-09,2011-12-08,20,456,36,False
22777,GLASS CLOCHE LARGE,2010-10-22,2011-07-21,61,455,100,False
21197,MULTICOLOUR  CONFETTI IN TUBE,2010-03-03,2011-12-02,43,453,46,False
84925D,LA PALMIERA WALL THERMOMETER,2009-12-07,2011-06-23,26,452,26,False
16161C,WRAP SPEED DEMONS ,2009-12-01,2009-12-22,2,450,2,False
22913,RED COAT RACK PARIS FASHION,2010-11-19,2011-12-05,98,450,122,False
23357,HOT WATER BOTTLE SEX BOMB,2011-08-21,2011-12-09,60,450,103,False
84806B,WHITE CANDYSTUFT ARTIFICIAL FLOWER,2010-03-14,2011-12-06,32,450,32,False
23128,FELTCRAFT BOY JEAN-PAUL KIT,2011-03-03,2011-12-08,100,448,139,False
21850,BLUE  DIAMANTE PEN IN GIFT BOX,2009-12-10,2011-12-06,81,447,106,False
35609A,PINK FEATHER CHRISTMAS DECORATION,2009-12-02,2010-12-10,23,447,24,False
20838,FRENCH LATTICE CUSHION COVER ,2010-02-14,2011-12-05,55,446,63,False
22143,CHRISTMAS CRAFT HEART DECORATIONS,2009-12-01,2010-10-27,48,446,71,False
72753B,S/3 FLWR FAIRY LAVENDER CANDLES,2009-12-04,2010-03-26,13,445,14,False
72811,SMALL ZINC/GLASS CANDLEHOLDER,2009-12-02,2011-12-08,22,445,22,False
84789,ENCHANTED BIRD PLANT CAGE,2009-12-06,2011-07-21,103,445,124,False
85129A,"WHITE PEARL BEADED HEART, SMALL",2009-12-01,2010-08-29,63,444,80,False
17084A,TRANQUILITY MASALA INCENSE,2010-02-04,2011-09-13,18,442,18,False
20765,CHRYSANTHEMUM SKETCHBOOK ,2009-12-01,2011-12-05,118,442,147,False
20854,BLUE PATCH PURSE PINK HEART,2009-12-03,2011-02-20,92,441,108,False
21360,JOY LARGE WOOD LETTERS,2009-12-01,2011-06-06,84,441,100,False
21795,SET OF 3 BLUE STRIPE BASKET,2009-12-01,2010-08-11,69,441,80,False
22166,WALL MIRROR RECTANGLE DIAMANTE PINK,2009-12-01,2011-12-08,129,440,159,False
35972,DAISY FOLKART HEART DECORATION,2009-12-04,2011-11-06,71,440,88,False
85131C,BEADED CRYSTAL HEART BLUE ON STICK,2010-01-28,2011-11-14,64,439,73,False
15058B,PINK POLKADOT GARDEN PARASOL,2010-01-13,2011-11-17,113,438,156,False
20769,DAISY JOURNAL ,2009-12-07,2011-12-06,69,438,80,False
22407,MONEY BOX FIRST ADE DESIGN,2010-03-26,2011-12-07,68,438,75,False
84986B,SET OF 36 SILVER PAPER DOILIES,2009-12-01,2010-10-13,58,438,81,False
21841,BABY MOUSE RED GINGHAM DRESS,2009-12-01,2011-11-29,107,437,134,False
23556,LANDMARK FRAME COVENT GARDEN ,2011-10-19,2011-12-08,29,436,53,False
23394,POSTE FRANCE CUSHION COVER,2011-09-04,2011-12-08,68,435,152,False
84685,BEACH HUT KEY CABINET,2009-12-02,2011-05-22,108,435,125,False
84908B,BLUE 5 PATCH FLOWER CUSHION COVER,2010-03-02,2010-11-18,32,435,35,False
35811A,ENAMEL PINK SUGAR CONTAINER,2009-12-03,2010-10-08,68,434,84,False
37422,WHITE WITH BLACK CATS BOWL,2009-12-01,2010-05-26,53,434,73,False
18094C,WHITE AND BLUE CERAMIC OIL BURNER,2009-12-02,2011-10-07,84,433,98,False
23008,DOLLY GIRL BABY GIFT SET,2011-03-09,2011-12-08,99,433,133,False
84507C,BLUE CIRCLES DESIGN MONKEY DOLL,2009-12-01,2011-10-23,67,433,71,False
84569B,PACK 3 FIRE ENGINE/CAR PATCHES,2009-12-04,2011-03-22,68,433,76,False
84908A,PINK 5 PATCH FLOWER CUSHION COVER ,2010-02-07,2010-11-12,34,432,36,False
84910A,PINK PAISLEY CUSHION COVER ,2009-12-01,2011-07-20,51,432,53,False
23338,EGG FRYING PAN RED ,2011-06-12,2011-12-09,69,431,109,False
22806,SET OF 6 T-LIGHTS WEDDING CAKE ,2010-09-20,2011-12-08,52,430,58,False
23219,LAUREL STAR ANTIQUE SILVER ,2011-06-02,2011-12-08,44,430,64,False
84968B,S/16 VINTAGE IVORY CUTLERY,2009-12-01,2011-04-06,94,430,137,False
85028S,FRENCH CHATEAU SMALL FRUITBOWL,2009-12-01,2011-04-08,29,430,34,False
20689,RETRO SISTERS EXPRESSO CUPS,2009-12-07,2010-07-14,34,429,41,False
46776B,WOVEN BERRIES CUSHION COVER ,2009-12-03,2011-12-09,122,429,154,False
85124C,GREEN JUICY FRUIT PHOTO FRAME,2009-12-08,2011-10-23,105,429,123,False
47471,RAINBOW PEGS PHOTO CLIP STRING,2009-12-01,2011-12-08,60,428,63,False
84596K,JELLY BABIES YELLOW SMALL BOWL,2009-12-01,2010-11-16,71,428,93,False
85169B,BLACK LOVE BIRD CANDLE,2009-12-02,2011-12-08,79,428,94,False
23598,PAPER BUNTING VINTAGE PARTY,2011-11-10,2011-12-09,23,427,47,False
21555,CERAMIC STRAWBERRY TRINKET TRAY,2009-12-02,2011-12-06,111,425,134,False
85019C,CURIOUS  IMAGES NOTEBOOK SET,2009-12-04,2011-06-09,25,423,25,False
21247,SET OF RED SALAD SERVERS ,2009-12-01,2010-10-25,64,422,81,False
21738,COSY SLIPPER SHOES SMALL  RED ,2009-12-01,2011-10-20,88,422,136,False
21816,CHRISTMAS TREE T-LIGHT HOLDER,2009-12-01,2011-11-27,38,422,51,False
23022,SMALL BONNE JAM JAR  T-LIGHT HOLDER,2011-06-15,2011-12-05,21,422,24,False
23554,LANDMARK FRAME OXFORD STREET,2011-10-19,2011-12-08,34,422,57,False
84688,BEACH HUT DESIGN BLACKBOARD,2009-12-02,2011-05-12,68,422,81,False
84813,SET OF 4 DIAMOND NAPKIN RINGS,2009-12-01,2011-12-06,82,422,99,False
21649,ASSORTED TUTTI FRUTTI PHOTO FRAME,2009-12-01,2010-01-08,16,421,29,False
23555,LANDMARK FRAME NOTTING HILL ,2011-10-19,2011-12-09,28,421,51,False
35471A,SET OF 3 BIRD L.BLUE FEATHER,2009-12-01,2010-11-14,67,421,85,False
20700,GREEN CAT FLORAL CUSHION COVER ,2009-12-07,2011-09-28,78,420,103,False
22808,SET OF 6 T-LIGHTS EASTER CHICKS,2010-09-20,2011-12-09,62,420,83,False
23527,WALL ART ANIMALS AND NATURE ,2011-10-03,2011-12-09,30,420,48,False
35271S,GOLD PRINT PAPER BAG,2009-12-05,2010-12-02,18,420,20,False
35817P,"ACRYLIC JEWEL SNOWFLAKE,PINK",2010-05-14,2011-08-12,10,420,11,False
85087,CANDY SPOT CUSHION COVER,2009-12-04,2011-10-07,109,420,146,False
85208,SET/12 FUNKY FELT FLOWER PEG IN BAG,2009-12-01,2011-11-29,76,420,87,False
22257,FELT FARM ANIMAL SHEEP,2010-01-21,2011-10-30,49,419,59,False
23482,PEARLISED IVORY HEART LARGE ,2011-10-14,2011-12-06,23,418,39,False
21002,ROSE DU SUD DRAWSTRING BAG,2009-12-21,2011-10-23,137,417,184,False
23558,LANDMARK FRAME LONDON BRIDGE ,2011-10-19,2011-12-08,31,415,52,False
84569C,PACK 4 FLOWER/BUTTERFLY PATCHES,2009-12-02,2011-03-25,78,415,89,False
20655,QUEEN OF SKIES LUGGAGE TAG,2009-12-01,2011-12-04,148,414,192,False
23139,SINGLE WIRE HOOK PINK HEART,2011-04-21,2011-12-07,26,414,28,False
21462,"NURSERY A,B,C PAINTED LETTERS",2009-12-04,2011-12-09,147,413,171,False
23521,WALL ART CAT AND BIRD ,2011-10-03,2011-12-09,30,413,44,False
85119,WATERING CAN SINGLE HOOK PISTACHIO,2009-12-15,2010-12-07,37,413,40,False
22785,SQUARECUSHION COVER PINK UNION FLAG,2010-10-17,2011-12-09,89,412,122,False
46776A,WOVEN BUBBLE GUM CUSHION COVER,2009-12-04,2011-12-09,99,411,122,False
84802B,PURPLE ANEMONE ARTIFICIAL FLOWER,2009-12-02,2011-03-01,17,411,17,False
21133,PAINTED BIRD ASSORTED CHRISTMAS,2009-12-01,2010-09-13,26,410,42,False
22461,SAVOY ART DECO CLOCK,2010-03-07,2011-08-12,118,410,146,False
23565,EGG CUP MILKMAID HELGA ,2011-10-16,2011-12-09,34,410,63,False
20856,DENIM PATCH PURSE PINK BUTTERFLY,2009-12-06,2011-08-09,105,408,124,False
35818B,"ACRYLIC JEWEL ICICLE, BLUE",2010-04-13,2011-11-01,11,408,11,False
47594B,SCOTTIES DESIGN WASHBAG,2009-12-03,2011-11-08,99,408,122,False
20830,SILVER PHOTO FRAME,2009-12-01,2011-10-02,74,407,83,False
20989,URBAN CHIC CHOPSTICKS SET/5,2009-12-01,2010-03-17,39,407,57,False
23314,VINTAGE CHRISTMAS TABLECLOTH,2011-07-15,2011-12-09,73,407,118,False
35599D,PINK AND WHITE CHRISTMAS TREE 120CM,2009-12-01,2011-12-04,73,406,103,False
22638,SET OF 4 NAPKIN CHARMS CROWNS ,2010-07-23,2011-12-08,59,405,74,False
21371,MIRRORED WALL ART POPPIES,2009-12-01,2011-12-08,59,404,64,False
22849,BREAD BIN DINER STYLE MINT,2010-10-14,2011-10-20,105,403,162,False
84968E,SET OF 16 VINTAGE BLACK CUTLERY,2009-12-02,2011-12-09,90,403,111,False
21250,SET OF SKULL WALL STICKERS,2009-12-03,2011-11-30,55,402,60,False
35991,SET/6 BLACK SNOWFLAKE T-LIGHTS ,2009-12-01,2010-11-17,48,402,56,False
20715,LITTLE FLOWER SHOPPER BAG,2010-01-07,2010-01-07,1,400,1,False
84638,SMALL KITCHEN FLOWER POTS PLAQUE,2009-12-03,2011-10-20,56,400,69,False
23324,RUSTIC STRAWBERRY JAM POT LARGE ,2011-08-05,2011-12-05,37,399,44,False
90209C,PINK ENAMEL+GLASS HAIR COMB,2009-12-01,2011-10-31,61,399,66,False
20654,FIRST CLASS LUGGAGE TAG ,2009-12-01,2011-12-08,107,398,121,False
21320,GLASS CHALICE GREEN  LARGE ,2009-12-01,2011-04-07,51,398,57,False
21635,MADRAS NOTEBOOK LARGE ,2009-12-04,2011-07-13,40,398,43,False
21737,SET 3 WICKER LOG BASKETS,2009-12-01,2010-10-18,112,398,164,False
21268,VINTAGE BLUE TINSEL REEL,2009-12-06,2010-12-02,40,397,52,False
22511,RETROSPOT BABUSHKA DOORSTOP,2010-03-12,2011-12-08,93,397,112,False
72739B,WHITE CHOCOLATE SCENT CANDLE,2009-12-01,2010-01-26,17,394,28,False
21153,RED SPOTTY TABLECLOTH ,2009-12-01,2010-09-22,98,393,139,False
84033,FLAG OF ST GEORGE ,2010-01-15,2011-09-14,43,392,50,False
21264,WHITE GOOSE FEATHER TREE 60CM ,2009-12-08,2011-12-06,58,391,68,False
84907,PINK YELLOW PATCH CUSHION COVER,2009-12-02,2011-09-21,33,391,36,False
85092,CANDY SPOT TEA COSY,2010-01-11,2011-02-20,23,391,24,False
75013B,"STRING OF 8 BUTTERFLIES,PINK",2009-12-01,2011-01-16,69,390,80,False
85129C,BEADED CRYSTAL HEART BLUE SMALL,2009-12-02,2011-12-08,61,390,66,False
22184,CAKE STAND VICTORIAN FILIGREE LARGE,2009-12-02,2011-01-27,110,389,146,False
23391, I LOVE LONDON MINI BACKPACK,2011-09-11,2011-12-09,53,389,88,False
84686,BEACH HUT MIRROR,2009-12-01,2011-07-10,67,389,76,False
35911A,MULTICOLOUR RABBIT EGG WARMER,2009-12-02,2011-11-04,76,388,97,False
84800S,SMALL WHITE/PINK ROSE ART FLOWER,2010-02-19,2011-09-11,18,388,19,False
22509,SEWING BOX RETROSPOT DESIGN ,2010-03-10,2011-12-08,138,387,188,False
85124A,PINK JUICY FRUIT PHOTO FRAME,2009-12-01,2010-10-01,78,387,104,False
17011F,ORIGAMI SANDLEWOOD INCENSE+FLOWER,2009-12-16,2011-05-19,20,385,20,False
35819B,"ACRYLIC HANGING JEWEL,BLUE",2009-12-14,2011-11-30,27,385,35,False
22512,DOORSTOP RACING CAR DESIGN,2010-03-12,2011-12-06,62,384,71,False
40018E,TEA TIME PAPER LANTERNS,2009-12-01,2010-07-25,61,384,81,False
62096A,PINK/YELLOW FLOWERS HANDBAG,2010-01-07,2011-02-24,75,383,91,False
72750A,"F.FAIRY S/3 CANDLE/GLASS,LILY/VALLY",2009-12-02,2010-04-23,15,383,16,False
21054,NURSE'S BAG SOFT TOY,2009-12-03,2011-11-14,144,382,183,False
21711,FOLDING UMBRELLA WHITE/RED POLKADOT,2009-12-01,2011-11-24,63,382,71,False
20943,SET/6 GINGERBREAD STAR T-LIGHTS,2009-12-01,2010-10-22,45,381,71,False
22848,BREAD BIN DINER STYLE PINK,2010-10-14,2011-10-30,117,381,151,False
84854,GIRLY PINK TOOL SET,2009-12-01,2010-12-01,77,381,111,False
90209B,GREEN ENAMEL+GLASS HAIR COMB,2009-12-09,2011-10-02,81,380,98,False
23218,LAUREL STAR ANTIQUE GOLD,2011-07-18,2011-12-08,33,379,40,False
22172,METAL SHELF WITH RAIL ,2009-12-01,2010-09-29,117,378,186,False
22864,MUG AND COASTER SET RED CIRCLES,2010-06-02,2010-06-29,2,378,2,False
21134,VICTORIAN METAL POSTCARD CHRISTMAS,2009-12-01,2010-11-16,33,377,48,False
23335,EGG FRYING PAN IVORY ,2011-06-13,2011-12-08,70,377,97,False
35980C,REDWHITE STRIPE SCANDINAVIAN HEART ,2009-12-14,2010-10-13,24,377,29,False
85232A,SET/3 POLKA DOT STACKING TINS,2009-12-01,2011-06-06,121,377,141,False
23085,ANTIQUE SILVER BAUBLE LAMP  ,2011-05-16,2011-12-08,58,376,84,False
23694,PAISLEY PARK CARD,2011-11-14,2011-12-08,20,376,41,False
84247E,PACK/12 XMAS FUN CARD,2010-06-30,2011-12-01,70,376,96,False
84952C,MIRROR LOVE BIRD T-LIGHT HOLDER,2009-12-02,2011-10-11,34,374,43,False
21438,TUB 24 HANGING EASTER EGGS SPOTTY,2009-12-03,2010-03-18,23,373,37,False
22194,BLACK DINER WALL CLOCK,2009-12-01,2011-08-11,139,373,160,False
23342,MINT DINER WALL CLOCK,2011-06-24,2011-12-07,100,373,163,False
46118,FUNKY MONKEY CUSHION COVER,2009-12-03,2011-12-09,62,373,73,False
84402D,PINK DRESS JEWELLERY STAND ,2009-12-01,2010-03-19,13,373,13,False
84663A,GRASS HOPPER WOODEN WALL CLOCK ,2009-12-07,2011-11-20,61,373,64,False
84875B,GREEN SQUARE COMPACT MIRROR,2010-04-18,2011-12-06,24,373,40,False
21697,SET 5 MINI DOUGHNUT FRIDGE MAGNET ,2009-12-07,2010-02-15,6,372,7,False
21765,HANGING METAL BIRD BATH,2009-12-06,2010-11-15,105,371,146,False
84875D,BLUE SQUARE COMPACT MIRROR,2009-12-03,2011-09-23,21,371,37,False
71270,PHOTO CLIP LINE,2009-12-18,2011-12-09,77,370,82,False
20659,ECONOMY LUGGAGE TAG,2009-12-01,2011-12-09,110,369,140,False
20888,SET 3 JARDIN DE FEMME SCENT CANDLES,2009-12-01,2010-03-26,17,367,19,False
84595E,LARGE TORTILLA DESIGN RED BOWL,2009-12-03,2011-08-02,43,367,43,False
16212,FUNKY GIRLZ ASST MAGNETIC MEMO PAD,2009-12-02,2010-11-12,35,366,41,False
22504,CABIN BAG VINTAGE RETROSPOT,2010-05-04,2011-12-05,88,366,115,False
72127,COLUMBIAN CANDLE ROUND ,2009-12-01,2011-11-23,59,366,67,False
85098B,BLUE FLYING SINGING CANARY,2009-12-02,2010-11-18,82,366,115,False
23051,RECYCLED ACAPULCO MAT BLUE,2011-03-04,2011-12-09,104,365,162,False
23053,RECYCLED ACAPULCO MAT PINK,2011-03-04,2011-12-09,98,364,164,False
23272,TREE T-LIGHT HOLDER WILLIE WINKIE,2011-06-22,2011-12-09,33,364,44,False
84597C,RETRO PINK BALL ASHTRAY ,2009-12-02,2011-06-02,42,364,44,False
84952B,BLACK LOVE BIRD T-LIGHT HOLDER,2009-12-01,2011-12-06,36,364,44,False
85180B,PINK HEARTS LIGHT CHAIN ,2009-12-01,2011-12-06,51,364,69,False
20704,MR ROBOT SOFT TOY,2009-12-06,2011-12-09,64,361,80,False
20825,GOLD WINE GLASS,2009-12-01,2010-11-14,6,361,7,False
22054,MINI CAKE STAND HANGING HEARTS,2009-12-01,2010-03-08,46,361,78,False
23518,EMBROIDERED RIBBON REEL RACHEL ,2011-09-22,2011-12-02,32,361,44,False
37492D,PURPLE GREEN FLOWER PIGGY BANK,2009-12-04,2010-05-21,22,361,26,False
23523,WALL ART TREASURE AHOY ,2011-10-03,2011-12-08,28,360,41,False
23107,WHITE HEARTS WIRE PLANT POT HOLDER,2011-05-12,2011-12-08,54,359,73,False
35004G,SET OF 3 GOLD FLYING DUCKS,2009-12-01,2011-12-07,72,359,77,False
85055,FRENCH ENAMEL UTENSIL HOLDER,2009-12-01,2011-01-18,93,359,108,False
23412,HEART MIRROR ANTIQUE WHITE,2011-09-06,2011-10-10,28,358,77,False
47420,ASSORTED COLOUR SUCTION CUP HOOK,2009-12-02,2011-12-04,30,358,32,False
21317,GLASS SPHERE CANDLE STAND MEDIUM,2009-12-13,2011-12-06,70,357,76,False
22640,SET OF 4 NAPKIN CHARMS 3 KEYS ,2010-06-24,2011-12-08,76,357,88,False
21282,NATURAL BARK CANDLE LARGE,2009-12-02,2010-11-14,60,356,69,False
22760,"TRAY, BREAKFAST IN BED",2010-10-10,2011-09-05,96,356,120,False
17108D,FLOWER FAIRY SUMMER BOUQUET SACHET,2009-12-01,2010-03-28,22,355,23,False
20826,SILVER APERITIF GLASS,2009-12-01,2011-05-18,14,355,14,False
21027,NINJA RABBIT PINK,2009-12-04,2011-11-21,62,355,79,False
40046A,RED DAISY PAPER LAMPSHADE,2009-12-02,2011-10-17,56,355,62,False
84804B,BLUE DELPHINIUM ARTIFICIAL FLOWER,2010-01-05,2011-12-07,19,355,20,False
85124B,BLUE JUICY FRUIT PHOTO FRAME,2009-12-08,2011-11-24,98,355,104,False
21667,GLASS CAKE COVER AND PLATE,2009-12-03,2011-01-12,119,354,163,False
23522,WALL ART DOG AND BALL ,2011-10-03,2011-12-08,27,354,32,False
84228,HEN HOUSE W CHICK STANDING,2009-12-07,2011-11-29,41,354,46,False
17181,CIRCLE OF FRIENDS CANDLE HOLDER,2009-12-01,2010-08-05,47,353,67,False
20701,PINK CAT FLORAL CUSHION COVER ,2009-12-02,2011-06-30,34,353,50,False
21793,CLASSIC FRENCH STYLE BASKET BROWN,2010-01-20,2011-12-01,85,353,103,False
20897,VINTAGE NOTEBOOK PARIS DAYS,2009-12-01,2011-08-30,65,351,75,False
85104,SILVER GLASS T-LIGHT SET,2009-12-01,2011-12-06,50,351,59,False
23025,DRAWER KNOB VINTAGE GLASS BALL,2011-06-27,2011-12-02,41,350,54,False
23557,LANDMARK FRAME BAKER STREET ,2011-10-19,2011-12-08,23,350,32,False
79144B,PAINTED LIGHTBULB STAR+ MOON,2009-12-04,2011-12-08,79,350,92,False
23046,PAPER LANTERN 9 POINT DELUXE STAR,2011-05-08,2011-12-05,30,349,36,False
71143,SILVER BOOK MARK WITH BEADS,2009-12-01,2011-07-13,77,349,99,False
21415,CLAM SHELL SMALL ,2009-12-09,2011-12-08,80,348,82,False
16239,BALLERINA HEART DECORATION.,2009-12-02,2010-03-02,16,347,21,False
21722,SWEET PUDDING STICKER SHEET,2009-12-01,2011-12-08,70,347,79,False
21847,GREEN  DIAMANTE PEN IN GIFT BOX,2009-12-08,2011-11-16,58,347,72,False
44230,SQUARE MIRROR CURTAIN,2009-12-01,2010-10-10,44,347,53,False
84858C,PINK RIVIERA HANDBAG,2009-12-18,2011-04-13,28,347,30,False
85088,CANDY SPOT HAND BAG,2009-12-02,2011-11-30,70,347,79,False
85117,NIGHTINGALE COATHOOK WHITE,2009-12-05,2010-05-04,45,347,61,False
22394,PAPERWEIGHT KINGS CHOICE ,2010-04-06,2011-12-09,50,346,55,False
16244B,MAXWELL 2 TONE BLUE 60 PAGE PHOTO A,2009-12-03,2011-05-11,26,345,29,False
47594A,CAROUSEL DESIGN WASHBAG,2009-12-14,2011-11-24,89,345,106,False
47503J,SET/3 FLORAL GARDEN TOOLS IN BAG,2009-12-01,2010-12-07,64,344,75,False
84509C,SET OF 4 POLKADOT PLACEMATS ,2009-12-01,2011-12-05,118,344,140,False
84797B,BLUE SAVANNAH PICNIC HAMPER FOR 4,2009-12-01,2010-06-01,23,344,52,False
84876B,GREEN HEART COMPACT MIRROR,2009-12-10,2011-11-30,37,344,41,False
21293,MIRRORED DOVE WALL DECORATION,2009-12-03,2011-12-05,67,343,86,False
47563A,RETRO LONGBOARD IRONING BOARD COVER,2009-12-02,2011-12-09,126,343,151,False
85091,CANDY SPOT BREAD BASKETS,2009-12-14,2010-08-15,17,343,20,False
21689,SILVER VANILLA  FLOWER CANDLE POT,2009-12-07,2011-12-06,55,342,62,False
84922,PINK BUTTERFLY WASHBAG,2009-12-03,2011-12-02,17,342,17,False
84251F,"GREETING CARD, RITA",2009-12-01,2010-09-20,47,341,50,False
21173,LOO ROLL  METAL SIGN ,2009-12-01,2010-04-01,52,340,78,False
84805B,BLUE CLIMBING HYDRANGA ART FLOWER,2010-01-07,2011-12-07,9,340,9,False
72134,COLUMBIAN  CUBE CANDLE ,2009-12-13,2011-12-08,27,339,30,False
21923,RED/CREAM STRIPE FRINGE HAMMOCK,2009-12-03,2010-08-03,75,337,119,False
17011C,ORIGAMI LAVENDER INCENSE+FLOWER,2009-12-14,2009-12-16,2,335,2,False
20851,ZINC HEART LATTICE TRAY OVAL ,2009-12-08,2011-04-27,28,335,29,False
84927F,PSYCHEDELIC TILE HOOK,2009-12-16,2011-12-07,60,335,64,False
23072,MARIE ANTOINETTE TRINKET BOX SILVER,2011-05-08,2011-10-26,28,334,30,False
23517,EMBROIDERED RIBBON REEL REBECCA ,2011-09-22,2011-12-06,40,334,63,False
79323S, SILVER CHERRY LIGHTS,2009-12-01,2010-09-16,36,334,56,False
84791,GINGHAM HEART DECORATION,2009-12-01,2010-07-20,77,334,106,False
20932,PINK POT PLANT CANDLE,2009-12-10,2011-12-08,75,333,81,False
20936,FORKED CACTUS CANDLE,2009-12-06,2011-12-09,70,333,76,False
21253,SET OF PICTURE FRAME  STICKERS,2009-12-02,2011-12-08,108,332,122,False
23469,CARD HOLDER LOVE BIRD SMALL,2011-09-30,2011-12-09,41,332,72,False
23538,WALL ART VINTAGE HEART,2011-10-03,2011-12-09,25,331,32,False
47592A,CAROUSEL DES CHILD'S OVERALL,2009-12-02,2010-09-13,76,331,101,False
84876D,BLUE HEART COMPACT MIRROR,2009-12-16,2011-09-11,32,331,35,False
84510C,SET OF 4 POLKADOT COASTERS,2009-12-02,2011-12-05,116,330,135,False
20952,PORCELAIN CHERUB BELL SMALL,2009-12-10,2010-11-23,22,329,24,False
21117,BLOND DOLL DOORSTOP,2009-12-10,2011-11-23,26,328,26,False
23415,HOME SWEET HOME HOOK,2011-09-07,2011-12-08,33,328,47,False
20898,VINTAGE NOTEBOOK TRAVELOGUE,2009-12-04,2011-10-23,48,327,55,False
23178,JAM CLOCK MAGNET,2011-03-03,2011-12-09,59,327,68,False
90200D,PINK SWEETHEART BRACELET,2009-12-01,2011-12-08,122,327,150,False
21256,"FRENCH BOTTLE, BRASSERIE DES ARTIST",2009-12-01,2010-02-18,39,326,65,False
47481,50CM METAL STRING WITH  7 CLIPS,2009-12-03,2011-11-29,44,326,44,False
72739C,DARK CHOCOLATE SCENTCANDLE,2009-12-02,2010-01-27,16,326,23,False
84499,BLACK FLOWER CANDLE PLATE,2009-12-16,2011-01-04,37,326,41,False
84798B,PURPLE FOXGLOVE ARTIIFCIAL FLOWER,2010-01-07,2011-03-22,10,326,10,False
84858B,BLUE RIVIERA HANDBAG,2010-04-28,2010-06-02,7,326,9,False
20804,GLASS CHICKEN BUTTER DISH,2009-12-01,2010-07-01,32,325,61,False
20862,PINK PATCH PENCIL CASE BLUE HEART,2009-12-02,2010-06-30,31,325,37,False
22177,5 HOOK BLACKBOARD ORGANISER ,2009-12-01,2010-08-25,73,325,125,False
35810B,ENAMEL BLUE RIM COFFEE CONTAINER,2009-12-02,2011-11-30,59,325,68,False
84795C,OCEAN STRIPE HAMMOCK ,2009-12-02,2011-01-31,83,325,132,False
20998,ROSE DU SUD OVEN GLOVE,2009-12-02,2011-10-14,113,324,127,False
21796,SET OF 3 RED STRIPE BASKETS,2009-12-01,2010-08-11,59,324,67,False
23179,CLOCK MAGNET MUM'S KITCHEN,2011-03-03,2011-12-08,45,324,53,False
35824P,"HANGING FLOWERS+MIRROR,PINK",2010-03-22,2010-04-23,3,324,3,False
21028,NINJA RABBIT BLACK,2009-12-05,2011-12-08,80,323,92,False
21089,SET/6 GREEN SPRING PAPER CUPS,2010-01-15,2011-08-17,37,323,40,False
22391,PAPERWEIGHT HOME SWEET HOME,2010-03-30,2011-12-08,60,323,66,False
84820,DANISH ROSE TRINKET TRAYS,2010-01-19,2011-12-08,50,323,54,False
47597,NEW ENGLAND TEATOWELS,2009-12-10,2010-08-31,87,322,126,False
72799B,PURPLE PILLAR CANDLE BLACK FLOCK,2009-12-01,2010-01-05,9,322,16,False
84984B,RED PEONY CUSHION COVER ,2010-01-08,2011-11-08,16,322,16,False
21265,PINK GOOSE FEATHER TREE 60CM,2009-12-06,2011-12-07,34,321,34,False
37345,ASSTD HEARTS DESIGN MUGS,2009-12-03,2010-01-07,8,321,9,False
35933,PINK STOCKING CHRISTMAS DECORATION,2009-12-01,2011-11-06,24,319,28,False
84251B,"GREETING CARD, STICKY GORDON",2010-03-08,2011-09-25,49,319,61,False
84806A,PINK CANDYSTUFT ARTIFICIAL FLOWER,2010-01-24,2011-12-07,18,319,20,False
22415,WHITE TISSUE REAM,2009-12-01,2011-01-26,139,317,204,False
23185,FRENCH STYLE STORAGE JAR JAM,2011-03-04,2011-12-06,28,317,31,False
46126A,ELVIS WALLHANGING / CURTAIN,2009-12-03,2011-05-18,44,317,48,False
84795B,SUNSET CHECK HAMMOCK,2009-12-06,2011-11-30,96,317,113,False
85103,SILVER T-LIGHT SETTING,2009-12-02,2011-07-19,74,317,87,False
22510,GINGHAM BABUSHKA DOORSTOP,2010-03-12,2011-12-08,78,316,90,False
23453,OVAL  MINI PORTRAIT FRAME,2011-10-14,2011-12-08,29,316,49,False
37464,ROBOT MUG IN DISPLAY BOX,2009-12-01,2010-12-17,66,316,83,False
82616A,BUBBLE GUM SCARF KNITTING KIT,2009-12-02,2010-10-27,44,316,52,False
10080,GROOVY CACTUS INFLATABLE,2009-12-02,2011-11-21,26,315,28,False
17107D,"FLOWER FAIRY,5 SUMMER B'DRAW LINERS",2009-12-04,2011-12-05,76,315,88,False
21924,BLUE/CREAM STRIPE FRINGE HAMMOCK,2009-12-02,2010-10-18,83,315,124,False
22164,STRING OF STARS CARD HOLDER,2009-12-03,2011-11-28,45,315,49,False
23010,CIRCUS PARADE BABY GIFT SET,2011-03-09,2011-12-04,85,315,111,False
23071,MARIE ANTOINETTE TRINKET BOX GOLD,2011-04-20,2011-10-26,18,315,20,False
72753A,S/3 FLWR FAIRY LILLY CANDLES,2009-12-01,2010-01-27,13,315,14,False
20913,SET/5 BLUE SPOTTY LID GLASS BOWLS,2009-12-01,2010-01-17,20,314,43,False
79323G,GOLD  CHERRY LIGHTS,2009-12-01,2010-04-19,44,314,61,False
84687,BEACH HUT SHELF W 3 DRAWERS,2009-12-03,2011-11-13,64,314,73,False
22108,PING! MICROWAVE PLATE,2009-12-01,2011-12-09,105,313,128,False
22912,YELLOW COAT RACK PARIS FASHION,2010-11-19,2011-11-28,91,313,109,False
21410,COUNTRY COTTAGE  DOORSTOP GREEN,2009-12-01,2010-12-07,110,312,150,False
23111,PARISIENNE SEWING BOX,2011-05-11,2011-12-09,91,312,139,False
23474,WOODLAND SMALL BLUE FELT HEART,2011-10-24,2011-12-08,27,312,38,False
35607B,BLACK FEATHER CHRISTMAS DECORATION,2009-12-11,2011-09-15,17,312,17,False
84689,S/2 BEACH HUT TREASURE CHESTS,2009-12-18,2011-05-04,36,312,40,False
84796A,PINK HAWAIIAN PICNIC HAMPER FOR 2,2009-12-07,2011-12-02,109,312,131,False
21388,IVORY HANGING DECORATION  CHICKEN,2009-12-02,2010-03-29,24,311,29,False
22765,NEWSPAPER STAND,2010-10-10,2010-12-09,37,311,53,False
35653,VINTAGE BEAD NOTEBOOK,2009-12-02,2011-08-11,93,311,113,False
90085,CRYSTAL STILETTO PHONE CHARM,2009-12-01,2011-12-02,26,311,29,False
90087,CRYSTAL SEA HORSE PHONE CHARM,2009-12-01,2011-12-08,50,311,53,False
23408,PHOTO FRAME LINEN AND LACE SMALL,2011-09-07,2011-12-07,45,310,59,False
21750,LARGE SKULL WINDMILL,2009-12-14,2011-11-08,57,309,62,False
35241,ENAMEL BLUE RIM BISCUIT BIN,2009-12-02,2011-05-03,108,309,130,False
85125,SMALL ROUND CUT GLASS CANDLESTICK,2009-12-01,2011-11-27,55,309,62,False
85063,CREAM SWEETHEART MAGAZINE RACK,2009-12-01,2010-11-18,122,308,180,False
23341,PINK DINER WALL CLOCK,2011-06-24,2011-12-08,79,307,121,False
47578A,ENGLISH ROSE SMALL SCENTED FLOWER,2009-12-02,2011-12-08,63,307,74,False
23660,HENRIETTA HEN MUG ,2011-10-13,2011-12-09,22,306,42,False
79144C,PAINTED LIGHTBULB RAINBOW DESIGN,2009-12-14,2011-12-08,88,306,97,False
85211,S/4 GROOVY CAT MAGNETS,2009-12-01,2011-10-13,69,306,78,False
22861,EASTER TIN CHICKS IN GARDEN,2010-12-12,2011-04-21,39,305,50,False
62094B,TURQ ICE CREAM BUM BAG ,2010-01-19,2011-02-04,62,305,67,False
47593A,CAROUSEL DESIGN BABY BIB,2009-12-07,2011-03-29,79,304,100,False
84859C,PINK DISCO HANDBAG,2009-12-11,2011-12-05,35,304,40,False
84869,CANDY BUTTON PHOTO ALBUM,2009-12-09,2010-04-23,24,302,26,False
21322,GLASS SPHERE CANDLE STAND LARGE ,2009-12-09,2010-01-11,12,301,14,False
21779,MA CAMPAGNE MINI WOODEN CHEST,2009-12-04,2010-01-15,15,301,22,False
20935,ROUND CACTUS CANDLE,2009-12-08,2011-11-16,43,300,47,False
21025,SPACE FROG,2009-12-01,2011-12-06,67,300,81,False
22641,SET OF 4 NAPKIN CHARMS INSTRUMENT,2010-07-21,2011-12-07,63,300,69,False
72051S,BAG OF SILVER STONES,2009-12-01,2011-04-13,50,300,55,False
84968F,SET OF 16 VINTAGE SKY BLUE CUTLERY,2009-12-01,2011-11-13,98,300,133,False
85026B,EAU DE NILE JEWELLED T-LIGHT HOLDER,2009-12-01,2011-12-08,29,300,29,False
21263,GREEN GOOSE FEATHER TREE 60CM,2010-09-13,2011-12-06,49,299,57,False
21312,LARGE CHUNKY GLASS ROMAN BOWL,2009-12-02,2010-09-12,26,299,26,False
21728,METAL MEDINA LANTERN ,2009-12-03,2010-07-23,36,298,40,False
22124,SET OF 2 TEA TOWELS PING MICROWAVE,2009-12-07,2011-12-09,115,298,132,False
20618,QUEEN OF THE SKIES PASSPORT COVER ,2009-12-01,2011-12-06,117,297,137,False
21127,COLOURFUL FISHING GNOME,2009-12-03,2010-06-10,42,297,50,False
35816P,"ACRYLIC JEWEL ANGEL,PINK",2010-02-18,2011-08-16,9,297,9,False
84086C,PINK/PURPLE RETRO RADIO,2009-12-09,2011-11-30,73,297,88,False
22928,YELLOW GIANT GARDEN THERMOMETER,2010-11-22,2011-12-09,93,296,118,False
23402,HOME SWEET HOME 3 PEG HANGER ,2011-09-05,2011-12-08,47,296,68,False
23516,EMBROIDERED RIBBON REEL SOPHIE  ,2011-09-25,2011-12-05,29,296,44,False
84809B,PINK CHRYSANTHEMUMS ART FLOWER,2010-01-27,2011-02-25,7,296,8,False
21095,SET/6 POSIES PAPER PLATES,2009-12-17,2011-06-16,38,295,41,False
21550,CERAMIC BIRDHOUSE CRESTED TIT LARGE,2009-12-02,2010-05-21,50,295,67,False
23027,DRAWER KNOB VINTAGE GLASS HEXAGON,2011-06-22,2011-12-02,26,295,30,False
23054,RECYCLED ACAPULCO MAT LAVENDER,2011-03-04,2011-12-09,91,295,130,False
84682,CLASSICAL ROSE DISH,2009-12-08,2010-09-27,46,295,51,False
20699,MOUSEY LONG LEGS SOFT TOY,2009-12-04,2011-12-05,73,294,89,False
23067,HANGING ENGRAVED METAL HEART,2011-04-26,2011-12-07,64,294,82,False
71495B,CD WALL TIDY RED FLOWERS,2010-01-28,2011-11-24,17,294,18,False
20863,BLUE PATCH PENCIL CASE PINK HEART,2009-12-01,2010-08-15,46,293,50,False
35096B,RED VICTORIAN FABRIC HEART BOX,2009-12-02,2010-03-05,21,293,25,False
71279,PINK GLASS CANDLEHOLDER,2009-12-01,2011-11-09,76,293,79,False
84859A,SILVER DISCO HANDBAG,2009-12-11,2011-12-08,54,293,60,False
85023B,EAU DE NILE JEWELLED PHOTOFRAME,2009-12-03,2011-12-05,37,293,38,False
62095B,TURQOISE ICE CREAM SUNHAT,2010-02-01,2010-11-28,19,292,21,False
72754A,FLOWER FAIRY POTPOURRI CUSHION LILY,2009-12-04,2010-02-24,4,292,5,False
21444,BLUE CHALET BIRDFEEDER,2009-12-01,2010-04-26,31,291,36,False
23106,ZINC HEARTS PLANT POT HOLDER,2011-05-13,2011-12-08,46,291,53,False
84457,SET/3 RABBITS FLOWER SKIPPPING ROPE,2010-01-24,2011-11-09,57,291,65,False
84877B,GREEN ROUND COMPACT MIRROR,2009-12-01,2011-11-30,40,291,43,False
84919,BLUE CUSHION COVER WITH FLOWER,2009-12-09,2011-09-21,39,291,43,False
20736,PINK MINI TAPE MEASURE ,2009-12-02,2010-03-14,14,290,19,False
21784,SHOE SHINE BOX ,2009-12-01,2011-09-01,143,290,178,False
82076,BEECH WOOD PHOTO FRAME ,2009-12-01,2010-01-27,15,290,19,False
35912B,WHITE/PINK CHICK DECORATION,2010-01-07,2011-10-30,29,288,30,False
35915A,CREAM KNITTED HEN,2009-12-18,2009-12-18,1,288,1,False
84631,FRUIT TREE AND BIRDS WALL PLAQUE,2009-12-16,2011-06-30,43,288,50,False
85144,JARDIN ETCHED GLASS CHEESE DISH,2009-12-06,2011-05-03,60,287,72,False
23475,WOODLAND SMALL PINK FELT HEART,2011-10-27,2011-12-07,21,286,31,False
46115B,GREEN POP ART MAO CUSHION COVER ,2010-05-11,2011-03-04,21,286,22,False
21480,PINK STRIPE HOT WATER BOTTLE,2009-12-01,2009-12-22,17,285,58,False
23478,WOODLAND LARGE PINK FELT HEART,2011-10-20,2011-12-01,10,285,13,False
85113,POLKA DOT PISTACHIO PAIL,2009-12-02,2010-08-19,38,285,49,False
21543,BUTTERFLY WATER TRANSFER TATTOOS ,2009-12-01,2009-12-21,11,284,24,False
47503G,ASS FLORAL PRINT TAPE MEASURE,2009-12-02,2010-03-12,28,284,36,False
79072,TEATIME CAKE TIN WITH HANDLE,2009-12-01,2010-03-29,55,284,107,False
20616,CHERRY BLOSSOM PASSPORT COVER,2009-12-01,2011-12-08,99,283,121,False
21261,GREEN GOOSE FEATHER CHRISTMAS TREE ,2009-12-04,2011-12-06,66,283,77,False
85170B,SET/6 BLACK BIRD T-LIGHT CANDLES,2009-12-02,2011-11-29,55,283,58,False
72815,3 WICK CHRISTMAS BRIAR CANDLE ,2009-12-01,2011-01-26,48,282,71,False
84584,PINK GINGHAM CAT WITH SCARF,2009-12-03,2011-07-10,70,282,75,False
84840,SWEETHEART CARRY-ALL BASKET,2010-05-02,2011-03-25,97,282,140,False
84859B,BLUE DISCO HANDBAG,2010-02-03,2011-12-08,18,282,18,False
84932C,SMALL ORIENTAL BLUE FOLDING STOOL,2009-12-04,2010-06-30,30,282,34,False
20793,BLUE TILED TRAY,2009-12-02,2011-09-08,22,281,22,False
84843,WHITE SOAP RACK WITH 2 BOTTLES,2009-12-07,2011-12-07,97,280,111,False
22936,BAKING MOULD ROSE WHITE CHOCOLATE,2010-12-08,2011-12-08,46,279,52,False
23451,SQUARE MINI PORTRAIT FRAME,2011-10-14,2011-12-09,38,277,53,False
17014A,ORIGAMI VANILLA INCENSE CONES,2009-12-09,2011-06-27,15,276,16,False
17091B,JASMINE TEA INCENSE IN TIN,2009-12-06,2010-09-09,45,276,52,False
21131,GOLD STANDING GNOME,2009-12-07,2011-12-06,48,276,50,False
84761,IVORY HANGING BIRD PLANTER ,2009-12-03,2010-09-16,53,276,61,False
84809A,WHITE CHRYSANTHEMUMS ART FLOWER,2010-01-27,2011-06-01,19,276,21,False
85127,SMALL SQUARE CUT GLASS CANDLESTICK,2009-12-01,2011-12-05,72,276,82,False
21412,VINTAGE GOLD TINSEL REEL,2009-12-01,2010-11-21,46,275,74,False
23425,STORAGE TIN HOME SWEET HOME,2011-09-04,2011-12-09,39,275,56,False
23486,ANTIQUE HEART SHELF UNIT,2011-10-20,2011-12-08,37,275,74,False
23023,RIDGED BONNE JAM JAR T-LIGHT HOLDER,2011-06-20,2011-12-05,24,274,25,False
84931B,BLUE SCOTTIE DOG W FLOWER PATTERN,2009-12-14,2011-12-05,73,274,83,False
16119,FUNKY GIRL ADDRESS BOOK,2009-12-10,2009-12-22,6,273,8,False
20705,MRS ROBOT SOFT TOY,2009-12-07,2011-12-06,50,273,53,False
21477,STRING OF 20 ROSE LIGHTS,2009-12-01,2010-03-31,22,273,45,False
23065,LARGE DECO JEWELLERY STAND,2011-04-15,2011-10-20,68,273,99,False
37467,PIG MUG IN TWO COLOUR DESIGNS,2009-12-02,2011-10-10,56,273,64,False
84948,SILVER HANGING T-LIGHT HOLDER DOME,2009-12-01,2010-05-11,28,273,37,False
21493, VINTAGE DESIGN GIFT TAGS,2009-12-01,2010-09-30,7,272,30,False
23041,PAPER LANTERN 9 POINT SNOW STAR,2011-04-28,2011-12-09,46,272,54,False
75149N,STRING CRYSTALS NATURAL,2009-12-04,2010-05-04,22,272,25,False
84801A,PINK HYDRANGEA ART FLOWER,2010-01-05,2011-11-23,15,272,15,False
85028L,FRENCH CHATEAU LARGE FRUIT BOWL ,2009-12-01,2011-04-08,24,271,27,False
21332,MOROCCAN BEATEN METAL MIRROR,2009-12-04,2011-08-15,45,270,50,False
21662,VINTAGE GLASS COFFEE CADDY,2009-12-04,2011-08-15,88,269,107,False
48195,DOOR MAT GREEN PAISLEY ,2009-12-01,2010-07-22,65,269,87,False
84905,PINK BUTTERFLY CUSHION COVER ,2009-12-16,2011-06-29,83,269,105,False
85008,SET OF 3 CONEY ISLAND OVAL BOXES,2009-12-01,2011-04-10,86,269,100,False
35599B,BLACK CHRISTMAS TREE 120CM,2009-12-02,2011-12-04,47,268,51,False
82605,OLD DOC RUSSEL METAL SIGN,2009-12-02,2011-03-18,105,268,126,False
20763,DAISY SKETCHBOOK ,2009-12-07,2011-12-06,65,267,74,False
20894,HANGING BAUBLE T-LIGHT HOLDER LARGE,2009-12-01,2011-12-01,72,267,80,False
47504G,ENGLISH ROSE TAPE MEASURE,2009-12-01,2010-05-11,41,266,57,False
72814,SET OF 3 CHRISTMAS BRIAR CANDLES,2009-12-01,2010-11-22,39,266,55,False
84984A,GREEN PEONY CUSHION COVER,2010-01-08,2011-11-08,16,266,17,False
16207B,PINK HEART RED HANDBAG,2009-12-11,2011-08-30,30,265,46,False
23407,SET OF 2 TRAYS HOME SWEET HOME,2011-09-04,2011-12-08,66,265,133,False
72267,PREMIUM CHURCH CANDLE,2009-12-01,2010-03-28,24,265,46,False
17012E,ORIGAMI OPIUM INCENSE/CANDLE SET ,2009-12-16,2010-12-15,25,263,29,False
21459,YELLOW EASTER EGG HUNT START POST,2010-01-28,2011-04-18,41,263,44,False
23009,I LOVE LONDON BABY GIFT SET,2011-03-09,2011-12-09,79,263,103,False
23153,ZINC SWEETHEART WIRE LETTER RACK,2011-04-18,2011-12-08,71,263,90,False
90090,PINK CRYSTAL HEART PHONE CHARM,2009-12-01,2010-11-25,18,263,25,False
23485,BOTANICAL GARDENS WALL CLOCK ,2011-10-20,2011-12-08,33,262,83,False
84932A,SMALL GREEN PEONY FOLDING STOOL,2009-12-04,2010-06-14,23,262,24,False
10138,ASSORTED COLOUR JUMBO PEN,2009-12-02,2010-04-20,18,261,21,False
17011A,ORIGAMI VANILLA INCENSE+FLOWER ,2009-12-22,2010-08-20,12,261,12,False
84218,BOX/12 CHICK & EGG IN BASKET,2010-01-31,2011-03-31,65,261,98,False
84916,HAND TOWEL PALE BLUE W FLOWERS,2009-12-04,2011-05-04,51,261,58,False
21087,SET/6 POSIES PAPER CUPS,2010-01-25,2011-04-19,30,260,33,False
84601A,NEW BAROQUE IVORY CUSHION COVER ,2009-12-01,2010-07-15,15,260,15,False
21639,ASSORTED TUTTI FRUTTI KEYRING,2009-12-01,2010-03-03,8,259,15,False
23066,SMALL DECO JEWELLERY STAND,2011-04-18,2011-10-13,63,259,85,False
79406,FROSTED WHITE BASE ,2009-12-04,2011-12-08,21,259,21,False
21664,RIDGED GLASS STORAGE JAR CREAM LID,2009-12-03,2011-10-17,62,258,68,False
21690,SILVER  CANDLEPOT JARDIN ,2009-12-03,2011-01-30,66,258,88,False
23253,16 PIECE CUTLERY SET PANTRY DESIGN,2011-04-18,2011-12-08,56,258,70,False
46776C,WOVEN FROST CUSHION COVER,2009-12-10,2011-12-09,82,258,97,False
85033S,SET/6 SILVER REINDEER T-LIGHTS,2009-12-01,2010-11-08,29,258,50,False
21443,OLIVE CHALET BIRDFEEDER,2009-12-04,2010-03-30,20,257,26,False
21657,MILK BOTTLE WITH GLASS STOPPER ,2009-12-03,2011-02-20,102,257,118,False
62096B,PURPLE/TURQ FLOWERS HANDBAG,2009-12-07,2011-03-07,68,257,83,False
17013B,ORIGAMI JASMINE INCENSE IN TUBE,2009-12-09,2009-12-16,3,256,3,False
23024,LARGE BONNE JAM JAR  T-LIGHT HOLDER,2011-06-22,2011-11-14,10,255,11,False
35966,FOLKART CHRISTMAS TREE T-LIGHT HOLD,2009-12-02,2011-08-24,23,255,26,False
15030,FAN BLACK FRAME ,2009-12-13,2011-12-06,26,254,27,False
22782,SET 3 WICKER STORAGE BASKETS ,2010-10-27,2011-12-07,66,254,84,False
81952B,ROUND BLUE CLOCK W/SUCKER,2010-01-11,2011-07-26,20,254,20,False
20823,GOLD WINE GOBLET,2009-12-01,2011-06-09,17,253,19,False
22799,SWEETHEART WIRE FRUIT BOWL,2010-10-18,2011-12-06,86,253,108,False
23040,PAPER LANTERN 9 POINT SNOW STAR ,2011-04-28,2011-12-09,38,253,43,False
20864,DENIM PATCH PENCIL CASE BUTTERFLY,2009-12-06,2010-10-24,27,252,30,False
22987,"WRAP , SUMMER ROSE DESIGN",2010-09-07,2011-10-10,11,252,11,False
23405,HOME SWEET HOME 2 DRAWER CABINET,2011-09-05,2011-12-09,47,252,71,False
84249A,"GREETING CARD,SQUARE, DOUGHNUTS",2010-02-04,2011-12-09,34,252,34,False
20865,PATCHWORK PENCIL CASE BUTTERFLY ,2009-12-01,2010-06-30,30,251,33,False
23079,TOADSTOOL BEDSIDE LIGHT ,2011-05-11,2011-12-07,77,251,107,False
23562,SET OF 6 RIBBONS PERFECTLY PRETTY  ,2011-11-27,2011-12-09,12,251,43,False
46000U,POLYESTER FILLER PAD 30CMx30CM,2009-12-03,2011-12-04,48,251,51,False
84837,WHITE SWEETHEARTS CABINET 4 DRAWERS,2009-12-01,2010-08-02,106,251,144,False
84846A,SCENTED CANDLE IN DIGITALIS TIN,2009-12-04,2011-10-10,51,251,54,False
16169D,WRAP WINTER FOREST,2009-12-01,2009-12-13,5,250,9,False
23316,RED REFECTORY CLOCK ,2011-06-23,2011-12-08,80,250,110,False
84800M,MEDIUM WHITE/PINK ROSE ART FLOWER,2010-01-28,2011-08-28,26,250,27,False
20857,BLUE ROSE PATCH PURSE PINK BUTTERFL,2009-12-06,2011-02-17,68,249,77,False
21275,ZINC TOP  2 DOOR WOODEN SHELF ,2009-12-08,2011-11-10,47,249,55,False
21691,SILVER VANILLA FLOWER CANDLE POT,2009-12-01,2010-10-29,58,249,79,False
21836,GINGHAM OVEN GLOVE RED HEART ,2009-12-07,2011-01-20,82,249,101,False
23060,HEART BEADED TRELLIS DECORATION,2011-04-18,2011-12-07,39,249,44,False
23597,PAPER BUNTING PAISLEY PARK,2011-11-10,2011-12-08,20,249,31,False
22447,PIN CUSHION BABUSHKA BLUE,2010-03-23,2011-12-09,69,248,82,False
22786,CUSHION COVER PINK UNION JACK,2010-10-17,2011-12-07,67,248,94,False
23539,WALL ART LOVES' SECRET ,2011-10-02,2011-12-05,27,247,42,False
84251C,"GREETING CARD, TWO SISTERS.",2009-12-14,2011-08-04,40,247,53,False
23074,EMBOSSED HEART TRINKET BOX,2011-09-11,2011-12-09,40,246,48,False
84657,GREEN ROSE CUSHION COVER,2009-12-18,2010-04-19,17,246,20,False
85179B,WHITE BITTY LIGHT CHAIN ,2009-12-03,2010-11-15,38,246,45,False
21837,CROSS STITCH ALPHABET CUSHION COVER,2009-12-01,2010-05-18,64,244,91,False
71496A,A4 WALL TIDY BLUE OFFICE,2010-03-01,2011-11-02,17,244,17,False
84661B,BLACK SQUARE TABLE CLOCK,2009-12-16,2011-12-08,46,244,52,False
35914,PINK CHICK EGG WARMER + EGG CUP,2009-12-02,2011-10-19,42,243,58,False
46000R,POLYESTER FILLER PAD 45x30cm,2010-01-26,2011-12-07,58,243,61,False
22797,CHEST OF DRAWERS GINGHAM HEART ,2010-10-17,2011-12-07,102,242,140,False
37492C,GREEN BLUE FLOWER PIGGY BANK,2009-12-01,2010-05-18,24,242,25,False
47367B,PAIR PADDED HANGERS PINK CHECK,2009-12-14,2011-10-26,87,242,96,False
77081,FLOWER WINDMILL,2009-12-01,2010-08-31,29,242,33,False
79323B,BLACK CHERRY LIGHTS,2009-12-01,2011-02-11,43,242,58,False
22829,SWEETHEART WIRE WALL TIDY,2010-11-10,2011-11-11,90,241,118,False
37494A,FAIRY CAKE CERAMIC BUTTER DISH,2009-12-02,2010-04-01,33,241,54,False
84715,SET OF 6 ICE CREAM SKITTLES,2009-12-07,2011-04-13,42,241,47,False
85205B,PINK FELT EASTER RABBIT GARLAND,2010-01-11,2011-04-21,52,241,62,False
47347B,BLUE FLOWER T-LIGHT HOLDER,2009-12-07,2010-03-08,11,240,11,False
84615,PINK ROUND BUTTERFLY MIRROR ,2009-12-08,2010-04-12,17,240,21,False
85020,ROUND PINK HEART MIRROR,2009-12-04,2011-12-05,56,240,58,False
21030,SPACE CADET RED,2009-12-16,2011-11-21,50,239,52,False
21661,VINTAGE GLASS TEA CADDY,2009-12-04,2011-02-22,80,239,99,False
84932D,SMALL ORIENTAL RED FOLDING STOOL,2009-12-04,2010-04-20,18,239,21,False
21366,MIRRORED WALL ART PHOTO FRAMES,2009-12-10,2011-12-07,67,238,78,False
22954,HEN PARTY CORDON BARRIER TAPE,2010-11-05,2011-11-24,48,238,50,False
84856L,LARGE TAHITI BEACH BAG,2009-12-17,2011-03-18,66,238,81,False
23427,STOOL HOME SWEET HOME ,2011-09-04,2011-12-08,52,237,115,False
85033G,SET/6 GOLD REINDEER T-LIGHT CANDLES,2009-12-01,2010-09-21,14,236,33,False
35824C,"HANGING FLOWERS+MIRROR,CLEAR",2009-12-03,2010-04-08,8,235,8,False
79063C,"RETRO PILL BOX KEY CHAIN,THE KING",2011-03-09,2011-12-08,14,235,14,False
84872A,TEATIME FUNKY FLOWER BACKPACK FOR 2,2009-12-01,2011-07-26,90,235,147,False
22395,PAPERWEIGHT VINTAGE PAISLEY,2010-04-13,2011-12-08,45,234,53,False
72801F,S/4 FESTIVE RED DINNER CANDLES,2009-12-01,2010-01-28,15,234,25,False
84915,HAND TOWEL PINK FLOWER AND DAISY,2010-03-30,2011-12-06,34,234,37,False
84923,PINK BUTTERFLY HANDBAG W BOBBLES,2010-02-04,2011-12-09,115,234,150,False
20980,36 PENCILS TUBE POSY,2009-12-01,2011-08-08,53,233,59,False
21681,GIANT MEDINA STAMPED METAL BOWL ,2009-12-02,2011-02-22,68,233,80,False
84726,LILLIES CANVAS PICTURE,2010-03-03,2010-08-20,4,233,5,False
84807,RED POPPY ARTIFICIAL FLOWER,2010-01-07,2010-05-14,7,233,7,False
85129B,BEADED CRYSTAL HEART GREEN SMALL,2009-12-15,2011-12-05,52,233,56,False
23470,CARD HOLDER LOVE BIRD LARGE ,2011-10-02,2011-12-05,42,232,84,False
72750C,"F.FAIRY S/3 CANDLE/GLASS, ROSE",2009-12-01,2010-03-30,13,232,15,False
84984C,ORIENTAL BLUE C/COVER ,2009-12-09,2010-11-14,16,232,16,False
20780,BLACK EAR MUFF HEADPHONES,2009-12-01,2011-12-08,74,231,101,False
84231,EASTER BUNNY WITH BASKET ON BACK,2010-01-24,2011-11-04,41,230,51,False
84595B,LARGE TRIFLE DESIGN L BLUE BOWL,2009-12-15,2010-06-27,16,230,16,False
35822B,"ACRYLIC BEAD CHAIN, BLUE",2010-01-27,2010-01-27,1,229,1,False
84917,WHITE HAND TOWEL WITH BUTTERFLY,2010-01-07,2011-05-26,45,229,53,False
17027A,INCENSE BAZAAR CANNABIS,2010-02-04,2010-03-10,2,228,2,False
20819,SILVER TEDDY BEAR,2009-12-02,2011-11-30,56,228,65,False
23481,PEARLISED IVORY HEART SMALL ,2011-10-17,2011-12-06,20,228,32,False
23491,VINTAGE JINGLE BELLS HEART,2011-10-20,2011-12-07,38,228,79,False
23411, TRELLIS COAT RACK,2011-09-04,2011-12-02,42,227,57,False
84313B,BLUE TV TRAY TABLE ,2009-12-01,2011-04-01,69,227,83,False
23183,MOTHER'S KITCHEN SPOON REST ,2011-03-03,2011-12-09,67,226,85,False
72606A,BROWN ANTIQUE CUBE CANDLE,2010-01-11,2010-10-05,16,226,18,False
84192,ASSORTED COLOUR METAL CAT ,2010-02-08,2011-12-04,36,226,39,False
84665,SQUARE CHERRY BLOSSOM CABINET,2009-12-09,2011-11-08,35,226,47,False
84666,SQUARE CHERRY BLOSSOM CABINET,2009-12-09,2011-04-19,18,226,33,False
84927A,WAKE UP COCKEREL TILE HOOK,2010-02-03,2011-08-09,33,226,33,False
21350,GINGHAM HEART WREATH,2009-12-02,2010-11-05,32,225,44,False
23336,EGG FRYING PAN PINK ,2011-06-13,2011-12-09,61,225,86,False
23495,SET OF 3 PANTRY WOODEN SPOONS,2011-10-30,2011-12-09,27,225,41,False
71495A,CD WALL TIDY BLUE OFFICE,2010-02-09,2011-11-24,20,225,20,False
20836,FRENCH PAISLEY CUSHION COVER,2010-03-02,2011-11-24,21,224,22,False
23519,EMBROIDERED RIBBON REEL CLAIRE,2011-09-25,2011-11-24,20,224,24,False
84661A,WHITE SQUARE TABLE CLOCK,2009-12-07,2011-12-08,39,224,45,False
84977,WIRE FLOWER T-LIGHT HOLDER,2009-12-01,2011-03-18,40,223,44,False
84578,ELEPHANT TOY WITH BLUE T-SHIRT,2009-12-01,2010-04-09,64,222,114,False
84760S,SMALL HANGING GLASS+ZINC LANTERN,2009-12-09,2011-05-12,35,222,37,False
21536,DAIRY MAID  SMALL  MILK JUG,2009-12-03,2010-03-30,45,221,63,False
21631,HIPPY CHIC DECORATIVE PARASOL,2009-12-09,2011-11-17,49,221,54,False
23064,CINDERELLA CHANDELIER ,2011-04-28,2011-11-03,19,221,23,False
47570,ENGLISH ROSE TABLE CLOTH,2009-12-02,2010-04-26,62,220,79,False
72024U,LILAC VOTIVE CANDLE,2009-12-02,2011-06-27,11,220,11,False
23423,PANTRY 3 HOOK ROLLING PIN HANGER,2011-09-08,2011-12-08,43,219,66,False
23661,MILK MAIDS MUG ,2011-10-13,2011-12-09,23,219,34,False
84706D,CHERRY BLOSSOM TABLE CLOCK ,2009-12-18,2011-05-22,16,219,16,False
85179A,GREEN BITTY LIGHT CHAIN,2009-12-03,2011-12-09,54,219,72,False
20753,RETRO PINK SPOT WASHING UP GLOVES,2009-12-01,2010-01-18,21,218,56,False
72140E,BEST DAD CANDLE LETTERS,2009-12-07,2011-10-16,28,218,29,False
84804A,CREAM DELPHINIUM ARTIFICIAL FLOWER,2010-01-19,2011-12-06,17,218,18,False
85024B,EAU DE NILE JEWELLED PHOTOFRAME,2010-01-19,2011-12-05,20,218,21,False
79403,FROSTED WHITE BASE ,2009-12-18,2011-12-02,33,216,36,False
81950B,FLOWER BLUE CLOCK W/SUCKER,2009-12-03,2011-08-17,32,216,35,False
90086,CRYSTAL FROG PHONE CHARM,2010-03-03,2011-12-09,45,216,46,False
23409,PHOTO FRAME LINEN AND LACE LARGE,2011-09-07,2011-12-05,28,215,43,False
23533,WALL ART GARDEN HAVEN ,2011-10-03,2011-12-09,28,215,36,False
84658,WHITE STITCHED CUSHION COVER,2009-12-01,2011-12-06,62,214,65,False
84801B,WHITE HYDRANGEA ART FLOWER,2009-12-17,2011-04-06,17,214,18,False
17013C,ORIGAMI LAVENDER INCENSE IN TUBE,2009-12-16,2010-03-03,2,213,2,False
21018,BIRD BOX CHRISTMAS TREE DECORATION,2009-12-01,2010-12-17,36,213,44,False
21226,POCKET MIRROR WOODLAND,2009-12-11,2011-11-25,34,213,38,False
23315,IVORY REFECTORY CLOCK,2011-06-23,2011-12-08,64,213,86,False
23422,PANTRY HOOK BALLOON WHISK ,2011-09-07,2011-12-08,34,213,47,False
46000P,POLYESTER FILLER PAD 65CMx65CM,2009-12-01,2011-09-04,42,213,49,False
90214A,"LETTER ""A"" BLING KEY RING",2009-12-02,2011-12-08,90,213,104,False
16243B,BROWN COZY SQUARE PHOTO ALBUM,2009-12-02,2010-03-11,6,212,8,False
20794,BLUE  TILE HOOK,2010-01-07,2011-12-06,48,212,49,False
21367,MIRRORED WALL ART GENTS,2009-12-08,2011-12-05,53,211,60,False
21950,SET OF 6 DOTS CHOPSTICKS,2009-12-03,2010-04-01,15,211,18,False
23567,EGG CUP HENRIETTA HEN PINK,2011-10-14,2011-12-09,25,211,38,False
85030,FRENCH CHATEAU OVAL PLATTER,2009-12-15,2011-04-08,24,211,29,False
21474,SWEETHEART CREAM STEEL FOLDIN BENCH,2010-01-21,2010-09-12,70,210,94,False
23532,WALL ART WORK REST AND PLAY  ,2011-10-02,2011-12-08,22,210,31,False
71406C,BLACK ORANGE SQUEEZER,2009-12-03,2011-11-29,35,210,35,False
17011D,ORIGAMI ROSE INCENSE+FLOWER,2009-12-15,2010-08-20,4,209,4,False
37476,CONDIMENT TRAY 4 BOWLS AND 4 SPOONS,2009-12-02,2011-10-20,68,209,78,False
84909A,PINK PAISLEY QUILT ,2009-12-09,2010-03-24,14,209,30,False
90093,CLEAR CRYSTAL STAR PHONE CHARM,2009-12-01,2011-12-06,22,209,25,False
90200E,GREEN SWEETHEART BRACELET,2009-12-01,2011-12-08,79,209,91,False
21359,RELAX LARGE WOOD LETTERS,2009-12-02,2011-08-11,65,208,75,False
84795A,PASTEL STRIPE HAMMOCK ,2009-12-06,2010-08-04,50,208,71,False
84918,CREAM CUSHION COVER WITH FLOWERS,2009-12-06,2010-09-27,51,208,63,False
20621,ECONOMY PASSPORT COVER ,2009-12-02,2010-09-02,31,207,33,False
23455,SMALL PARLOUR PICTURE FRAME,2011-10-16,2011-12-08,23,207,36,False
20902,VINTAGE KEEPSAKE BOX PARIS DAYS,2009-12-03,2011-08-10,99,206,116,False
46776E,WOVEN CANDY CUSHION COVER ,2010-01-04,2011-12-09,69,206,78,False
84352,SILVER CHRISTMAS TREE BAUBLE STAND ,2009-12-01,2011-09-21,84,206,126,False
84675,FROG KING WATERING CAN,2009-12-03,2011-01-17,51,206,62,False
90200C,BLUE SWEETHEART BRACELET,2009-12-01,2011-03-22,82,206,99,False
23476,WOODLAND LARGE RED FELT HEART,2011-10-20,2011-11-30,15,205,22,False
84029C,BROWN FURRY HOT WATER BOTTLE,2009-12-01,2010-01-05,20,205,49,False
84597B,RETRO BROWN BALL ASHTRAY ,2009-12-09,2011-06-19,26,205,27,False
90114,SUMMER DAISIES BAG CHARM,2010-02-02,2011-12-08,89,205,111,False
21478,SILVER SKULL HOT WATER BOTTLE ,2009-12-01,2010-10-31,60,204,93,False
22762,CUPBOARD 3 DRAWER MA CAMPAGNE,2010-10-10,2011-12-07,107,204,133,False
84931A,PINK SCOTTIE DOG W FLOWER PATTERN,2009-12-01,2011-11-30,73,204,82,False
90062,CARNIVAL BRACELET,2009-12-01,2011-04-28,86,204,110,False
21032,SPACE CADET WHITE,2009-12-04,2011-11-30,50,203,50,False
21780,MA CAMPAGNE 4 DRAWER WALL SHELF,2009-12-08,2010-01-13,14,203,32,False
21368,MIRRORED WALL ART LADIES,2009-12-08,2011-12-05,43,201,47,False
21740,COSY SLIPPER SHOES LARGE RED,2009-12-01,2010-05-30,22,201,67,False
21839,MUMMY MOUSE RED GINGHAM RIBBON,2009-12-01,2011-03-27,74,201,83,False
23181,BULL DOG BOTTLE TOP WALL CLOCK,2011-03-08,2011-12-09,68,201,82,False
84920,PINK FLOWER FABRIC PONY,2009-12-01,2011-12-08,75,201,88,False
20799,PINK MILKSHAKE GLASS,2009-12-01,2010-06-21,25,200,26,False
22790,"MIRROR, ARCHED GEORGIAN",2010-10-14,2010-10-14,1,200,1,False
47343A,FUSCHIA FLOWER PURSE WITH BEADS,2009-12-17,2011-08-07,22,200,24,False
47586A,PINK FAIRY CAKE CUSHION COVER,2009-12-14,2011-11-23,26,200,29,False
84766,SILVER ROCOCO CANDLE STICK,2010-01-14,2011-11-03,24,200,27,False
21338,MARAKESH LANTERN SMALL ,2009-12-05,2010-04-13,12,199,14,False
23039,T-LIGHT HOLDER SILVER HEART HANDLE,2011-06-19,2011-12-05,27,199,29,False
79315W,FLYING SAUCER TABLE LIGHT IN WHITE,2009-12-03,2010-08-09,11,199,13,False
23576,SNACK TRAY RED VINTAGE DOILY,2011-11-27,2011-12-08,10,198,38,False
84452,METAL RABBIT LADDER EASTER ,2009-12-04,2011-10-20,40,198,45,False
20934,SET/3 POT PLANT CANDLES,2009-12-02,2011-11-04,63,197,75,False
84857C,PINK MONTE CARLO HANDBAG,2010-06-16,2011-07-04,15,197,17,False
22889,NUMBER TILE VINTAGE FONT No ,2010-10-25,2011-12-05,33,196,40,False
23037,CANDLE HOLDER SILVER MADELINE,2011-06-24,2011-12-09,19,196,20,False
21627,ELEPHANT CARNIVAL POUFFE,2009-12-04,2011-10-24,107,195,115,False
84767,ZINC POLICE BOX LANTERN,2009-12-01,2010-03-14,6,195,6,False
84798A,PINK FOXGLOVE ARTIIFCIAL FLOWER,2010-01-05,2011-09-28,10,195,10,False
85185D,FROG SOCK PUPPET,2009-12-01,2011-05-25,58,195,66,False
21418,STARFISH SOAP DISH,2009-12-06,2011-12-07,63,194,67,False
84531B,BLUE KNITTED EGG COSY,2009-12-07,2011-04-18,34,194,42,False
21736,GOLD SCROLL GLASS T-LIGHT HOLDER,2009-12-04,2011-04-06,26,193,28,False
84664,CHERRY BLOSSOM BATHROOM CABINET,2009-12-09,2010-10-24,23,193,51,False
84531A,PINK KNITTED EGG COSY,2009-12-07,2011-04-18,33,191,47,False
84773,RED ROSE AND LACE C/COVER,2009-12-01,2010-12-05,43,190,49,False
85027L,FRENCH CHATEAU LARGE PLATTER ,2010-01-17,2011-04-19,36,190,40,False
20814,SILVER FINCH DECORATION,2009-12-01,2010-02-24,10,189,13,False
79063D,"RETRO PILL BOX , REVOLUTIONARY",2011-02-09,2011-11-27,10,189,11,False
84795D,SEASIDE STRIPE HAMMOCK,2009-12-04,2010-08-03,57,189,83,False
84932B,SMALL PINK PEONY FOLDING STOOL,2009-12-04,2010-04-26,16,189,17,False
35937,CERISE+GOLD CHRISTMAS STOCKING DEC,2009-12-15,2010-10-18,15,188,17,False
20903,VINTAGE KEEPSAKE BOX TRAVELOGUE,2009-12-01,2011-10-23,75,187,86,False
16244A,MAXWELL 2 TONE PINK 60 PAGE PHOTO A,2009-12-02,2010-03-15,24,186,28,False
84522,PINK PARTY SUNGLASSES,2009-12-07,2011-11-22,26,186,26,False
22832,BROCANTE SHELF WITH HOOKS,2010-11-09,2011-11-29,72,185,85,False
23484,HEART TRELLIS TRIPLE T-LIGHT HOLDER,2011-09-30,2011-12-08,28,185,36,False
35833P,4 PINK FLOCK CHRISTMAS BALLS,2009-12-06,2011-11-24,55,185,64,False
47579,TEA TIME BREAKFAST BASKET,2009-12-02,2010-12-05,46,185,56,False
84741C,CITRUS GARLAND FELT FLOWERS ,2009-12-06,2011-04-27,44,185,52,False
84802A,WHITE ANEMONE ARTIFICIAL FLOWER,2009-12-11,2010-12-19,24,185,24,False
23036,T-LIGHT HOLDER SILVER PETIT FOUR ,2011-06-22,2011-12-06,16,184,16,False
90214S,"LETTER ""S"" BLING KEY RING",2009-12-02,2011-12-08,72,184,86,False
21376,LARGE  TALL CAMPHOR WOOD TOADSTOOL ,2009-12-06,2011-12-04,44,183,46,False
22764,"RUSTIC WOODEN CABINET, GLASS DOORS",2010-10-12,2011-03-25,17,183,25,False
35921,EASTER BUNNY HANGING GARLAND,2010-01-22,2011-04-19,40,183,50,False
47589,CONGRATULATIONS BUNTING,2009-12-15,2011-05-24,63,183,77,False
90200B,BLACK SWEETHEART BRACELET,2009-12-01,2011-12-08,82,183,84,False
23140,TRIPLE WIRE HOOK IVORY HEART,2011-04-19,2011-11-13,44,182,52,False
85141,JARDIN ETCHED GLASS FRUITBOWL,2009-12-15,2011-06-16,58,182,73,False
22830,UTILTY CABINET WITH HOOKS,2010-10-22,2011-01-16,16,181,18,False
75011,BLUE DAISY MOBILE,2009-12-11,2011-11-28,15,181,15,False
23020,GLASS  SONGBIRD STORAGE JAR,2011-06-14,2011-12-06,57,180,76,False
23337,EGG FRYING PAN MINT ,2011-06-13,2011-12-08,51,180,69,False
35838A,S/6 MULTICOLOUR ORNAMENETAL CANDLE,2009-12-07,2010-09-29,16,180,20,False
84625B,BLCK NEW BAROQUE CANDLESTICK CANDLE,2009-12-04,2010-03-24,16,180,17,False
23575,SNACK TRAY PAISLEY PARK,2011-11-27,2011-12-09,10,179,34,False
35610B,BLACK CHRISTMAS FLOCK DROPLET ,2009-12-02,2010-12-13,13,179,14,False
84360,TABLE LAMP WHITE SHADE WOOD BASE,2009-12-01,2011-12-05,39,179,41,False
84925A,WAKE UP COCKEREL WALL THERMOMETER,2009-12-02,2010-03-28,17,179,17,False
85136C,RED SHARK HELICOPTER,2009-12-01,2011-12-08,94,179,122,False
21196,ROUND WHITE CONFETTI IN TUBE,2010-02-08,2011-12-07,21,178,23,False
21629,SQUARE FLOOR CUSHION VINTAGE RED,2009-12-03,2011-12-08,96,177,105,False
71215,METAL BASE FOR CANDLES,2009-12-09,2011-05-26,11,177,12,False
71510,SQUARE METAL CANDLEHOLDER BASE,2009-12-17,2011-11-24,16,177,17,False
90200A,PURPLE SWEETHEART BRACELET,2009-12-01,2011-12-09,88,177,99,False
71403,"PINK/WHITE ""KEEP CLEAN"" BULLET BIN",2009-12-04,2011-11-16,64,176,69,False
84709B,PINK OVAL JEWELLED MIRROR,2009-12-01,2011-06-26,72,176,87,False
85167A,WHITE GRAND BAROQUE PHOTO FRAME,2009-12-03,2010-03-31,11,176,14,False
90214L,"LETTER ""L"" BLING KEY RING",2009-12-06,2011-12-08,64,176,68,False
21274,EMBOSSED HEART 3 DRAWER SHELF,2009-12-04,2010-11-05,83,175,106,False
21633,SUNFLOWER DECORATIVE PARASOL,2009-12-04,2011-11-21,64,175,72,False
72140F,HAPPY ANNIVERSARY CANDLE LETTERS,2009-12-01,2010-11-24,13,175,15,False
22769,CHALKBOARD KITCHEN ORGANISER,2010-10-10,2011-01-04,31,174,45,False
23454,THREE MINI HANGING FRAMES,2011-10-21,2011-12-08,33,174,55,False
82081,PINK HEARTS PHOTO ALBUM,2009-12-01,2010-02-24,19,174,23,False
85095,THREE CANVAS LUGGAGE TAGS,2010-08-19,2011-12-05,40,174,49,False
17090A,LAVENDER INCENSE 40 CONES IN TIN,2009-12-10,2011-11-24,26,173,26,False
20827,GOLD APERITIF GLASS,2009-12-01,2011-04-21,8,173,8,False
23317,BLUE REFECTORY CLOCK ,2011-06-26,2011-12-09,59,173,82,False
23339,EGG FRYING PAN BLUE ,2011-06-13,2011-12-08,51,173,76,False
23413,VINTAGE COFFEE GRINDER BOX,2011-09-07,2011-12-08,35,173,58,False
84592,CROCHET ROSE PURSE WITH SUEDE BACK,2009-12-06,2011-11-30,47,173,47,False
90209A,PURPLE ENAMEL+GLASS HAIR COMB,2009-12-01,2011-11-04,10,173,10,False
21893,POTTING SHED SEED TIN,2009-12-01,2010-02-15,15,172,20,False
23560,SET OF 6 RIBBONS COUNTRY STYLE,2011-11-27,2011-12-08,9,172,26,False
51012C,"FEATHER DUSTER, COAL BLACK",2009-12-01,2010-02-26,19,171,28,False
79030A,"TUMBLER, ENGLISH ROSE",2009-12-01,2010-07-29,26,171,33,False
20997,ROSE DU SUD CUSHION COVER ,2009-12-08,2011-12-08,73,170,83,False
23561,SET OF 6 RIBBONS PARTY,2011-11-27,2011-12-09,8,170,16,False
37462B,"PET MUG, BUDGIE",2009-12-01,2010-10-12,29,170,32,False
37479P,CUBIC MUG FLOCK PINK ON BROWN,2010-06-11,2011-11-08,31,170,35,False
72754B,F FAIRY POTPOURRI CUSHIONS LAVENDER,2009-12-01,2010-01-08,7,170,8,False
16256C,HEARTS PENCIL/RUBBER+5 MINI PENCILS,2009-12-13,2010-05-23,10,169,10,False
21551,CERAMIC BIRDHOUSE BUTTERFLY LARGE,2009-12-02,2010-01-29,16,169,22,False
23579,SNACK TRAY I LOVE LONDON,2011-10-18,2011-12-09,16,169,35,False
84508B,STRIPES DESIGN TEDDY,2009-12-04,2011-11-27,68,169,74,False
84562A,PINK/WHITE RIBBED MELAMINE JUG,2009-12-03,2011-02-20,68,169,79,False
90161C,ANT COPPER LIME BOUDICCA BRACELET,2009-12-02,2011-12-08,93,169,100,False
21252,SET OF MEADOW  FLOWER STICKERS,2009-12-01,2010-01-25,15,168,22,False
35815P,"ACRYLIC JEWEL SNOWFLAKE, PINK",2010-10-18,2011-09-26,7,168,7,False
21554,CERAMIC BIRDHOUSE RED ROOF LARGE,2009-12-01,2010-01-21,16,167,22,False
22869,NUMBER TILE COTTAGE GARDEN 1,2010-10-17,2011-11-29,51,167,57,False
23520,EMBROIDERED RIBBON REEL RUBY ,2011-09-22,2011-12-05,25,167,32,False
85128,PLANTPOT SINGLE HOOK PISTACHIO,2009-12-04,2010-01-12,4,167,4,False
20694,FLORAL PINK MONSTER,2009-12-01,2011-11-22,46,166,55,False
21038,SET/4 MODERN VINTAGE COTTON NAPKINS,2009-12-16,2011-05-04,46,166,52,False
21299,EDWARDIAN TOILET ROLL UNIT ,2009-12-01,2010-03-12,23,166,34,False
21344,MOROCCAN BEATEN METAL DISH,2009-12-01,2011-12-08,25,166,26,False
20783,HEART EAR MUFF HEADPHONES,2009-12-01,2010-08-16,40,165,55,False
20837,FRENCH FLORAL CUSHION COVER ,2009-12-04,2011-11-20,16,165,18,False
21552,CERAMIC BIRDHOUSE BLACK ROSE  LARGE,2009-12-02,2010-06-03,24,165,36,False
35594,WOODEN CHRISTMAS TREE 3 HANGING,2009-12-01,2010-10-29,35,165,39,False
84898F,YELLOW FLOWERS FELT HANDBAG KIT,2009-12-01,2011-03-24,44,165,52,False
90214C,"LETTER ""C"" BLING KEY RING",2009-12-03,2011-12-08,60,165,69,False
21628,TRIANGULAR POUFFE VINTAGE ,2009-12-02,2011-12-08,80,164,87,False
23420,PANTRY HOOK TEA STRAINER ,2011-09-15,2011-12-04,25,164,32,False
23440,PAINT YOUR OWN EGGS IN CRATE,2011-11-24,2011-12-07,5,164,5,False
23544,WALL ART MID CENTURY MODERN ,2011-10-03,2011-12-06,16,164,20,False
82585,SWEET VALENCIA CANDLE+CUP,2009-12-02,2010-03-02,33,164,49,False
85096,HILDA CANDY SPOT RABBIT,2009-12-04,2011-12-05,64,164,67,False
47591A,CAROUSEL DES CHILD'S APRON,2009-12-01,2010-08-24,62,163,70,False
84509E,SET OF 4 CAROUSEL PLACEMATS ,2010-01-11,2011-12-07,32,163,33,False
21630,FLOOR CUSHION ELEPHANT CARNIVAL,2009-12-03,2011-12-07,90,162,95,False
84510E,SET OF 4 GREEN CAROUSEL COASTERS,2010-01-11,2011-12-06,34,162,34,False
84705C,PINK FLOCK PHOTO FRAME ,2009-12-04,2011-05-03,8,162,8,False
85135C,RED DRAGONFLY HELICOPTER,2009-12-02,2011-12-08,88,162,112,False
16020C,CLEAR STATIONERY BOX SET ,2009-12-07,2011-07-05,34,160,40,False
23070,EDWARDIAN HEART PHOTO FRAME,2011-05-04,2011-12-06,43,160,44,False
23421,PANTRY HOOK SPATULA,2011-09-08,2011-12-04,27,160,33,False
47503H,ASS FLORAL PRINT SPIRIT LEVEL ,2009-12-08,2011-12-07,55,160,63,False
84877D,BLUE ROUND COMPACT MIRROR,2009-12-09,2011-09-25,38,160,43,False
35911B,PINK/FLOWER RABBIT EGG WARMER ,2009-12-11,2011-03-22,19,159,24,False
84984D,ORIENTAL RED C/COVER ,2009-12-01,2011-11-08,20,159,21,False
90208,PAIR OF PINK FLOWER CLUSTER SLIDE,2009-12-01,2011-12-09,62,159,68,False
23447,PINK BUNNY EASTER EGG BASKET,2011-10-10,2011-12-07,4,158,4,False
23456,MEDIUM PARLOUR PICTURE FRAME ,2011-10-16,2011-12-04,23,158,36,False
21473,SWEETHEART CREAM STEEL TABLE RECT,2009-12-13,2011-11-20,74,157,90,False
23446,BLUE BUNNY EASTER EGG BASKET,2011-10-10,2011-12-07,3,157,3,False
35916C,PINK FELT HANGING HEART W FLOWER,2009-12-01,2011-10-18,38,157,42,False
84007,MAGIC GARDEN MOUNT FUJI,2009-12-01,2010-11-30,33,157,39,False
90214J,"LETTER ""J"" BLING KEY RING",2009-12-02,2011-12-06,73,157,88,False
21372,MIRRORED WALL ART TABLE LAMP,2009-12-02,2011-11-28,45,156,51,False
35931,PINK STAR CHRISTMAS DECORATION,2009-12-01,2010-11-12,14,156,15,False
85126,LARGE ROUND CUTGLASS CANDLESTICK,2009-12-01,2010-12-21,34,156,35,False
20782,CAMOUFLAGE EAR MUFF HEADPHONES,2009-12-01,2011-12-09,66,155,87,False
22870,NUMBER TILE COTTAGE GARDEN 2,2010-10-18,2011-11-29,44,155,47,False
90201B,BLACK ENAMEL FLOWER RING,2009-12-02,2011-12-09,53,154,54,False
90214K,"LETTER ""K"" BLING KEY RING",2009-12-07,2011-12-08,75,154,83,False
46775D,SUNSET COLOUR CHUNKY KNITTED THROW,2009-12-13,2011-12-05,73,153,95,False
46776D,WOVEN SUNSET CUSHION COVER ,2009-12-04,2011-12-09,63,153,76,False
23094,LE GRAND TRAY CHIC SET,2011-05-11,2011-11-28,68,152,79,False
23115,RED APPLES CHOPPING BOARD   ,2011-09-30,2011-12-08,34,152,45,False
84661C,PINK SQUARE TABLE CLOCK,2009-12-04,2011-12-06,24,152,27,False
16050,TEATIME PENCIL WITH RUBBER,2010-02-16,2010-04-19,7,151,8,False
20696,FLORAL SOFT CAR TOY,2009-12-02,2011-11-11,57,151,60,False
85135B,BLUE DRAGONFLY HELICOPTER,2009-12-01,2011-11-17,83,151,116,False
90129A,PINK GLASS TASSLE BAG CHARM ,2009-12-14,2011-10-03,63,151,74,False
23540,WALL ART THE MAGIC FOREST ,2011-10-03,2011-12-06,12,150,14,False
35821B,"JEWELLED DECORATION,BLUE",2009-12-10,2010-04-08,3,150,3,False
90170,DAISY HAIR BAND,2009-12-07,2011-12-09,64,150,73,False
23114,VINTAGE LEAF CHOPPING BOARD  ,2011-09-30,2011-12-07,28,149,45,False
84559D,3D SHEET OF SEA WORLD STICKERS,2009-12-01,2010-11-15,31,149,32,False
84744,S/6 SEW ON CROCHET FLOWERS,2009-12-07,2011-11-15,29,149,33,False
85044,RED REINDEER STRING OF 20 LIGHTS,2009-12-01,2010-11-22,32,149,40,False
90125A,PINK BERTIE GLASS BEAD BAG CHARM,2009-12-01,2011-07-13,17,149,18,False
23150,IVORY SWEETHEART SOAP DISH,2011-04-21,2011-12-05,43,148,49,False
84952A,CLEAR LOVE BIRD T-LIGHT HOLDER,2009-12-06,2011-11-14,35,148,39,False
47013C,WINE BOTTLE DRESSING DARK BLUE,2009-12-04,2011-06-20,26,147,28,False
84805A,CREAM CLIMBING HYDRANGA ART FLOWER,2010-03-02,2011-12-06,8,147,8,False
90161B,ANT COPPER TURQ BOUDICCA BRACELET,2009-12-02,2011-12-08,70,147,76,False
23417,BATHROOM HOOK,2011-09-07,2011-12-08,21,146,28,False
35004S,SET OF 3 SILVER FLYING DUCKS,2009-12-01,2009-12-23,13,146,25,False
85195,HANGING HEART BASKET,2009-12-04,2011-03-16,17,146,17,False
90129B,TURQUOISE GLASS TASSLE BAG CHARM ,2009-12-02,2011-12-07,55,146,62,False
37333,"RETRO ""TEA FOR ONE"" ",2009-12-03,2011-05-03,48,145,58,False
21031,SPACE CADET BLACK,2009-12-01,2011-11-16,38,144,39,False
72753D,S/3 FLWR FAIRY SUMMER CANDLES,2009-12-06,2010-01-17,8,144,9,False
79308B,MOSAIC CANDLE DISH BLUE PURPLE,2010-06-02,2010-06-29,2,144,2,False
90198A,VINTAGE ROSE BEAD BRACELET RASPBERR,2009-12-14,2011-12-09,76,144,84,False
16207A,PINK STRAWBERRY HANDBAG ,2009-12-01,2011-11-06,67,143,76,False
23073,GEORGIAN TRINKET BOX,2011-04-19,2011-12-01,51,143,61,False
35610A,PINK CHRISTMAS FLOCK DROPLET ,2009-12-07,2010-12-15,12,143,12,False
35817B,"ACRYLIC JEWEL SNOWFLAKE,BLUE",2009-12-03,2010-05-14,2,143,3,False
37399,"ASS RETROSPOOF MUGS,SPORTS",2009-12-13,2009-12-22,5,143,6,False
37483,ENGLISH ROSE MUG IN GIFT BOX,2010-05-16,2010-06-08,8,143,12,False
84609,TALL ROCOCO CANDLE HOLDER,2009-12-16,2011-12-05,37,143,38,False
85007,SET OF 3 VINTAGE TEA TIME BOXES,2009-12-02,2010-03-02,15,143,22,False
20695,FLORAL BLUE MONSTER,2009-12-01,2011-11-17,44,142,61,False
20855,PINK PATCH PURSE BLUE HEART,2009-12-03,2010-09-15,44,142,47,False
21476,STEEL SWEETHEART ROUND TABLE CREAM,2010-01-19,2011-10-19,72,142,85,False
79071B,ENGLISH ROSE METAL WASTE BIN,2010-02-01,2011-06-13,62,142,66,False
84708B,PINK JEWELLED PHOTO FRAME ,2009-12-02,2011-12-07,51,142,54,False
90210D,PURPLE ACRYLIC FACETED BANGLE,2009-12-04,2011-11-10,20,142,23,False
90214E,"LETTER ""E"" BLING KEY RING",2009-12-10,2011-12-08,58,142,67,False
21001,ROSE DU SUD WASHBAG ,2009-12-16,2011-12-08,78,141,90,False
22503,CABIN BAG VINTAGE PAISLEY,2010-04-30,2011-11-27,51,141,54,False
23414,ZINC BOX SIGN HOME,2011-09-04,2011-11-30,41,141,64,False
35600D,PINK AND WHITE CHRISTMAS TREE 180CM,2009-12-01,2010-09-28,12,141,13,False
47013A,WINE BOTTLE DRESSING LT.BLUE,2009-12-16,2011-04-19,25,141,25,False
85164B,BLACK BAROQUE CUCKOO CLOCK,2009-12-01,2010-09-29,55,141,66,False
35816B,"ACRYLIC JEWEL ANGEL,BLUE",2009-12-16,2010-05-14,3,139,3,False
82093,HEART SHAPE BUTTON FRAME ,2009-12-01,2010-01-22,17,139,28,False
84450B,PINK/YELLOW RABBIT SAT EASTER,2009-12-10,2010-04-01,31,139,35,False
84563A,PINK & WHITE BREAKFAST TRAY,2009-12-07,2011-05-17,56,139,62,False
90030B,RED KUKUI COCONUT SEED NECKLACE,2009-12-09,2011-12-09,33,139,36,False
20672,PINK TEATIME PRINT BOWL,2009-12-02,2010-03-05,30,138,36,False
47598,NEW ENGLAND EGG WARMER,2009-12-01,2010-06-25,27,138,32,False
79191D,RETRO PLASTIC DAISY TRAY,2009-12-02,2011-12-09,52,138,56,False
84926C,FAIRY CAKES TILE COASTER,2009-12-01,2010-08-05,22,138,31,False
85136A,YELLOW SHARK HELICOPTER,2009-12-01,2011-12-06,87,138,107,False
85190,PINK FLOWER HANGING HEART ,2009-12-14,2010-03-17,12,138,17,False
90161D,ANT COPPER PINK BOUDICCA BRACELET,2009-12-06,2011-12-09,72,138,75,False
90214M,"LETTER ""M"" BLING KEY RING",2009-12-06,2011-12-05,57,138,64,False
21004,ROSE DU SUD CHILDS APRON,2009-12-01,2010-11-05,60,137,71,False
23099,FRENCH CARRIAGE LANTERN,2011-05-16,2011-12-07,49,137,59,False
84219,BOX/12 MOTHER & CHICK IN BASKET/BOW,2010-01-31,2010-03-28,21,137,28,False
84706A,ENGLISH ROSE TABLE CLOCK,2009-12-17,2010-02-28,7,137,7,False
90098,NECKLACE+BRACELET PINK BUTTERFLY,2009-12-18,2011-11-25,40,137,55,False
22872,NUMBER TILE COTTAGE GARDEN 4,2010-10-18,2011-12-08,38,136,39,False
84933B,LARGE PINK PEONY FOLDING STOOL,2009-12-01,2010-01-22,5,136,6,False
84933C,LARGE BLUE ORIENTAL FOLDING STOOL,2009-12-04,2010-01-22,5,136,6,False
90125D,PURPLE BERTIE GLASS BEAD BAG CHARM,2009-12-01,2011-07-13,32,136,36,False
20795,LARGE BLUE PROVENCAL CERAMIC BALL,2009-12-09,2011-12-05,28,135,29,False
21758,VINTAGE SHELLS PRINT,2009-12-10,2011-12-01,74,135,79,False
23136,IVORY WIRE SWEETHEART LETTER TRAY,2011-04-21,2011-12-06,42,135,49,False
35955,SMALL FOLKART CHRISTMAS TREE DEC,2009-12-01,2010-05-13,3,135,5,False
84770,ROUND GEORGIAN SILVER MIRROR,2010-02-28,2010-04-08,9,135,16,False
21375,LARGE CAMPHOR WOOD FIELD MUSHROOM ,2009-12-01,2011-12-04,57,134,62,False
35833G,4 GOLD FLOCK CHRISTMAS BALLS,2009-12-06,2010-12-06,28,134,34,False
84725,FREESTYLE CANVAS ART PICTURE,2009-12-03,2011-09-22,27,134,29,False
90120D,WHITE MURANO TWIST BRACELET,2009-12-07,2011-02-09,36,134,40,False
17178,FLAT PALM T-LIGHT HOLDER,2009-12-08,2010-09-16,23,133,25,False
21369,MIRRORED WALL ART SPLODGES,2009-12-23,2011-12-05,21,133,22,False
84924A,WAKE UP COCKEREL CALENDAR SIGN ,2009-12-04,2011-12-02,55,133,62,False
90201D,GREEN ENAMEL FLOWER RING,2009-12-18,2011-12-09,54,133,57,False
21185, HOME SWEET HOME  BLACKBOARD,2009-12-01,2010-07-05,30,132,44,False
21308,LOUVRE VANITY MIRROR,2009-12-06,2010-01-12,6,132,6,False
21632,VINTAGE PINK DECORATIVE PARASOL,2009-12-02,2011-01-18,41,132,53,False
23416,CHAMBRE HOOK,2011-09-12,2011-12-08,18,132,25,False
35916B,BLUE FELT HANGING HEART WITH FLOWER,2009-12-01,2011-10-18,42,132,46,False
20987,GEISHA GIRL CHOPSTICKS SET/5,2009-12-01,2009-12-22,9,131,22,False
82011C,BATHROOM SCALES FOOTPRINTS IN SAND,2009-12-07,2011-11-23,65,131,71,False
84933A,LARGE GREEN PEONY FOLDING STOOL,2009-12-01,2010-02-01,6,131,6,False
35633B,BLUE TINSEL GARLAND ,2009-12-04,2010-11-28,11,130,12,False
90201A,PURPLE ENAMEL FLOWER RING,2009-12-13,2011-12-09,50,130,54,False
35916A,YELLOW FELT HANGING HEART W FLOWER,2009-12-07,2011-10-18,39,129,44,False
84405A,S/3 PINK COL METAL BASKET W HANDLE,2009-12-02,2010-10-05,42,129,50,False
84985B,SET OF 72 BLACK PAPER DOILIES ,2009-12-01,2010-05-26,24,129,25,False
90104,PURPLE FRANGIPANI HAIRCLIP,2010-06-21,2011-04-18,46,129,50,False
90129E,PURPLE GLASS TASSLE BAG CHARM,2009-12-16,2011-11-24,52,129,60,False
22330,72 ROUND PINK DOILIES,2009-12-01,2010-02-07,18,128,22,False
22877,NUMBER TILE COTTAGE GARDEN 9,2010-10-18,2011-10-04,27,128,28,False
22878,NUMBER TILE COTTAGE GARDEN No,2010-10-18,2011-11-16,41,128,45,False
82587,TEXRIO TOMATOES CANDLE+CUP,2009-12-06,2010-05-13,31,128,41,False
84563B,BLUE & WHITE BREAKFAST TRAY,2009-12-20,2011-06-19,51,128,59,False
22871,NUMBER TILE COTTAGE GARDEN 3 ,2010-10-18,2011-11-16,29,127,30,False
20957,PORCELAIN HANGING BELL SMALL,2010-04-11,2010-11-29,15,126,15,False
21128,GOLD FISHING GNOME,2009-12-17,2011-12-07,56,126,57,False
22874,NUMBER TILE COTTAGE GARDEN 6,2010-10-18,2011-11-09,26,126,29,False
22882,NUMBER TILE VINTAGE FONT 3,2010-10-19,2011-12-05,44,126,50,False
90134,OLD ROSE COMBO BEAD NECKLACE,2009-12-01,2011-12-09,84,126,96,False
18096C,WHITE ROUND PORCELAIN TLIGHT HOLDER,2009-12-01,2010-02-24,18,125,26,False
84707A,SILVER JEWELLED MIRROR TRINKET TRAY,2009-12-07,2011-12-08,54,125,64,False
17011E,ORIGAMI OPIUM SCENT INCENSE+FLOWER,2009-12-16,2009-12-16,1,124,1,False
21129,SILVER FISHING GNOME ,2009-12-02,2011-11-29,58,124,60,False
21729,SMALL MARAKESH METAL  LANTERN ,2009-12-02,2010-01-18,19,124,31,False
22868,NUMBER TILE COTTAGE GARDEN 0 ,2010-10-18,2011-11-21,26,124,27,False
84458,S/3 RABBIT FLOWER/EGG/CARROT ROPE,2010-01-18,2010-03-21,17,124,20,False
21769,VINTAGE POST OFFICE CABINET,2009-12-03,2010-12-07,42,123,48,False
22875,NUMBER TILE COTTAGE GARDEN 7,2010-10-18,2011-12-08,28,123,30,False
84901,BLACK FACE LAMB WITH PANTS,2009-12-01,2010-10-20,62,123,74,False
21321,GLASS CHALICE BLUE  LARGE ,2009-12-01,2010-04-09,17,122,18,False
23180,MUM'S KITCHEN CLOCK,2011-03-04,2011-12-08,45,122,49,False
72789,BASKET/8 SCENTED LOVE TOKEN CANDLES,2009-12-10,2010-10-10,39,122,46,False
23142,IVORY WIRE KITCHEN ORGANISER,2011-04-21,2011-11-27,30,121,40,False
35004P,SET OF 3 PINK FLYING DUCKS,2009-12-01,2010-12-10,31,121,44,False
72781,BLACK SILOUETTE CANDLE PLATE ,2009-12-17,2010-10-11,15,121,15,False
84358,FLOOR LAMP SHADE WOOD BASE,2009-12-01,2011-08-09,29,121,29,False
84620,BLUE GINGHAM ROSE CUSHION COVER,2009-12-02,2010-12-15,46,121,50,False
84899F,YELLOW PURPLE DAISY FELT PURSE KIT,2009-12-01,2010-11-26,46,121,53,False
21420,OYSTER TRINKET BOX,2010-01-04,2011-12-07,30,120,32,False
21659,GLASS CAKE STAND,2009-12-02,2010-11-07,56,120,66,False
22833,HALL CABINET WITH 3 DRAWERS,2010-11-04,2011-02-03,12,120,13,False
22873,NUMBER TILE COTTAGE GARDEN 5,2010-10-17,2011-11-25,31,120,31,False
23021,GLASS BONNE JAM JAR,2011-06-20,2011-12-06,24,120,27,False
79342B,BROWN FLOWER LIGHTS,2009-12-01,2010-04-06,30,120,35,False
84823,DANISH ROSE FOLDING CHAIR,2010-04-26,2011-02-07,16,120,29,False
84873A,FUNKY FLOWER PICNIC BAG FOR 4,2009-12-01,2011-06-01,22,120,75,False
85072,OCCASIONS GIFT CARD ASSORTMENT,2009-12-10,2009-12-10,1,120,1,False
84782A,PINK 3 TIER GLASS PLATE STAND,2009-12-01,2010-08-19,22,119,26,False
90201C,RED ENAMEL FLOWER RING,2009-12-23,2011-12-09,44,119,46,False
20940,SET/6 GARDEN GNOME T-LIGHT CANDLES,2009-12-01,2009-12-13,10,118,22,False
22876,NUMBER TILE COTTAGE GARDEN 8,2010-10-18,2011-09-27,22,118,23,False
23045,PAPER LANTERN 5 POINT STAR MOON ,2011-05-05,2011-12-07,23,118,25,False
23104,IVORY CAFE HANGING LAMP ,2011-05-11,2011-12-07,39,118,46,False
35638B,PINK/BLUE STRING CURTAIN ,2009-12-09,2011-11-20,11,118,11,False
85146,JARDIN ETCHED GLASS SMALL BELL JAR,2010-03-26,2011-04-07,27,118,31,False
90210C,RED   ACRYLIC FACETED BANGLE,2009-12-04,2011-12-08,13,118,14,False
21582,KINGS CHOICE SMALL TUBE MATCHES,2009-12-01,2010-02-21,10,117,17,False
72771B,BURG FLOCK GOLD CUP/CANDLE ,2009-12-10,2009-12-15,4,117,9,False
84537B,FAIRY CAKES GIFT BAG,2009-12-03,2010-03-15,11,117,11,False
84972L,GIANT PINK HEART MEMO HOLDER,2009-12-09,2010-07-14,31,117,46,False
23580,SNACK TRAY HAPPY FOREST  ,2011-11-27,2011-12-07,10,116,25,False
37475,SET/4 COLOURFUL MIXING BOWLS,2009-12-14,2011-12-02,67,116,72,False
79534,MULTICOLOUR GLASS PLATE,2009-12-02,2010-10-05,16,116,18,False
85179C,PINK BITTY LIGHT CHAIN,2009-12-03,2011-12-08,34,116,40,False
82607C,GLASS BONBON JAR. SUPERFINES,2009-12-01,2010-03-09,29,115,43,False
85163B,BLACK BAROQUE WALL CLOCK ,2009-12-22,2011-12-05,54,115,66,False
90013A,MIDNIGHT BLUE VINTAGE EARRINGS,2009-12-03,2011-12-09,72,115,77,False
21269,ANTIQUE CREAM CUTLERY SHELF ,2009-12-08,2011-11-22,64,114,65,False
35822P,"ACRYLIC BEAD CHAIN, PINK",2010-01-27,2010-01-27,1,114,1,False
79192A,RETRO PLASTIC 70'S TRAY,2009-12-02,2011-02-02,33,114,35,False
82553,POP'S GREASY SPOON METAL SIGN,2009-12-01,2010-02-18,26,114,42,False
21460,GREEN EASTER EGG HUNT START POST,2010-01-29,2011-03-23,26,113,27,False
23479,WIRE EGG BASKET ,2011-10-17,2011-12-08,30,113,44,False
62086A,PINK RETRO BIG FLOWER BAG,2010-03-01,2011-06-23,22,113,24,False
84247N,PACK/12 BLUE FOLKART CARDS,2010-01-11,2011-11-27,50,113,53,False
84762B,PINK PICNIC BARBECUE BUCKET,2009-12-04,2010-09-12,39,113,48,False
84830,LARGE ENGLISH ARBORETUM,2009-12-05,2010-03-07,7,113,7,False
85080,PADDED RED HEART DECORATION,2009-12-02,2010-09-26,19,113,22,False
22770,MIRROR CORNICE,2010-10-12,2011-12-04,64,112,71,False
22881,NUMBER TILE VINTAGE FONT 2,2010-10-25,2011-12-09,33,112,36,False
22885,NUMBER TILE VINTAGE FONT 6 ,2010-10-20,2011-12-09,32,112,35,False
23457,LARGE PARLOUR PICTURE FRAME,2011-10-16,2011-12-08,23,112,31,False
23496,PANTRY KITCHEN THERMOMETER ,2011-10-30,2011-12-08,18,112,31,False
84227,HEN HOUSE W CHICK IN NEST,2010-02-18,2011-03-14,11,112,13,False
84803A,PINK ALLIUM  ARTIFICIAL FLOWER,2010-01-07,2011-02-14,16,112,17,False
21193,WHITE HONEYCOMB PAPER FAN ,2009-12-02,2010-04-07,18,111,23,False
22880,NUMBER TILE VINTAGE FONT 1,2010-10-25,2011-11-15,35,111,37,False
23537,WALL ART I LOVE LONDON ,2011-10-03,2011-12-09,26,111,34,False
21331,MOROCCAN BEATEN METAL DISH LARGE,2009-12-06,2011-11-16,27,110,30,False
22802,FAUX FUR CHOCOLATE THROW,2010-10-28,2011-12-07,49,110,62,False
22884,NUMBER TILE VINTAGE FONT 5,2010-10-21,2011-11-30,37,110,39,False
72750D,F.FAIRY S/3 CANDLE/GLASS,2009-12-07,2010-01-28,11,110,11,False
21003,ROSE DU SUD CUSHION COVER,2010-03-02,2011-12-08,53,109,64,False
22883,NUMBER TILE VINTAGE FONT 4,2010-10-18,2011-12-05,32,109,34,False
44242B,PINK FEATHERS CURTAIN,2009-12-06,2011-09-26,9,109,9,False
72133,COLUMBIAN CANDLE RECTANGLE,2009-12-13,2011-12-08,31,109,33,False
79303B,BLUE STAR BLOCK TABLE LAMP,2009-12-02,2010-08-09,10,109,10,False
84429A,MEDIUM PINK BUDDHA HEAD ,2009-12-02,2011-12-08,39,109,42,False
84671B,CROCHET BEAR WITH BLUE STRIPES,2009-12-01,2010-01-11,18,109,33,False
90108,BLUE BLOSSOM HAIR CLIP,2010-01-15,2011-12-01,21,109,21,False
90120C,GREEN MURANO TWIST BRACELET,2009-12-01,2011-12-09,54,109,58,False
21699,SET 5 MINI CHOCOLATE FRIDGE MAGNETS,2009-12-15,2010-02-15,3,108,3,False
23460,SWEETHEART WALL TIDY ,2011-10-20,2011-12-05,30,108,43,False
35793,S/3 PUPPIES CHRISTMAS DECORATIONS,2009-12-01,2009-12-22,8,108,16,False
37492A,YELLOW RED FLOWER PIGGY BANK,2009-12-01,2009-12-23,11,108,11,False
84600,NEW BAROQUE JEWELLERY BOX ,2009-12-02,2011-12-08,49,108,52,False
90115,SUMMER BUTTERFLIES BAG CHARM,2009-12-06,2011-06-02,54,108,60,False
37462E,"PET MUG, GOLDFISH",2010-01-10,2011-12-05,28,107,28,False
90120B,BLUE MURANO TWIST BRACELET,2009-12-09,2011-12-09,38,107,42,False
90129C,GREEN GLASS TASSLE BAG CHARM,2009-12-02,2011-12-07,47,107,51,False
90175A,WHITE GLASS CHUNKY CHARM BRACELET,2009-12-01,2011-12-09,57,107,62,False
20910,VINTAGE PHOTO ALBUM PARIS DAYS,2009-12-03,2010-12-16,46,106,47,False
84437A,S/6 PINK EASTER DECS IN BOX,2010-01-11,2010-04-09,17,106,20,False
85090,CANDY SPOT APRON,2009-12-01,2010-11-24,43,106,54,False
85097B,BLUE ROCKING SINGING CANARY,2009-12-02,2010-08-09,33,106,41,False
90005A,JADE GREEN ENAMEL HAIR COMB,2009-12-01,2011-04-27,48,106,57,False
90116,FRUIT SALAD BAG CHARM,2010-02-02,2011-12-08,56,106,63,False
72812,LARGE ZINC GLASS CANDLEHOLDER,2009-12-11,2011-12-08,30,105,31,False
84762C,GREEN PICNIC BARBECUE BUCKET,2009-12-07,2010-05-21,37,105,43,False
22486,PLASMATRONIC LAMP,2010-03-08,2011-12-09,37,104,40,False
35809B,ENAMEL BLUE RIM TEA CONTAINER,2009-12-02,2011-04-11,26,104,33,False
47562,ENGLISH ROSE IRONING BOARD COVER,2009-12-03,2010-03-29,34,104,42,False
85081,PADDED HOLLY CHRISTMAS DECORATION ,2009-12-09,2010-10-07,18,104,22,False
90002D,FLOWER BURST SILVER RING CRYSTAL,2009-12-02,2011-05-08,32,104,34,False
90013B,BLACK VINTAGE EARRINGS,2009-12-02,2011-11-30,71,104,79,False
90089,PINK CRYSTAL SKULL PHONE CHARM,2009-12-03,2011-12-08,26,104,26,False
90096,NECKLACE+BRACELET SET BLUE BLOSSOM,2010-01-05,2011-11-13,47,104,51,False
90198B,VINTAGE ROSE BEAD BRACELET BLACK,2009-12-07,2011-12-04,45,104,49,False
20781,GOLD EAR MUFF HEADPHONES,2009-12-04,2011-12-07,57,103,61,False
23042,PAPER LANTERN 7 POINT SNOW STAR,2011-04-28,2011-12-05,26,103,28,False
47348A,FUSCHIA VOILE POINTY SHOE DEC,2010-04-11,2011-09-01,16,103,16,False
84508C,BLUE CIRCLES DESIGN TEDDY,2009-12-04,2011-11-17,43,103,43,False
85163A,WHITE BAROQUE WALL CLOCK ,2009-12-02,2011-11-23,52,103,57,False
90082D,DIAMANTE BOW BROOCH BLACK COLOUR,2009-12-01,2011-11-27,48,103,51,False
20785,FUSCHIA RETRO BAR STOOL,2010-01-22,2011-04-06,33,102,37,False
20892,SET/3 TALL GLASS CANDLE HOLDER PINK,2009-12-01,2010-12-21,36,102,38,False
90092,BLUE CRYSTAL BOOT PHONE CHARM,2009-12-01,2011-01-12,9,102,12,False
90210B,CLEAR ACRYLIC FACETED BANGLE,2009-12-10,2011-12-08,24,102,24,False
16201A,PASTEL PINK PHOTO ALBUM,2009-12-02,2010-09-09,7,101,9,False
20784,RED RETRO BAR STOOL,2009-12-01,2010-10-21,34,101,37,False
20906,VINTAGE NOTEBOOK BEAUTY GIRL,2009-12-02,2011-04-03,36,101,48,False
23044,PAPER LANTERN 9 POINT HOLLY STAR S,2011-05-08,2011-12-01,23,101,26,False
35963,FOLKART ZINC CLIP ON ANGEL WINGS,2009-12-16,2010-09-22,11,101,13,False
45016,DECORATIVE NET CANOPY LEOPARD,2009-12-14,2010-09-09,22,101,26,False
46775E,CANDY POP CHUNKY KNITTED THROW ,2009-12-11,2010-09-12,29,101,51,False
82607E,GLASS BONBON JAR. D'AMANDES,2009-12-03,2010-10-31,21,101,26,False
90088,CRYSTAL KEY+LOCK PHONE CHARM,2009-12-01,2010-11-25,11,101,14,False
22825,DECORATIVE PLANT POT WITH FRIEZE,2010-10-22,2011-11-27,35,100,38,False
35637C,PINK STRING CURTAIN WITH POLE,2010-01-14,2011-11-27,19,100,19,False
35838B,S/6 SILVER ORNAMENETAL CANDLE,2009-12-09,2010-09-28,18,100,25,False
35913B,WHITE/PINK CHICK EASTER DECORATION,2010-01-07,2011-11-06,19,100,23,False
79329,PINK FLOCK GLASS CANDLEHOLDER,2009-12-02,2011-04-10,7,100,7,False
82095,HEART BUTTONS JEWELLERY BOX,2009-12-09,2011-07-05,44,100,48,False
84081,WHITE CERAMIC PARTY SET (5PCS),2009-12-02,2010-07-14,17,100,20,False
84462,3 PINK HEN+CHICKS IN BASKET,2010-02-02,2011-04-14,13,100,14,False
90214D,"LETTER ""D"" BLING KEY RING",2009-12-03,2011-12-08,49,100,50,False
90214G,"LETTER ""G"" BLING KEY RING",2009-12-13,2011-12-07,42,100,48,False
20786,BLACK RETRO BAR STOOL,2010-01-22,2010-10-22,29,99,32,False
20796,SMALL BLUE PROVENCAL CERAMIC BALL,2009-12-09,2011-11-10,22,99,22,False
23149,ANTIQUE IVORY WIRE BOWL SMALL,2011-05-03,2011-11-29,19,99,21,False
84461,12 PINK HEN+CHICKS IN BASKET,2010-01-31,2011-04-20,33,99,40,False
85024C,PINK SMALL JEWELLED PHOTOFRAME,2009-12-04,2011-11-22,41,99,45,False
85089,CANDY SPOT BUNNY,2009-12-02,2011-11-17,27,99,30,False
90199C,5 STRAND GLASS NECKLACE CRYSTAL,2009-12-01,2011-11-29,30,99,33,False
22886,NUMBER TILE VINTAGE FONT 7,2010-10-25,2011-12-01,28,98,29,False
47351B,BLUE  VOILE LAMPSHADE,2009-12-06,2011-11-06,14,98,14,False
84712B,PINK JEWELLED PHOTO FRAME,2009-12-02,2011-11-30,57,98,60,False
85121C,RETRO LAUNDRY TUB PISTACHIO,2009-12-07,2010-11-17,47,98,53,False
16202C,BEIGE PHOTO ALBUM,2009-12-02,2010-05-06,12,97,12,False
17014C,ORIGAMI LAVENDER INCENSE CONES,2009-12-05,2009-12-10,2,97,2,False
21228,"POCKET MIRROR ""GLAMOROUS""",2009-12-09,2011-03-09,29,97,32,False
21734,SMALL MARAKESH LANTERN ON STICK,2009-12-02,2010-03-10,27,97,30,False
35922,EASTER BUNNY WREATH,2009-12-22,2011-04-08,32,97,36,False
75172,PAINTED SEA SHELL METAL WINDCHIME,2010-06-23,2011-07-04,10,97,11,False
79532,MOSAIC GLASS BALL CANDLEHOLDER,2010-06-07,2010-10-05,17,97,18,False
84497,BUTTONS AND STRIPES NOTEBOOK ,2009-12-02,2011-11-15,35,97,39,False
84753A,PINK EAU DE COLOGNE BOTTLE,2009-12-04,2010-02-19,18,97,24,False
90119,METALIC LEAVES BAG CHARMS,2010-06-23,2011-12-08,39,97,42,False
90160C,TURQ+RED BOUDICCA LARGE BRACELET,2009-12-22,2011-12-08,45,97,45,False
16206B,RED PURSE WITH PINK HEART,2010-01-31,2011-01-26,15,96,16,False
21303,FILIGREE WALL MIRROR  ANTIQUE WHITE,2009-12-03,2010-03-10,23,96,30,False
84576,BLUE CAT BISCUIT BARREL PINK HEART,2009-12-06,2011-07-20,29,96,32,False
17014E,ORIGAMI OPIUM INCENSE CONES,2010-05-10,2010-08-20,6,95,6,False
35815B,"ACRYLIC JEWEL SNOWFLAKE,BLUE",2009-12-07,2009-12-15,3,95,3,False
35819P,"ACRYLIC HANGING JEWEL,PINK",2011-09-16,2011-11-13,7,95,7,False
35610C,WHITE CHRISTMAS FLOCK DROPLET ,2009-12-10,2010-12-13,8,94,8,False
35979,SIX STRING SCANDINAVIAN HEART DECS,2009-12-01,2010-04-09,18,94,28,False
84680,CLASSICAL ROSE URN,2009-12-03,2010-09-05,16,94,17,False
85135A,YELLOW DRAGONFLY HELICOPTER,2009-12-02,2011-11-29,52,94,63,False
90059A,DIAMANTE HAIR GRIP PACK/2 CRYSTAL,2009-12-02,2011-12-09,46,94,48,False
90192,JADE DROP EARRINGS W FILIGREE,2009-12-01,2011-12-09,50,94,53,False
21132,SILVER STANDING GNOME   ,2009-12-14,2011-12-08,44,93,47,False
23117,POPPY FIELDS CHOPPING BOARD,2011-09-30,2011-12-06,32,93,45,False
72803B,OCEAN SCENT CANDLE JEWELLED DRAWER,2009-12-03,2010-12-03,34,93,39,False
82011B,BATHROOM SCALES RUBBER DUCKS,2009-12-02,2011-11-23,47,93,48,False
84454,WOBBLING METAL CHICKEN EASTER,2009-12-07,2010-04-09,14,93,18,False
84870C,GREEN GEISHA GIRL ,2009-12-14,2011-10-30,36,93,41,False
90120A,PINK MURANO TWIST BRACELET,2009-12-07,2011-01-25,35,93,41,False
90147,CHUNKY SILVER NECKLACE PASTEL FLOWE,2009-12-02,2011-11-27,56,93,59,False
22887,NUMBER TILE VINTAGE FONT 8,2010-10-18,2011-12-05,26,92,28,False
23477,WOODLAND LARGE BLUE FELT HEART,2011-10-20,2011-11-30,12,92,13,False
90125C,TURQUOISE BERTIE GLASS BEAD CHARM,2009-12-01,2011-05-26,9,92,10,False
DCGSSGIRL,GIRLS PARTY BAG,2010-06-21,2011-11-16,21,92,23,False
20901,VINTAGE KEEPSAKE BOX PINK FLOWER,2009-12-01,2011-11-14,57,91,67,False
85145,JARDIN ETCHED GLASS LARGE BELL JAR,2009-12-17,2011-04-28,26,91,30,False
90214R,"LETTER ""R"" BLING KEY RING",2009-12-06,2011-12-08,47,91,50,False
21553,CERAMIC BIRDHOUSE FINCH BLUE  LARGE,2009-12-01,2010-04-06,26,90,39,False
84870B,BLUE GEISHA GIRL ,2009-12-07,2011-11-24,38,90,40,False
85165,CANDY PINK FRENCH BOUDOIR CLOCK,2009-12-02,2010-06-21,50,90,58,False
37508,NEW ENGLAND CERAMIC CAKE SERVER,2009-12-01,2010-08-24,40,89,46,False
84974,S/2 ZINC HEART DESIGN PLANTERS,2010-01-06,2011-11-01,53,89,58,False
16162M,THE KING GIFT BAG 25x24x12cm,2010-06-14,2011-11-27,12,88,13,False
17090D,VANILLA INCENSE 40 CONES IN TIN,2009-12-13,2011-07-11,28,88,30,False
23069,EDWARDIAN PHOTO FRAME,2011-04-26,2011-12-04,30,88,32,False
72715,SPHERICAL IVORY CANDLE ,2010-02-16,2010-08-26,13,88,13,False
90013C,GREEN VINTAGE EARRINGS ,2009-12-01,2011-12-09,53,88,56,False
90210A,GREY ACRYLIC FACETED BANGLE,2009-12-04,2011-12-09,20,88,21,False
20818,GOLD TEDDY BEAR,2009-12-02,2011-05-04,28,87,30,False
84472,PINK AND LILAC QUILTED THROW ,2009-12-01,2010-05-11,25,87,30,False
90030C,BROWN KUKUI COCONUT SEED NECKLACE,2009-12-09,2011-11-25,15,87,16,False
90071,RUBY GLASS CLUSTER EARRINGS,2009-12-02,2011-12-05,68,87,73,False
17129C,SKY BLUE COLOUR GLASS GEMS IN BAG,2009-12-09,2010-05-04,11,86,11,False
21304,ARCHED GREY MIRROR,2009-12-02,2010-04-13,15,86,18,False
84705B,FAIRY CAKES PHOTO FRAME,2009-12-01,2009-12-23,4,86,5,False
84874B,BLUE TRAVEL FIRST AID KIT,2009-12-02,2011-08-02,34,86,37,False
85121B,RETRO LAUNDRY TUB PINK,2009-12-03,2010-06-27,40,86,48,False
84455,SET OF 3 RABBIT CARROTS EASTER,2010-01-11,2010-04-09,18,85,20,False
84706C,PINK FLOCK TABLE CLOCK ,2009-12-01,2010-01-27,4,84,4,False
84902,PINK KNITTED COW STUFFED TOY,2009-12-01,2010-07-04,42,84,53,False
90112,PINK DOLLY HAIR CLIPS,2009-12-07,2010-12-23,19,84,21,False
23137,ZINC WIRE SWEETHEART LETTER TRAY,2011-04-21,2011-12-07,21,83,23,False
35603C,SET/16 WHITE SHINY & MATT BAUBLES,2009-12-02,2010-11-09,21,83,25,False
45008C,DECORATIVE NET CANOPY CREAM,2009-12-03,2010-07-14,31,83,34,False
46775A,BUBBLE GUM CHUNKY KNITTED THROW ,2009-12-02,2010-02-24,15,83,32,False
84745B,BLUE HANGING GINGHAM EASTER HEN,2009-12-03,2011-04-27,17,83,18,False
90214H,"LETTER ""H"" BLING KEY RING",2009-12-01,2011-12-07,47,83,53,False
16202E,BLACK PHOTO ALBUM ,2009-12-02,2011-04-17,14,82,14,False
21102,"CANDLE IN JAR COLLAGE , VANILLA",2009-12-02,2010-03-12,18,82,20,False
21461,BLUE EASTER EGG HUNT START POST,2010-01-29,2011-04-06,22,82,23,False
22879,NUMBER TILE VINTAGE FONT 0,2010-10-19,2011-10-04,20,82,21,False
23305,SET 4 PICNIC CUTLERY BLUEBERRY,2011-10-23,2011-12-06,8,82,9,False
84464,S/60 PINK FLUFFY CHICKS IN BOX,2010-01-08,2010-02-19,9,82,11,False
16248B,BLUE HOLE PUNCH,2010-09-20,2011-10-30,11,81,12,False
23019,SMALL APOTHECARY MEASURING JAR ,2011-06-21,2011-12-08,25,81,28,False
23043,PAPER LANTERN 9 POINT HOLLY STAR L,2011-05-05,2011-12-05,20,81,23,False
90129F,RED GLASS TASSLE BAG CHARM,2009-12-16,2011-12-07,38,81,41,False
90173,PAIR BUTTERFLY HAIR CLIPS,2009-12-09,2011-10-12,44,81,52,False
20835,FRENCH LATTICE CUSHION COVER ,2010-03-03,2011-11-10,10,80,10,False
20847,ZINC HEART LATTICE CHARGER LARGE,2009-12-03,2011-11-25,26,80,27,False
21757,LIGHTHOUSE PRINTED METAL SIGN,2009-12-08,2011-02-17,37,80,43,False
23462,ROCOCO WALL MIRROR WHITE,2011-10-20,2011-12-08,26,80,46,False
23487,SWEET HEART CAKE CARRIER,2011-10-14,2011-12-08,28,80,44,False
90206C,CRYSTAL DIAMANTE STAR BROOCH,2009-12-01,2011-12-09,51,80,57,False
22888,NUMBER TILE VINTAGE FONT 9 ,2010-11-04,2011-12-09,21,79,23,False
23141,TRIPLE WIRE HOOK PINK HEART,2011-04-19,2011-12-09,24,79,25,False
23444,Next Day Carriage,2011-05-26,2011-12-08,57,79,79,False
84206A,3 BLACK CATS W HEARTS BLANK CARD,2009-12-06,2011-11-25,9,79,10,False
84707B,PINK JEWELLED MIRROR TRINKET TRAY,2009-12-08,2011-12-08,48,79,51,False
90030A,SPOTTED WHITE NATURAL SEED NECKLACE,2009-12-09,2011-11-28,9,79,10,False
90143,SILVER BRACELET W PASTEL FLOWER,2009-12-14,2011-12-01,39,79,41,False
35597B,BLACKCHRISTMAS TREE 30CM,2009-12-13,2010-12-06,7,78,7,False
40002,WHITE BAMBOO RIBS LAMPSHADE,2009-12-18,2009-12-18,1,78,1,False
72799D,BLUE PILLAR CANDLE SILVER FLOCK,2009-12-01,2010-09-29,18,78,19,False
79303D,LILAC FLOWER BLOCK TABLE LAMP,2009-12-01,2010-08-09,16,78,19,False
84414B,FUSCHIA/GREEN STRIPE WOOLLY BLANKET,2009-12-10,2010-03-25,9,78,9,False
84529C,YELLOW KNITTED KIDS RUCKSACK,2009-12-16,2010-06-04,29,78,37,False
90205C,LARGE CRYSTAL DIAMANTE HAIRSLIDE,2009-12-09,2011-11-28,23,78,24,False
90214N,"LETTER ""N"" BLING KEY RING",2009-12-06,2011-12-08,41,78,44,False
21752,GLASS CAKE STAND MIRRORED BASE,2009-12-02,2010-09-09,30,77,37,False
23428,IVORY RETRO KITCHEN WALL CLOCK,2011-11-17,2011-12-09,17,77,33,False
84226,HEN HOUSE W FAMILY IN BARN & NEST,2010-02-28,2011-06-08,17,77,18,False
84527,FLAMES SUNGLASSES PINK LENSES,2010-03-30,2011-11-25,21,77,23,False
84865,NEW BAROQUE BLACK PHOTO ALBUM,2009-12-22,2011-07-01,43,77,48,False
85166A,WHITE METAL BAROQUE PHOTO FRAME,2009-12-02,2010-01-18,10,77,12,False
90158,ST TROPEZ NECKLACE,2009-12-01,2011-12-08,60,77,63,False
90214P,"LETTER ""P"" BLING KEY RING",2009-12-07,2011-12-08,32,77,33,False
DCGSSBOY,BOYS PARTY BAG,2010-06-21,2011-12-01,20,77,21,False
20845,ZINC HEART LATTICE 2 WALL PLANTER,2009-12-02,2011-08-16,23,76,24,False
21270,ANTIQUE CREAM CUTLERY CUPBOARD,2009-12-08,2011-12-05,43,76,52,False
21663,VINTAGE GLASS SUGAR CADDY,2009-12-02,2010-04-13,27,76,32,False
22655,VINTAGE RED KITCHEN CABINET,2010-07-12,2011-11-01,45,76,53,False
23116,VEGETABLE GARDEN CHOPPING BOARD,2011-09-30,2011-12-05,21,76,22,False
23492,VINTAGE JINGLE BELLS WREATH,2011-10-20,2011-12-05,19,76,28,False
78033,FLAG OF ST GEORGE CHAIR,2010-01-27,2011-10-06,15,76,16,False
90160D,PINK BOUDICCA LARGE BRACELET,2009-12-06,2011-11-17,24,76,25,False
84247K,"FOLK ART GREETING CARD,pack/12",2009-12-02,2011-10-16,26,75,28,False
84482,BUTTONS DESIGN JEWELLERY BOX,2009-12-06,2010-10-03,28,75,33,False
84549,CROCHET WHITE RABBIT KEYRING ,2009-12-08,2011-11-08,16,75,16,False
84925E,FLOWERS WALL THERMOMETER,2009-12-02,2010-01-12,3,75,3,False
90018A,SILVER M.O.P ORBIT DROP EARRINGS,2009-12-14,2011-12-08,52,75,56,False
90145,SILVER HOOP EARRINGS WITH FLOWER,2009-12-01,2011-12-09,43,75,45,False
90214B,"LETTER ""B"" BLING KEY RING",2009-12-09,2011-12-05,37,75,40,False
23016,GLASS TWIST BON BON JAR,2011-06-16,2011-12-06,23,74,24,False
72129,COLUMBIAN CANDLE ROUND ,2009-12-18,2010-09-29,18,74,18,False
72709,IVORY SCULPTED RND CANDLE ,2010-04-19,2011-11-13,12,74,13,False
84251J,"GREETING CARD, THE BLACK CAT",2009-12-01,2010-06-07,15,74,17,False
84367,LA STREGA CANVAS PICTURE ,2009-12-09,2010-08-04,8,74,8,False
84782C,GREEN 3 TIER GLASS PLATE STAND,2009-12-01,2010-09-06,18,74,18,False
84877A,PINK ROUND COMPACT MIRROR,2009-12-17,2011-06-13,17,74,17,False
90094,NECKLACE+BRACELET SET FRUIT SALAD ,2010-06-27,2011-12-05,34,74,39,False
90184C,BLACK CHUNKY BEAD BRACELET W STRAP,2009-12-06,2011-12-09,46,73,50,False
21341,KASBAH LANTERN WITH GLASS ,2009-12-02,2010-10-01,21,72,29,False
44217M,MULTICOLOUR FEATHERS CURTAIN,2010-02-15,2010-02-15,1,72,3,False
84247C,PACK/12 BLUE REINDEER CARD,2009-12-01,2010-11-29,20,72,22,False
84596I,WRAP SWEETS LIGHT PINK SMALL BOWL,2010-02-19,2010-04-11,10,72,11,False
84616,SILVER ROCCOCO CHANDELIER,2009-12-16,2011-11-22,22,72,25,False
84619,BLUE GINGHAM ROSE QUILT ,2009-12-02,2010-03-03,18,72,29,False
84745A,PINK HANGING GINGHAM EASTER HEN,2009-12-03,2011-04-27,15,72,17,False
85168B,BLACK BAROQUE CARRIAGE CLOCK,2009-12-02,2011-12-09,46,72,52,False
20660,VIP LUGGAGE TAG ,2009-12-01,2010-08-01,19,71,27,False
23304,SET 4 PICNIC CUTLERY CHERRY ,2011-10-30,2011-12-06,6,71,9,False
46138B,BLUE CHENILLE SHAGGY CUSHION COVER ,2009-12-07,2011-11-13,25,71,25,False
47583A,SET OF 3 WICKER BASKET ROSE,2010-01-11,2010-02-17,6,71,6,False
90040B,MURANO STYLE GLASS BRACELET BLACK,2009-12-03,2011-05-06,34,71,36,False
90160B,RED BOUDICCA LARGE BRACELET,2009-12-02,2011-11-09,29,71,29,False
90203,SILVER CHARM NECKLACE 70CM,2009-12-02,2010-10-25,30,71,34,False
44241C,BLUE BUTTERFLY ON SPRING,2010-01-25,2010-08-04,7,70,8,False
84388,WISE MAN STAR SHAPE EGG PAN,2009-12-01,2011-04-19,20,70,23,False
90161A,ANT COPPER RED BOUDICCA BRACELET,2009-12-06,2011-12-08,41,70,43,False
90195A,PURPLE GEMSTONE BRACELET,2009-12-02,2011-12-06,37,70,44,False
20787,BLUE RETRO BAR STOOL,2010-01-17,2010-09-22,26,69,32,False
21118,SHOPPING BAG DOORSTOP,2009-12-02,2010-01-11,6,69,7,False
79026B,"S/4 ICON COASTER,ELVIS LIVES",2009-12-01,2011-05-18,32,69,37,False
84447,6 RABBIT CHAIN EASTER,2010-01-27,2010-03-23,15,69,19,False
90184B,AMETHYST CHUNKY BEAD BRACELET W STR,2009-12-01,2011-12-05,44,69,47,False
90185D,CRYSTAL DIAMANTE EXPANDABLE RING,2009-12-03,2011-06-02,30,69,35,False
90186A,AMETHYST HOOP EARRING FLORAL LEAF,2009-12-03,2011-11-29,32,69,34,False
37487B,YELLOW/ORANGE FLOWER DESIGN PLATE,2011-04-11,2011-04-13,2,68,2,False
44089C,LILAC GAUZE BUTTERFLY LAMPSHADE,2010-02-04,2011-09-23,15,68,18,False
90019A,SILVER M.O.P ORBIT BRACELET,2009-12-02,2011-12-05,49,68,51,False
90214Y,"LETTER ""Y"" BLING KEY RING",2010-11-03,2011-12-06,10,68,10,False
23017,APOTHECARY MEASURING JAR,2011-06-26,2011-12-08,21,67,22,False
47592B,SCOTTIES DESIGN CHILD'S OVERALL,2009-12-03,2010-07-21,25,67,29,False
72369A,PINK CLEAR GLASS CANDLE PLATE,2009-12-03,2011-11-28,14,67,15,False
90129D,AMBER GLASS TASSLE BAG CHARM,2009-12-16,2011-10-19,32,67,34,False
90164B,WHITE  ROSEBUD PEARL BRACELET,2009-12-02,2011-12-05,34,67,35,False
90185B,AMETHYST DIAMANTE EXPANDABLE RING,2009-12-01,2011-12-09,30,67,34,False
84882,GREEN WIRE STANDING CANDLE HOLDER,2009-12-03,2011-11-30,34,66,36,False
84906,PINK B'FLY C/COVER W BOBBLES,2009-12-03,2011-05-23,21,66,21,False
85205A,IVORY FELT EASTER RABBIT GARLAND,2010-02-02,2010-03-23,16,66,23,False
21686,MEDINA STAMPED METAL STOOL,2009-12-11,2011-10-02,33,65,33,False
21761,WOOD AND GLASS MEDICINE CABINET,2009-12-01,2011-12-04,23,65,24,False
23303,SET 4 PICNIC CUTLERY FONDANT,2011-10-26,2011-12-05,6,65,6,False
23471,SIX DRAWER OFFICE TIDY,2011-09-30,2011-12-02,22,65,27,False
37468,HARDMAN MUG 3 ASSORTED,2009-12-18,2011-10-19,13,65,14,False
72740A,LARGE STRAWBERRY CHOCOLATE CANDLE,2009-12-02,2010-01-05,9,65,12,False
84255B,ORANGE COCKTAIL GLASS LAMP,2009-12-03,2010-03-09,15,65,18,False
18010,ASSORTED FRAGRANCE BATH CONFETTI,2009-12-01,2010-01-28,8,64,9,False
44236,PINK/PURPLE CIRCLE CURTAIN,2010-01-24,2011-08-21,12,64,13,False
77079,DOLPHIN WINDMILL,2010-03-03,2011-06-12,12,64,12,False
90059D,DIAMANTE HAIR GRIP PACK/2 PERIDOT,2009-12-03,2011-12-09,38,64,40,False
90084,PINK CRYSTAL GUITAR PHONE CHARM,2009-12-01,2011-03-06,7,64,9,False
90130B,TURQ STONE/CRYSTAL EARRINGS,2009-12-04,2011-12-09,48,64,49,False
90185C,BLACK DIAMANTE EXPANDABLE RING,2009-12-01,2011-10-31,28,64,32,False
90197B,BLACK GLASS BRACELET W HEART CHARMS,2009-12-02,2011-12-06,47,64,51,False
37474,SET/4 2 TONE EGG SHAPE MIXING BOWLS,2009-12-02,2010-12-06,42,63,45,False
90010B,BLACK/WHITE GLASS/SILVER BRACELET,2009-12-02,2011-04-10,31,63,34,False
90042A,FRESHWATER PEARL BRACELET GOLD,2009-12-02,2011-04-13,30,63,33,False
90070,RUBY GLASS CLUSTER BRACELET,2009-12-04,2011-11-24,32,63,35,False
17013F,ORIGAMI SANDLEWOOD INCENSE IN TUBE,2009-12-21,2010-08-20,5,62,5,False
35611B,BLACK ASSORTED DROPLET DECORATION,2009-12-03,2010-11-23,3,62,4,False
84402B,PURPLE DRESS JEWELLERY STAND,2010-11-17,2011-07-21,3,62,4,False
84613C,BLUE NEW BAROQUE FLOCK CANDLESTICK,2010-03-15,2010-12-08,12,62,12,False
90149,SILVER FLOWR PINK SHELL NECKLACE,2010-01-31,2011-12-02,8,62,9,False
90214I,"LETTER ""I"" BLING KEY RING",2009-12-09,2011-12-08,27,62,27,False
17014F,ORIGAMI SANDLEWOOD INCENSE CONES,2010-01-21,2010-08-20,4,61,4,False
22824,3 TIER SWEETHEART GARDEN SHELF,2010-11-07,2011-11-23,44,61,48,False
23151,ZINC SWEETHEART SOAP DISH,2011-05-05,2011-12-09,19,61,21,False
35645,VINTAGE BEAD PINK JEWEL BOX,2009-12-09,2011-10-20,33,61,34,False
44091C,MULTICOLOUR CRUSOE CHECK LAMPSHADE,2009-12-17,2010-08-04,17,61,17,False
72821,CUPID SCENTED CANDLE IN GLASS,2010-01-31,2011-02-10,14,61,15,False
84288B,SET/2 BLUE  NOODLE BASKETS,2009-12-01,2010-06-23,19,61,24,False
85147,JARDIN ETCHED GLASS CANDLEHLDR LONG,2009-12-01,2010-05-02,14,61,19,False
23578,SNACK TRAY RED GINGHAM,2011-11-27,2011-12-08,9,60,14,False
79331,PINK FLOCK GLASS CANDLEHOLDER,2010-02-10,2011-04-07,9,60,9,False
90003D,CRYSTAL PAIR HEART HAIR SLIDES,2009-12-01,2011-11-29,30,60,32,False
22657,HEN & 2 CHICKS IN BASKET,2010-01-31,2010-03-21,7,59,7,False
22803,IVORY EMBROIDERED QUILT ,2010-10-22,2011-11-13,25,59,36,False
82011A,"BATHROOM SCALES, TROPICAL BEACH",2010-02-03,2011-11-13,33,59,34,False
84533B,FAIRY CAKES ROUND NESTING BOXES,2009-12-01,2010-03-12,23,59,24,False
84762A,WHITE PICNIC BARBECUE BUCKET,2009-12-04,2010-06-30,23,59,29,False
85136B,BLUE SHARK HELICOPTER,2009-12-03,2010-12-14,40,59,47,False
90042C,FRESHWATER PEARL BRACELET IVORY,2010-06-02,2011-01-11,25,59,26,False
90154,LAZER CUT NECKLACE W PASTEL BEADS,2010-06-07,2011-11-18,7,59,7,False
10124A,SPOTS ON RED BOOKCOVER TAPE,2010-03-19,2011-11-06,18,58,18,False
22826,LOVE SEAT ANTIQUE WHITE METAL,2010-12-10,2011-11-23,36,58,41,False
23047,PAPER LANTERN 5 POINT SEQUIN STAR,2011-05-08,2011-11-24,23,58,26,False
23472, NINE DRAWER OFFICE TIDY,2011-10-02,2011-12-07,26,58,33,False
35597D,PINK/WHITE CHRISTMAS TREE 30CM,2009-12-04,2011-09-01,7,58,8,False
37491C,GREEN/BLUE CERAMIC CANDLE HOLDER,2009-12-11,2011-07-18,10,58,10,False
85185C,COW  SOCK PUPPET,2009-12-02,2010-08-01,23,58,29,False
90082B,DIAMANTE BOW BROOCH RED COLOUR,2009-12-15,2011-12-07,25,58,25,False
90175D,TIGRIS EYE CHUNKY CHARM BRACELET,2009-12-02,2011-12-09,40,58,41,False
20664,TROPICAL HOLIDAY PURSE ,2009-12-15,2011-08-30,30,57,31,False
20879,TREE OF NOAH FESTIVE SCENTED CANDLE,2009-12-04,2009-12-22,8,57,11,False
85142,JARDIN ETCHED GLASS GINGER JAR,2009-12-06,2010-07-08,33,57,34,False
90186B,CRYSTAL HOOP EARRING FLORAL LEAF,2009-12-10,2011-11-29,29,57,31,False
90214T,"LETTER ""T"" BLING KEY RING",2009-12-06,2011-12-05,22,57,24,False
84623,PINK GINGHAM ROSE FLOOR CUSHION,2009-12-02,2010-03-03,12,56,14,False
90010E,AMBER GLASS/SILVER BRACELET,2009-12-01,2011-12-02,34,56,35,False
23466,TUSCAN VILLA DOVECOTE BIRD FEEDER,2011-09-30,2011-12-08,23,55,27,False
72793,BLACK BOX MIRROR LANTERN,2009-12-13,2010-10-26,10,55,10,False
84539,KNITTED RABBIT DOLL ,2009-12-07,2011-07-10,11,55,12,False
90014A,SILVER/MOP ORBIT NECKLACE,2009-12-07,2011-12-09,39,55,40,False
90082A,DIAMANTE BOW BROOCH GREEN COLOUR,2009-12-02,2011-12-08,31,55,32,False
90122A,PINK CRYSTAL+GLASS BRACELET,2010-01-11,2011-11-15,30,55,31,False
90162B,ANT SILVER LIME GREEN BOUDICCA RING,2010-03-01,2011-11-09,18,55,20,False
90185A,AMBER DIAMANTE EXPANDABLE RING,2009-12-08,2011-11-16,25,55,26,False
90190C,SILVER/AMETHYST DROP EARRINGS LEAF,2009-12-08,2011-11-29,32,55,36,False
21277,FRENCH STYLE EMBOSSED HEART CABINET,2009-12-08,2011-11-23,46,54,48,False
21370,MIRRORED WALL ART FOXY,2009-12-06,2011-12-07,21,54,22,False
47344B,BLUE FLOWER DES PURSE,2009-12-17,2011-06-02,10,54,10,False
47369B,BLUE GREEN EMBROIDERY COSMETIC BAG,2009-12-13,2011-12-01,27,54,29,False
62043B,BLUE CHECK BAG W HANDLE 34X20CM,2010-04-30,2011-05-19,10,54,10,False
72771C,BLACK FLOCK GOLD CANDLE,2009-12-07,2009-12-13,4,54,6,False
84532B,FAIRY CAKES RECTANGLUAR BOXES,2009-12-02,2010-03-31,27,54,31,False
84723,CHERRY BLOSSOM CANVAS ART PICTURE,2010-02-05,2011-08-08,12,54,12,False
84926B,SCOTTS ROSES TILE COASTER,2009-12-02,2010-04-18,9,54,10,False
90122C,TURQUOISE CRYSTAL+GLASS BRACELET,2009-12-14,2011-12-02,29,54,30,False
21300,ANTIQUE EDWARDIAN DRESSER,2009-12-05,2010-03-05,6,53,12,False
35910A,MULTICOLOUR EASTER RABBIT ,2009-12-13,2011-03-28,13,53,13,False
84030C,KNITTED RAINBOW HOT WATER BOTTLE,2009-12-01,2010-03-05,7,53,19,False
84858A,NATURAL RIVIERA HANDBAG,2009-12-04,2010-09-15,8,53,8,False
84899E,YELLOW + BROWN BEAR FELT PURSE KIT,2009-12-01,2010-05-06,18,53,21,False
90040A,MURANO STYLE GLASS BRACELET RED,2009-12-03,2011-03-07,33,53,34,False
90059E,DIAMANTE HAIR GRIP PACK/2 RUBY,2009-12-09,2011-12-09,32,53,33,False
90144,SILVER DROP EARRINGS WITH FLOWER,2009-12-07,2011-11-28,33,53,33,False
90157,RIVIERA NECKLACE,2010-01-20,2011-11-28,24,53,24,False
90183A,AMBER DROP EARRINGS W LONG BEADS,2010-01-19,2011-12-09,30,53,31,False
16151A,FLOWERS HANDBAG blue and orange,2010-04-30,2011-05-25,5,52,5,False
17061,ASSORTED SHAPED STENCIL FOR HENNA,2009-12-07,2009-12-07,1,52,1,False
20833,SHAKER THROW  QUILTED,2009-12-06,2010-03-09,5,52,5,False
21298,EDWARDIAN 2 DRAWER WALL CABINET ,2009-12-14,2010-03-03,8,52,14,False
79062D,"RETRO TIN ASHTRAY,REVOLUTIONARY",2011-02-17,2011-08-16,4,52,4,False
84450A,PINK RABBIT SITTING EASTER,2009-12-16,2010-02-03,5,52,5,False
84881,BLUE WIRE SPIRAL CANDLE HOLDER,2010-01-28,2011-07-17,24,52,24,False
90031,BILI NUT AND WOOD NECKLACE,2009-12-15,2011-11-25,9,52,9,False
90083,CRYSTAL CZECH CROSS PHONE CHARM,2009-12-03,2011-12-08,15,52,15,False
90101,WHITE FRANGIPANI NECKLACE,2009-12-09,2011-12-08,29,52,29,False
90160A,PURPLE BOUDICCA LARGE BRACELET,2010-01-13,2011-12-06,25,52,25,False
90165B,WHITE ROSEBUD  PEARL EARRINGS,2009-12-04,2011-12-09,34,52,35,False
90195B,BLACK GEMSTONE BRACELET,2009-12-01,2011-11-09,23,52,26,False
23018,LARGE APOTHECARY MEASURING JAR ,2011-06-26,2011-11-16,16,51,21,False
23458,DOLLY CABINET 3 DRAWERS ,2011-10-17,2011-12-08,22,51,30,False
46307,ROSES BLUE BASE CUSHION COVER ,2009-12-21,2010-07-29,25,51,33,False
71050,SMALL SINGLE FLAME CANDLE HOLDER,2010-06-08,2011-12-02,8,51,8,False
79161A,ST GEORGE SET OF 10 PARTY LIGHTS,2010-03-10,2011-11-22,15,51,16,False
84029D,LEOPARD PRINT HOT WATER BOTTLE,2009-12-07,2010-02-08,12,51,15,False
85161,ACRYLIC GEOMETRIC LAMP,2009-12-10,2011-11-27,30,51,33,False
90000D,COPPER/OLIVE GREEN FLOWER NECKLACE,2009-12-01,2011-11-25,33,51,34,False
90003C,MIDNIGHT BLUE PAIR HEART HAIR SLIDE,2009-12-01,2011-12-09,34,51,35,False
17084G,MOON INCENSE,2009-12-02,2009-12-07,2,50,2,False
23692,WRAP A PRETTY THANK YOU,2011-11-09,2011-11-30,2,50,2,False
35071,ASSORTED SANTA CHRISTMAS DECORATION,2009-12-01,2009-12-09,6,50,7,False
35603B,S/16 BLACK SHINY/MAT BAUBLES,2009-12-17,2009-12-18,2,50,2,False
84529A,PINK KNITTED KIDS RUCKSACK,2009-12-16,2010-04-20,14,50,19,False
84627,CANDY STRIPE ROSE C/COVER ,2009-12-03,2010-09-26,19,50,20,False
84838,ANT WHITE HIGH RISE BIRD BOX,2009-12-18,2010-01-12,3,50,4,False
90073,VINTAGE ENAMEL & CRYSTAL EARRINGS,2009-12-02,2011-12-07,34,50,34,False
90081C,LILY BROOCH OLIVE COLOUR,2009-12-01,2011-12-07,36,50,36,False
90174,BUTTERFLY HAIR BAND,2009-12-04,2011-12-09,32,50,32,False
90204,PAIR OF ENAMEL BUTTERFLY HAIRCLIP,2009-12-07,2011-12-01,34,50,37,False
21309,LOUVRE CHALKBOARD,2009-12-08,2010-02-17,4,49,5,False
35240,ENAMEL BLUE RIM OVAL TRAY SET/2,2010-05-27,2010-11-21,34,49,39,False
35973,GERANIUM FOLKART HEART DECORATION,2009-12-09,2010-03-21,11,49,17,False
37485,ENGLISH ROSE TEA SET IN GIFT BOX,2009-12-01,2010-02-22,15,49,16,False
47574B,ENGLISH ROSE SCENTED HANGING HEART,2010-01-06,2011-05-18,23,49,28,False
90010A,MIDNIGHT BLUE GLASS/SILVER BRACELET,2009-12-03,2011-12-09,29,49,30,False
90081A,LILY BROOCH AMETHYST COLOUR,2009-12-07,2011-12-07,23,49,24,False
22761,CHEST 7 DRAWER MA CAMPAGNE,2010-10-13,2011-12-02,34,48,34,False
44228,CANNABIS LEAF BEAD CURTAIN,2010-11-18,2011-08-23,3,48,3,False
45013,FOLDING SHOE TIDY,2010-05-12,2011-10-23,8,48,8,False
47341B,BLUE TABLE RUN FLOWER,2009-12-09,2011-11-30,14,48,14,False
47369A,PINK GREEN EMBROIDERY COSMETIC BAG,2010-03-08,2011-12-01,23,48,25,False
72779,SET/6 BLACK ROSE T-LIGHT CANDLES,2009-12-02,2010-05-05,14,48,15,False
84306,S/3 PINK SQUARE PLANTERS ROSES,2009-12-03,2011-03-22,27,48,31,False
84548,CROCHET BEAR RED/BLUE  KEYRING,2009-12-03,2011-07-08,13,48,14,False
85050,FRENCH ENAMEL SOAP DISH WITH LID,2010-05-11,2010-05-11,1,48,1,False
90032,IVORY SHELL HEART NECKLACE,2010-01-21,2011-10-26,23,48,24,False
90059F,DIAMANTE HAIR GRIP PACK/2 LT ROSE,2009-12-16,2011-12-09,26,48,27,False
90202D,PINK ENAMEL FLOWER HAIR TIE,2009-12-15,2011-12-09,24,48,24,False
20698,LITTLE PINK MONSTER SOFT TOY,2010-01-17,2011-11-23,20,47,22,False
20994,JAZZ HEARTS SPIRAL NOTEPAD,2009-12-01,2010-01-25,10,47,12,False
23429,RED RETRO KITCHEN WALL CLOCK,2011-11-21,2011-12-09,12,47,23,False
84555A,YELLOW VW BEETLE CERAMIC MONEY BOX,2010-02-02,2010-06-13,16,47,17,False
90133,TEAL/FUSCHIA COL BEAD NECKLACE,2009-12-02,2011-12-02,33,47,36,False
90171,DAISY RING,2009-12-01,2010-03-12,21,47,27,False
20861,GOLD COSMETIC BAG PINK STAR,2009-12-03,2010-12-10,16,46,17,False
22827,RUSTIC  SEVENTEEN DRAWER SIDEBOARD,2010-10-21,2011-11-17,31,46,35,False
37489A,YELLOW/PINK FLOWER DESIGN BIG MUG,2009-12-13,2011-11-21,23,46,24,False
37489D,PINK/GREEN FLOWER DESIGN BIG MUG,2010-01-14,2011-12-05,20,46,21,False
47581B,FAIRY CAKE WICKER PICNIC BASKET ,2009-12-08,2010-05-25,33,46,36,False
90013D,PURPLE VINTAGE EARRINGS,2010-01-13,2011-06-29,16,46,17,False
90122B,JADE CRYSTAL+GLASS BRACELET,2009-12-06,2011-09-02,26,46,26,False
90177D,DROP DIAMANTE EARRINGS PURPLE,2009-12-10,2011-12-02,24,46,25,False
22656,VINTAGE BLUE KITCHEN CABINET,2010-07-12,2011-10-12,33,45,37,False
35840,FLAT GLASS  BAUBLE WHITE FLOCK ,2009-12-04,2009-12-23,7,45,11,False
46137D,GREEN CHENILLE SHAGGY RUG,2010-01-29,2010-03-19,4,45,4,False
90036E,"FLOWER GLASS GARLD NECKL36""AMETHYST",2009-12-08,2011-10-20,28,45,28,False
90190B,GOLD/AMBER DROP EARRINGS W LEAF,2009-12-03,2011-11-22,15,45,15,False
20899,VINTAGE NOTEBOOK RED ROSE,2009-12-09,2010-05-16,11,44,13,False
23038,T-LIGHT HOLDER SILVER SAUCER,2011-07-11,2011-12-05,8,44,8,False
72708,SCULPTED ROUND IVORY CANDLE ,2009-12-10,2010-08-23,5,44,5,False
84292,ROSE PINK METAL FOLDING CHAIR,2009-12-03,2010-06-16,13,44,14,False
85151,WELCOME METAL SIGN,2009-12-02,2009-12-14,5,44,8,False
90003B,ROSE COLOUR PAIR HEART HAIR SLIDES,2009-12-01,2011-11-29,24,44,26,False
90072,RUBY DROP CHANDELIER EARRINGS,2009-12-02,2011-12-09,29,44,30,False
90103,PURPLE FRANGIPANI NECKLACE,2009-12-22,2011-12-05,27,44,30,False
90125B,AQUA BERTIE GLASS BEAD BAG CHARM,2009-12-08,2011-12-02,17,44,17,False
90180A,BLACK+WHITE NECKLACE W TASSEL,2009-12-02,2011-11-29,26,44,28,False
90190A,SILVER/CRYSTAL DROP EARRINGS W LEAF,2009-12-02,2011-11-24,27,44,31,False
90214F,"LETTER ""F"" BLING KEY RING",2009-12-10,2011-12-07,26,44,27,False
20968,GREEN FLORAL FELTCRAFT SHOULDER BAG,2009-12-01,2010-01-12,13,43,20,False
21674,RIDGED GLASS PENDANT LAMPSHADE,2009-12-07,2010-03-10,9,43,9,False
21763,VINTAGE WOODEN BAR STOOL,2010-01-31,2011-07-06,17,43,17,False
23626,SET 10 CARDS DINKY TREE 17076,2011-10-03,2011-12-08,15,43,16,False
72753C,S/3 FLWR FAIRY ROSE CANDLES,2009-12-06,2010-01-20,6,43,6,False
72783,BLACK SIL'T SQU CANDLE PLATE ,2009-12-01,2011-12-08,9,43,9,False
90035B,"PEARL & SHELL 42""NECKL. PINK",2009-12-02,2010-06-24,4,43,4,False
90039D,FIRE POLISHED GLASS BRACELET GREEN,2009-12-01,2011-12-06,23,43,24,False
20821,GOLDIE LOOKING MIRROR,2009-12-14,2011-11-23,25,42,25,False
21335,LIBRARY LAMP,2009-12-01,2010-05-18,25,42,28,False
84247H,PACK/12 DECOUPAGE CARD,2009-12-22,2010-06-17,20,42,20,False
84711A,SILVER OVAL SHAPE TRINKET BOX,2009-12-13,2011-12-04,23,42,24,False
84803B,WHITE ALLIUM  ARTIFICIAL FLOWER,2010-02-04,2011-08-10,10,42,11,False
84845C,CARNATION SQUARE HANDY TIN,2009-12-06,2010-08-18,13,42,14,False
90099,NECKLACE+BRACELET SET BLUE HIBISCUS,2009-12-07,2011-12-06,24,42,25,False
90118,PINK DAISY BAG CHARM,2010-06-16,2011-12-05,28,42,29,False
90162C,ANT SILVER FUSCHIA BOUDICCA RING,2010-03-01,2011-10-30,16,42,16,False
90165A,PINK ROSEBUD PEARL EARRINGS,2009-12-07,2011-11-16,26,42,27,False
90168,2 DAISIES HAIR COMB,2009-12-01,2011-12-09,23,42,24,False
90184A,AMBER CHUNKY BEAD BRACELET W STRAP,2009-12-06,2011-11-10,24,42,25,False
DCGS0058,MISO PRETTY  GUM,2009-12-01,2010-10-22,26,42,30,False
37379A,PINK CHERRY BLOSSOM CUP & SAUCER,2009-12-02,2011-01-19,14,41,16,False
84845D,GERANIUM SQUARE HANDY TIN,2009-12-06,2010-10-21,10,41,11,False
90040C,MURANO STYLE GLASS BRACELET GOLD,2009-12-04,2011-12-04,21,41,21,False
90040D,MURANO STYLE GLASS BRACELET PINK,2009-12-01,2010-09-14,22,41,25,False
90059C,DIAMANTE HAIR GRIP PACK/2 MONTANA,2009-12-09,2011-12-08,23,41,23,False
90146,FINE SILVER NECKLACE W PASTEL FLOWE,2009-12-13,2011-12-08,19,41,20,False
20667,CHERRY BLOSSOM PURSE,2009-12-17,2011-08-30,24,40,24,False
20697,LITTLE GREEN MONSTER SOFT TOY,2009-12-13,2011-11-23,20,40,21,False
21511,VINTAGE COLLAGE  GREETING  CARD ,2010-04-13,2010-05-21,2,40,2,False
23015,CORDIAL GLASS JUG,2011-06-17,2011-11-24,18,40,19,False
23442,12 HANGING EGGS HAND PAINTED,2011-11-15,2011-12-07,6,40,8,False
23611,SET 10 CARDS RED RIDING HOOD 17214,2011-09-12,2011-12-09,16,40,16,False
44089A,PINK GAUZE BUTTERFLY LAMPSHADE,2010-02-04,2011-11-27,11,40,13,False
90019C,SILVER BLACK ORBIT BRACELET,2009-12-03,2011-12-08,32,40,34,False
90164A,PINK ROSEBUD PEARL BRACELET,2009-12-04,2011-12-02,25,40,25,False
90166,PINK & WHITE ROSEBUD RING,2009-12-08,2011-12-08,29,40,31,False
90191,SILVER LARIAT 40CM,2009-12-17,2011-12-09,21,40,21,False
20848,ZINC HEART LATTICE CHARGER SMALL,2009-12-10,2011-11-06,12,39,12,False
20896,VINTAGE NOTEBOOK PINK FLOWER,2009-12-09,2010-08-18,14,39,15,False
35085E,IVORY ROSE LAMPSHADE ,2009-12-01,2010-07-14,9,39,9,False
35638A,PINK AND BLACK STRING CURTAIN,2010-01-25,2011-11-20,6,39,6,False
48175,DOOR MAT CAMOUFLAGE,2009-12-14,2009-12-15,2,39,2,False
84201B,HAPPY BIRTHDAY CARD STRIPEY TEDDY,2009-12-06,2011-11-25,8,39,8,False
84551,CROCHET DOG KEYRING,2009-12-08,2011-10-06,8,39,8,False
84711B,PINK OVAL SHAPE TRINKET BOX,2009-12-02,2011-12-07,29,39,30,False
90018B,GOLD M.O.P ORBIT DROP EARRINGS,2009-12-02,2011-12-09,31,39,31,False
90124B,BLUE MURANO TWIST NECKLACE,2009-12-08,2011-11-11,29,39,30,False
90169,DAISY HAIR COMB,2009-12-09,2011-12-09,21,39,23,False
20958,PORCELAIN HANGING BELL LARGE,2010-03-26,2010-11-29,10,38,10,False
37489B,BLUE/YELLOW FLOWER DESIGN BIG MUG,2010-02-12,2011-11-21,17,38,17,False
62074B,ELEPHANT CLIP W SUCTION CUP,2009-12-13,2011-07-12,11,38,13,False
84313A,PINK TV TRAY TABLE ,2009-12-15,2010-10-10,19,38,19,False
84751B,BLACK MEDIUM GLASS CAKE STAND,2010-02-23,2011-04-08,18,38,20,False
84824,DANISH ROSE UMBRELLA STAND,2009-12-14,2011-11-20,29,38,32,False
90036D,"FLOWER GLASS GARLAND NECKL.36""BLACK",2009-12-01,2011-06-13,16,38,16,False
90159,COTE D'AZURE NECKLACE,2009-12-06,2011-11-09,20,38,20,False
90205A,LARGE MINT DIAMANTE HAIRSLIDE,2009-12-09,2011-11-24,22,38,22,False
90214V,"LETTER ""V"" BLING KEY RING",2010-02-03,2011-12-05,24,38,24,False
35932,PINK CHRISTMAS TREE DECORATION,2009-12-04,2010-11-12,10,37,10,False
84456,SET OF 3 RABBIT EGG EASTER,2009-12-04,2010-06-25,15,37,16,False
85185F,LION SOCK PUPPET,2009-12-02,2010-03-08,16,37,20,False
90016B,GOLD/M.O.P PENDANT ORBIT NECKLACE,2009-12-16,2011-12-09,29,37,30,False
90022,EDWARDIAN DROP EARRINGS JET BLACK,2009-12-04,2011-12-08,30,37,32,False
90163A,PINK ROSEBUD & PEARL NECKLACE,2009-12-04,2011-12-09,24,37,24,False
90175C,BLUE GLASS CHUNKY CHARM BRACELET,2009-12-01,2011-11-17,19,37,20,False
90177C,DROP DIAMANTE EARRINGS CRYSTAL,2009-12-10,2011-12-09,23,37,24,False
90212B,JET BLACK LAS VEGAS BRACELET ROUND,2009-12-02,2011-05-06,27,37,28,False
17174,ASSTD RASTA KEY-CHAINS,2010-02-01,2011-11-24,6,36,7,False
23410,CURIO CABINET LINEN AND LACE ,2011-09-08,2011-11-25,16,36,18,False
23430,BLUE RETRO KITCHEN WALL CLOCK,2011-11-20,2011-12-09,14,36,18,False
35936,CERISE+GOLD CHRISTMAS TREE DEC,2009-12-11,2010-10-17,9,36,9,False
72724,SET/6 CHRISTMAS ICICLE T-LIGHTS,2009-12-01,2009-12-10,7,36,11,False
84855,BLOKEY SILVER TOOL SET,2009-12-01,2010-07-11,11,36,16,False
85018C,S/6 PAPER BOXES CURIOUS IMAGES ,2009-12-09,2010-11-24,4,36,4,False
90002A,FLOWER BURST SILVER RING OPAL,2009-12-07,2010-11-04,14,36,15,False
90038A,GLASS AND PAINTED BEADS BRACELET TO,2009-12-07,2011-11-24,22,36,22,False
90123A,PINK HEART OF GLASS BRACELET,2009-12-13,2011-10-10,18,36,19,False
90175B,PINK GLASS CHUNKY CHARM BRACELET,2009-12-09,2011-11-09,25,36,27,False
90199B,5 STRAND GLASS NECKLACE AMETHYST,2009-12-01,2011-12-02,29,36,31,False
90214O,"LETTER ""O"" BLING KEY RING",2009-12-09,2011-12-06,17,36,18,False
48103,DOOR MAT KISS MY.......,2009-12-18,2010-07-16,10,35,10,False
84720,DOT MATRIX CANVAS ART PICTURE,2010-03-03,2010-03-25,2,35,3,False
90211B,JET BLACK LAS VEGAS NECKLACE 45CM,2009-12-02,2011-11-03,26,35,26,False
16201B,PASTEL BLUE PHOTO ALBUM,2009-12-02,2009-12-10,4,34,5,False
17007B,S/3 POT POURI CUSHIONS BLUE COLOURS,2009-12-14,2011-06-08,6,34,7,False
48179,DOOR MAT SWEET HOME,2009-12-01,2009-12-16,10,34,11,False
84706F,RED PEONY TABLE CLOCK,2009-12-01,2011-11-27,17,34,18,False
90014B,GOLD M PEARL  ORBIT NECKLACE,2009-12-04,2011-10-26,28,34,28,False
10124G,ARMY CAMO BOOKCOVER TAPE,2010-05-13,2011-11-06,10,33,10,False
17191A,ROSE FLOWER CANDLE+INCENSE 16X16CM,2009-12-09,2011-12-04,12,33,12,False
20693,FLORAL DINOSAUR GREEN,2009-12-02,2010-03-14,16,33,18,False
20953,PORCELAIN CHERUB BELL LARGE,2010-03-19,2010-11-29,9,33,9,False
21337,SILVER WASHBAG,2009-12-02,2010-11-30,11,33,12,False
23459,DOLLY CABINET 2 DRAWERS ,2011-10-16,2011-12-08,17,33,19,False
40005B,BLUE ORGANDY ROUND LAMPSHADE W BEA,2010-03-25,2011-11-22,13,33,13,False
81953P,ROUND ARTICULATED PINK CLOCK W/SUCK,2010-02-24,2011-07-21,6,33,6,False
84816,DANISH ROSE BEDSIDE CABINET,2009-12-21,2011-08-19,20,33,20,False
84893,ANT WHITE IRON BASKET,2009-12-06,2010-03-01,15,33,15,False
84966B,BLUE KASHMIRI BOXED MIRROR,2010-01-19,2010-11-02,4,33,4,False
90000A,RASPBERRY ANT COPPER FLOWER NECKLAC,2009-12-01,2011-11-16,19,33,21,False
90002C,FLOWER BURST SILVER RING MIDN'T BLU,2009-12-02,2010-08-18,17,33,19,False
90067A,PINK VINTAGE VICTORIAN EARRINGS,2009-12-01,2011-11-15,16,33,16,False
16010,FOLDING CAMPING SCISSOR W/KNIF & S,2010-01-17,2011-03-28,4,32,4,False
21097,SET/6 GREEN SPRING  PAPER PLATE,2010-01-15,2010-06-21,7,32,7,False
22823,CHEST NATURAL WOOD 20 DRAWERS,2010-10-26,2011-11-15,18,32,18,False
23467,VINTAGE ZINC PLANTER  ,2011-10-17,2011-12-09,9,32,11,False
37506,NEW ENGLAND MILK JUG W GIFT BOX,2009-12-02,2010-08-24,26,32,26,False
81950V,FLOWER PURPLE CLOCK W/SUCKER,2009-12-03,2011-07-13,9,32,11,False
84465,15 PINK FLUFFY CHICKS IN BOX,2010-02-03,2011-11-04,23,32,23,False
90003E,GREEN PAIR HEART HAIR SLIDES,2009-12-16,2011-12-09,21,32,22,False
90019B,GOLD M.O.P ORBIT BRACELET,2010-01-20,2011-12-09,28,32,28,False
90194,SILVER LARIAT BLACK STONE EARRINGS,2009-12-10,2011-10-19,20,32,21,False
35751C,PURPLE CURRENT CANDLE RING,2009-12-01,2009-12-02,2,31,2,False
37488A,YELLOW PINK FLOWER DESIGN BIG BOWL,2010-02-23,2011-04-13,5,31,5,False
47016,LIGHT DECORATION BATTERY OPERATED,2009-12-07,2011-11-01,5,31,5,False
82545A,COGNAC AUX OEUFS METAL 1 HOOK,2010-01-14,2010-10-21,11,31,11,False
90023,FILIGREE DIAMANTE EARRINGS,2009-12-01,2011-11-27,21,31,21,False
90036C,"FLOWER GLASS GARLAND NECKL.36""BLUE",2009-12-03,2011-12-02,15,31,15,False
90048,GREEN WITH METAL BAG CHARM,2009-12-08,2011-07-07,7,31,8,False
90128A,PINK LEAVES AND BEADS PHONE CHARM,2010-01-24,2011-07-26,10,31,10,False
90177B,DROP DIAMANTE EARRINGS BLACK DIAMON,2009-12-10,2011-12-08,18,31,19,False
90202A,PURPLE ENAMEL FLOWER HAIR TIE,2010-02-10,2011-12-08,21,31,23,False
90202C,GREEN ENAMEL FLOWER HAIR TIE,2009-12-09,2011-12-09,24,31,25,False
90214Z,"LETTER ""Z"" BLING KEY RING",2009-12-10,2011-12-05,18,31,18,False
21339,MARAKESH LANTERN LARGE,2009-12-08,2010-07-14,11,30,13,False
21759,METAL WALL SHELF UNIT WITH HOOKS,2010-01-13,2010-04-29,11,30,13,False
23143,ZINC WIRE KITCHEN ORGANISER,2011-05-04,2011-12-09,14,30,16,False
79413,GLASS WINE GLASS DECORATIONS,2009-12-04,2010-05-04,6,30,9,False
84371,BIG PINK POODLE,2009-12-02,2010-01-25,5,30,6,False
90100,NECKLACE+BRACELET SET PINK DAISY,2009-12-07,2011-02-24,11,30,12,False
90124A,PINK MURANO TWIST NECKLACE,2009-12-02,2011-10-30,19,30,20,False
90155,RESIN NECKLACE W PASTEL BEADS,2009-12-02,2011-12-09,20,30,21,False
90162A,ANT SILVER TURQUOISE BOUDICCA RING,2010-01-24,2011-11-07,9,30,11,False
20870,OPULENT VELVET CANDLE IN BOX,2009-12-01,2009-12-22,6,29,7,False
23465,TUSCAN VILLA BIRD FEEDER,2011-10-04,2011-12-08,15,29,16,False
35596,WOOD XMAS TREE 9 FIG SHELVES,2010-10-12,2010-10-22,4,29,4,False
35910B,PINK FLOWERS RABBIT EASTER,2010-01-07,2011-11-06,7,29,8,False
47341A,FUSCHIA TABLE RUN FLOWER ,2010-09-13,2011-06-08,7,29,7,False
79149B,SILICON STAR BULB  BLUE,2009-12-04,2011-12-06,12,29,12,False
84621,BLUE GINGHAM ROSE FLOOR CUSHION ,2009-12-14,2010-04-23,15,29,15,False
90000B,MIDNIGHT BLUE COPPER FLOWER NECKLAC,2009-12-07,2011-07-25,20,29,21,False
90014C,SILVER/BLACK ORBIT NECKLACE,2009-12-02,2011-11-27,20,29,20,False
90016A,SILVER/M.O.P PENDANT ORBIT NECKLACE,2009-12-18,2011-10-26,16,29,16,False
90028,NEW BAROQUE LARGE NECKLACE BLK/WHIT,2009-12-03,2011-11-02,24,29,24,False
90123D,WHITE HEART OF GLASS BRACELET,2009-12-04,2011-11-28,14,29,14,False
90162D,ANT SILVER PURPLE BOUDICCA RING,2010-01-24,2011-10-30,14,29,15,False
21489,BLUE WHITE SCARF HOT WATER BOTTLE,2009-12-01,2010-02-17,7,28,14,False
35751D,PINK CURRENT CANDLE RING,2009-12-02,2009-12-02,1,28,1,False
37509,NEW ENGLAND MUG W GIFT BOX,2010-03-22,2010-12-06,14,28,14,False
72798C,SET/4 GARDEN ROSE DINNER CANDLE,2009-12-01,2011-02-03,15,28,15,False
84250M,"GREETING CARD, BLACKPOOL ROCK",2009-12-03,2010-07-15,13,28,13,False
84732B,CUTE BIRD CEATURE SCREEN,2009-12-17,2011-08-18,6,28,6,False
84925C,FAIRY CAKES  WALL THERMOMETER,2009-12-02,2010-05-11,10,28,10,False
90018C,SILVER BLACK ORBIT DROP EARRINGS,2009-12-14,2011-11-25,19,28,20,False
90035C,"PEARL & SHELL 42""NECKL. IVORY",2009-12-02,2011-05-13,5,28,5,False
90037B,TINY CRYSTAL BRACELET GREEN,2010-03-16,2011-12-06,10,28,10,False
90060F,FIRE POLISHED GLASS NECKL GREEN,2009-12-06,2011-11-25,18,28,18,False
90130A,WHITE STONE/CRYSTAL EARRINGS,2009-12-18,2011-11-25,15,28,16,False
90177E,DROP DIAMANTE EARRINGS GREEN,2009-12-10,2011-11-21,21,28,22,False
90183B,AMETHYST DROP EARRINGS W LONG BEADS,2009-12-22,2011-12-05,24,28,24,False
90211A,DIAMOND LAS VEGAS NECKLACE 45CM,2009-12-14,2011-12-05,20,28,21,False
GIFT_0001_20,Dotcomgiftshop Gift Voucher £20.00,2009-12-14,2011-10-31,25,28,26,False
37489C,GREEN/BLUE FLOWER DESIGN BIG MUG,2009-12-01,2011-09-14,12,27,12,False
47583B,SET OF 3 WICKER BASKET TEA AND CAKE,2009-12-16,2010-02-17,5,27,6,False
72796B,S/3 FRENCH VANILLA SQU CANDLE,2009-12-02,2010-07-04,12,27,13,False
84415A,PINK FLOCK SUEDE CUSHION COVER ,2009-12-08,2011-06-24,6,27,6,False
84690,S/2 BEACH HUT STOOLS,2009-12-02,2010-08-15,14,27,14,False
84921,CREAM AND PINK FLOWERS PONY ,2009-12-13,2011-10-19,14,27,14,False
84965B,BLUE KASHMIRI COFFEE TABLE ,2010-02-22,2010-11-02,4,27,4,False
90036A,FLOWER GARLAND NECKLACE RED,2009-12-03,2011-08-05,20,27,20,False
90059B,DIAMANTE HAIR GRIP PACK/2 BLACK DIA,2010-01-19,2011-12-05,15,27,16,False
90123C,GREEN HEART OF GLASS BRACELET,2009-12-23,2011-08-01,12,27,12,False
90148,LONG SILVER NECKLACE PASTEL FLOWER,2009-12-02,2011-09-25,17,27,18,False
90178A,AMBER CHUNKY GLASS+BEAD NECKLACE,2009-12-01,2011-10-20,21,27,21,False
23614,SET 10 CARDS 12 DAYS WRAP  17058,2011-09-07,2011-12-08,8,26,11,False
37491D,PURPLE/BLUE CERAMIC CANDLE HOLDER,2010-01-27,2011-07-18,13,26,13,False
90037A,TINY CRYSTAL BRACELET RED,2009-12-14,2011-01-25,12,26,12,False
90037C,TINY CRYSTAL BRACELET BLUE,2009-12-14,2011-12-06,13,26,13,False
90065A,WHITE VINTAGE CRYSTAL BRACELET,2009-12-02,2011-06-26,15,26,16,False
90123B,TURQUOISE HEART OF GLASS BRACELET,2010-01-11,2011-08-01,13,26,13,False
90137,PINK COMBO MINI CRYSTALS NECKLACE,2009-12-10,2011-07-20,14,26,15,False
16169A,WRAP CHRISTMAS DECOUPAGE,2010-04-29,2010-04-29,1,25,1,False
16169G,WRAP ROMANTIC DECOUPAGE,2009-12-10,2009-12-10,1,25,1,False
21387,IVORY HANGING DECORATION  RABBIT,2010-02-23,2010-03-01,3,25,4,False
21496,WOODLAND CREATURES  WRAP,2009-12-17,2009-12-17,1,25,1,False
23448,CREAM BUNNY EASTER EGG BASKET,2011-10-10,2011-11-30,3,25,3,False
84593,CROCHET ROSE DES CLOTHES HANGER,2009-12-06,2011-03-07,7,25,8,False
90024B,NEW BAROQUE B'FLY NECKLACE RED,2009-12-01,2011-12-05,22,25,22,False
90130C,GREEN STONE/CRYSTAL EARRINGS,2009-12-04,2011-12-09,23,25,24,False
90156,RESIN BRACELET W PASTEL BEADS,2010-01-11,2011-09-04,13,25,14,False
90181B,AMETHYST GLASS/SHELL/PEARL NECKLACE,2009-12-02,2011-12-09,24,25,24,False
20816,GOLD FLOWER CUSHION COVER ,2010-02-04,2011-04-28,6,24,7,False
20988,TRELLIS FLOWER CHOPSTICKS SET/5,2009-12-02,2010-02-28,8,24,9,False
21267,VINTAGE PINK TINSEL REEL ,2009-12-02,2009-12-18,7,24,10,False
23629,SET 10 CARDS DRESSING UP 17077,2011-09-21,2011-11-25,10,24,10,False
72083A,STRAWBERY SWIRL FLARE CANDLE,2010-02-24,2010-03-31,5,24,7,False
79172D,PURPLE TINT ACRYLIC FLOWER VASE,2010-03-08,2010-10-31,4,24,4,False
84086B,YELLOW/BLUE RETRO RADIO,2010-05-16,2011-12-06,12,24,13,False
84415B,BLUE FLOCK CUSHION COVER ,2009-12-03,2011-06-08,7,24,7,False
84575A,PINK DOG CANNISTER,2010-02-21,2011-04-19,13,24,13,False
84629,WHITE 3 FRAME BIRDS AND TREE ,2010-02-22,2011-07-26,12,24,13,False
84857B,BLUE MONTE CARLO HANDBAG,2011-07-21,2011-07-21,1,24,1,False
84967B,BLUE KASHMIRI OCCASIONAL TABLE,2010-01-06,2010-11-02,11,24,11,False
85230C,ROSE SCENTED VOTIVE CANDLE,2009-12-10,2009-12-10,1,24,1,False
85230D,VANILLA SCENTED VOTIVE CANDLE,2009-12-10,2009-12-10,1,24,1,False
90035A,"PEARL & SHELL 42""NECKL. GREEN",2009-12-03,2011-04-13,15,24,16,False
90036F,"FLOWER GLASS GARLD NECKL36""TURQUOIS",2009-12-18,2011-03-23,15,24,15,False
90138,WHITE/PINK MINI CRYSTALS NECKLACE,2009-12-10,2011-12-09,17,24,17,False
90202B,WHITE ENAMEL FLOWER HAIR TIE,2009-12-02,2011-12-08,16,24,16,False
GIFT_0001_30,Dotcomgiftshop Gift Voucher £30.00,2009-12-23,2011-09-02,24,24,24,False
21266,VINTAGE SILVER TINSEL REEL,2009-12-01,2009-12-16,7,23,9,False
22929,SCHOOL DESK AND CHAIR ,2010-11-24,2011-10-26,16,23,17,False
44092C,PURPLE/COPPER HANGING LAMPSHADE,2009-12-18,2011-10-20,10,23,10,False
81985A,"ICON ALARM CLOCK,FUSCHIA  PIN UP",2009-12-07,2010-08-22,7,23,7,False
84424A,FOUR PICTURE WHITE GLASS FRAME,2010-06-09,2010-10-24,10,23,10,False
84622,PINK GINGHAM ROSE CUSHION COVER,2009-12-01,2010-02-01,7,23,9,False
84709A,SILVER OVAL JEWELLED MIRROR,2010-05-28,2010-10-26,13,23,14,False
84746,PINK EASTER HENS+FLOWER,2009-12-07,2011-07-20,16,23,16,False
84963A,PINK PAINTED KASHMIRI CHAIR,2010-02-02,2010-12-05,9,23,9,False
84966C,GREEN KASHMIRI BOXED MIRROR,2010-09-03,2010-11-02,2,23,2,False
85023C,PINK LARGE JEWELED PHOTOFRAME,2010-01-18,2010-06-06,10,23,12,False
85079,EMBROIDERED REINDEER DECORATION,2009-12-03,2009-12-23,7,23,9,False
90027D,GLASS BEAD HOOP EARRINGS AMETHYST,2009-12-02,2011-12-09,15,23,16,False
90029,NEW BAROQUE SMALL NECKLACE BLACK,2009-12-06,2011-08-30,12,23,12,False
90039C,FIRE POLISHED GLASS BRACELET BLACK,2009-12-10,2011-12-08,11,23,12,False
90139,FLOWER BROOCH 4 ASSORTED COLOURS,2009-12-02,2010-03-21,12,23,18,False
90188,DROP EARRINGS W FLOWER & LEAF,2009-12-01,2011-12-09,18,23,20,False
23441,HAND PAINTED HANGING EASTER EGG,2011-11-23,2011-12-07,3,22,3,False
84613A,PINK NEW BAROQUE FLOCK CANDLESTICK,2010-02-23,2011-02-02,10,22,10,False
84656,WHITE ROSE C/COVER,2009-12-01,2010-05-20,13,22,13,False
84705D,CHERRY BLOSSOM PHOTO FRAME ,2009-12-02,2010-07-12,14,22,15,False
85023A,CRYSTAL LARGE JEWELLED PHOTO FRAME,2009-12-04,2010-04-19,9,22,10,False
85168A,WHITE BAROQUE CARRIAGE CLOCK,2009-12-02,2010-06-14,15,22,15,False
90002B,FLOWER BURST SILVER RING ROSE,2009-12-02,2010-10-25,11,22,11,False
90033,IVORY SHELL HEART EARRINGS,2009-12-02,2011-11-29,18,22,18,False
90065B,BLACK VINT ART DEC CRYSTAL BRACELET,2009-12-13,2011-11-09,14,22,16,False
90124C,GREEN MURANO TWIST NECKLACE,2009-12-16,2011-11-03,16,22,16,False
90199A,5 STRAND GLASS NECKLACE BLACK,2009-12-16,2011-11-03,15,22,16,False
90199D,5 STRAND GLASS NECKLACE AMBER,2009-12-17,2011-11-29,16,22,16,False
35265,COLOURFUL FLOWER FRUIT BOWL,2010-05-25,2011-10-02,16,21,16,False
35644,PAIR PINK/BLACK COATHANGERS,2010-02-03,2010-11-21,6,21,8,False
84340,LARGE FIBRE OPTIC CHRISTMAS TREE,2009-12-01,2009-12-22,11,21,11,False
84546,CROCHET POODLE KEYRING,2010-03-01,2010-07-14,3,21,3,False
84564,6 SEGMENT COLOURED SNACK BOWL ,2009-12-08,2010-06-09,11,21,11,False
90038B,GLASS AND PAINTED BEADS BRACELET OL,2009-12-14,2011-12-08,13,21,13,False
90039B,FIRE POLISHED GLASS BRACELET MONTAN,2010-01-12,2011-07-27,11,21,11,False
90063A,WHITE VINT ART DECO CRYSTAL NECKLAC,2010-06-17,2011-11-03,13,21,13,False
90064B,BLACK VINTAGE  CRYSTAL EARRINGS,2009-12-17,2011-10-12,12,21,12,False
90079,VINTAGE ENAMEL & CRYSTAL NECKLACE,2009-12-17,2011-10-09,13,21,13,False
90126C,AMBER BERTIE MOBILE PHONE CHARM,2009-12-18,2011-07-15,5,21,5,False
90187B,GREEN DROP EARRINGS W BEAD CLUSTER,2009-12-03,2011-12-08,15,21,15,False
20860,GOLD COSMETICS BAG WITH BUTTERFLY,2010-04-08,2010-12-13,11,20,11,False
20964,POLYESTER FILLER PAD 60x40cm,2009-12-01,2011-05-06,6,20,6,False
21343,GOLD JEWELERY BOX,2009-12-09,2010-02-11,3,20,3,False
23603,SET 10 CARD KRAFT REINDEER 17084,2011-10-14,2011-12-08,12,20,14,False
35909A,RABBIT EASTER DECORATION,2010-02-23,2011-04-26,5,20,5,False
84612B,SET/4 BLACK  BAROQUE FLOCK COASTER,2010-01-08,2010-10-26,4,20,4,False
84706B,FAIRY CAKES TABLE CLOCK,2009-12-03,2010-02-11,9,20,9,False
84721,MANHATTAN CANVAS ART PICTURE,2009-12-03,2009-12-04,2,20,2,False
84965A,PINK KASHMIRI COFFEE TABLE ,2010-02-22,2010-11-02,3,20,3,False
90001D,ANTIQUE OLIVE GREEN FLOWER EARRINGS,2009-12-06,2011-10-09,11,20,11,False
90011B,BLACK CRYSTAL DROP EARRINGS,2009-12-03,2011-11-30,14,20,15,False
90049,IVORY GOLD METAL BAG CHARM,2010-05-23,2011-11-23,5,20,6,False
90063B,BLACK VINT ART DEC CRYSTAL NECKLACE,2009-12-03,2011-11-03,14,20,14,False
90064A,WHITE VINTAGE CRYSTAL EARRINGS,2010-01-13,2011-11-17,12,20,12,False
90126A,PINK BERTIE MOBILE PHONE CHARM,2009-12-06,2010-12-13,5,20,6,False
90141A,GREEN PENDANT TRIPLE SHELL NECKLACE,2009-12-06,2011-11-30,17,20,17,False
17011B,ORIGAMI JASMINE INCENSE+FLOWER ,2010-05-30,2010-08-20,2,19,2,False
17091F,SANDALWOOD INCENSE IN TIN,2009-12-06,2010-01-10,7,19,8,False
21353,SILVER SLEIGHBELL  WREATH,2009-12-01,2009-12-22,6,19,9,False
23468,TUSCAN VILLA BIRD TABLE ,2011-10-06,2011-11-23,9,19,11,False
85225,BLING KEY RING STAND,2009-12-13,2011-12-07,11,19,11,False
90038C,GLASS AND BEADS BRACELET IVORY,2009-12-18,2011-09-02,9,19,9,False
90056,CHUNKY CRACKED GLAZE NECKLACE IVORY,2009-12-08,2011-12-06,14,19,14,False
90102,WHITE FRANGIPANI HAIR CLIP,2010-01-25,2011-06-07,4,19,4,False
90121B,VINTAGE ROSE BEAD BRACELET BLUE,2009-12-01,2010-01-28,7,19,9,False
90177A,CLASSIC DIAMANTE EARRINGS JET,2009-12-10,2011-12-09,14,19,14,False
90179C,BLACK FINE BEAD NECKLACE W TASSEL,2010-06-15,2011-12-01,14,19,16,False
90182C,BLACK 3 BEAD DROP EARRINGS,2009-12-13,2011-12-09,13,19,13,False
90196A,PURPLE GEMSTONE NECKLACE 45CM,2009-12-06,2011-11-29,11,19,11,False
90196B,BLACK GEMSTONE NECKLACE 45CM,2009-12-06,2011-11-09,13,19,14,False
90214W,"LETTER ""W"" BLING KEY RING",2010-06-07,2011-12-05,8,19,8,False
20887,BOX OF 6 PEBBLE CANDLES,2009-12-01,2009-12-22,5,18,8,False
23464,VINTAGE ZINC WATERING CAN SMALL,2011-10-16,2011-12-09,8,18,8,False
35652,VINTAGE BEAD CHAISE LONG JEWEL BOX,2009-12-16,2010-03-08,2,18,2,False
37491A,YELLOW/PINK CERAMIC CANDLE HOLDER,2009-12-15,2011-10-31,12,18,13,False
44091A,BLUE CRUSOE CHECK LAMPSHADE,2010-03-26,2011-07-20,6,18,6,False
84425A,WHITE GLASS TV TRIPLE FRAME,2009-12-04,2010-05-13,9,18,9,False
84963B,BLUE PAINTED KASHMIRI CHAIR,2010-05-19,2011-08-04,6,18,6,False
90002E,FLOWER BURST SILVER RING GREEN,2009-12-02,2010-08-18,11,18,11,False
90036B,"FLOWER GLASS GARLAND NECKL.36""GREEN",2010-01-18,2011-08-01,10,18,10,False
90125E,AMBER BERTIE GLASS BEAD BAG CHARM,2009-12-02,2011-05-26,17,18,17,False
90128B,BLUE LEAVES AND BEADS PHONE CHARM,2010-01-24,2010-12-09,6,18,6,False
90180B,PURPLE AMETHYST NECKLACE W TASSEL,2009-12-03,2011-12-06,14,18,14,False
18097A,PINK TALL PORCELAIN T-LIGHT HOLDER ,2010-03-05,2011-06-22,11,17,12,False
21764,VINTAGE WOODEN PLATE RACK,2009-12-08,2010-03-12,9,17,11,False
22828,REGENCY MIRROR WITH SHUTTERS,2010-10-21,2011-11-16,10,17,11,False
35001B,HAND OPEN SHAPE BLACK,2009-12-17,2010-03-16,6,17,6,False
35591T,TURQUOISE CHRISTMAS TREE ,2010-09-05,2011-11-20,9,17,9,False
82069,BEECH WOOD P/FRAME,2009-12-16,2010-10-18,11,17,11,False
84427B,BLACK GLASS TV DOUBLE P/FRAME 15X10,2009-12-04,2010-03-07,5,17,5,False
84614A,PINK BAROQUE FLOCK CANDLE HOLDER,2010-02-18,2010-12-03,10,17,10,False
84867A,PINK BABY GIRLS PHOTO ALBUM,2010-01-07,2010-05-05,4,17,5,False
84964B,BLUE PAINTED KASHMIRI TABLE ,2010-02-22,2010-11-02,2,17,2,False
90012B,BLACK DROP CRYSTAL NECKLACE,2009-12-03,2011-11-13,6,17,6,False
90016C,SILVER/BLACK PENDANT ORBIT NECKLACE,2010-01-11,2011-12-08,14,17,14,False
90042B,FRESHWATER PEARL BRACELET PINK,2009-12-02,2010-11-24,6,17,6,False
90054,CRACKED GLAZE EARRINGS RED,2009-12-14,2011-12-08,17,17,17,False
90128C,GREEN LEAVES AND BEADS PHONE CHARM,2009-12-18,2011-09-28,6,17,6,False
DCGS0076,SUNJAR LED NIGHT NIGHT LIGHT,2009-12-03,2010-12-20,13,17,14,False
PADS,PADS TO MATCH ALL CUSHIONS,2010-01-19,2011-09-25,17,17,17,False
20895,VINTAGE NOTEBOOK FRENCH LETTER ,2009-12-08,2010-02-02,4,16,4,False
35443,RASTA IN BATH W SPLIFF ASHTRAY,2009-12-06,2011-11-24,10,16,10,False
35909B,PINK FLOWERS RABBIT EASTER,2009-12-06,2011-06-14,6,16,7,False
84798C,WHITE FOXGLOVE ARTIIFCIAL FLOWER,2010-01-05,2010-02-04,3,16,3,False
84875A,PINK SQUARE COMPACT MIRROR,2009-12-02,2010-11-30,12,16,12,False
90024E,NEW BAROQUE B'FLY NECKLACE MONTANA,2009-12-02,2011-03-29,10,16,11,False
90067B,BROWN VINTAGE VICTORIAN EARRINGS,2009-12-01,2011-07-27,6,16,6,False
90141C,TURQ PENDANT TRIPLE SHELL NECKLACE,2009-12-06,2011-11-22,12,16,13,False
90151,SILVER/NATURAL SHELL NECKLACE,2009-12-08,2011-11-27,9,16,9,False
90178B,PURPLE CHUNKY GLASS+BEAD NECKLACE,2009-12-14,2010-12-17,11,16,11,False
90206A,GOLD DIAMANTE STAR BROOCH,2009-12-17,2011-12-08,11,16,12,False
20620,RED SPOTTY PASSPORT COVER,2009-12-02,2010-02-03,11,15,14,False
21760,FRENCH STYLE WALL DRESSER,2010-03-01,2010-09-09,12,15,13,False
22351,DOTCOMGIFTSHOP TEA TOWEL,2010-08-26,2011-06-29,3,15,3,False
23632,SET 10 CARDS CHEERFUL ROBIN 17065,2011-09-23,2011-11-30,10,15,10,False
44092B,BLUE WHITE PLASTIC RINGS LAMPSHADE,2010-07-18,2011-09-05,6,15,6,False
71496B,A4 WALL TIDY RED FLOWERS,2010-04-20,2011-11-02,6,15,6,False
78034B,BLUE NETTING STORAGE HANGER,2010-06-16,2011-10-02,9,15,10,False
79140,ASS WINDPROOF MARIJUANA LIGHTERS,2010-02-01,2010-06-01,2,15,2,False
84550,CROCHET LILAC/RED BEAR KEYRING,2009-12-11,2011-11-25,5,15,5,False
84586L,"PINK ROSES/GINGHAM PATCH RABBIT 8""",2009-12-06,2010-01-31,8,15,9,False
84599,CANDY STRIPE ROSE FLOOR CUSHION,2010-01-14,2010-04-23,5,15,6,False
84632,DECORATIVE HANGING SHELVING UNIT,2010-03-11,2011-07-21,11,15,11,False
84732D,CUTE RABBIT CEATURE SCREEN ,2009-12-17,2011-08-18,5,15,6,False
85018A,S/6 PAPER BOXES ROMANTIC IMAGES,2009-12-16,2010-08-13,10,15,10,False
85018B,S/6 PAPER BOXES BLOSSOM IMAGES ,2009-12-16,2010-11-03,10,15,10,False
90011A,MIDNIGHT BLUE CRYSTAL DROP EARRINGS,2009-12-03,2011-11-24,15,15,15,False
90024D,NEW BAROQUE B'FLY NECKLACE PINK,2009-12-09,2011-09-29,13,15,13,False
90051,CRACKED GLAZE NECKLACE RED,2010-06-28,2011-10-09,11,15,11,False
90212C,PURPLE LAS VEGAS BRACELET ROUND,2009-12-13,2011-09-06,7,15,7,False
GIFT_0001_10,Dotcomgiftshop Gift Voucher £10.00,2009-12-18,2011-12-08,13,15,14,False
22206,"MUG , DOTCOMGIFTSHOP.COM ",2010-06-07,2011-11-21,10,14,10,False
23574,PACKING CHARGE,2011-07-06,2011-12-07,12,14,14,False
35051B,PINK BEADED CONE CHRISTMAS,2009-12-01,2009-12-07,2,14,2,False
37348,SET OF 4 PASTEL STACKING MUGS,2009-12-02,2010-03-31,7,14,7,False
37491B,BLUE/YELLOW CERAMIC CANDLE HOLDER,2010-01-11,2011-07-18,8,14,8,False
44242A,LILAC FEATHERS CURTAIN,2010-03-25,2011-07-10,2,14,2,False
81953B,ROUND BLUE CLOCK WITH SUCKER,2010-05-09,2011-07-18,6,14,8,False
84582,PINK CROCHET CAT WITH SCARF,2009-12-01,2010-03-26,8,14,11,False
84653,GREEN ROSE QUILT ,2010-01-11,2010-03-24,12,14,12,False
84679,CLASSICAL ROSE TABLE LAMP,2010-03-02,2011-12-06,4,14,4,False
84705A,ENGLISH ROSE PHOTO FRAME ,2009-12-02,2010-04-07,7,14,7,False
85184B,SET 4 EASTER DECOUPAGE OVAL BOXES,2009-12-09,2010-03-22,6,14,7,False
85186B,BUNNY BUNCH OF FLOWERS,2010-03-17,2010-03-21,2,14,2,False
90027C,GLASS BEAD HOOP EARRINGS GREEN,2009-12-14,2011-11-25,12,14,12,False
90037D,TINY CRYSTALS BRACELET BLACK,2009-12-07,2010-06-23,7,14,8,False
90127A,PINK BEADS+HAND PHONE CHARM,2010-11-21,2011-07-15,2,14,2,False
90181A,AMBER GLASS/SHELL/PEARL NECKLACE,2010-01-26,2011-11-30,14,14,14,False
90183C,BLACK DROP EARRINGS W LONG BEADS,2009-12-02,2011-12-09,14,14,14,False
21450,DISTRESSED CANDLE STICK WHITE,2009-12-03,2009-12-20,3,13,3,False
23463,VINTAGE ZINC WATERING CAN,2011-10-16,2011-12-09,8,13,8,False
35537,CANDLE RING W/CLEAR BEADS,2009-12-06,2010-05-19,3,13,3,False
84529B,BLUE KNITTED KID'S RUCKSACK,2010-02-14,2010-04-23,5,13,5,False
84966A,PINK KASHMIRI BOXED MIRROR,2010-01-19,2010-11-02,4,13,4,False
90001B,ANTIQUE MID BLUE FLOWER EARRINGS,2010-01-13,2011-11-08,9,13,10,False
90012A,MIDNIGHT BLUE DROP CRYSTAL NECKLACE,2009-12-03,2011-10-11,7,13,7,False
90027B,GLASS BEAD HOOP EARRINGS MONTANA,2009-12-09,2011-11-25,10,13,10,False
90046,WHITE WITH METAL BAG CHARM,2010-03-26,2011-07-07,6,13,7,False
90128D,PURPLE LEAVES AND BEADS PHONE CHAR,2010-02-24,2011-02-15,7,13,7,False
90130D,RED STONE/CRYSTAL EARRINGS,2010-01-11,2011-11-28,8,13,8,False
90141B,IVORY PENDANT TRIPLE SHELL NECKLACE,2009-12-16,2011-12-09,9,13,9,False
90150,BLUE SHELL+SILVER NECKLACE,2009-12-06,2010-09-24,8,13,8,False
90163B,WHITE ROSEBUD & PEARL NECKLACE,2009-12-09,2011-12-05,9,13,9,False
90214U,"LETTER ""U"" BLING KEY RING",2010-11-03,2011-12-05,2,13,2,False
DCGS0003,BOXED GLASS ASHTRAY,2009-12-09,2011-05-05,13,13,13,False
20877,MODERN CHRISTMAS BAUBLE CANDLE ,2009-12-10,2009-12-18,5,12,5,False
20939,ORANGE CANDLE,2009-12-11,2009-12-11,1,12,1,False
23449,SET OF 6 EASTER RAINBOW CHICKS,2011-11-15,2011-11-15,1,12,1,False
35654,VINTAGE BEAD FILLED PINK CUSHION,2010-01-05,2010-08-04,5,12,5,False
47552A,DOTS IRONING BOARD COVER,2009-12-10,2010-06-17,9,12,11,False
78026,SEAGRASS S/3 SQU LAUNDRY BOX,2010-01-17,2010-09-03,2,12,2,False
84886,BLUE METAL WALL SHELF,2010-01-28,2010-07-01,9,12,9,False
90011C,GREEN CRYSTAL DROP EARRINGS,2009-12-04,2011-11-24,7,12,7,False
90060D,FIRE POLISHED GLASS NECKL BRONZE,2009-12-06,2010-12-15,8,12,8,False
90076,MONTANA DIAMOND CLUSTER EARRINGS,2010-01-14,2011-11-24,7,12,7,False
90179A,AMBER FINE BEAD NECKLACE W TASSEL,2010-01-26,2011-12-08,9,12,9,False
16245A,PINK MINI STATIONERY SET W CASE,2010-03-10,2010-07-12,6,11,7,False
20820,SILVER LOOKING MIRROR,2009-12-17,2011-03-01,8,11,8,False
23613,SET 10 XMAS CARDS & BADGES 17070,2011-09-07,2011-11-28,5,11,6,False
23637,SET 10 CARDS OUT OF ORDER 17216,2011-09-07,2011-12-08,9,11,9,False
37477B,"FLOWER FAIRY MUG+COASTER,LAVENDER",2009-12-02,2010-11-22,8,11,9,False
62097B,BLUE STRIPES SHOULDER BAG,2010-06-16,2011-05-23,4,11,4,False
72796A,S/3 ENGLISH LAVENDER SQU CANDLE,2009-12-02,2010-04-29,5,11,6,False
79151B,"SILICON CUBE 25W, BLUE",2010-12-05,2011-11-28,2,11,2,False
84311,CAMOFLAGE CUSHION COVER,2010-02-09,2010-02-09,1,11,1,False
84387A,BIRD ON BRANCH CANVAS SCREEN,2011-07-21,2011-07-21,1,11,1,False
84617,NEW BAROQUE BLACK BOXES,2009-12-07,2011-11-14,7,11,7,False
84891B,GREEN WIRE GOBLET CANDLEHOLDER,2010-05-30,2010-11-18,5,11,6,False
84964A,PINK PAINTED KASHMIRI TABLE,2010-02-22,2010-11-02,2,11,2,False
90001A,ANTIQUE RASPBERRY FLOWER EARRINGS,2009-12-15,2011-10-31,10,11,10,False
90001C,ANTIQUE OPAL WHITE FLOWER EARRINGS,2009-12-11,2011-10-20,10,11,10,False
90024C,NEW BAROQUE B'FLY NECKLACE GREEN,2009-12-03,2011-07-25,10,11,10,False
90026A,GLASS BEAD HOOP NECKLACE BLACK,2010-03-19,2011-06-13,9,11,9,False
90069,RUBY GLASS CLUSTER NECKLACE,2009-12-10,2011-11-03,5,11,5,False
90135A,ORANGE/FUSCHIA STONES NECKLACE,2010-03-08,2011-04-19,4,11,4,False
90142D,MOP PENDANT SHELL NECKLACE,2010-11-24,2011-10-23,5,11,5,False
90176D,DIAMANTE NECKLACE PURPLE,2009-12-15,2011-11-03,7,11,7,False
90179B,PURPLE FINE BEAD NECKLACE W TASSEL,2009-12-02,2011-12-05,9,11,9,False
90189A,SILVER 2 STRAND NECKLACE-LEAF CHARM,2010-01-18,2011-11-18,8,11,8,False
20905,VINTAGE KEEPSAKE BOX BEAUTY GIRL,2009-12-02,2010-01-28,4,10,4,False
21596,Hypochondriac Pill Stress Ball,2009-12-01,2010-11-04,6,10,9,False
23620,SET 10 CARDS PERFECT POST 17090,2011-09-02,2011-11-18,7,10,7,False
35233,PASTA ENAMEL/BRASS CONTAINER,2009-12-08,2010-05-18,8,10,8,False
35597A,DUSTY PINK CHRISTMAS TREE 30CM,2010-09-06,2010-12-06,4,10,4,False
35598A,DUSTY PINK CHRISTMAS TREE 60CM,2009-12-07,2011-11-20,3,10,3,False
35918B,BLUE FLORIBUNDA EGG WARMER,2009-12-02,2010-02-23,4,10,5,False
37112,YELLOW BIRDS FELT DES FOODCOVER,2009-12-04,2010-02-02,4,10,6,False
51012L,"FEATHER DUSTER, LIGHT PINK",2009-12-03,2009-12-11,5,10,6,False
72805,VANILLA CANDLE IN EMBOSSED ZINC POT,2009-12-06,2010-02-07,3,10,3,False
84201C,HAPPY BIRTHDAY CARD TEDDY/CAKE,2010-08-23,2011-08-28,3,10,3,False
84206C,CHAMPAGNE TRAY BLANK CARD,2009-12-06,2011-11-25,4,10,4,False
84247J,PACK/12 RUSSIAN DOLL CARDS,2009-12-02,2009-12-18,8,10,9,False
84562B,BLUE/WHITE RIBBED MELAMINE JUG,2009-12-02,2010-01-22,6,10,7,False
84782B,BLACK 3 TIER GLASS PLATE STAND,2009-12-15,2010-06-06,6,10,6,False
84795E,RIO PINK STRIPE HAMMOCK,2009-12-02,2010-08-01,5,10,6,False
90026D,GLASS BEAD HOOP NECKLACE AMETHYST,2010-06-07,2011-11-18,8,10,8,False
90039A,FIRE POLISHED GLASS BRACELET RED,2009-12-18,2011-12-05,5,10,5,False
90043,COPPER AND BRASS BAG CHARM,2009-12-17,2011-10-17,6,10,6,False
90050,CRACKED GLAZE NECKLACE IVORY,2010-01-26,2011-11-09,6,10,6,False
90053,CRACKED GLAZE EARRINGS IVORY,2010-01-11,2011-10-07,10,10,10,False
90055,CRACKED GLAZE EARRINGS BROWN,2010-01-11,2011-12-09,10,10,10,False
90075,MONTANA DIAMOND CLUSTER NECKLACE,2010-03-07,2011-11-24,8,10,8,False
90131,PINK/AMETHYST/GOLD NECKLACE,2009-12-01,2011-06-01,5,10,5,False
90141E,ORANGE PENDANT TRIPLE SHELL NECKLAC,2009-12-06,2011-10-12,5,10,5,False
90176A,CLASSIC DIAMANTE NECKLACE JET,2009-12-03,2011-11-03,7,10,7,False
90176C,DIAMANTE NECKLACE,2009-12-14,2011-08-22,6,10,6,False
21595,Dad's Cab Electronic Meter,2009-12-02,2010-12-07,9,9,9,False
23625,SET 6 CARDS SPARKLY REINDEER 17262,2011-09-15,2011-12-02,4,9,4,False
23636,SET 10 CARDS WISHING TREE 17116,2011-10-24,2011-12-08,6,9,7,False
23640,SET 10 CARDS SCOTTIE DOG 17211,2011-09-07,2011-12-08,8,9,8,False
23645,SET 10 CHRISTMAS CARDS HOHOHO 16956,2011-10-27,2011-12-08,4,9,4,False
72785B,S/4 CONTEMPORY RED ROSEBUD CANDLES,2009-12-11,2010-01-29,3,9,3,False
84206B,CAT W SUNGLASSES BLANK CARD,2010-08-24,2011-11-20,2,9,2,False
84567,FROSTED GLASS WITH SILVER SURROUND,2010-01-20,2010-01-20,1,9,1,False
84743C,ORANGE FELT VASE + FLOWERS,2010-03-12,2011-03-31,5,9,5,False
84765,SILVER ROCOCO CANDELABRA,2009-12-02,2010-03-16,6,9,6,False
84967C,GREEN KASHMIRI OCCASIONAL TABLE,2010-05-19,2010-10-11,4,9,4,False
90027A,GLASS BEAD HOOP EARRINGS BLACK,2010-03-21,2011-08-30,6,9,6,False
90078,PINK/WHITE GLASS DEMI CHOKER,2010-02-16,2010-12-13,5,9,5,False
90135,ORANGE/WHT/FUSCHIA STONES NECKLACE,2010-11-23,2011-04-26,3,9,3,False
90140,PINK SWEETIE NECKLACE,2009-12-13,2011-08-30,7,9,7,False
90182A,AMBER 3 BEAD DROP EARRINGS,2010-11-29,2011-12-06,8,9,9,False
90197D,AMBER GLASS BRACELET HEART CHARMS,2010-02-02,2010-04-07,4,9,4,False
16215,FUNKY GIRLZ MAGNETIC TO DO LIST ,2009-12-03,2009-12-03,1,8,3,False
21347,GOTHIC CARRIAGE LANTERN,2009-12-02,2010-04-01,4,8,4,False
22850,BREAD BIN DINER STYLE BLACK,2010-10-17,2010-10-17,1,8,2,False
23601,SET 10 CARDS SNOWY SNOWDROPS  17100,2011-09-23,2011-11-28,4,8,4,False
23607,SET 10 CARDS HATS & STOCKINGS 17081,2011-09-13,2011-11-24,7,8,7,False
23616,SET 10 CARDS JINGLE BELLS 17217,2011-11-09,2011-12-09,7,8,7,False
23623,SET 10 CARD CHRISTMAS WELCOME 17112,2011-09-02,2011-11-29,6,8,6,False
23646,SET 10 CARDS JINGLE BELLS 16957,2011-09-07,2011-11-17,5,8,5,False
44265,M/COLOUR POM-POM CURTAIN,2009-12-08,2011-02-10,4,8,4,False
47563B,WAVELINE SURF IRONING BOARD COVER,2010-02-14,2010-11-28,6,8,6,False
72785A,S/4 CONTEMPORY PINK ROSEBUD CANDLES,2009-12-11,2010-02-19,4,8,4,False
84292B,BLUE COL METAL FOLDING CHAIR,2010-01-04,2010-04-29,5,8,5,False
84705F,RED PEONY PHOTO FRAME ,2009-12-02,2010-04-18,5,8,5,False
84857A,SILVER MONTE CARLO HANDBAG,2010-02-03,2010-05-21,3,8,3,False
90011E,AMBER CRYSTAL DROP EARRINGS,2009-12-08,2011-09-15,8,8,8,False
90024F,NEW BAROQUE B'FLY NECKLACE CRYSTAL,2010-04-19,2011-11-30,6,8,6,False
90025F,BAROQUE BUTTERFLY EARRINGS CRYSTAL,2010-01-11,2011-10-20,8,8,8,False
90026B,GLASS BEAD HOOP NECKLACE MONTANA,2009-12-13,2011-03-31,7,8,7,False
90026C,GLASS BEAD HOOP NECKLACE GREEN,2009-12-10,2011-11-09,6,8,6,False
90095,NECKLACE+BRACELET SET PINK BLOSSOM,2010-03-08,2010-06-27,3,8,3,False
90187A,BLUE DROP EARRINGS W BEAD CLUSTER,2009-12-07,2011-02-28,7,8,7,False
18097B,BLUE TALL PORCELAIN T-LIGHT HOLDER,2009-12-02,2010-01-17,3,7,4,False
23627,SET 10 CARDS XMAS GRAPHIC  17218,2011-11-11,2011-11-25,2,7,2,False
37409,ASSORTED DESIGN FLOWER MUGS,2010-01-14,2010-04-11,3,7,3,False
84611B,BLACK NEW BAROQUE FLOCK BOX,2010-01-07,2010-11-15,4,7,4,False
84814B,RHOMBUS CRYSTAL PERFUME BOTTLE,2009-12-01,2009-12-06,2,7,3,False
84864A,PINK PAISLEY PHOTO ALBUM,2010-02-08,2010-08-19,4,7,4,False
84876C,SILVER HEART COMPACT MIRROR,2009-12-13,2010-03-07,3,7,4,False
90025E,BAROQUE BUTTERFLY EARRINGS MONTANA,2009-12-02,2011-06-06,7,7,7,False
90041,PEARL AND CHERRY QUARTZ BRACLET,2009-12-09,2011-12-02,6,7,6,False
90052,CRACKED GLAZE NECKLACE BROWN,2009-12-22,2011-11-15,5,7,5,False
90060C,FIRE POLISHED GLASS NECKL SILVER,2009-12-06,2010-07-04,3,7,3,False
90074,BLACK DIAMOND CLUSTER NECKLACE,2010-03-07,2011-11-28,6,7,6,False
90081B,LILY BROOCH WHITE/SILVER COLOUR,2010-10-19,2011-05-18,3,7,3,False
90111,BLUE HIBISCUS  HAIR CLIP,2009-12-07,2010-03-08,6,7,6,False
90132,LIGHT TOPAZ TEAL/AQUA COL NECKLACE,2009-12-16,2011-08-30,7,7,7,False
90141D,ROSE PENDANT TRIPLE SHELL NECKLACE,2010-01-19,2011-07-18,5,7,5,False
90152A,SILVER/NAT SHELL NECKLACE W PENDANT,2009-12-08,2011-11-30,7,7,7,False
90152C,BLUE/NAT SHELL NECKLACE W PENDANT,2010-04-01,2011-02-14,4,7,4,False
17028J,INCENSE BAZAAR PEACH,2011-01-31,2011-01-31,1,6,1,False
20680,PINK FLOWERS CHILDS UMBRELLA,2009-12-10,2010-01-22,4,6,5,False
20942,SET/6 GINGERBREAD TREE T-LIGHTS,2009-12-01,2009-12-22,3,6,4,False
21310,CAPIZ CHANDELIER,2010-03-18,2011-05-24,4,6,4,False
21919,Electronic Talking Breath-A-Loser,2009-12-14,2010-10-07,5,6,5,False
23621,SET 10 CARDS DAVID'S MADONNA 17074,2011-11-11,2011-12-09,4,6,4,False
37432,MUG PINK AND PURPLE ARABIC DESIGN,2009-12-08,2009-12-08,1,6,1,False
37477C,"FLOWER FAIRY MUG+COASTER,ROSE",2010-11-23,2010-11-23,1,6,1,False
37481,CUBIC MUG TEATIME CAKES,2010-06-06,2010-06-06,1,6,1,False
46037A,PINK CANVAS DES CUSHION COVER ,2010-05-25,2010-08-12,2,6,2,False
71101A,ANGEL ON KNEES METAL POLE 100CM H,2009-12-13,2009-12-13,1,6,1,False
78027,SEAGRASS S/2 CORNER LAUNDRY ,2010-01-31,2010-09-03,5,6,5,False
84030B,KNITTED POM POM HOT WATER BOTTLE,2010-01-25,2010-03-05,4,6,4,False
84608,ORNATE EDWARDIAN CANDLE HOLDER,2009-12-04,2010-01-15,4,6,4,False
84914A,PINK ROSE PICNIC RUG,2010-05-05,2010-06-09,5,6,5,False
85115B,S/4 BLACK DISCO PARTITION PANEL,2010-06-09,2011-10-11,2,6,2,False
90020,FILIGREE DIAMANTE CHAIN,2009-12-17,2011-08-30,4,6,4,False
90025C,BAROQUE BUTTERFLY EARRINGS GREEN,2010-02-17,2010-10-24,6,6,6,False
90060B,FIRE POLISHED GLASS NECKL GOLD,2009-12-13,2010-12-15,4,6,4,False
90152B,BLUE/GREEN SHELL NECKLACE W PENDANT,2009-12-06,2010-12-13,5,6,5,False
90182B,AMETHYST 3 BEAD DROP EARRINGS,2009-12-16,2011-12-08,6,6,6,False
GIFT_0001_50,Dotcomgiftshop Gift Voucher £50.00,2009-12-18,2011-06-30,6,6,6,False
20673,STRAWBERRIES PRINT BOWL,2009-12-01,2009-12-03,2,5,2,False
20791,BLUE TILED SET OF 3 DRAWERS,2010-01-14,2010-01-14,1,5,1,False
20812,EMBOSSED FLOWER TRELLIS PHOTO FRAME,2009-12-01,2010-01-28,3,5,3,False
21594,Dr. Jam's Arouzer Stress Ball,2009-12-09,2011-01-14,5,5,5,False
23612,SET 10 MINICARDS CUTE SNOWMAN 17071,2011-10-06,2011-11-17,2,5,2,False
23634,SET 10 CARDS XMAS CHOIR 17068,2011-09-02,2011-12-06,5,5,5,False
23644,SET 10 CARDS CHRISTMAS TREE 16955,2011-09-30,2011-12-09,5,5,5,False
23654,SET 10 CARD SNOWMAN 16965,2011-10-27,2011-12-08,4,5,4,False
35995,SET/6 BLACK GLITTER REINDEER CANDLE,2009-12-01,2009-12-23,5,5,5,False
37408,ASSORTED DESIGN GEISHA GIRL MUGS,2009-12-04,2009-12-04,1,5,1,False
46775B,BERRIES CHUNKY KNITTED THROW ,2009-12-02,2009-12-10,4,5,4,False
47504J,ENGLISH ROSE SET/3 GARDEN TOOLS,2009-12-03,2009-12-16,3,5,4,False
79157B,UBO-LIGHT TRIOBASE BLUE,2010-02-07,2011-12-06,3,5,3,False
79157V,UBO-LIGHT TRIOBASE PURPLE,2011-10-09,2011-11-03,3,5,3,False
82072,WHITE WOOD SINGLE P/FRAME,2010-02-07,2010-08-27,3,5,3,False
84757,ENCHANTED GARDEN WROUGHT IRON TABLE,2010-05-16,2010-06-06,4,5,4,False
84868B,BLUE BABY BOY'S MEMORY BOX,2010-01-26,2010-05-09,4,5,4,False
85083,KISS REINDEER SCANDINAVIAN STOCKING,2009-12-03,2009-12-10,2,5,2,False
90011D,PURPLE CRYSTAL DROP EARRINGS,2009-12-02,2011-11-22,5,5,5,False
90021,LASER CUT MULTI STRAND NECKLACE,2010-08-18,2011-04-27,4,5,4,False
90024A,NEW BAROQUE B'FLY NECKLACE BLACK,2010-01-28,2010-11-05,4,5,4,False
90025D,BAROQUE BUTTERFLY EARRINGS PINK,2010-02-16,2011-09-29,5,5,5,False
90034,WHITE SILVER NECKLACE SHELL GLASS,2009-12-02,2011-04-18,5,5,5,False
90066A,PINK VINTAGE VICTORIAN CHOKER,2010-07-19,2010-10-07,2,5,2,False
90077,BLACK DIAMOND CLUSTER EARRINGS,2009-12-14,2011-09-07,5,5,5,False
90142A,GREEN PENDANT SHELL NECKLACE,2010-06-25,2010-12-17,4,5,4,False
90176B,DIAMANTE NECKLACE BLACK ,2010-11-05,2011-11-16,4,5,4,False
90181C,BLACK GLASS/SHELL/PEARL NECKLACE,2009-12-02,2011-04-18,5,5,5,False
DCGS0069,OOH LA LA DOGS COLLAR,2010-03-15,2011-01-28,5,5,5,False
GIFT_0001_40,Dotcomgiftshop Gift Voucher £40.00,2010-08-10,2011-07-27,5,5,5,False
SP1002,KID'S CHALKBOARD/EASEL,2010-10-07,2010-10-07,1,5,2,False
10002R,ROBOT PENCIL SHARPNER,2009-12-02,2010-01-25,3,4,3,False
10109,BENDY COLOUR PENCILS,2009-12-03,2009-12-03,1,4,1,False
20678,LARGE BLACK DIAMANTE HAIRSLIDE,2011-09-23,2011-09-23,1,4,1,False
20858,SILVER PURSE GOLD PINK BUTTERFLY,2009-12-14,2009-12-14,1,4,1,False
21081,SET/20 POSIES PAPER NAPKINS,2009-12-01,2010-01-31,4,4,4,False
21560,TOADSTOOL  LUNCHBOX WITH CUTLERY,2009-12-01,2009-12-22,2,4,4,False
23604,SET 10 MINI SANTA & SNOWMAN  17087,2011-10-03,2011-10-17,2,4,2,False
23605,SET 10 CARDS 12 DAYS OF XMAS 17059,2011-10-05,2011-10-05,1,4,1,False
23608,SET 10 CARDS RUDOLPHS NOSE 17097,2011-11-03,2011-12-08,3,4,3,False
23615,SET 10 CARDS PRINTED GRAPHIC 17219,2011-10-27,2011-12-06,4,4,4,False
23619,SET 10 CARDS POINSETTIA 17093,2011-10-05,2011-11-08,2,4,2,False
23624,SET 10 CARD PERFECT NATIVITY 17089,2011-09-22,2011-11-11,4,4,4,False
23639,SET 10 CARDS MAGICAL TREE 17086,2011-09-15,2011-11-17,4,4,4,False
23650,SET 10 CARDS FILIGREE BAUBLE 16961,2011-09-27,2011-12-08,4,4,4,False
23702,High Resolution Image,2011-10-19,2011-11-16,3,4,3,False
35980B,RED TOP SCANDINAVIAN HEART ,2009-12-18,2010-05-16,2,4,2,False
79065A,TEATIME ROUND CAKE TINS ,2009-12-02,2009-12-02,1,4,1,False
84570B,WHITE SATIN DRESS JEWEL STAND,2009-12-15,2010-01-20,2,4,2,False
84575B,BROWN DOG CANNISTER W BONE,2009-12-09,2010-02-15,3,4,3,False
85185E,DUCK SOCK PUPPET,2009-12-03,2009-12-15,2,4,2,False
90136,PALE PINK/AMETHYST STONE NECKLACE,2010-11-23,2011-04-26,3,4,3,False
90176E,DIAMANTE NECKLACE GREEN,2011-08-22,2011-12-02,3,4,3,False
DCGS0004,HAYNES CAMPER SHOULDER BAG,2009-12-03,2011-04-27,4,4,4,False
DCGS0072,CAT CAMOUFLAGUE COLLAR,2009-12-14,2009-12-18,3,4,3,False
16192,PINK BALLET OPENING CUBE BOX ,2009-12-18,2009-12-18,1,3,1,False
18098B,BLUE PORCELAIN B'FLY OIL BURNER,2009-12-13,2010-02-24,3,3,3,False
20881,MODERN CHRISTMAS TREE CANDLE,2009-12-10,2009-12-16,2,3,2,False
20882,MODERN CHRISTMAS TREE CANDLE,2009-12-13,2009-12-16,2,3,2,False
20884,MODERN CHRISTMAS TREE CANDLE ,2009-12-10,2009-12-18,3,3,3,False
20954,*USB Office Mirror Ball,2009-12-02,2010-12-17,2,3,3,False
21119,Glow In The Dark Shot Glasses ,2009-12-18,2010-09-27,3,3,3,False
21685,MEDINA STAMPED METAL TRAY ,2009-12-01,2009-12-02,2,3,2,False
21853,GUMBALL CUSTOM CARS TOP TRUMPS GAME,2009-12-02,2010-04-19,3,3,3,False
23610,SET 10 CARDS CHRISTMAS ROBIN 17095,2011-09-23,2011-11-11,3,3,3,False
23633,SET 10 CARDS WORLD CHILDREN 17067,2011-10-31,2011-11-21,3,3,3,False
23635,SET 10 CARDS CHRISTMAS HOLLY  17259,2011-10-05,2011-12-09,3,3,3,False
35598C,WHITE CHRISTMAS TREE 60CM,2009-12-18,2011-11-24,3,3,3,False
35650,VINTAGE BEAD PINK JEWEL STAND,2010-06-03,2011-08-01,3,3,3,False
40046C,PINK BUTTERFLY PAPER LAMPSHADE,2009-12-06,2009-12-16,3,3,3,False
62097A,PINK STRIPES SHOULDER BAG,2009-12-11,2010-08-06,3,3,3,False
72752B,"F.FAIRY,CANDLE IN GLASS,LAVENDER",2009-12-04,2009-12-11,2,3,2,False
78056,CAMOUFLAGE BACKPACK ON WHEELS,2009-12-02,2009-12-08,2,3,2,False
84366,VENDETTA CANVAS PICTURE,2010-02-02,2010-05-13,3,3,3,False
84614C,BLUE BAROQUE FLOCK CANDLE HOLDER,2010-01-05,2010-01-05,1,3,1,False
84731,3 BIRDS CANVAS SCREEN,2010-04-27,2011-07-31,3,3,3,False
84942,KASHMIR FOLKART HEART DISHES,2009-12-16,2010-01-24,3,3,3,False
84962,SET/3 COLOUR PAINTED KASHMIRI STOOL,2010-02-22,2010-05-19,2,3,2,False
84967A,PINK KASHMIRI OCCASIONAL TABLE,2010-02-02,2010-10-24,3,3,3,False
85069,CREAM SWEETHEART DOUBLE SHELF,2009-12-11,2009-12-11,1,3,1,False
85070,ANT WHITE SWEETHEART TABLE W 3 DRAW,2010-05-16,2010-07-26,3,3,3,False
85192S,HANGING SPRING FLOWER HEART SMALL,2010-02-07,2010-02-08,2,3,2,False
90025B,BAROQUE BUTTERFLY EARRINGS RED,2010-03-07,2011-04-21,3,3,3,False
90082C,DIAMANTE BOW BROOCH WHITE COLOUR,2010-01-13,2010-02-10,3,3,3,False
90091,CRYSTAL DRAGONFLY PHONE CHARM,2010-05-10,2010-10-11,2,3,2,False
90126B,BLUE BERTIE MOBILE PHONE CHARM,2009-12-18,2010-03-26,3,3,3,False
90189B,GOLD 2 STRAND NECKLACE-LEAF CHARMS,2010-02-16,2010-04-29,2,3,2,False
18098A,PINK PORCELAIN B'FLY OIL BURNER,2009-12-14,2009-12-17,2,2,2,False
20822,SILVER WINE GOBLET,2010-02-01,2010-02-01,1,2,1,False
21225,POCKET MIRROR BUTTERFLY ,2009-12-11,2009-12-21,2,2,2,False
21290,LARGE SPOTTY CHOCOLATE GIFT BAG,2009-12-23,2009-12-23,1,2,1,False
21525,BEWARE OF THE CAT DOORMAT,2009-12-18,2009-12-18,1,2,2,False
21852,EMPIRE TEDDY,2009-12-04,2009-12-18,2,2,2,False
21857,STAR WARS TOP TRUMPS GAME,2010-01-11,2010-01-20,2,2,2,False
21858,HIGH SCHOOL MUSICAL 3 TOP TRUMPS ,2009-12-10,2010-03-08,2,2,2,False
23617,SET 10 CARDS SWIRLY XMAS TREE 17104,2011-11-29,2011-11-29,1,2,1,False
23630,SET 10 CARDS HANGING BAUBLES 17080,2011-09-22,2011-11-30,2,2,2,False
23638,SET 10 CARDS ROBIN WATERPUMP  17096,2011-09-27,2011-11-24,2,2,2,False
23649,SET 10 CARDS DECK THE HALLS 16960,2011-11-15,2011-11-25,2,2,2,False
23652,SET 10 CARD CHRISTMAS STAMPS 16963,2011-11-17,2011-11-17,1,2,1,False
35001P,HAND OPEN SHAPE PINK,2009-12-14,2009-12-17,2,2,2,False
35821P,"JEWELLED DECORATION,PINK",2009-12-02,2009-12-15,2,2,2,False
35823P,"ACRYLIC BEAD GARLAND,PINK",2010-02-21,2010-07-15,2,2,2,False
35837,SET OF SIX SILVER+RED FLOCK BAUBLES,2009-12-10,2009-12-10,1,2,1,False
37326,FAIRY DESIGN MUGS,2010-01-11,2010-03-29,2,2,2,False
71434B,"BLACK RND BULLET""KEEP CLEAN"" BIN",2010-01-26,2010-03-10,2,2,2,False
72084B,CHOCOLATE ICE CREAM CANDLE,2010-03-26,2010-03-26,1,2,1,False
79303A,WHITE ROHMBIC BLOCK TABLE LAMP,2010-01-26,2010-01-26,1,2,1,False
82011E,"BATHROOM SCALES, FAG BREAK",2010-02-11,2010-02-11,1,2,2,False
84205C,HAPPY BIRTHDAY GINGER CAT CARD,2010-03-03,2010-03-03,1,2,1,False
84255A,PINK GLASS COCKTAIL LAMP,2009-12-13,2010-01-21,2,2,2,False
84630,FLOWERS AND BIRDS WALL PLAQUE,2010-01-21,2010-01-21,1,2,1,False
84867B,BLUE BABY BOY'S PHOTO ALBUM,2010-01-25,2010-01-25,1,2,1,False
84868A,PINK BABY GIRL'S MEMORY BOX,2010-01-26,2010-01-31,2,2,2,False
90000C,OPAL WHITE/SILVER FLOWER NECKLACE,2009-12-13,2010-01-18,2,2,2,False
90013E,AMBER VINTAGE EARRINGS ,2009-12-09,2010-01-13,2,2,2,False
90025A,BAROQUE BUTTERFLY EARRINGS BLACK,2011-04-10,2011-10-09,2,2,2,False
90068,"RUBY GLASS NECKLACE 42""",2010-09-28,2011-03-18,2,2,2,False
90127B,BLUE BEADS+HAND PHONE CHARM,2010-02-19,2010-09-09,2,2,2,False
DCGS0066N,NAVY CUDDLES DOG HOODIE,2009-12-22,2009-12-22,1,2,2,False
DCGS0068,DOGS NIGHT COLLAR,2009-12-01,2010-01-19,2,2,2,False
DCGS0070,CAMOUFLAGE DOG COLLAR,2010-04-01,2010-12-21,2,2,2,False
20683,RAIN GIRL CHILDS UMBRELLA,2009-12-11,2009-12-11,1,1,1,False
20721,OWLS CHARLOTTE BAG,2009-12-07,2009-12-07,1,1,1,False
20737,RED MINI TAPE MEASURE ,2009-12-02,2009-12-02,1,1,1,False
20739,*USB Office Glitter Lamp,2009-12-01,2009-12-01,1,1,1,False
20885,BOX OF 3 PEBBLE CANDLES,2009-12-22,2009-12-22,1,1,1,False
21008,ETCHED GLASS HEART TREE DECORATION,2010-02-01,2010-02-01,1,1,1,False
21036,SET/2 TEA TOWELS MODERN VINTAGE,2009-12-14,2009-12-14,1,1,1,False
21120,*Boombox Ipod Classic,2010-12-09,2010-12-09,1,1,1,False
21406,SPOTTY CAT DOORSTOP ,2009-12-14,2009-12-14,1,1,1,False
21409,SPOTTY COCKEREL DOORSTOP,2010-01-18,2010-01-18,1,1,1,False
21475,SWEETHEART CREAM STEEL FOLDIN CHAIR,2009-12-16,2009-12-16,1,1,1,False
21585,SWALLOW SMALL TUBE MATCHES,2010-08-01,2010-08-01,1,1,1,False
21767,FRENCH STYLE WIRE DOOR CABINET ,2009-12-01,2009-12-01,1,1,1,False
21772,VINTAGE METAL CAKE STAND CREAM ,2010-01-05,2010-01-05,1,1,1,False
21838,DADDY MOUSE RED GINGHAM BOW TIE,2009-12-02,2009-12-02,1,1,1,False
21854,EURO FOOTBALL STARS TOP TRUMPS GAME,2009-12-04,2009-12-04,1,1,1,False
21860,DR WHO TOP TRUMPS GAME,2009-12-02,2009-12-02,1,1,1,False
22016,Dotcomgiftshop Gift Voucher £100.00,2011-08-02,2011-08-02,1,1,1,False
23602,SET 10 CARDS 3 WISE MEN 17107,2011-11-11,2011-11-11,1,1,1,False
23609,SET 10 CARDS SNOWY ROBIN 17099,2011-11-28,2011-11-28,1,1,1,False
23628,SET 10 CARDS TRIANGLE ICONS  17220,2011-10-31,2011-10-31,1,1,1,False
23643,SET 10 CARDS CHRISTMAS BAUBLE 16954,2011-10-31,2011-10-31,1,1,1,False
23664,FLOWER SHOP DESIGN MUG,2011-11-11,2011-11-11,1,1,1,False
30086C,ASSORTED FRUIT STRAWS,2009-12-01,2009-12-01,1,1,1,False
35818C,"ACRYLIC JEWEL ICICLE, CLEAR ",2009-12-14,2009-12-14,1,1,1,False
35930,PINK HEART CHRISTMAS DECORATION,2009-12-16,2009-12-16,1,1,1,False
35945,GOLD CHRISTMAS STOCKING DECORATION,2009-12-18,2009-12-18,1,1,1,False
35950,FOLKART HEART CHRISTMAS DECORATIONS,2010-03-03,2010-03-03,1,1,1,False
35974,S/6 CHRISTMAS TREE PLACE SETTING,2009-12-16,2009-12-16,1,1,1,False
35976B,WHITE SCANDINAVIAN HEART CHRISTMAS,2009-12-06,2009-12-06,1,1,1,False
35999,S/6 SCANDINAVIAN HEART T-LIGHT,2009-12-13,2009-12-13,1,1,1,False
37438,FUNKY FLOWER COFFEE POT,2009-12-13,2009-12-13,1,1,1,False
37451,CERAMIC CAKE TEAPOT WITH CHERRY,2010-02-07,2010-02-07,1,1,1,False
37484,ENGLISH ROSE TEA FOR ONE GIFT BOX,2009-12-08,2009-12-08,1,1,1,False
45014,FOLDING SHIRT TIDY,2010-07-15,2010-07-15,1,1,1,False
46138D,GREEN CHENILLE SHAGGY C/COVER,2010-03-25,2010-03-25,1,1,1,False
47554,S/3 COLOURS FLOCK TEA TOWELS,2009-12-06,2009-12-06,1,1,1,False
47556,SET/2 SPOTTY + ROSE TEA TOWELS ,2009-12-02,2009-12-02,1,1,1,False
47569,ENGLISH ROSE DESIGN SHOPPING BAG,2009-12-02,2009-12-02,1,1,1,False
48173A,DOOR MAT BLUE FLOCK,2010-01-26,2010-01-26,1,1,1,False
72740B,LARGE WHITE CHOCOLATE CANDLE,2010-01-11,2010-01-11,1,1,1,False
72751A,"F.FAIRY S/3 SML CANDLE,LILY/VALLEY",2009-12-04,2009-12-04,1,1,1,False
72751B,"F.FAIRY S/3 SML CANDLE, LAVENDER",2009-12-04,2009-12-04,1,1,1,False
72751C,"F.FAIRY S/3 SML CANDLE, ROSE",2010-02-07,2010-02-07,1,1,1,False
72752A,"F.FAIRY,CANDLE IN GLASS,LILY/VALLEY",2009-12-04,2009-12-04,1,1,1,False
72754D,F FAIRY POTPOURRI CUSHIONS SUMMER,2009-12-02,2009-12-02,1,1,1,False
72796C,S/3 ROSE GARDEN SCENT SQU CANDLE,2010-01-17,2010-01-17,1,1,1,False
79070B,ENGLISH ROSE SQUARE CAKE TINS,2009-12-01,2009-12-01,1,1,1,False
79301,FEATHER HEART LIGHTS,2010-01-21,2010-01-21,1,1,1,False
84572,6 HOOK JEWEL STAND LILAC DRESS,2009-12-02,2009-12-02,1,1,1,False
84626,CANDY STRIPE ROSE QUILT,2009-12-09,2009-12-09,1,1,1,False
84648,NEW BAROQUE WALL MIRROR,2009-12-01,2009-12-01,1,1,1,False
84814A,HEXAGONAL CRYSTAL PERFUME BOTTLE,2010-03-26,2010-03-26,1,1,1,False
84845A,HOLLYHOCK SQUARE HANDY TIN,2009-12-06,2009-12-06,1,1,1,False
85024A,CRYSTAL SMALL JEWELLED PHOTOFRAME,2009-12-04,2009-12-04,1,1,1,False
85043,RED HEART CANDY POP LIGHTS,2010-01-04,2010-01-04,1,1,1,False
85077,KISSING REINDEER TABLE RUNNER,2009-12-22,2009-12-22,1,1,1,False
85123B,ZINC HANGING HEART T-LITE HLDR,2009-12-22,2009-12-22,1,1,1,False
85157,SET OF 2 CHESTS CHOCOLAT AU LAIT,2010-01-13,2010-01-13,1,1,1,False
85171,S/2 HYACINTH BULB CANDLES,2009-12-07,2009-12-07,1,1,1,False
85232C,RUSSIAN FOLKART STACKING TINS,2010-01-15,2010-01-15,1,1,1,False
90004A,JADE GREEN PAIR ENAMEL HAIR SLIDES,2009-12-15,2009-12-15,1,1,1,False
90142B,IVORY PENDANT SHELL NECKLACE,2010-11-22,2010-11-22,1,1,1,False
90142C,ROSE PINK PENDANT SHELL NECKLACE,2010-11-08,2010-11-08,1,1,1,False
DCGS0037,KEY-RING CORKSCREW,2010-06-14,2010-06-14,1,1,1,False
DCGS0041,HAYNES MINI-COOPER PLAYING CARDS,2010-06-04,2010-06-04,1,1,1,False
DCGS0044,HANDZ-OFF CAR FRESHENER,2009-12-15,2009-12-15,1,1,1,False
DCGS0062,ROAD-RAGE CAR FRESHENER,2010-10-25,2010-10-25,1,1,1,False
DCGS0075,CAMOUFLAGUE DOG LEAD,2010-04-01,2010-04-01,1,1,1,False
GIFT_0001_70,Dotcomgiftshop Gift Voucher £70.00,2010-06-14,2010-06-14,1,1,1,False
GIFT_0001_80,Dotcomgiftshop Gift Voucher £80.00,2009-12-14,2009-12-14,1,1,1,False
